!SESSION 2025-02-15 20:06:39.210 -----------------------------------------------
eclipse.buildId=4.24.0.I20220607-0700
java.version=17.0.3
java.vendor=Eclipse Adoptium
BootLoader constants: OS=win32, ARCH=x86_64, WS=win32, NL=ja_JP
Framework arguments:  -product org.eclipse.epp.package.java.product
Command-line arguments:  -os win32 -ws win32 -arch x86_64 -product org.eclipse.epp.package.java.product

This is a continuation of log file C:\Users\miche\OneDrive\Desktop\DOJT\digital-ojt-development-beginner-cause-DroneInventorySystem\.metadata\.bak_5.log
Created Time: 2025-02-15 22:03:28.708

!ENTRY org.eclipse.lsp4e 4 0 2025-02-15 22:03:28.709
!MESSAGE Exception occurred while creating an instance of the stream connection provider
!STACK 0
java.lang.RuntimeException: Exception occurred while creating an instance of the stream connection provider
	at org.eclipse.lsp4e.LanguageServersRegistry$ExtensionLanguageServerDefinition.createConnectionProvider(LanguageServersRegistry.java:164)
	at org.eclipse.lsp4e.LanguageServerWrapper.lambda$0(LanguageServerWrapper.java:233)
	at java.base/java.util.concurrent.CompletableFuture$AsyncSupply.run(CompletableFuture.java:1768)
	at java.base/java.util.concurrent.CompletableFuture$AsyncSupply.exec(CompletableFuture.java:1760)
	at java.base/java.util.concurrent.ForkJoinTask.doExec(ForkJoinTask.java:373)
	at java.base/java.util.concurrent.ForkJoinPool$WorkQueue.topLevelExec(ForkJoinPool.java:1182)
	at java.base/java.util.concurrent.ForkJoinPool.scan(ForkJoinPool.java:1655)
	at java.base/java.util.concurrent.ForkJoinPool.runWorker(ForkJoinPool.java:1622)
	at java.base/java.util.concurrent.ForkJoinWorkerThread.run(ForkJoinWorkerThread.java:165)
Caused by: org.eclipse.core.runtime.CoreException: プラグイン "org.eclipse.wildwebdeveloper" は、クラス "org.eclipse.wildwebdeveloper.html.HTMLLanguageServer" をインスタンス化できませんでした。
	at org.eclipse.core.internal.registry.osgi.RegistryStrategyOSGI.throwException(RegistryStrategyOSGI.java:212)
	at org.eclipse.core.internal.registry.osgi.RegistryStrategyOSGI.createExecutableExtension(RegistryStrategyOSGI.java:206)
	at org.eclipse.core.internal.registry.ExtensionRegistry.createExecutableExtension(ExtensionRegistry.java:920)
	at org.eclipse.core.internal.registry.ConfigurationElement.createExecutableExtension(ConfigurationElement.java:246)
	at org.eclipse.core.internal.registry.ConfigurationElementHandle.createExecutableExtension(ConfigurationElementHandle.java:63)
	at org.eclipse.lsp4e.LanguageServersRegistry$ExtensionLanguageServerDefinition.createConnectionProvider(LanguageServersRegistry.java:161)
	... 8 more
Caused by: java.lang.reflect.InvocationTargetException
	at jdk.internal.reflect.GeneratedConstructorAccessor54.newInstance(Unknown Source)
	at java.base/jdk.internal.reflect.DelegatingConstructorAccessorImpl.newInstance(DelegatingConstructorAccessorImpl.java:45)
	at java.base/java.lang.reflect.Constructor.newInstanceWithCaller(Constructor.java:499)
	at java.base/java.lang.reflect.Constructor.newInstance(Constructor.java:480)
	at org.eclipse.core.internal.registry.osgi.RegistryStrategyOSGI.createExecutableExtension(RegistryStrategyOSGI.java:204)
	... 12 more
Caused by: java.lang.NullPointerException: Cannot invoke "java.io.File.getAbsolutePath()" because the return value of "org.eclipse.wildwebdeveloper.embedder.node.NodeJSManager.getNodeJsLocation()" is null
	at org.eclipse.wildwebdeveloper.html.HTMLLanguageServer.<init>(HTMLLanguageServer.java:40)
	... 17 more

!ENTRY org.eclipse.lsp4e 4 0 2025-02-15 22:03:28.711
!MESSAGE Cannot invoke "org.eclipse.lsp4e.server.StreamConnectionProvider.getInputStream()" because "this.lspStreamProvider" is null
!STACK 0
java.lang.NullPointerException: Cannot invoke "org.eclipse.lsp4e.server.StreamConnectionProvider.getInputStream()" because "this.lspStreamProvider" is null
	at org.eclipse.lsp4e.LanguageServerWrapper.lambda$1(LanguageServerWrapper.java:284)
	at java.base/java.util.concurrent.CompletableFuture$UniApply.tryFire(CompletableFuture.java:646)
	at java.base/java.util.concurrent.CompletableFuture.postComplete(CompletableFuture.java:510)
	at java.base/java.util.concurrent.CompletableFuture$AsyncSupply.run(CompletableFuture.java:1773)
	at java.base/java.util.concurrent.CompletableFuture$AsyncSupply.exec(CompletableFuture.java:1760)
	at java.base/java.util.concurrent.ForkJoinTask.doExec(ForkJoinTask.java:373)
	at java.base/java.util.concurrent.ForkJoinPool$WorkQueue.topLevelExec(ForkJoinPool.java:1182)
	at java.base/java.util.concurrent.ForkJoinPool.scan(ForkJoinPool.java:1655)
	at java.base/java.util.concurrent.ForkJoinPool.runWorker(ForkJoinPool.java:1622)
	at java.base/java.util.concurrent.ForkJoinWorkerThread.run(ForkJoinWorkerThread.java:165)

!ENTRY org.eclipse.lsp4e 4 0 2025-02-15 22:03:28.718
!MESSAGE プラグイン "org.eclipse.wildwebdeveloper" は、クラス "org.eclipse.wildwebdeveloper.angular.AngularLanguageServer" をインスタンス化できませんでした。
!STACK 1
org.eclipse.core.runtime.CoreException: プラグイン "org.eclipse.wildwebdeveloper" は、クラス "org.eclipse.wildwebdeveloper.angular.AngularLanguageServer" をインスタンス化できませんでした。
	at org.eclipse.core.internal.registry.osgi.RegistryStrategyOSGI.throwException(RegistryStrategyOSGI.java:212)
	at org.eclipse.core.internal.registry.osgi.RegistryStrategyOSGI.createExecutableExtension(RegistryStrategyOSGI.java:206)
	at org.eclipse.core.internal.registry.ExtensionRegistry.createExecutableExtension(ExtensionRegistry.java:920)
	at org.eclipse.core.internal.registry.ConfigurationElement.createExecutableExtension(ConfigurationElement.java:246)
	at org.eclipse.core.internal.registry.ConfigurationElementHandle.createExecutableExtension(ConfigurationElementHandle.java:63)
	at org.eclipse.lsp4e.LanguageServersRegistry$ExtensionLanguageServerDefinition.createConnectionProvider(LanguageServersRegistry.java:161)
	at org.eclipse.lsp4e.LanguageServerWrapper.lambda$0(LanguageServerWrapper.java:233)
	at java.base/java.util.concurrent.CompletableFuture$AsyncSupply.run(CompletableFuture.java:1768)
	at java.base/java.util.concurrent.CompletableFuture$AsyncSupply.exec(CompletableFuture.java:1760)
	at java.base/java.util.concurrent.ForkJoinTask.doExec(ForkJoinTask.java:373)
	at java.base/java.util.concurrent.ForkJoinPool$WorkQueue.topLevelExec(ForkJoinPool.java:1182)
	at java.base/java.util.concurrent.ForkJoinPool.scan(ForkJoinPool.java:1655)
	at java.base/java.util.concurrent.ForkJoinPool.runWorker(ForkJoinPool.java:1622)
	at java.base/java.util.concurrent.ForkJoinWorkerThread.run(ForkJoinWorkerThread.java:165)
Caused by: java.lang.reflect.InvocationTargetException
	at jdk.internal.reflect.GeneratedConstructorAccessor55.newInstance(Unknown Source)
	at java.base/jdk.internal.reflect.DelegatingConstructorAccessorImpl.newInstance(DelegatingConstructorAccessorImpl.java:45)
	at java.base/java.lang.reflect.Constructor.newInstanceWithCaller(Constructor.java:499)
	at java.base/java.lang.reflect.Constructor.newInstance(Constructor.java:480)
	at org.eclipse.core.internal.registry.osgi.RegistryStrategyOSGI.createExecutableExtension(RegistryStrategyOSGI.java:204)
	... 12 more
Caused by: java.lang.NullPointerException: Cannot invoke "java.io.File.getAbsolutePath()" because the return value of "org.eclipse.wildwebdeveloper.embedder.node.NodeJSManager.getNodeJsLocation()" is null
	at org.eclipse.wildwebdeveloper.angular.AngularLanguageServer.<init>(AngularLanguageServer.java:43)
	... 17 more
!SUBENTRY 1 org.eclipse.equinox.registry 4 1 2025-02-15 22:03:28.718
!MESSAGE プラグイン "org.eclipse.wildwebdeveloper" は、クラス "org.eclipse.wildwebdeveloper.angular.AngularLanguageServer" をインスタンス化できませんでした。
!STACK 0
java.lang.reflect.InvocationTargetException
	at jdk.internal.reflect.GeneratedConstructorAccessor55.newInstance(Unknown Source)
	at java.base/jdk.internal.reflect.DelegatingConstructorAccessorImpl.newInstance(DelegatingConstructorAccessorImpl.java:45)
	at java.base/java.lang.reflect.Constructor.newInstanceWithCaller(Constructor.java:499)
	at java.base/java.lang.reflect.Constructor.newInstance(Constructor.java:480)
	at org.eclipse.core.internal.registry.osgi.RegistryStrategyOSGI.createExecutableExtension(RegistryStrategyOSGI.java:204)
	at org.eclipse.core.internal.registry.ExtensionRegistry.createExecutableExtension(ExtensionRegistry.java:920)
	at org.eclipse.core.internal.registry.ConfigurationElement.createExecutableExtension(ConfigurationElement.java:246)
	at org.eclipse.core.internal.registry.ConfigurationElementHandle.createExecutableExtension(ConfigurationElementHandle.java:63)
	at org.eclipse.lsp4e.LanguageServersRegistry$ExtensionLanguageServerDefinition.createConnectionProvider(LanguageServersRegistry.java:161)
	at org.eclipse.lsp4e.LanguageServerWrapper.lambda$0(LanguageServerWrapper.java:233)
	at java.base/java.util.concurrent.CompletableFuture$AsyncSupply.run(CompletableFuture.java:1768)
	at java.base/java.util.concurrent.CompletableFuture$AsyncSupply.exec(CompletableFuture.java:1760)
	at java.base/java.util.concurrent.ForkJoinTask.doExec(ForkJoinTask.java:373)
	at java.base/java.util.concurrent.ForkJoinPool$WorkQueue.topLevelExec(ForkJoinPool.java:1182)
	at java.base/java.util.concurrent.ForkJoinPool.scan(ForkJoinPool.java:1655)
	at java.base/java.util.concurrent.ForkJoinPool.runWorker(ForkJoinPool.java:1622)
	at java.base/java.util.concurrent.ForkJoinWorkerThread.run(ForkJoinWorkerThread.java:165)
Caused by: java.lang.NullPointerException: Cannot invoke "java.io.File.getAbsolutePath()" because the return value of "org.eclipse.wildwebdeveloper.embedder.node.NodeJSManager.getNodeJsLocation()" is null
	at org.eclipse.wildwebdeveloper.angular.AngularLanguageServer.<init>(AngularLanguageServer.java:43)
	... 17 more
Root exception:
java.lang.NullPointerException: Cannot invoke "java.io.File.getAbsolutePath()" because the return value of "org.eclipse.wildwebdeveloper.embedder.node.NodeJSManager.getNodeJsLocation()" is null
	at org.eclipse.wildwebdeveloper.angular.AngularLanguageServer.<init>(AngularLanguageServer.java:43)
	at jdk.internal.reflect.GeneratedConstructorAccessor55.newInstance(Unknown Source)
	at java.base/jdk.internal.reflect.DelegatingConstructorAccessorImpl.newInstance(DelegatingConstructorAccessorImpl.java:45)
	at java.base/java.lang.reflect.Constructor.newInstanceWithCaller(Constructor.java:499)
	at java.base/java.lang.reflect.Constructor.newInstance(Constructor.java:480)
	at org.eclipse.core.internal.registry.osgi.RegistryStrategyOSGI.createExecutableExtension(RegistryStrategyOSGI.java:204)
	at org.eclipse.core.internal.registry.ExtensionRegistry.createExecutableExtension(ExtensionRegistry.java:920)
	at org.eclipse.core.internal.registry.ConfigurationElement.createExecutableExtension(ConfigurationElement.java:246)
	at org.eclipse.core.internal.registry.ConfigurationElementHandle.createExecutableExtension(ConfigurationElementHandle.java:63)
	at org.eclipse.lsp4e.LanguageServersRegistry$ExtensionLanguageServerDefinition.createConnectionProvider(LanguageServersRegistry.java:161)
	at org.eclipse.lsp4e.LanguageServerWrapper.lambda$0(LanguageServerWrapper.java:233)
	at java.base/java.util.concurrent.CompletableFuture$AsyncSupply.run(CompletableFuture.java:1768)
	at java.base/java.util.concurrent.CompletableFuture$AsyncSupply.exec(CompletableFuture.java:1760)
	at java.base/java.util.concurrent.ForkJoinTask.doExec(ForkJoinTask.java:373)
	at java.base/java.util.concurrent.ForkJoinPool$WorkQueue.topLevelExec(ForkJoinPool.java:1182)
	at java.base/java.util.concurrent.ForkJoinPool.scan(ForkJoinPool.java:1655)
	at java.base/java.util.concurrent.ForkJoinPool.runWorker(ForkJoinPool.java:1622)
	at java.base/java.util.concurrent.ForkJoinWorkerThread.run(ForkJoinWorkerThread.java:165)

!ENTRY org.eclipse.lsp4e 4 0 2025-02-15 22:03:28.719
!MESSAGE Exception occurred while creating an instance of the stream connection provider
!STACK 0
java.lang.RuntimeException: Exception occurred while creating an instance of the stream connection provider
	at org.eclipse.lsp4e.LanguageServersRegistry$ExtensionLanguageServerDefinition.createConnectionProvider(LanguageServersRegistry.java:164)
	at org.eclipse.lsp4e.LanguageServerWrapper.lambda$0(LanguageServerWrapper.java:233)
	at java.base/java.util.concurrent.CompletableFuture$AsyncSupply.run(CompletableFuture.java:1768)
	at java.base/java.util.concurrent.CompletableFuture$AsyncSupply.exec(CompletableFuture.java:1760)
	at java.base/java.util.concurrent.ForkJoinTask.doExec(ForkJoinTask.java:373)
	at java.base/java.util.concurrent.ForkJoinPool$WorkQueue.topLevelExec(ForkJoinPool.java:1182)
	at java.base/java.util.concurrent.ForkJoinPool.scan(ForkJoinPool.java:1655)
	at java.base/java.util.concurrent.ForkJoinPool.runWorker(ForkJoinPool.java:1622)
	at java.base/java.util.concurrent.ForkJoinWorkerThread.run(ForkJoinWorkerThread.java:165)
Caused by: org.eclipse.core.runtime.CoreException: プラグイン "org.eclipse.wildwebdeveloper" は、クラス "org.eclipse.wildwebdeveloper.angular.AngularLanguageServer" をインスタンス化できませんでした。
	at org.eclipse.core.internal.registry.osgi.RegistryStrategyOSGI.throwException(RegistryStrategyOSGI.java:212)
	at org.eclipse.core.internal.registry.osgi.RegistryStrategyOSGI.createExecutableExtension(RegistryStrategyOSGI.java:206)
	at org.eclipse.core.internal.registry.ExtensionRegistry.createExecutableExtension(ExtensionRegistry.java:920)
	at org.eclipse.core.internal.registry.ConfigurationElement.createExecutableExtension(ConfigurationElement.java:246)
	at org.eclipse.core.internal.registry.ConfigurationElementHandle.createExecutableExtension(ConfigurationElementHandle.java:63)
	at org.eclipse.lsp4e.LanguageServersRegistry$ExtensionLanguageServerDefinition.createConnectionProvider(LanguageServersRegistry.java:161)
	... 8 more
Caused by: java.lang.reflect.InvocationTargetException
	at jdk.internal.reflect.GeneratedConstructorAccessor55.newInstance(Unknown Source)
	at java.base/jdk.internal.reflect.DelegatingConstructorAccessorImpl.newInstance(DelegatingConstructorAccessorImpl.java:45)
	at java.base/java.lang.reflect.Constructor.newInstanceWithCaller(Constructor.java:499)
	at java.base/java.lang.reflect.Constructor.newInstance(Constructor.java:480)
	at org.eclipse.core.internal.registry.osgi.RegistryStrategyOSGI.createExecutableExtension(RegistryStrategyOSGI.java:204)
	... 12 more
Caused by: java.lang.NullPointerException: Cannot invoke "java.io.File.getAbsolutePath()" because the return value of "org.eclipse.wildwebdeveloper.embedder.node.NodeJSManager.getNodeJsLocation()" is null
	at org.eclipse.wildwebdeveloper.angular.AngularLanguageServer.<init>(AngularLanguageServer.java:43)
	... 17 more

!ENTRY org.eclipse.lsp4e 4 0 2025-02-15 22:03:28.720
!MESSAGE Cannot invoke "org.eclipse.lsp4e.server.StreamConnectionProvider.getInputStream()" because "this.lspStreamProvider" is null
!STACK 0
java.lang.NullPointerException: Cannot invoke "org.eclipse.lsp4e.server.StreamConnectionProvider.getInputStream()" because "this.lspStreamProvider" is null
	at org.eclipse.lsp4e.LanguageServerWrapper.lambda$1(LanguageServerWrapper.java:284)
	at java.base/java.util.concurrent.CompletableFuture$UniApply.tryFire(CompletableFuture.java:646)
	at java.base/java.util.concurrent.CompletableFuture.postComplete(CompletableFuture.java:510)
	at java.base/java.util.concurrent.CompletableFuture$AsyncSupply.run(CompletableFuture.java:1773)
	at java.base/java.util.concurrent.CompletableFuture$AsyncSupply.exec(CompletableFuture.java:1760)
	at java.base/java.util.concurrent.ForkJoinTask.doExec(ForkJoinTask.java:373)
	at java.base/java.util.concurrent.ForkJoinPool$WorkQueue.topLevelExec(ForkJoinPool.java:1182)
	at java.base/java.util.concurrent.ForkJoinPool.scan(ForkJoinPool.java:1655)
	at java.base/java.util.concurrent.ForkJoinPool.runWorker(ForkJoinPool.java:1622)
	at java.base/java.util.concurrent.ForkJoinWorkerThread.run(ForkJoinWorkerThread.java:165)

!ENTRY org.eclipse.lsp4e 4 0 2025-02-15 22:04:57.846
!MESSAGE プラグイン "org.eclipse.wildwebdeveloper" は、クラス "org.eclipse.wildwebdeveloper.html.HTMLLanguageServer" をインスタンス化できませんでした。
!STACK 1
org.eclipse.core.runtime.CoreException: プラグイン "org.eclipse.wildwebdeveloper" は、クラス "org.eclipse.wildwebdeveloper.html.HTMLLanguageServer" をインスタンス化できませんでした。
	at org.eclipse.core.internal.registry.osgi.RegistryStrategyOSGI.throwException(RegistryStrategyOSGI.java:212)
	at org.eclipse.core.internal.registry.osgi.RegistryStrategyOSGI.createExecutableExtension(RegistryStrategyOSGI.java:206)
	at org.eclipse.core.internal.registry.ExtensionRegistry.createExecutableExtension(ExtensionRegistry.java:920)
	at org.eclipse.core.internal.registry.ConfigurationElement.createExecutableExtension(ConfigurationElement.java:246)
	at org.eclipse.core.internal.registry.ConfigurationElementHandle.createExecutableExtension(ConfigurationElementHandle.java:63)
	at org.eclipse.lsp4e.LanguageServersRegistry$ExtensionLanguageServerDefinition.createConnectionProvider(LanguageServersRegistry.java:161)
	at org.eclipse.lsp4e.LanguageServerWrapper.lambda$0(LanguageServerWrapper.java:233)
	at java.base/java.util.concurrent.CompletableFuture$AsyncSupply.run(CompletableFuture.java:1768)
	at java.base/java.util.concurrent.CompletableFuture$AsyncSupply.exec(CompletableFuture.java:1760)
	at java.base/java.util.concurrent.ForkJoinTask.doExec(ForkJoinTask.java:373)
	at java.base/java.util.concurrent.ForkJoinPool$WorkQueue.topLevelExec(ForkJoinPool.java:1182)
	at java.base/java.util.concurrent.ForkJoinPool.scan(ForkJoinPool.java:1655)
	at java.base/java.util.concurrent.ForkJoinPool.runWorker(ForkJoinPool.java:1622)
	at java.base/java.util.concurrent.ForkJoinWorkerThread.run(ForkJoinWorkerThread.java:165)
Caused by: java.lang.reflect.InvocationTargetException
	at jdk.internal.reflect.GeneratedConstructorAccessor54.newInstance(Unknown Source)
	at java.base/jdk.internal.reflect.DelegatingConstructorAccessorImpl.newInstance(DelegatingConstructorAccessorImpl.java:45)
	at java.base/java.lang.reflect.Constructor.newInstanceWithCaller(Constructor.java:499)
	at java.base/java.lang.reflect.Constructor.newInstance(Constructor.java:480)
	at org.eclipse.core.internal.registry.osgi.RegistryStrategyOSGI.createExecutableExtension(RegistryStrategyOSGI.java:204)
	... 12 more
Caused by: java.lang.NullPointerException: Cannot invoke "java.io.File.getAbsolutePath()" because the return value of "org.eclipse.wildwebdeveloper.embedder.node.NodeJSManager.getNodeJsLocation()" is null
	at org.eclipse.wildwebdeveloper.html.HTMLLanguageServer.<init>(HTMLLanguageServer.java:40)
	... 17 more
!SUBENTRY 1 org.eclipse.equinox.registry 4 1 2025-02-15 22:04:57.846
!MESSAGE プラグイン "org.eclipse.wildwebdeveloper" は、クラス "org.eclipse.wildwebdeveloper.html.HTMLLanguageServer" をインスタンス化できませんでした。
!STACK 0
java.lang.reflect.InvocationTargetException
	at jdk.internal.reflect.GeneratedConstructorAccessor54.newInstance(Unknown Source)
	at java.base/jdk.internal.reflect.DelegatingConstructorAccessorImpl.newInstance(DelegatingConstructorAccessorImpl.java:45)
	at java.base/java.lang.reflect.Constructor.newInstanceWithCaller(Constructor.java:499)
	at java.base/java.lang.reflect.Constructor.newInstance(Constructor.java:480)
	at org.eclipse.core.internal.registry.osgi.RegistryStrategyOSGI.createExecutableExtension(RegistryStrategyOSGI.java:204)
	at org.eclipse.core.internal.registry.ExtensionRegistry.createExecutableExtension(ExtensionRegistry.java:920)
	at org.eclipse.core.internal.registry.ConfigurationElement.createExecutableExtension(ConfigurationElement.java:246)
	at org.eclipse.core.internal.registry.ConfigurationElementHandle.createExecutableExtension(ConfigurationElementHandle.java:63)
	at org.eclipse.lsp4e.LanguageServersRegistry$ExtensionLanguageServerDefinition.createConnectionProvider(LanguageServersRegistry.java:161)
	at org.eclipse.lsp4e.LanguageServerWrapper.lambda$0(LanguageServerWrapper.java:233)
	at java.base/java.util.concurrent.CompletableFuture$AsyncSupply.run(CompletableFuture.java:1768)
	at java.base/java.util.concurrent.CompletableFuture$AsyncSupply.exec(CompletableFuture.java:1760)
	at java.base/java.util.concurrent.ForkJoinTask.doExec(ForkJoinTask.java:373)
	at java.base/java.util.concurrent.ForkJoinPool$WorkQueue.topLevelExec(ForkJoinPool.java:1182)
	at java.base/java.util.concurrent.ForkJoinPool.scan(ForkJoinPool.java:1655)
	at java.base/java.util.concurrent.ForkJoinPool.runWorker(ForkJoinPool.java:1622)
	at java.base/java.util.concurrent.ForkJoinWorkerThread.run(ForkJoinWorkerThread.java:165)
Caused by: java.lang.NullPointerException: Cannot invoke "java.io.File.getAbsolutePath()" because the return value of "org.eclipse.wildwebdeveloper.embedder.node.NodeJSManager.getNodeJsLocation()" is null
	at org.eclipse.wildwebdeveloper.html.HTMLLanguageServer.<init>(HTMLLanguageServer.java:40)
	... 17 more
Root exception:
java.lang.NullPointerException: Cannot invoke "java.io.File.getAbsolutePath()" because the return value of "org.eclipse.wildwebdeveloper.embedder.node.NodeJSManager.getNodeJsLocation()" is null
	at org.eclipse.wildwebdeveloper.html.HTMLLanguageServer.<init>(HTMLLanguageServer.java:40)
	at jdk.internal.reflect.GeneratedConstructorAccessor54.newInstance(Unknown Source)
	at java.base/jdk.internal.reflect.DelegatingConstructorAccessorImpl.newInstance(DelegatingConstructorAccessorImpl.java:45)
	at java.base/java.lang.reflect.Constructor.newInstanceWithCaller(Constructor.java:499)
	at java.base/java.lang.reflect.Constructor.newInstance(Constructor.java:480)
	at org.eclipse.core.internal.registry.osgi.RegistryStrategyOSGI.createExecutableExtension(RegistryStrategyOSGI.java:204)
	at org.eclipse.core.internal.registry.ExtensionRegistry.createExecutableExtension(ExtensionRegistry.java:920)
	at org.eclipse.core.internal.registry.ConfigurationElement.createExecutableExtension(ConfigurationElement.java:246)
	at org.eclipse.core.internal.registry.ConfigurationElementHandle.createExecutableExtension(ConfigurationElementHandle.java:63)
	at org.eclipse.lsp4e.LanguageServersRegistry$ExtensionLanguageServerDefinition.createConnectionProvider(LanguageServersRegistry.java:161)
	at org.eclipse.lsp4e.LanguageServerWrapper.lambda$0(LanguageServerWrapper.java:233)
	at java.base/java.util.concurrent.CompletableFuture$AsyncSupply.run(CompletableFuture.java:1768)
	at java.base/java.util.concurrent.CompletableFuture$AsyncSupply.exec(CompletableFuture.java:1760)
	at java.base/java.util.concurrent.ForkJoinTask.doExec(ForkJoinTask.java:373)
	at java.base/java.util.concurrent.ForkJoinPool$WorkQueue.topLevelExec(ForkJoinPool.java:1182)
	at java.base/java.util.concurrent.ForkJoinPool.scan(ForkJoinPool.java:1655)
	at java.base/java.util.concurrent.ForkJoinPool.runWorker(ForkJoinPool.java:1622)
	at java.base/java.util.concurrent.ForkJoinWorkerThread.run(ForkJoinWorkerThread.java:165)

!ENTRY org.eclipse.lsp4e 4 0 2025-02-15 22:04:57.847
!MESSAGE Exception occurred while creating an instance of the stream connection provider
!STACK 0
java.lang.RuntimeException: Exception occurred while creating an instance of the stream connection provider
	at org.eclipse.lsp4e.LanguageServersRegistry$ExtensionLanguageServerDefinition.createConnectionProvider(LanguageServersRegistry.java:164)
	at org.eclipse.lsp4e.LanguageServerWrapper.lambda$0(LanguageServerWrapper.java:233)
	at java.base/java.util.concurrent.CompletableFuture$AsyncSupply.run(CompletableFuture.java:1768)
	at java.base/java.util.concurrent.CompletableFuture$AsyncSupply.exec(CompletableFuture.java:1760)
	at java.base/java.util.concurrent.ForkJoinTask.doExec(ForkJoinTask.java:373)
	at java.base/java.util.concurrent.ForkJoinPool$WorkQueue.topLevelExec(ForkJoinPool.java:1182)
	at java.base/java.util.concurrent.ForkJoinPool.scan(ForkJoinPool.java:1655)
	at java.base/java.util.concurrent.ForkJoinPool.runWorker(ForkJoinPool.java:1622)
	at java.base/java.util.concurrent.ForkJoinWorkerThread.run(ForkJoinWorkerThread.java:165)
Caused by: org.eclipse.core.runtime.CoreException: プラグイン "org.eclipse.wildwebdeveloper" は、クラス "org.eclipse.wildwebdeveloper.html.HTMLLanguageServer" をインスタンス化できませんでした。
	at org.eclipse.core.internal.registry.osgi.RegistryStrategyOSGI.throwException(RegistryStrategyOSGI.java:212)
	at org.eclipse.core.internal.registry.osgi.RegistryStrategyOSGI.createExecutableExtension(RegistryStrategyOSGI.java:206)
	at org.eclipse.core.internal.registry.ExtensionRegistry.createExecutableExtension(ExtensionRegistry.java:920)
	at org.eclipse.core.internal.registry.ConfigurationElement.createExecutableExtension(ConfigurationElement.java:246)
	at org.eclipse.core.internal.registry.ConfigurationElementHandle.createExecutableExtension(ConfigurationElementHandle.java:63)
	at org.eclipse.lsp4e.LanguageServersRegistry$ExtensionLanguageServerDefinition.createConnectionProvider(LanguageServersRegistry.java:161)
	... 8 more
Caused by: java.lang.reflect.InvocationTargetException
	at jdk.internal.reflect.GeneratedConstructorAccessor54.newInstance(Unknown Source)
	at java.base/jdk.internal.reflect.DelegatingConstructorAccessorImpl.newInstance(DelegatingConstructorAccessorImpl.java:45)
	at java.base/java.lang.reflect.Constructor.newInstanceWithCaller(Constructor.java:499)
	at java.base/java.lang.reflect.Constructor.newInstance(Constructor.java:480)
	at org.eclipse.core.internal.registry.osgi.RegistryStrategyOSGI.createExecutableExtension(RegistryStrategyOSGI.java:204)
	... 12 more
Caused by: java.lang.NullPointerException: Cannot invoke "java.io.File.getAbsolutePath()" because the return value of "org.eclipse.wildwebdeveloper.embedder.node.NodeJSManager.getNodeJsLocation()" is null
	at org.eclipse.wildwebdeveloper.html.HTMLLanguageServer.<init>(HTMLLanguageServer.java:40)
	... 17 more

!ENTRY org.eclipse.lsp4e 4 0 2025-02-15 22:04:57.849
!MESSAGE Cannot invoke "org.eclipse.lsp4e.server.StreamConnectionProvider.getInputStream()" because "this.lspStreamProvider" is null
!STACK 0
java.lang.NullPointerException: Cannot invoke "org.eclipse.lsp4e.server.StreamConnectionProvider.getInputStream()" because "this.lspStreamProvider" is null
	at org.eclipse.lsp4e.LanguageServerWrapper.lambda$1(LanguageServerWrapper.java:284)
	at java.base/java.util.concurrent.CompletableFuture$UniApply.tryFire(CompletableFuture.java:646)
	at java.base/java.util.concurrent.CompletableFuture.postComplete(CompletableFuture.java:510)
	at java.base/java.util.concurrent.CompletableFuture$AsyncSupply.run(CompletableFuture.java:1773)
	at java.base/java.util.concurrent.CompletableFuture$AsyncSupply.exec(CompletableFuture.java:1760)
	at java.base/java.util.concurrent.ForkJoinTask.doExec(ForkJoinTask.java:373)
	at java.base/java.util.concurrent.ForkJoinPool$WorkQueue.topLevelExec(ForkJoinPool.java:1182)
	at java.base/java.util.concurrent.ForkJoinPool.scan(ForkJoinPool.java:1655)
	at java.base/java.util.concurrent.ForkJoinPool.runWorker(ForkJoinPool.java:1622)
	at java.base/java.util.concurrent.ForkJoinWorkerThread.run(ForkJoinWorkerThread.java:165)

!ENTRY org.eclipse.lsp4e 4 0 2025-02-15 22:04:57.850
!MESSAGE プラグイン "org.eclipse.wildwebdeveloper" は、クラス "org.eclipse.wildwebdeveloper.angular.AngularLanguageServer" をインスタンス化できませんでした。
!STACK 1
org.eclipse.core.runtime.CoreException: プラグイン "org.eclipse.wildwebdeveloper" は、クラス "org.eclipse.wildwebdeveloper.angular.AngularLanguageServer" をインスタンス化できませんでした。
	at org.eclipse.core.internal.registry.osgi.RegistryStrategyOSGI.throwException(RegistryStrategyOSGI.java:212)
	at org.eclipse.core.internal.registry.osgi.RegistryStrategyOSGI.createExecutableExtension(RegistryStrategyOSGI.java:206)
	at org.eclipse.core.internal.registry.ExtensionRegistry.createExecutableExtension(ExtensionRegistry.java:920)
	at org.eclipse.core.internal.registry.ConfigurationElement.createExecutableExtension(ConfigurationElement.java:246)
	at org.eclipse.core.internal.registry.ConfigurationElementHandle.createExecutableExtension(ConfigurationElementHandle.java:63)
	at org.eclipse.lsp4e.LanguageServersRegistry$ExtensionLanguageServerDefinition.createConnectionProvider(LanguageServersRegistry.java:161)
	at org.eclipse.lsp4e.LanguageServerWrapper.lambda$0(LanguageServerWrapper.java:233)
	at java.base/java.util.concurrent.CompletableFuture$AsyncSupply.run(CompletableFuture.java:1768)
	at java.base/java.util.concurrent.CompletableFuture$AsyncSupply.exec(CompletableFuture.java:1760)
	at java.base/java.util.concurrent.ForkJoinTask.doExec(ForkJoinTask.java:373)
	at java.base/java.util.concurrent.ForkJoinPool$WorkQueue.topLevelExec(ForkJoinPool.java:1182)
	at java.base/java.util.concurrent.ForkJoinPool.scan(ForkJoinPool.java:1655)
	at java.base/java.util.concurrent.ForkJoinPool.runWorker(ForkJoinPool.java:1622)
	at java.base/java.util.concurrent.ForkJoinWorkerThread.run(ForkJoinWorkerThread.java:165)
Caused by: java.lang.reflect.InvocationTargetException
	at jdk.internal.reflect.GeneratedConstructorAccessor55.newInstance(Unknown Source)
	at java.base/jdk.internal.reflect.DelegatingConstructorAccessorImpl.newInstance(DelegatingConstructorAccessorImpl.java:45)
	at java.base/java.lang.reflect.Constructor.newInstanceWithCaller(Constructor.java:499)
	at java.base/java.lang.reflect.Constructor.newInstance(Constructor.java:480)
	at org.eclipse.core.internal.registry.osgi.RegistryStrategyOSGI.createExecutableExtension(RegistryStrategyOSGI.java:204)
	... 12 more
Caused by: java.lang.NullPointerException: Cannot invoke "java.io.File.getAbsolutePath()" because the return value of "org.eclipse.wildwebdeveloper.embedder.node.NodeJSManager.getNodeJsLocation()" is null
	at org.eclipse.wildwebdeveloper.angular.AngularLanguageServer.<init>(AngularLanguageServer.java:43)
	... 17 more
!SUBENTRY 1 org.eclipse.equinox.registry 4 1 2025-02-15 22:04:57.850
!MESSAGE プラグイン "org.eclipse.wildwebdeveloper" は、クラス "org.eclipse.wildwebdeveloper.angular.AngularLanguageServer" をインスタンス化できませんでした。
!STACK 0
java.lang.reflect.InvocationTargetException
	at jdk.internal.reflect.GeneratedConstructorAccessor55.newInstance(Unknown Source)
	at java.base/jdk.internal.reflect.DelegatingConstructorAccessorImpl.newInstance(DelegatingConstructorAccessorImpl.java:45)
	at java.base/java.lang.reflect.Constructor.newInstanceWithCaller(Constructor.java:499)
	at java.base/java.lang.reflect.Constructor.newInstance(Constructor.java:480)
	at org.eclipse.core.internal.registry.osgi.RegistryStrategyOSGI.createExecutableExtension(RegistryStrategyOSGI.java:204)
	at org.eclipse.core.internal.registry.ExtensionRegistry.createExecutableExtension(ExtensionRegistry.java:920)
	at org.eclipse.core.internal.registry.ConfigurationElement.createExecutableExtension(ConfigurationElement.java:246)
	at org.eclipse.core.internal.registry.ConfigurationElementHandle.createExecutableExtension(ConfigurationElementHandle.java:63)
	at org.eclipse.lsp4e.LanguageServersRegistry$ExtensionLanguageServerDefinition.createConnectionProvider(LanguageServersRegistry.java:161)
	at org.eclipse.lsp4e.LanguageServerWrapper.lambda$0(LanguageServerWrapper.java:233)
	at java.base/java.util.concurrent.CompletableFuture$AsyncSupply.run(CompletableFuture.java:1768)
	at java.base/java.util.concurrent.CompletableFuture$AsyncSupply.exec(CompletableFuture.java:1760)
	at java.base/java.util.concurrent.ForkJoinTask.doExec(ForkJoinTask.java:373)
	at java.base/java.util.concurrent.ForkJoinPool$WorkQueue.topLevelExec(ForkJoinPool.java:1182)
	at java.base/java.util.concurrent.ForkJoinPool.scan(ForkJoinPool.java:1655)
	at java.base/java.util.concurrent.ForkJoinPool.runWorker(ForkJoinPool.java:1622)
	at java.base/java.util.concurrent.ForkJoinWorkerThread.run(ForkJoinWorkerThread.java:165)
Caused by: java.lang.NullPointerException: Cannot invoke "java.io.File.getAbsolutePath()" because the return value of "org.eclipse.wildwebdeveloper.embedder.node.NodeJSManager.getNodeJsLocation()" is null
	at org.eclipse.wildwebdeveloper.angular.AngularLanguageServer.<init>(AngularLanguageServer.java:43)
	... 17 more
Root exception:
java.lang.NullPointerException: Cannot invoke "java.io.File.getAbsolutePath()" because the return value of "org.eclipse.wildwebdeveloper.embedder.node.NodeJSManager.getNodeJsLocation()" is null
	at org.eclipse.wildwebdeveloper.angular.AngularLanguageServer.<init>(AngularLanguageServer.java:43)
	at jdk.internal.reflect.GeneratedConstructorAccessor55.newInstance(Unknown Source)
	at java.base/jdk.internal.reflect.DelegatingConstructorAccessorImpl.newInstance(DelegatingConstructorAccessorImpl.java:45)
	at java.base/java.lang.reflect.Constructor.newInstanceWithCaller(Constructor.java:499)
	at java.base/java.lang.reflect.Constructor.newInstance(Constructor.java:480)
	at org.eclipse.core.internal.registry.osgi.RegistryStrategyOSGI.createExecutableExtension(RegistryStrategyOSGI.java:204)
	at org.eclipse.core.internal.registry.ExtensionRegistry.createExecutableExtension(ExtensionRegistry.java:920)
	at org.eclipse.core.internal.registry.ConfigurationElement.createExecutableExtension(ConfigurationElement.java:246)
	at org.eclipse.core.internal.registry.ConfigurationElementHandle.createExecutableExtension(ConfigurationElementHandle.java:63)
	at org.eclipse.lsp4e.LanguageServersRegistry$ExtensionLanguageServerDefinition.createConnectionProvider(LanguageServersRegistry.java:161)
	at org.eclipse.lsp4e.LanguageServerWrapper.lambda$0(LanguageServerWrapper.java:233)
	at java.base/java.util.concurrent.CompletableFuture$AsyncSupply.run(CompletableFuture.java:1768)
	at java.base/java.util.concurrent.CompletableFuture$AsyncSupply.exec(CompletableFuture.java:1760)
	at java.base/java.util.concurrent.ForkJoinTask.doExec(ForkJoinTask.java:373)
	at java.base/java.util.concurrent.ForkJoinPool$WorkQueue.topLevelExec(ForkJoinPool.java:1182)
	at java.base/java.util.concurrent.ForkJoinPool.scan(ForkJoinPool.java:1655)
	at java.base/java.util.concurrent.ForkJoinPool.runWorker(ForkJoinPool.java:1622)
	at java.base/java.util.concurrent.ForkJoinWorkerThread.run(ForkJoinWorkerThread.java:165)

!ENTRY org.eclipse.lsp4e 4 0 2025-02-15 22:04:57.851
!MESSAGE Exception occurred while creating an instance of the stream connection provider
!STACK 0
java.lang.RuntimeException: Exception occurred while creating an instance of the stream connection provider
	at org.eclipse.lsp4e.LanguageServersRegistry$ExtensionLanguageServerDefinition.createConnectionProvider(LanguageServersRegistry.java:164)
	at org.eclipse.lsp4e.LanguageServerWrapper.lambda$0(LanguageServerWrapper.java:233)
	at java.base/java.util.concurrent.CompletableFuture$AsyncSupply.run(CompletableFuture.java:1768)
	at java.base/java.util.concurrent.CompletableFuture$AsyncSupply.exec(CompletableFuture.java:1760)
	at java.base/java.util.concurrent.ForkJoinTask.doExec(ForkJoinTask.java:373)
	at java.base/java.util.concurrent.ForkJoinPool$WorkQueue.topLevelExec(ForkJoinPool.java:1182)
	at java.base/java.util.concurrent.ForkJoinPool.scan(ForkJoinPool.java:1655)
	at java.base/java.util.concurrent.ForkJoinPool.runWorker(ForkJoinPool.java:1622)
	at java.base/java.util.concurrent.ForkJoinWorkerThread.run(ForkJoinWorkerThread.java:165)
Caused by: org.eclipse.core.runtime.CoreException: プラグイン "org.eclipse.wildwebdeveloper" は、クラス "org.eclipse.wildwebdeveloper.angular.AngularLanguageServer" をインスタンス化できませんでした。
	at org.eclipse.core.internal.registry.osgi.RegistryStrategyOSGI.throwException(RegistryStrategyOSGI.java:212)
	at org.eclipse.core.internal.registry.osgi.RegistryStrategyOSGI.createExecutableExtension(RegistryStrategyOSGI.java:206)
	at org.eclipse.core.internal.registry.ExtensionRegistry.createExecutableExtension(ExtensionRegistry.java:920)
	at org.eclipse.core.internal.registry.ConfigurationElement.createExecutableExtension(ConfigurationElement.java:246)
	at org.eclipse.core.internal.registry.ConfigurationElementHandle.createExecutableExtension(ConfigurationElementHandle.java:63)
	at org.eclipse.lsp4e.LanguageServersRegistry$ExtensionLanguageServerDefinition.createConnectionProvider(LanguageServersRegistry.java:161)
	... 8 more
Caused by: java.lang.reflect.InvocationTargetException
	at jdk.internal.reflect.GeneratedConstructorAccessor55.newInstance(Unknown Source)
	at java.base/jdk.internal.reflect.DelegatingConstructorAccessorImpl.newInstance(DelegatingConstructorAccessorImpl.java:45)
	at java.base/java.lang.reflect.Constructor.newInstanceWithCaller(Constructor.java:499)
	at java.base/java.lang.reflect.Constructor.newInstance(Constructor.java:480)
	at org.eclipse.core.internal.registry.osgi.RegistryStrategyOSGI.createExecutableExtension(RegistryStrategyOSGI.java:204)
	... 12 more
Caused by: java.lang.NullPointerException: Cannot invoke "java.io.File.getAbsolutePath()" because the return value of "org.eclipse.wildwebdeveloper.embedder.node.NodeJSManager.getNodeJsLocation()" is null
	at org.eclipse.wildwebdeveloper.angular.AngularLanguageServer.<init>(AngularLanguageServer.java:43)
	... 17 more

!ENTRY org.eclipse.lsp4e 4 0 2025-02-15 22:04:57.852
!MESSAGE Cannot invoke "org.eclipse.lsp4e.server.StreamConnectionProvider.getInputStream()" because "this.lspStreamProvider" is null
!STACK 0
java.lang.NullPointerException: Cannot invoke "org.eclipse.lsp4e.server.StreamConnectionProvider.getInputStream()" because "this.lspStreamProvider" is null
	at org.eclipse.lsp4e.LanguageServerWrapper.lambda$1(LanguageServerWrapper.java:284)
	at java.base/java.util.concurrent.CompletableFuture$UniApply.tryFire(CompletableFuture.java:646)
	at java.base/java.util.concurrent.CompletableFuture.postComplete(CompletableFuture.java:510)
	at java.base/java.util.concurrent.CompletableFuture$AsyncSupply.run(CompletableFuture.java:1773)
	at java.base/java.util.concurrent.CompletableFuture$AsyncSupply.exec(CompletableFuture.java:1760)
	at java.base/java.util.concurrent.ForkJoinTask.doExec(ForkJoinTask.java:373)
	at java.base/java.util.concurrent.ForkJoinPool$WorkQueue.topLevelExec(ForkJoinPool.java:1182)
	at java.base/java.util.concurrent.ForkJoinPool.scan(ForkJoinPool.java:1655)
	at java.base/java.util.concurrent.ForkJoinPool.runWorker(ForkJoinPool.java:1622)
	at java.base/java.util.concurrent.ForkJoinWorkerThread.run(ForkJoinWorkerThread.java:165)

!ENTRY org.eclipse.lsp4e 4 0 2025-02-15 22:04:57.973
!MESSAGE プラグイン "org.eclipse.wildwebdeveloper" は、クラス "org.eclipse.wildwebdeveloper.angular.AngularLanguageServer" をインスタンス化できませんでした。
!STACK 1
org.eclipse.core.runtime.CoreException: プラグイン "org.eclipse.wildwebdeveloper" は、クラス "org.eclipse.wildwebdeveloper.angular.AngularLanguageServer" をインスタンス化できませんでした。
	at org.eclipse.core.internal.registry.osgi.RegistryStrategyOSGI.throwException(RegistryStrategyOSGI.java:212)
	at org.eclipse.core.internal.registry.osgi.RegistryStrategyOSGI.createExecutableExtension(RegistryStrategyOSGI.java:206)
	at org.eclipse.core.internal.registry.ExtensionRegistry.createExecutableExtension(ExtensionRegistry.java:920)
	at org.eclipse.core.internal.registry.ConfigurationElement.createExecutableExtension(ConfigurationElement.java:246)
	at org.eclipse.core.internal.registry.ConfigurationElementHandle.createExecutableExtension(ConfigurationElementHandle.java:63)
	at org.eclipse.lsp4e.LanguageServersRegistry$ExtensionLanguageServerDefinition.createConnectionProvider(LanguageServersRegistry.java:161)
	at org.eclipse.lsp4e.LanguageServerWrapper.lambda$0(LanguageServerWrapper.java:233)
	at java.base/java.util.concurrent.CompletableFuture$AsyncSupply.run(CompletableFuture.java:1768)
	at java.base/java.util.concurrent.CompletableFuture$AsyncSupply.exec(CompletableFuture.java:1760)
	at java.base/java.util.concurrent.ForkJoinTask.doExec(ForkJoinTask.java:373)
	at java.base/java.util.concurrent.ForkJoinPool$WorkQueue.topLevelExec(ForkJoinPool.java:1182)
	at java.base/java.util.concurrent.ForkJoinPool.scan(ForkJoinPool.java:1655)
	at java.base/java.util.concurrent.ForkJoinPool.runWorker(ForkJoinPool.java:1622)
	at java.base/java.util.concurrent.ForkJoinWorkerThread.run(ForkJoinWorkerThread.java:165)
Caused by: java.lang.reflect.InvocationTargetException
	at jdk.internal.reflect.GeneratedConstructorAccessor55.newInstance(Unknown Source)
	at java.base/jdk.internal.reflect.DelegatingConstructorAccessorImpl.newInstance(DelegatingConstructorAccessorImpl.java:45)
	at java.base/java.lang.reflect.Constructor.newInstanceWithCaller(Constructor.java:499)
	at java.base/java.lang.reflect.Constructor.newInstance(Constructor.java:480)
	at org.eclipse.core.internal.registry.osgi.RegistryStrategyOSGI.createExecutableExtension(RegistryStrategyOSGI.java:204)
	... 12 more
Caused by: java.lang.NullPointerException: Cannot invoke "java.io.File.getAbsolutePath()" because the return value of "org.eclipse.wildwebdeveloper.embedder.node.NodeJSManager.getNodeJsLocation()" is null
	at org.eclipse.wildwebdeveloper.angular.AngularLanguageServer.<init>(AngularLanguageServer.java:43)
	... 17 more
!SUBENTRY 1 org.eclipse.equinox.registry 4 1 2025-02-15 22:04:57.974
!MESSAGE プラグイン "org.eclipse.wildwebdeveloper" は、クラス "org.eclipse.wildwebdeveloper.angular.AngularLanguageServer" をインスタンス化できませんでした。
!STACK 0
java.lang.reflect.InvocationTargetException
	at jdk.internal.reflect.GeneratedConstructorAccessor55.newInstance(Unknown Source)
	at java.base/jdk.internal.reflect.DelegatingConstructorAccessorImpl.newInstance(DelegatingConstructorAccessorImpl.java:45)
	at java.base/java.lang.reflect.Constructor.newInstanceWithCaller(Constructor.java:499)
	at java.base/java.lang.reflect.Constructor.newInstance(Constructor.java:480)
	at org.eclipse.core.internal.registry.osgi.RegistryStrategyOSGI.createExecutableExtension(RegistryStrategyOSGI.java:204)
	at org.eclipse.core.internal.registry.ExtensionRegistry.createExecutableExtension(ExtensionRegistry.java:920)
	at org.eclipse.core.internal.registry.ConfigurationElement.createExecutableExtension(ConfigurationElement.java:246)
	at org.eclipse.core.internal.registry.ConfigurationElementHandle.createExecutableExtension(ConfigurationElementHandle.java:63)
	at org.eclipse.lsp4e.LanguageServersRegistry$ExtensionLanguageServerDefinition.createConnectionProvider(LanguageServersRegistry.java:161)
	at org.eclipse.lsp4e.LanguageServerWrapper.lambda$0(LanguageServerWrapper.java:233)
	at java.base/java.util.concurrent.CompletableFuture$AsyncSupply.run(CompletableFuture.java:1768)
	at java.base/java.util.concurrent.CompletableFuture$AsyncSupply.exec(CompletableFuture.java:1760)
	at java.base/java.util.concurrent.ForkJoinTask.doExec(ForkJoinTask.java:373)
	at java.base/java.util.concurrent.ForkJoinPool$WorkQueue.topLevelExec(ForkJoinPool.java:1182)
	at java.base/java.util.concurrent.ForkJoinPool.scan(ForkJoinPool.java:1655)
	at java.base/java.util.concurrent.ForkJoinPool.runWorker(ForkJoinPool.java:1622)
	at java.base/java.util.concurrent.ForkJoinWorkerThread.run(ForkJoinWorkerThread.java:165)
Caused by: java.lang.NullPointerException: Cannot invoke "java.io.File.getAbsolutePath()" because the return value of "org.eclipse.wildwebdeveloper.embedder.node.NodeJSManager.getNodeJsLocation()" is null
	at org.eclipse.wildwebdeveloper.angular.AngularLanguageServer.<init>(AngularLanguageServer.java:43)
	... 17 more
Root exception:
java.lang.NullPointerException: Cannot invoke "java.io.File.getAbsolutePath()" because the return value of "org.eclipse.wildwebdeveloper.embedder.node.NodeJSManager.getNodeJsLocation()" is null
	at org.eclipse.wildwebdeveloper.angular.AngularLanguageServer.<init>(AngularLanguageServer.java:43)
	at jdk.internal.reflect.GeneratedConstructorAccessor55.newInstance(Unknown Source)
	at java.base/jdk.internal.reflect.DelegatingConstructorAccessorImpl.newInstance(DelegatingConstructorAccessorImpl.java:45)
	at java.base/java.lang.reflect.Constructor.newInstanceWithCaller(Constructor.java:499)
	at java.base/java.lang.reflect.Constructor.newInstance(Constructor.java:480)
	at org.eclipse.core.internal.registry.osgi.RegistryStrategyOSGI.createExecutableExtension(RegistryStrategyOSGI.java:204)
	at org.eclipse.core.internal.registry.ExtensionRegistry.createExecutableExtension(ExtensionRegistry.java:920)
	at org.eclipse.core.internal.registry.ConfigurationElement.createExecutableExtension(ConfigurationElement.java:246)
	at org.eclipse.core.internal.registry.ConfigurationElementHandle.createExecutableExtension(ConfigurationElementHandle.java:63)
	at org.eclipse.lsp4e.LanguageServersRegistry$ExtensionLanguageServerDefinition.createConnectionProvider(LanguageServersRegistry.java:161)
	at org.eclipse.lsp4e.LanguageServerWrapper.lambda$0(LanguageServerWrapper.java:233)
	at java.base/java.util.concurrent.CompletableFuture$AsyncSupply.run(CompletableFuture.java:1768)
	at java.base/java.util.concurrent.CompletableFuture$AsyncSupply.exec(CompletableFuture.java:1760)
	at java.base/java.util.concurrent.ForkJoinTask.doExec(ForkJoinTask.java:373)
	at java.base/java.util.concurrent.ForkJoinPool$WorkQueue.topLevelExec(ForkJoinPool.java:1182)
	at java.base/java.util.concurrent.ForkJoinPool.scan(ForkJoinPool.java:1655)
	at java.base/java.util.concurrent.ForkJoinPool.runWorker(ForkJoinPool.java:1622)
	at java.base/java.util.concurrent.ForkJoinWorkerThread.run(ForkJoinWorkerThread.java:165)

!ENTRY org.eclipse.lsp4e 4 0 2025-02-15 22:04:57.974
!MESSAGE Exception occurred while creating an instance of the stream connection provider
!STACK 0
java.lang.RuntimeException: Exception occurred while creating an instance of the stream connection provider
	at org.eclipse.lsp4e.LanguageServersRegistry$ExtensionLanguageServerDefinition.createConnectionProvider(LanguageServersRegistry.java:164)
	at org.eclipse.lsp4e.LanguageServerWrapper.lambda$0(LanguageServerWrapper.java:233)
	at java.base/java.util.concurrent.CompletableFuture$AsyncSupply.run(CompletableFuture.java:1768)
	at java.base/java.util.concurrent.CompletableFuture$AsyncSupply.exec(CompletableFuture.java:1760)
	at java.base/java.util.concurrent.ForkJoinTask.doExec(ForkJoinTask.java:373)
	at java.base/java.util.concurrent.ForkJoinPool$WorkQueue.topLevelExec(ForkJoinPool.java:1182)
	at java.base/java.util.concurrent.ForkJoinPool.scan(ForkJoinPool.java:1655)
	at java.base/java.util.concurrent.ForkJoinPool.runWorker(ForkJoinPool.java:1622)
	at java.base/java.util.concurrent.ForkJoinWorkerThread.run(ForkJoinWorkerThread.java:165)
Caused by: org.eclipse.core.runtime.CoreException: プラグイン "org.eclipse.wildwebdeveloper" は、クラス "org.eclipse.wildwebdeveloper.angular.AngularLanguageServer" をインスタンス化できませんでした。
	at org.eclipse.core.internal.registry.osgi.RegistryStrategyOSGI.throwException(RegistryStrategyOSGI.java:212)
	at org.eclipse.core.internal.registry.osgi.RegistryStrategyOSGI.createExecutableExtension(RegistryStrategyOSGI.java:206)
	at org.eclipse.core.internal.registry.ExtensionRegistry.createExecutableExtension(ExtensionRegistry.java:920)
	at org.eclipse.core.internal.registry.ConfigurationElement.createExecutableExtension(ConfigurationElement.java:246)
	at org.eclipse.core.internal.registry.ConfigurationElementHandle.createExecutableExtension(ConfigurationElementHandle.java:63)
	at org.eclipse.lsp4e.LanguageServersRegistry$ExtensionLanguageServerDefinition.createConnectionProvider(LanguageServersRegistry.java:161)
	... 8 more
Caused by: java.lang.reflect.InvocationTargetException
	at jdk.internal.reflect.GeneratedConstructorAccessor55.newInstance(Unknown Source)
	at java.base/jdk.internal.reflect.DelegatingConstructorAccessorImpl.newInstance(DelegatingConstructorAccessorImpl.java:45)
	at java.base/java.lang.reflect.Constructor.newInstanceWithCaller(Constructor.java:499)
	at java.base/java.lang.reflect.Constructor.newInstance(Constructor.java:480)
	at org.eclipse.core.internal.registry.osgi.RegistryStrategyOSGI.createExecutableExtension(RegistryStrategyOSGI.java:204)
	... 12 more
Caused by: java.lang.NullPointerException: Cannot invoke "java.io.File.getAbsolutePath()" because the return value of "org.eclipse.wildwebdeveloper.embedder.node.NodeJSManager.getNodeJsLocation()" is null
	at org.eclipse.wildwebdeveloper.angular.AngularLanguageServer.<init>(AngularLanguageServer.java:43)
	... 17 more

!ENTRY org.eclipse.lsp4e 4 0 2025-02-15 22:04:57.975
!MESSAGE Cannot invoke "org.eclipse.lsp4e.server.StreamConnectionProvider.getInputStream()" because "this.lspStreamProvider" is null
!STACK 0
java.lang.NullPointerException: Cannot invoke "org.eclipse.lsp4e.server.StreamConnectionProvider.getInputStream()" because "this.lspStreamProvider" is null
	at org.eclipse.lsp4e.LanguageServerWrapper.lambda$1(LanguageServerWrapper.java:284)
	at java.base/java.util.concurrent.CompletableFuture$UniApply.tryFire(CompletableFuture.java:646)
	at java.base/java.util.concurrent.CompletableFuture.postComplete(CompletableFuture.java:510)
	at java.base/java.util.concurrent.CompletableFuture$AsyncSupply.run(CompletableFuture.java:1773)
	at java.base/java.util.concurrent.CompletableFuture$AsyncSupply.exec(CompletableFuture.java:1760)
	at java.base/java.util.concurrent.ForkJoinTask.doExec(ForkJoinTask.java:373)
	at java.base/java.util.concurrent.ForkJoinPool$WorkQueue.topLevelExec(ForkJoinPool.java:1182)
	at java.base/java.util.concurrent.ForkJoinPool.scan(ForkJoinPool.java:1655)
	at java.base/java.util.concurrent.ForkJoinPool.runWorker(ForkJoinPool.java:1622)
	at java.base/java.util.concurrent.ForkJoinWorkerThread.run(ForkJoinWorkerThread.java:165)

!ENTRY org.eclipse.lsp4e 4 0 2025-02-15 22:04:57.989
!MESSAGE プラグイン "org.eclipse.wildwebdeveloper" は、クラス "org.eclipse.wildwebdeveloper.html.HTMLLanguageServer" をインスタンス化できませんでした。
!STACK 1
org.eclipse.core.runtime.CoreException: プラグイン "org.eclipse.wildwebdeveloper" は、クラス "org.eclipse.wildwebdeveloper.html.HTMLLanguageServer" をインスタンス化できませんでした。
	at org.eclipse.core.internal.registry.osgi.RegistryStrategyOSGI.throwException(RegistryStrategyOSGI.java:212)
	at org.eclipse.core.internal.registry.osgi.RegistryStrategyOSGI.createExecutableExtension(RegistryStrategyOSGI.java:206)
	at org.eclipse.core.internal.registry.ExtensionRegistry.createExecutableExtension(ExtensionRegistry.java:920)
	at org.eclipse.core.internal.registry.ConfigurationElement.createExecutableExtension(ConfigurationElement.java:246)
	at org.eclipse.core.internal.registry.ConfigurationElementHandle.createExecutableExtension(ConfigurationElementHandle.java:63)
	at org.eclipse.lsp4e.LanguageServersRegistry$ExtensionLanguageServerDefinition.createConnectionProvider(LanguageServersRegistry.java:161)
	at org.eclipse.lsp4e.LanguageServerWrapper.lambda$0(LanguageServerWrapper.java:233)
	at java.base/java.util.concurrent.CompletableFuture$AsyncSupply.run(CompletableFuture.java:1768)
	at java.base/java.util.concurrent.CompletableFuture$AsyncSupply.exec(CompletableFuture.java:1760)
	at java.base/java.util.concurrent.ForkJoinTask.doExec(ForkJoinTask.java:373)
	at java.base/java.util.concurrent.ForkJoinPool$WorkQueue.topLevelExec(ForkJoinPool.java:1182)
	at java.base/java.util.concurrent.ForkJoinPool.scan(ForkJoinPool.java:1655)
	at java.base/java.util.concurrent.ForkJoinPool.runWorker(ForkJoinPool.java:1622)
	at java.base/java.util.concurrent.ForkJoinWorkerThread.run(ForkJoinWorkerThread.java:165)
Caused by: java.lang.reflect.InvocationTargetException
	at jdk.internal.reflect.GeneratedConstructorAccessor54.newInstance(Unknown Source)
	at java.base/jdk.internal.reflect.DelegatingConstructorAccessorImpl.newInstance(DelegatingConstructorAccessorImpl.java:45)
	at java.base/java.lang.reflect.Constructor.newInstanceWithCaller(Constructor.java:499)
	at java.base/java.lang.reflect.Constructor.newInstance(Constructor.java:480)
	at org.eclipse.core.internal.registry.osgi.RegistryStrategyOSGI.createExecutableExtension(RegistryStrategyOSGI.java:204)
	... 12 more
Caused by: java.lang.NullPointerException: Cannot invoke "java.io.File.getAbsolutePath()" because the return value of "org.eclipse.wildwebdeveloper.embedder.node.NodeJSManager.getNodeJsLocation()" is null
	at org.eclipse.wildwebdeveloper.html.HTMLLanguageServer.<init>(HTMLLanguageServer.java:40)
	... 17 more
!SUBENTRY 1 org.eclipse.equinox.registry 4 1 2025-02-15 22:04:57.989
!MESSAGE プラグイン "org.eclipse.wildwebdeveloper" は、クラス "org.eclipse.wildwebdeveloper.html.HTMLLanguageServer" をインスタンス化できませんでした。
!STACK 0
java.lang.reflect.InvocationTargetException
	at jdk.internal.reflect.GeneratedConstructorAccessor54.newInstance(Unknown Source)
	at java.base/jdk.internal.reflect.DelegatingConstructorAccessorImpl.newInstance(DelegatingConstructorAccessorImpl.java:45)
	at java.base/java.lang.reflect.Constructor.newInstanceWithCaller(Constructor.java:499)
	at java.base/java.lang.reflect.Constructor.newInstance(Constructor.java:480)
	at org.eclipse.core.internal.registry.osgi.RegistryStrategyOSGI.createExecutableExtension(RegistryStrategyOSGI.java:204)
	at org.eclipse.core.internal.registry.ExtensionRegistry.createExecutableExtension(ExtensionRegistry.java:920)
	at org.eclipse.core.internal.registry.ConfigurationElement.createExecutableExtension(ConfigurationElement.java:246)
	at org.eclipse.core.internal.registry.ConfigurationElementHandle.createExecutableExtension(ConfigurationElementHandle.java:63)
	at org.eclipse.lsp4e.LanguageServersRegistry$ExtensionLanguageServerDefinition.createConnectionProvider(LanguageServersRegistry.java:161)
	at org.eclipse.lsp4e.LanguageServerWrapper.lambda$0(LanguageServerWrapper.java:233)
	at java.base/java.util.concurrent.CompletableFuture$AsyncSupply.run(CompletableFuture.java:1768)
	at java.base/java.util.concurrent.CompletableFuture$AsyncSupply.exec(CompletableFuture.java:1760)
	at java.base/java.util.concurrent.ForkJoinTask.doExec(ForkJoinTask.java:373)
	at java.base/java.util.concurrent.ForkJoinPool$WorkQueue.topLevelExec(ForkJoinPool.java:1182)
	at java.base/java.util.concurrent.ForkJoinPool.scan(ForkJoinPool.java:1655)
	at java.base/java.util.concurrent.ForkJoinPool.runWorker(ForkJoinPool.java:1622)
	at java.base/java.util.concurrent.ForkJoinWorkerThread.run(ForkJoinWorkerThread.java:165)
Caused by: java.lang.NullPointerException: Cannot invoke "java.io.File.getAbsolutePath()" because the return value of "org.eclipse.wildwebdeveloper.embedder.node.NodeJSManager.getNodeJsLocation()" is null
	at org.eclipse.wildwebdeveloper.html.HTMLLanguageServer.<init>(HTMLLanguageServer.java:40)
	... 17 more
Root exception:
java.lang.NullPointerException: Cannot invoke "java.io.File.getAbsolutePath()" because the return value of "org.eclipse.wildwebdeveloper.embedder.node.NodeJSManager.getNodeJsLocation()" is null
	at org.eclipse.wildwebdeveloper.html.HTMLLanguageServer.<init>(HTMLLanguageServer.java:40)
	at jdk.internal.reflect.GeneratedConstructorAccessor54.newInstance(Unknown Source)
	at java.base/jdk.internal.reflect.DelegatingConstructorAccessorImpl.newInstance(DelegatingConstructorAccessorImpl.java:45)
	at java.base/java.lang.reflect.Constructor.newInstanceWithCaller(Constructor.java:499)
	at java.base/java.lang.reflect.Constructor.newInstance(Constructor.java:480)
	at org.eclipse.core.internal.registry.osgi.RegistryStrategyOSGI.createExecutableExtension(RegistryStrategyOSGI.java:204)
	at org.eclipse.core.internal.registry.ExtensionRegistry.createExecutableExtension(ExtensionRegistry.java:920)
	at org.eclipse.core.internal.registry.ConfigurationElement.createExecutableExtension(ConfigurationElement.java:246)
	at org.eclipse.core.internal.registry.ConfigurationElementHandle.createExecutableExtension(ConfigurationElementHandle.java:63)
	at org.eclipse.lsp4e.LanguageServersRegistry$ExtensionLanguageServerDefinition.createConnectionProvider(LanguageServersRegistry.java:161)
	at org.eclipse.lsp4e.LanguageServerWrapper.lambda$0(LanguageServerWrapper.java:233)
	at java.base/java.util.concurrent.CompletableFuture$AsyncSupply.run(CompletableFuture.java:1768)
	at java.base/java.util.concurrent.CompletableFuture$AsyncSupply.exec(CompletableFuture.java:1760)
	at java.base/java.util.concurrent.ForkJoinTask.doExec(ForkJoinTask.java:373)
	at java.base/java.util.concurrent.ForkJoinPool$WorkQueue.topLevelExec(ForkJoinPool.java:1182)
	at java.base/java.util.concurrent.ForkJoinPool.scan(ForkJoinPool.java:1655)
	at java.base/java.util.concurrent.ForkJoinPool.runWorker(ForkJoinPool.java:1622)
	at java.base/java.util.concurrent.ForkJoinWorkerThread.run(ForkJoinWorkerThread.java:165)

!ENTRY org.eclipse.lsp4e 4 0 2025-02-15 22:04:57.990
!MESSAGE Exception occurred while creating an instance of the stream connection provider
!STACK 0
java.lang.RuntimeException: Exception occurred while creating an instance of the stream connection provider
	at org.eclipse.lsp4e.LanguageServersRegistry$ExtensionLanguageServerDefinition.createConnectionProvider(LanguageServersRegistry.java:164)
	at org.eclipse.lsp4e.LanguageServerWrapper.lambda$0(LanguageServerWrapper.java:233)
	at java.base/java.util.concurrent.CompletableFuture$AsyncSupply.run(CompletableFuture.java:1768)
	at java.base/java.util.concurrent.CompletableFuture$AsyncSupply.exec(CompletableFuture.java:1760)
	at java.base/java.util.concurrent.ForkJoinTask.doExec(ForkJoinTask.java:373)
	at java.base/java.util.concurrent.ForkJoinPool$WorkQueue.topLevelExec(ForkJoinPool.java:1182)
	at java.base/java.util.concurrent.ForkJoinPool.scan(ForkJoinPool.java:1655)
	at java.base/java.util.concurrent.ForkJoinPool.runWorker(ForkJoinPool.java:1622)
	at java.base/java.util.concurrent.ForkJoinWorkerThread.run(ForkJoinWorkerThread.java:165)
Caused by: org.eclipse.core.runtime.CoreException: プラグイン "org.eclipse.wildwebdeveloper" は、クラス "org.eclipse.wildwebdeveloper.html.HTMLLanguageServer" をインスタンス化できませんでした。
	at org.eclipse.core.internal.registry.osgi.RegistryStrategyOSGI.throwException(RegistryStrategyOSGI.java:212)
	at org.eclipse.core.internal.registry.osgi.RegistryStrategyOSGI.createExecutableExtension(RegistryStrategyOSGI.java:206)
	at org.eclipse.core.internal.registry.ExtensionRegistry.createExecutableExtension(ExtensionRegistry.java:920)
	at org.eclipse.core.internal.registry.ConfigurationElement.createExecutableExtension(ConfigurationElement.java:246)
	at org.eclipse.core.internal.registry.ConfigurationElementHandle.createExecutableExtension(ConfigurationElementHandle.java:63)
	at org.eclipse.lsp4e.LanguageServersRegistry$ExtensionLanguageServerDefinition.createConnectionProvider(LanguageServersRegistry.java:161)
	... 8 more
Caused by: java.lang.reflect.InvocationTargetException
	at jdk.internal.reflect.GeneratedConstructorAccessor54.newInstance(Unknown Source)
	at java.base/jdk.internal.reflect.DelegatingConstructorAccessorImpl.newInstance(DelegatingConstructorAccessorImpl.java:45)
	at java.base/java.lang.reflect.Constructor.newInstanceWithCaller(Constructor.java:499)
	at java.base/java.lang.reflect.Constructor.newInstance(Constructor.java:480)
	at org.eclipse.core.internal.registry.osgi.RegistryStrategyOSGI.createExecutableExtension(RegistryStrategyOSGI.java:204)
	... 12 more
Caused by: java.lang.NullPointerException: Cannot invoke "java.io.File.getAbsolutePath()" because the return value of "org.eclipse.wildwebdeveloper.embedder.node.NodeJSManager.getNodeJsLocation()" is null
	at org.eclipse.wildwebdeveloper.html.HTMLLanguageServer.<init>(HTMLLanguageServer.java:40)
	... 17 more

!ENTRY org.eclipse.lsp4e 4 0 2025-02-15 22:04:57.992
!MESSAGE Cannot invoke "org.eclipse.lsp4e.server.StreamConnectionProvider.getInputStream()" because "this.lspStreamProvider" is null
!STACK 0
java.lang.NullPointerException: Cannot invoke "org.eclipse.lsp4e.server.StreamConnectionProvider.getInputStream()" because "this.lspStreamProvider" is null
	at org.eclipse.lsp4e.LanguageServerWrapper.lambda$1(LanguageServerWrapper.java:284)
	at java.base/java.util.concurrent.CompletableFuture$UniApply.tryFire(CompletableFuture.java:646)
	at java.base/java.util.concurrent.CompletableFuture.postComplete(CompletableFuture.java:510)
	at java.base/java.util.concurrent.CompletableFuture$AsyncSupply.run(CompletableFuture.java:1773)
	at java.base/java.util.concurrent.CompletableFuture$AsyncSupply.exec(CompletableFuture.java:1760)
	at java.base/java.util.concurrent.ForkJoinTask.doExec(ForkJoinTask.java:373)
	at java.base/java.util.concurrent.ForkJoinPool$WorkQueue.topLevelExec(ForkJoinPool.java:1182)
	at java.base/java.util.concurrent.ForkJoinPool.scan(ForkJoinPool.java:1655)
	at java.base/java.util.concurrent.ForkJoinPool.runWorker(ForkJoinPool.java:1622)
	at java.base/java.util.concurrent.ForkJoinWorkerThread.run(ForkJoinWorkerThread.java:165)

!ENTRY org.eclipse.lsp4e 4 0 2025-02-15 22:09:07.845
!MESSAGE プラグイン "org.eclipse.wildwebdeveloper" は、クラス "org.eclipse.wildwebdeveloper.html.HTMLLanguageServer" をインスタンス化できませんでした。
!STACK 1
org.eclipse.core.runtime.CoreException: プラグイン "org.eclipse.wildwebdeveloper" は、クラス "org.eclipse.wildwebdeveloper.html.HTMLLanguageServer" をインスタンス化できませんでした。
	at org.eclipse.core.internal.registry.osgi.RegistryStrategyOSGI.throwException(RegistryStrategyOSGI.java:212)
	at org.eclipse.core.internal.registry.osgi.RegistryStrategyOSGI.createExecutableExtension(RegistryStrategyOSGI.java:206)
	at org.eclipse.core.internal.registry.ExtensionRegistry.createExecutableExtension(ExtensionRegistry.java:920)
	at org.eclipse.core.internal.registry.ConfigurationElement.createExecutableExtension(ConfigurationElement.java:246)
	at org.eclipse.core.internal.registry.ConfigurationElementHandle.createExecutableExtension(ConfigurationElementHandle.java:63)
	at org.eclipse.lsp4e.LanguageServersRegistry$ExtensionLanguageServerDefinition.createConnectionProvider(LanguageServersRegistry.java:161)
	at org.eclipse.lsp4e.LanguageServerWrapper.lambda$0(LanguageServerWrapper.java:233)
	at java.base/java.util.concurrent.CompletableFuture$AsyncSupply.run(CompletableFuture.java:1768)
	at java.base/java.util.concurrent.CompletableFuture$AsyncSupply.exec(CompletableFuture.java:1760)
	at java.base/java.util.concurrent.ForkJoinTask.doExec(ForkJoinTask.java:373)
	at java.base/java.util.concurrent.ForkJoinPool$WorkQueue.topLevelExec(ForkJoinPool.java:1182)
	at java.base/java.util.concurrent.ForkJoinPool.scan(ForkJoinPool.java:1655)
	at java.base/java.util.concurrent.ForkJoinPool.runWorker(ForkJoinPool.java:1622)
	at java.base/java.util.concurrent.ForkJoinWorkerThread.run(ForkJoinWorkerThread.java:165)
Caused by: java.lang.reflect.InvocationTargetException
	at java.base/jdk.internal.reflect.NativeConstructorAccessorImpl.newInstance0(Native Method)
	at java.base/jdk.internal.reflect.NativeConstructorAccessorImpl.newInstance(NativeConstructorAccessorImpl.java:77)
	at java.base/jdk.internal.reflect.DelegatingConstructorAccessorImpl.newInstance(DelegatingConstructorAccessorImpl.java:45)
	at java.base/java.lang.reflect.Constructor.newInstanceWithCaller(Constructor.java:499)
	at java.base/java.lang.reflect.Constructor.newInstance(Constructor.java:480)
	at org.eclipse.core.internal.registry.osgi.RegistryStrategyOSGI.createExecutableExtension(RegistryStrategyOSGI.java:204)
	... 12 more
Caused by: java.lang.NullPointerException: Cannot invoke "java.io.File.getAbsolutePath()" because the return value of "org.eclipse.wildwebdeveloper.embedder.node.NodeJSManager.getNodeJsLocation()" is null
	at org.eclipse.wildwebdeveloper.html.HTMLLanguageServer.<init>(HTMLLanguageServer.java:40)
	... 18 more
!SUBENTRY 1 org.eclipse.equinox.registry 4 1 2025-02-15 22:09:07.846
!MESSAGE プラグイン "org.eclipse.wildwebdeveloper" は、クラス "org.eclipse.wildwebdeveloper.html.HTMLLanguageServer" をインスタンス化できませんでした。
!STACK 0
java.lang.reflect.InvocationTargetException
	at java.base/jdk.internal.reflect.NativeConstructorAccessorImpl.newInstance0(Native Method)
	at java.base/jdk.internal.reflect.NativeConstructorAccessorImpl.newInstance(NativeConstructorAccessorImpl.java:77)
	at java.base/jdk.internal.reflect.DelegatingConstructorAccessorImpl.newInstance(DelegatingConstructorAccessorImpl.java:45)
	at java.base/java.lang.reflect.Constructor.newInstanceWithCaller(Constructor.java:499)
	at java.base/java.lang.reflect.Constructor.newInstance(Constructor.java:480)
	at org.eclipse.core.internal.registry.osgi.RegistryStrategyOSGI.createExecutableExtension(RegistryStrategyOSGI.java:204)
	at org.eclipse.core.internal.registry.ExtensionRegistry.createExecutableExtension(ExtensionRegistry.java:920)
	at org.eclipse.core.internal.registry.ConfigurationElement.createExecutableExtension(ConfigurationElement.java:246)
	at org.eclipse.core.internal.registry.ConfigurationElementHandle.createExecutableExtension(ConfigurationElementHandle.java:63)
	at org.eclipse.lsp4e.LanguageServersRegistry$ExtensionLanguageServerDefinition.createConnectionProvider(LanguageServersRegistry.java:161)
	at org.eclipse.lsp4e.LanguageServerWrapper.lambda$0(LanguageServerWrapper.java:233)
	at java.base/java.util.concurrent.CompletableFuture$AsyncSupply.run(CompletableFuture.java:1768)
	at java.base/java.util.concurrent.CompletableFuture$AsyncSupply.exec(CompletableFuture.java:1760)
	at java.base/java.util.concurrent.ForkJoinTask.doExec(ForkJoinTask.java:373)
	at java.base/java.util.concurrent.ForkJoinPool$WorkQueue.topLevelExec(ForkJoinPool.java:1182)
	at java.base/java.util.concurrent.ForkJoinPool.scan(ForkJoinPool.java:1655)
	at java.base/java.util.concurrent.ForkJoinPool.runWorker(ForkJoinPool.java:1622)
	at java.base/java.util.concurrent.ForkJoinWorkerThread.run(ForkJoinWorkerThread.java:165)
Caused by: java.lang.NullPointerException: Cannot invoke "java.io.File.getAbsolutePath()" because the return value of "org.eclipse.wildwebdeveloper.embedder.node.NodeJSManager.getNodeJsLocation()" is null
	at org.eclipse.wildwebdeveloper.html.HTMLLanguageServer.<init>(HTMLLanguageServer.java:40)
	... 18 more
Root exception:
java.lang.NullPointerException: Cannot invoke "java.io.File.getAbsolutePath()" because the return value of "org.eclipse.wildwebdeveloper.embedder.node.NodeJSManager.getNodeJsLocation()" is null
	at org.eclipse.wildwebdeveloper.html.HTMLLanguageServer.<init>(HTMLLanguageServer.java:40)
	at java.base/jdk.internal.reflect.NativeConstructorAccessorImpl.newInstance0(Native Method)
	at java.base/jdk.internal.reflect.NativeConstructorAccessorImpl.newInstance(NativeConstructorAccessorImpl.java:77)
	at java.base/jdk.internal.reflect.DelegatingConstructorAccessorImpl.newInstance(DelegatingConstructorAccessorImpl.java:45)
	at java.base/java.lang.reflect.Constructor.newInstanceWithCaller(Constructor.java:499)
	at java.base/java.lang.reflect.Constructor.newInstance(Constructor.java:480)
	at org.eclipse.core.internal.registry.osgi.RegistryStrategyOSGI.createExecutableExtension(RegistryStrategyOSGI.java:204)
	at org.eclipse.core.internal.registry.ExtensionRegistry.createExecutableExtension(ExtensionRegistry.java:920)
	at org.eclipse.core.internal.registry.ConfigurationElement.createExecutableExtension(ConfigurationElement.java:246)
	at org.eclipse.core.internal.registry.ConfigurationElementHandle.createExecutableExtension(ConfigurationElementHandle.java:63)
	at org.eclipse.lsp4e.LanguageServersRegistry$ExtensionLanguageServerDefinition.createConnectionProvider(LanguageServersRegistry.java:161)
	at org.eclipse.lsp4e.LanguageServerWrapper.lambda$0(LanguageServerWrapper.java:233)
	at java.base/java.util.concurrent.CompletableFuture$AsyncSupply.run(CompletableFuture.java:1768)
	at java.base/java.util.concurrent.CompletableFuture$AsyncSupply.exec(CompletableFuture.java:1760)
	at java.base/java.util.concurrent.ForkJoinTask.doExec(ForkJoinTask.java:373)
	at java.base/java.util.concurrent.ForkJoinPool$WorkQueue.topLevelExec(ForkJoinPool.java:1182)
	at java.base/java.util.concurrent.ForkJoinPool.scan(ForkJoinPool.java:1655)
	at java.base/java.util.concurrent.ForkJoinPool.runWorker(ForkJoinPool.java:1622)
	at java.base/java.util.concurrent.ForkJoinWorkerThread.run(ForkJoinWorkerThread.java:165)

!ENTRY org.eclipse.lsp4e 4 0 2025-02-15 22:09:07.847
!MESSAGE Exception occurred while creating an instance of the stream connection provider
!STACK 0
java.lang.RuntimeException: Exception occurred while creating an instance of the stream connection provider
	at org.eclipse.lsp4e.LanguageServersRegistry$ExtensionLanguageServerDefinition.createConnectionProvider(LanguageServersRegistry.java:164)
	at org.eclipse.lsp4e.LanguageServerWrapper.lambda$0(LanguageServerWrapper.java:233)
	at java.base/java.util.concurrent.CompletableFuture$AsyncSupply.run(CompletableFuture.java:1768)
	at java.base/java.util.concurrent.CompletableFuture$AsyncSupply.exec(CompletableFuture.java:1760)
	at java.base/java.util.concurrent.ForkJoinTask.doExec(ForkJoinTask.java:373)
	at java.base/java.util.concurrent.ForkJoinPool$WorkQueue.topLevelExec(ForkJoinPool.java:1182)
	at java.base/java.util.concurrent.ForkJoinPool.scan(ForkJoinPool.java:1655)
	at java.base/java.util.concurrent.ForkJoinPool.runWorker(ForkJoinPool.java:1622)
	at java.base/java.util.concurrent.ForkJoinWorkerThread.run(ForkJoinWorkerThread.java:165)
Caused by: org.eclipse.core.runtime.CoreException: プラグイン "org.eclipse.wildwebdeveloper" は、クラス "org.eclipse.wildwebdeveloper.html.HTMLLanguageServer" をインスタンス化できませんでした。
	at org.eclipse.core.internal.registry.osgi.RegistryStrategyOSGI.throwException(RegistryStrategyOSGI.java:212)
	at org.eclipse.core.internal.registry.osgi.RegistryStrategyOSGI.createExecutableExtension(RegistryStrategyOSGI.java:206)
	at org.eclipse.core.internal.registry.ExtensionRegistry.createExecutableExtension(ExtensionRegistry.java:920)
	at org.eclipse.core.internal.registry.ConfigurationElement.createExecutableExtension(ConfigurationElement.java:246)
	at org.eclipse.core.internal.registry.ConfigurationElementHandle.createExecutableExtension(ConfigurationElementHandle.java:63)
	at org.eclipse.lsp4e.LanguageServersRegistry$ExtensionLanguageServerDefinition.createConnectionProvider(LanguageServersRegistry.java:161)
	... 8 more
Caused by: java.lang.reflect.InvocationTargetException
	at java.base/jdk.internal.reflect.NativeConstructorAccessorImpl.newInstance0(Native Method)
	at java.base/jdk.internal.reflect.NativeConstructorAccessorImpl.newInstance(NativeConstructorAccessorImpl.java:77)
	at java.base/jdk.internal.reflect.DelegatingConstructorAccessorImpl.newInstance(DelegatingConstructorAccessorImpl.java:45)
	at java.base/java.lang.reflect.Constructor.newInstanceWithCaller(Constructor.java:499)
	at java.base/java.lang.reflect.Constructor.newInstance(Constructor.java:480)
	at org.eclipse.core.internal.registry.osgi.RegistryStrategyOSGI.createExecutableExtension(RegistryStrategyOSGI.java:204)
	... 12 more
Caused by: java.lang.NullPointerException: Cannot invoke "java.io.File.getAbsolutePath()" because the return value of "org.eclipse.wildwebdeveloper.embedder.node.NodeJSManager.getNodeJsLocation()" is null
	at org.eclipse.wildwebdeveloper.html.HTMLLanguageServer.<init>(HTMLLanguageServer.java:40)
	... 18 more

!ENTRY org.eclipse.lsp4e 4 0 2025-02-15 22:09:07.848
!MESSAGE プラグイン "org.eclipse.wildwebdeveloper" は、クラス "org.eclipse.wildwebdeveloper.angular.AngularLanguageServer" をインスタンス化できませんでした。
!STACK 1
org.eclipse.core.runtime.CoreException: プラグイン "org.eclipse.wildwebdeveloper" は、クラス "org.eclipse.wildwebdeveloper.angular.AngularLanguageServer" をインスタンス化できませんでした。
	at org.eclipse.core.internal.registry.osgi.RegistryStrategyOSGI.throwException(RegistryStrategyOSGI.java:212)
	at org.eclipse.core.internal.registry.osgi.RegistryStrategyOSGI.createExecutableExtension(RegistryStrategyOSGI.java:206)
	at org.eclipse.core.internal.registry.ExtensionRegistry.createExecutableExtension(ExtensionRegistry.java:920)
	at org.eclipse.core.internal.registry.ConfigurationElement.createExecutableExtension(ConfigurationElement.java:246)
	at org.eclipse.core.internal.registry.ConfigurationElementHandle.createExecutableExtension(ConfigurationElementHandle.java:63)
	at org.eclipse.lsp4e.LanguageServersRegistry$ExtensionLanguageServerDefinition.createConnectionProvider(LanguageServersRegistry.java:161)
	at org.eclipse.lsp4e.LanguageServerWrapper.lambda$0(LanguageServerWrapper.java:233)
	at java.base/java.util.concurrent.CompletableFuture$AsyncSupply.run(CompletableFuture.java:1768)
	at java.base/java.util.concurrent.CompletableFuture$AsyncSupply.exec(CompletableFuture.java:1760)
	at java.base/java.util.concurrent.ForkJoinTask.doExec(ForkJoinTask.java:373)
	at java.base/java.util.concurrent.ForkJoinPool$WorkQueue.topLevelExec(ForkJoinPool.java:1182)
	at java.base/java.util.concurrent.ForkJoinPool.scan(ForkJoinPool.java:1655)
	at java.base/java.util.concurrent.ForkJoinPool.runWorker(ForkJoinPool.java:1622)
	at java.base/java.util.concurrent.ForkJoinWorkerThread.run(ForkJoinWorkerThread.java:165)
Caused by: java.lang.reflect.InvocationTargetException
	at java.base/jdk.internal.reflect.NativeConstructorAccessorImpl.newInstance0(Native Method)
	at java.base/jdk.internal.reflect.NativeConstructorAccessorImpl.newInstance(NativeConstructorAccessorImpl.java:77)
	at java.base/jdk.internal.reflect.DelegatingConstructorAccessorImpl.newInstance(DelegatingConstructorAccessorImpl.java:45)
	at java.base/java.lang.reflect.Constructor.newInstanceWithCaller(Constructor.java:499)
	at java.base/java.lang.reflect.Constructor.newInstance(Constructor.java:480)
	at org.eclipse.core.internal.registry.osgi.RegistryStrategyOSGI.createExecutableExtension(RegistryStrategyOSGI.java:204)
	... 12 more
Caused by: java.lang.NullPointerException: Cannot invoke "java.io.File.getAbsolutePath()" because the return value of "org.eclipse.wildwebdeveloper.embedder.node.NodeJSManager.getNodeJsLocation()" is null
	at org.eclipse.wildwebdeveloper.angular.AngularLanguageServer.<init>(AngularLanguageServer.java:43)
	... 18 more
!SUBENTRY 1 org.eclipse.equinox.registry 4 1 2025-02-15 22:09:07.848
!MESSAGE プラグイン "org.eclipse.wildwebdeveloper" は、クラス "org.eclipse.wildwebdeveloper.angular.AngularLanguageServer" をインスタンス化できませんでした。
!STACK 0
java.lang.reflect.InvocationTargetException
	at java.base/jdk.internal.reflect.NativeConstructorAccessorImpl.newInstance0(Native Method)
	at java.base/jdk.internal.reflect.NativeConstructorAccessorImpl.newInstance(NativeConstructorAccessorImpl.java:77)
	at java.base/jdk.internal.reflect.DelegatingConstructorAccessorImpl.newInstance(DelegatingConstructorAccessorImpl.java:45)
	at java.base/java.lang.reflect.Constructor.newInstanceWithCaller(Constructor.java:499)
	at java.base/java.lang.reflect.Constructor.newInstance(Constructor.java:480)
	at org.eclipse.core.internal.registry.osgi.RegistryStrategyOSGI.createExecutableExtension(RegistryStrategyOSGI.java:204)
	at org.eclipse.core.internal.registry.ExtensionRegistry.createExecutableExtension(ExtensionRegistry.java:920)
	at org.eclipse.core.internal.registry.ConfigurationElement.createExecutableExtension(ConfigurationElement.java:246)
	at org.eclipse.core.internal.registry.ConfigurationElementHandle.createExecutableExtension(ConfigurationElementHandle.java:63)
	at org.eclipse.lsp4e.LanguageServersRegistry$ExtensionLanguageServerDefinition.createConnectionProvider(LanguageServersRegistry.java:161)
	at org.eclipse.lsp4e.LanguageServerWrapper.lambda$0(LanguageServerWrapper.java:233)
	at java.base/java.util.concurrent.CompletableFuture$AsyncSupply.run(CompletableFuture.java:1768)
	at java.base/java.util.concurrent.CompletableFuture$AsyncSupply.exec(CompletableFuture.java:1760)
	at java.base/java.util.concurrent.ForkJoinTask.doExec(ForkJoinTask.java:373)
	at java.base/java.util.concurrent.ForkJoinPool$WorkQueue.topLevelExec(ForkJoinPool.java:1182)
	at java.base/java.util.concurrent.ForkJoinPool.scan(ForkJoinPool.java:1655)
	at java.base/java.util.concurrent.ForkJoinPool.runWorker(ForkJoinPool.java:1622)
	at java.base/java.util.concurrent.ForkJoinWorkerThread.run(ForkJoinWorkerThread.java:165)
Caused by: java.lang.NullPointerException: Cannot invoke "java.io.File.getAbsolutePath()" because the return value of "org.eclipse.wildwebdeveloper.embedder.node.NodeJSManager.getNodeJsLocation()" is null
	at org.eclipse.wildwebdeveloper.angular.AngularLanguageServer.<init>(AngularLanguageServer.java:43)
	... 18 more
Root exception:
java.lang.NullPointerException: Cannot invoke "java.io.File.getAbsolutePath()" because the return value of "org.eclipse.wildwebdeveloper.embedder.node.NodeJSManager.getNodeJsLocation()" is null
	at org.eclipse.wildwebdeveloper.angular.AngularLanguageServer.<init>(AngularLanguageServer.java:43)
	at java.base/jdk.internal.reflect.NativeConstructorAccessorImpl.newInstance0(Native Method)
	at java.base/jdk.internal.reflect.NativeConstructorAccessorImpl.newInstance(NativeConstructorAccessorImpl.java:77)
	at java.base/jdk.internal.reflect.DelegatingConstructorAccessorImpl.newInstance(DelegatingConstructorAccessorImpl.java:45)
	at java.base/java.lang.reflect.Constructor.newInstanceWithCaller(Constructor.java:499)
	at java.base/java.lang.reflect.Constructor.newInstance(Constructor.java:480)
	at org.eclipse.core.internal.registry.osgi.RegistryStrategyOSGI.createExecutableExtension(RegistryStrategyOSGI.java:204)
	at org.eclipse.core.internal.registry.ExtensionRegistry.createExecutableExtension(ExtensionRegistry.java:920)
	at org.eclipse.core.internal.registry.ConfigurationElement.createExecutableExtension(ConfigurationElement.java:246)
	at org.eclipse.core.internal.registry.ConfigurationElementHandle.createExecutableExtension(ConfigurationElementHandle.java:63)
	at org.eclipse.lsp4e.LanguageServersRegistry$ExtensionLanguageServerDefinition.createConnectionProvider(LanguageServersRegistry.java:161)
	at org.eclipse.lsp4e.LanguageServerWrapper.lambda$0(LanguageServerWrapper.java:233)
	at java.base/java.util.concurrent.CompletableFuture$AsyncSupply.run(CompletableFuture.java:1768)
	at java.base/java.util.concurrent.CompletableFuture$AsyncSupply.exec(CompletableFuture.java:1760)
	at java.base/java.util.concurrent.ForkJoinTask.doExec(ForkJoinTask.java:373)
	at java.base/java.util.concurrent.ForkJoinPool$WorkQueue.topLevelExec(ForkJoinPool.java:1182)
	at java.base/java.util.concurrent.ForkJoinPool.scan(ForkJoinPool.java:1655)
	at java.base/java.util.concurrent.ForkJoinPool.runWorker(ForkJoinPool.java:1622)
	at java.base/java.util.concurrent.ForkJoinWorkerThread.run(ForkJoinWorkerThread.java:165)

!ENTRY org.eclipse.lsp4e 4 0 2025-02-15 22:09:07.849
!MESSAGE Cannot invoke "org.eclipse.lsp4e.server.StreamConnectionProvider.getInputStream()" because "this.lspStreamProvider" is null
!STACK 0
java.lang.NullPointerException: Cannot invoke "org.eclipse.lsp4e.server.StreamConnectionProvider.getInputStream()" because "this.lspStreamProvider" is null
	at org.eclipse.lsp4e.LanguageServerWrapper.lambda$1(LanguageServerWrapper.java:284)
	at java.base/java.util.concurrent.CompletableFuture$UniApply.tryFire(CompletableFuture.java:646)
	at java.base/java.util.concurrent.CompletableFuture.postComplete(CompletableFuture.java:510)
	at java.base/java.util.concurrent.CompletableFuture$AsyncSupply.run(CompletableFuture.java:1773)
	at java.base/java.util.concurrent.CompletableFuture$AsyncSupply.exec(CompletableFuture.java:1760)
	at java.base/java.util.concurrent.ForkJoinTask.doExec(ForkJoinTask.java:373)
	at java.base/java.util.concurrent.ForkJoinPool$WorkQueue.topLevelExec(ForkJoinPool.java:1182)
	at java.base/java.util.concurrent.ForkJoinPool.scan(ForkJoinPool.java:1655)
	at java.base/java.util.concurrent.ForkJoinPool.runWorker(ForkJoinPool.java:1622)
	at java.base/java.util.concurrent.ForkJoinWorkerThread.run(ForkJoinWorkerThread.java:165)

!ENTRY org.eclipse.lsp4e 4 0 2025-02-15 22:09:07.849
!MESSAGE Exception occurred while creating an instance of the stream connection provider
!STACK 0
java.lang.RuntimeException: Exception occurred while creating an instance of the stream connection provider
	at org.eclipse.lsp4e.LanguageServersRegistry$ExtensionLanguageServerDefinition.createConnectionProvider(LanguageServersRegistry.java:164)
	at org.eclipse.lsp4e.LanguageServerWrapper.lambda$0(LanguageServerWrapper.java:233)
	at java.base/java.util.concurrent.CompletableFuture$AsyncSupply.run(CompletableFuture.java:1768)
	at java.base/java.util.concurrent.CompletableFuture$AsyncSupply.exec(CompletableFuture.java:1760)
	at java.base/java.util.concurrent.ForkJoinTask.doExec(ForkJoinTask.java:373)
	at java.base/java.util.concurrent.ForkJoinPool$WorkQueue.topLevelExec(ForkJoinPool.java:1182)
	at java.base/java.util.concurrent.ForkJoinPool.scan(ForkJoinPool.java:1655)
	at java.base/java.util.concurrent.ForkJoinPool.runWorker(ForkJoinPool.java:1622)
	at java.base/java.util.concurrent.ForkJoinWorkerThread.run(ForkJoinWorkerThread.java:165)
Caused by: org.eclipse.core.runtime.CoreException: プラグイン "org.eclipse.wildwebdeveloper" は、クラス "org.eclipse.wildwebdeveloper.angular.AngularLanguageServer" をインスタンス化できませんでした。
	at org.eclipse.core.internal.registry.osgi.RegistryStrategyOSGI.throwException(RegistryStrategyOSGI.java:212)
	at org.eclipse.core.internal.registry.osgi.RegistryStrategyOSGI.createExecutableExtension(RegistryStrategyOSGI.java:206)
	at org.eclipse.core.internal.registry.ExtensionRegistry.createExecutableExtension(ExtensionRegistry.java:920)
	at org.eclipse.core.internal.registry.ConfigurationElement.createExecutableExtension(ConfigurationElement.java:246)
	at org.eclipse.core.internal.registry.ConfigurationElementHandle.createExecutableExtension(ConfigurationElementHandle.java:63)
	at org.eclipse.lsp4e.LanguageServersRegistry$ExtensionLanguageServerDefinition.createConnectionProvider(LanguageServersRegistry.java:161)
	... 8 more
Caused by: java.lang.reflect.InvocationTargetException
	at java.base/jdk.internal.reflect.NativeConstructorAccessorImpl.newInstance0(Native Method)
	at java.base/jdk.internal.reflect.NativeConstructorAccessorImpl.newInstance(NativeConstructorAccessorImpl.java:77)
	at java.base/jdk.internal.reflect.DelegatingConstructorAccessorImpl.newInstance(DelegatingConstructorAccessorImpl.java:45)
	at java.base/java.lang.reflect.Constructor.newInstanceWithCaller(Constructor.java:499)
	at java.base/java.lang.reflect.Constructor.newInstance(Constructor.java:480)
	at org.eclipse.core.internal.registry.osgi.RegistryStrategyOSGI.createExecutableExtension(RegistryStrategyOSGI.java:204)
	... 12 more
Caused by: java.lang.NullPointerException: Cannot invoke "java.io.File.getAbsolutePath()" because the return value of "org.eclipse.wildwebdeveloper.embedder.node.NodeJSManager.getNodeJsLocation()" is null
	at org.eclipse.wildwebdeveloper.angular.AngularLanguageServer.<init>(AngularLanguageServer.java:43)
	... 18 more

!ENTRY org.eclipse.lsp4e 4 0 2025-02-15 22:09:07.851
!MESSAGE Cannot invoke "org.eclipse.lsp4e.server.StreamConnectionProvider.getInputStream()" because "this.lspStreamProvider" is null
!STACK 0
java.lang.NullPointerException: Cannot invoke "org.eclipse.lsp4e.server.StreamConnectionProvider.getInputStream()" because "this.lspStreamProvider" is null
	at org.eclipse.lsp4e.LanguageServerWrapper.lambda$1(LanguageServerWrapper.java:284)
	at java.base/java.util.concurrent.CompletableFuture$UniApply.tryFire(CompletableFuture.java:646)
	at java.base/java.util.concurrent.CompletableFuture.postComplete(CompletableFuture.java:510)
	at java.base/java.util.concurrent.CompletableFuture$AsyncSupply.run(CompletableFuture.java:1773)
	at java.base/java.util.concurrent.CompletableFuture$AsyncSupply.exec(CompletableFuture.java:1760)
	at java.base/java.util.concurrent.ForkJoinTask.doExec(ForkJoinTask.java:373)
	at java.base/java.util.concurrent.ForkJoinPool$WorkQueue.topLevelExec(ForkJoinPool.java:1182)
	at java.base/java.util.concurrent.ForkJoinPool.scan(ForkJoinPool.java:1655)
	at java.base/java.util.concurrent.ForkJoinPool.runWorker(ForkJoinPool.java:1622)
	at java.base/java.util.concurrent.ForkJoinWorkerThread.run(ForkJoinWorkerThread.java:165)

!ENTRY org.eclipse.lsp4e 4 0 2025-02-15 22:09:07.953
!MESSAGE プラグイン "org.eclipse.wildwebdeveloper" は、クラス "org.eclipse.wildwebdeveloper.html.HTMLLanguageServer" をインスタンス化できませんでした。
!STACK 1
org.eclipse.core.runtime.CoreException: プラグイン "org.eclipse.wildwebdeveloper" は、クラス "org.eclipse.wildwebdeveloper.html.HTMLLanguageServer" をインスタンス化できませんでした。
	at org.eclipse.core.internal.registry.osgi.RegistryStrategyOSGI.throwException(RegistryStrategyOSGI.java:212)
	at org.eclipse.core.internal.registry.osgi.RegistryStrategyOSGI.createExecutableExtension(RegistryStrategyOSGI.java:206)
	at org.eclipse.core.internal.registry.ExtensionRegistry.createExecutableExtension(ExtensionRegistry.java:920)
	at org.eclipse.core.internal.registry.ConfigurationElement.createExecutableExtension(ConfigurationElement.java:246)
	at org.eclipse.core.internal.registry.ConfigurationElementHandle.createExecutableExtension(ConfigurationElementHandle.java:63)
	at org.eclipse.lsp4e.LanguageServersRegistry$ExtensionLanguageServerDefinition.createConnectionProvider(LanguageServersRegistry.java:161)
	at org.eclipse.lsp4e.LanguageServerWrapper.lambda$0(LanguageServerWrapper.java:233)
	at java.base/java.util.concurrent.CompletableFuture$AsyncSupply.run(CompletableFuture.java:1768)
	at java.base/java.util.concurrent.CompletableFuture$AsyncSupply.exec(CompletableFuture.java:1760)
	at java.base/java.util.concurrent.ForkJoinTask.doExec(ForkJoinTask.java:373)
	at java.base/java.util.concurrent.ForkJoinPool$WorkQueue.topLevelExec(ForkJoinPool.java:1182)
	at java.base/java.util.concurrent.ForkJoinPool.scan(ForkJoinPool.java:1655)
	at java.base/java.util.concurrent.ForkJoinPool.runWorker(ForkJoinPool.java:1622)
	at java.base/java.util.concurrent.ForkJoinWorkerThread.run(ForkJoinWorkerThread.java:165)
Caused by: java.lang.reflect.InvocationTargetException
	at java.base/jdk.internal.reflect.NativeConstructorAccessorImpl.newInstance0(Native Method)
	at java.base/jdk.internal.reflect.NativeConstructorAccessorImpl.newInstance(NativeConstructorAccessorImpl.java:77)
	at java.base/jdk.internal.reflect.DelegatingConstructorAccessorImpl.newInstance(DelegatingConstructorAccessorImpl.java:45)
	at java.base/java.lang.reflect.Constructor.newInstanceWithCaller(Constructor.java:499)
	at java.base/java.lang.reflect.Constructor.newInstance(Constructor.java:480)
	at org.eclipse.core.internal.registry.osgi.RegistryStrategyOSGI.createExecutableExtension(RegistryStrategyOSGI.java:204)
	... 12 more
Caused by: java.lang.NullPointerException: Cannot invoke "java.io.File.getAbsolutePath()" because the return value of "org.eclipse.wildwebdeveloper.embedder.node.NodeJSManager.getNodeJsLocation()" is null
	at org.eclipse.wildwebdeveloper.html.HTMLLanguageServer.<init>(HTMLLanguageServer.java:40)
	... 18 more
!SUBENTRY 1 org.eclipse.equinox.registry 4 1 2025-02-15 22:09:07.953
!MESSAGE プラグイン "org.eclipse.wildwebdeveloper" は、クラス "org.eclipse.wildwebdeveloper.html.HTMLLanguageServer" をインスタンス化できませんでした。
!STACK 0
java.lang.reflect.InvocationTargetException
	at java.base/jdk.internal.reflect.NativeConstructorAccessorImpl.newInstance0(Native Method)
	at java.base/jdk.internal.reflect.NativeConstructorAccessorImpl.newInstance(NativeConstructorAccessorImpl.java:77)
	at java.base/jdk.internal.reflect.DelegatingConstructorAccessorImpl.newInstance(DelegatingConstructorAccessorImpl.java:45)
	at java.base/java.lang.reflect.Constructor.newInstanceWithCaller(Constructor.java:499)
	at java.base/java.lang.reflect.Constructor.newInstance(Constructor.java:480)
	at org.eclipse.core.internal.registry.osgi.RegistryStrategyOSGI.createExecutableExtension(RegistryStrategyOSGI.java:204)
	at org.eclipse.core.internal.registry.ExtensionRegistry.createExecutableExtension(ExtensionRegistry.java:920)
	at org.eclipse.core.internal.registry.ConfigurationElement.createExecutableExtension(ConfigurationElement.java:246)
	at org.eclipse.core.internal.registry.ConfigurationElementHandle.createExecutableExtension(ConfigurationElementHandle.java:63)
	at org.eclipse.lsp4e.LanguageServersRegistry$ExtensionLanguageServerDefinition.createConnectionProvider(LanguageServersRegistry.java:161)
	at org.eclipse.lsp4e.LanguageServerWrapper.lambda$0(LanguageServerWrapper.java:233)
	at java.base/java.util.concurrent.CompletableFuture$AsyncSupply.run(CompletableFuture.java:1768)
	at java.base/java.util.concurrent.CompletableFuture$AsyncSupply.exec(CompletableFuture.java:1760)
	at java.base/java.util.concurrent.ForkJoinTask.doExec(ForkJoinTask.java:373)
	at java.base/java.util.concurrent.ForkJoinPool$WorkQueue.topLevelExec(ForkJoinPool.java:1182)
	at java.base/java.util.concurrent.ForkJoinPool.scan(ForkJoinPool.java:1655)
	at java.base/java.util.concurrent.ForkJoinPool.runWorker(ForkJoinPool.java:1622)
	at java.base/java.util.concurrent.ForkJoinWorkerThread.run(ForkJoinWorkerThread.java:165)
Caused by: java.lang.NullPointerException: Cannot invoke "java.io.File.getAbsolutePath()" because the return value of "org.eclipse.wildwebdeveloper.embedder.node.NodeJSManager.getNodeJsLocation()" is null
	at org.eclipse.wildwebdeveloper.html.HTMLLanguageServer.<init>(HTMLLanguageServer.java:40)
	... 18 more
Root exception:
java.lang.NullPointerException: Cannot invoke "java.io.File.getAbsolutePath()" because the return value of "org.eclipse.wildwebdeveloper.embedder.node.NodeJSManager.getNodeJsLocation()" is null
	at org.eclipse.wildwebdeveloper.html.HTMLLanguageServer.<init>(HTMLLanguageServer.java:40)
	at java.base/jdk.internal.reflect.NativeConstructorAccessorImpl.newInstance0(Native Method)
	at java.base/jdk.internal.reflect.NativeConstructorAccessorImpl.newInstance(NativeConstructorAccessorImpl.java:77)
	at java.base/jdk.internal.reflect.DelegatingConstructorAccessorImpl.newInstance(DelegatingConstructorAccessorImpl.java:45)
	at java.base/java.lang.reflect.Constructor.newInstanceWithCaller(Constructor.java:499)
	at java.base/java.lang.reflect.Constructor.newInstance(Constructor.java:480)
	at org.eclipse.core.internal.registry.osgi.RegistryStrategyOSGI.createExecutableExtension(RegistryStrategyOSGI.java:204)
	at org.eclipse.core.internal.registry.ExtensionRegistry.createExecutableExtension(ExtensionRegistry.java:920)
	at org.eclipse.core.internal.registry.ConfigurationElement.createExecutableExtension(ConfigurationElement.java:246)
	at org.eclipse.core.internal.registry.ConfigurationElementHandle.createExecutableExtension(ConfigurationElementHandle.java:63)
	at org.eclipse.lsp4e.LanguageServersRegistry$ExtensionLanguageServerDefinition.createConnectionProvider(LanguageServersRegistry.java:161)
	at org.eclipse.lsp4e.LanguageServerWrapper.lambda$0(LanguageServerWrapper.java:233)
	at java.base/java.util.concurrent.CompletableFuture$AsyncSupply.run(CompletableFuture.java:1768)
	at java.base/java.util.concurrent.CompletableFuture$AsyncSupply.exec(CompletableFuture.java:1760)
	at java.base/java.util.concurrent.ForkJoinTask.doExec(ForkJoinTask.java:373)
	at java.base/java.util.concurrent.ForkJoinPool$WorkQueue.topLevelExec(ForkJoinPool.java:1182)
	at java.base/java.util.concurrent.ForkJoinPool.scan(ForkJoinPool.java:1655)
	at java.base/java.util.concurrent.ForkJoinPool.runWorker(ForkJoinPool.java:1622)
	at java.base/java.util.concurrent.ForkJoinWorkerThread.run(ForkJoinWorkerThread.java:165)

!ENTRY org.eclipse.lsp4e 4 0 2025-02-15 22:09:07.954
!MESSAGE Exception occurred while creating an instance of the stream connection provider
!STACK 0
java.lang.RuntimeException: Exception occurred while creating an instance of the stream connection provider
	at org.eclipse.lsp4e.LanguageServersRegistry$ExtensionLanguageServerDefinition.createConnectionProvider(LanguageServersRegistry.java:164)
	at org.eclipse.lsp4e.LanguageServerWrapper.lambda$0(LanguageServerWrapper.java:233)
	at java.base/java.util.concurrent.CompletableFuture$AsyncSupply.run(CompletableFuture.java:1768)
	at java.base/java.util.concurrent.CompletableFuture$AsyncSupply.exec(CompletableFuture.java:1760)
	at java.base/java.util.concurrent.ForkJoinTask.doExec(ForkJoinTask.java:373)
	at java.base/java.util.concurrent.ForkJoinPool$WorkQueue.topLevelExec(ForkJoinPool.java:1182)
	at java.base/java.util.concurrent.ForkJoinPool.scan(ForkJoinPool.java:1655)
	at java.base/java.util.concurrent.ForkJoinPool.runWorker(ForkJoinPool.java:1622)
	at java.base/java.util.concurrent.ForkJoinWorkerThread.run(ForkJoinWorkerThread.java:165)
Caused by: org.eclipse.core.runtime.CoreException: プラグイン "org.eclipse.wildwebdeveloper" は、クラス "org.eclipse.wildwebdeveloper.html.HTMLLanguageServer" をインスタンス化できませんでした。
	at org.eclipse.core.internal.registry.osgi.RegistryStrategyOSGI.throwException(RegistryStrategyOSGI.java:212)
	at org.eclipse.core.internal.registry.osgi.RegistryStrategyOSGI.createExecutableExtension(RegistryStrategyOSGI.java:206)
	at org.eclipse.core.internal.registry.ExtensionRegistry.createExecutableExtension(ExtensionRegistry.java:920)
	at org.eclipse.core.internal.registry.ConfigurationElement.createExecutableExtension(ConfigurationElement.java:246)
	at org.eclipse.core.internal.registry.ConfigurationElementHandle.createExecutableExtension(ConfigurationElementHandle.java:63)
	at org.eclipse.lsp4e.LanguageServersRegistry$ExtensionLanguageServerDefinition.createConnectionProvider(LanguageServersRegistry.java:161)
	... 8 more
Caused by: java.lang.reflect.InvocationTargetException
	at java.base/jdk.internal.reflect.NativeConstructorAccessorImpl.newInstance0(Native Method)
	at java.base/jdk.internal.reflect.NativeConstructorAccessorImpl.newInstance(NativeConstructorAccessorImpl.java:77)
	at java.base/jdk.internal.reflect.DelegatingConstructorAccessorImpl.newInstance(DelegatingConstructorAccessorImpl.java:45)
	at java.base/java.lang.reflect.Constructor.newInstanceWithCaller(Constructor.java:499)
	at java.base/java.lang.reflect.Constructor.newInstance(Constructor.java:480)
	at org.eclipse.core.internal.registry.osgi.RegistryStrategyOSGI.createExecutableExtension(RegistryStrategyOSGI.java:204)
	... 12 more
Caused by: java.lang.NullPointerException: Cannot invoke "java.io.File.getAbsolutePath()" because the return value of "org.eclipse.wildwebdeveloper.embedder.node.NodeJSManager.getNodeJsLocation()" is null
	at org.eclipse.wildwebdeveloper.html.HTMLLanguageServer.<init>(HTMLLanguageServer.java:40)
	... 18 more

!ENTRY org.eclipse.lsp4e 4 0 2025-02-15 22:09:07.955
!MESSAGE Cannot invoke "org.eclipse.lsp4e.server.StreamConnectionProvider.getInputStream()" because "this.lspStreamProvider" is null
!STACK 0
java.lang.NullPointerException: Cannot invoke "org.eclipse.lsp4e.server.StreamConnectionProvider.getInputStream()" because "this.lspStreamProvider" is null
	at org.eclipse.lsp4e.LanguageServerWrapper.lambda$1(LanguageServerWrapper.java:284)
	at java.base/java.util.concurrent.CompletableFuture$UniApply.tryFire(CompletableFuture.java:646)
	at java.base/java.util.concurrent.CompletableFuture.postComplete(CompletableFuture.java:510)
	at java.base/java.util.concurrent.CompletableFuture$AsyncSupply.run(CompletableFuture.java:1773)
	at java.base/java.util.concurrent.CompletableFuture$AsyncSupply.exec(CompletableFuture.java:1760)
	at java.base/java.util.concurrent.ForkJoinTask.doExec(ForkJoinTask.java:373)
	at java.base/java.util.concurrent.ForkJoinPool$WorkQueue.topLevelExec(ForkJoinPool.java:1182)
	at java.base/java.util.concurrent.ForkJoinPool.scan(ForkJoinPool.java:1655)
	at java.base/java.util.concurrent.ForkJoinPool.runWorker(ForkJoinPool.java:1622)
	at java.base/java.util.concurrent.ForkJoinWorkerThread.run(ForkJoinWorkerThread.java:165)

!ENTRY org.eclipse.lsp4e 4 0 2025-02-15 22:09:07.960
!MESSAGE プラグイン "org.eclipse.wildwebdeveloper" は、クラス "org.eclipse.wildwebdeveloper.angular.AngularLanguageServer" をインスタンス化できませんでした。
!STACK 1
org.eclipse.core.runtime.CoreException: プラグイン "org.eclipse.wildwebdeveloper" は、クラス "org.eclipse.wildwebdeveloper.angular.AngularLanguageServer" をインスタンス化できませんでした。
	at org.eclipse.core.internal.registry.osgi.RegistryStrategyOSGI.throwException(RegistryStrategyOSGI.java:212)
	at org.eclipse.core.internal.registry.osgi.RegistryStrategyOSGI.createExecutableExtension(RegistryStrategyOSGI.java:206)
	at org.eclipse.core.internal.registry.ExtensionRegistry.createExecutableExtension(ExtensionRegistry.java:920)
	at org.eclipse.core.internal.registry.ConfigurationElement.createExecutableExtension(ConfigurationElement.java:246)
	at org.eclipse.core.internal.registry.ConfigurationElementHandle.createExecutableExtension(ConfigurationElementHandle.java:63)
	at org.eclipse.lsp4e.LanguageServersRegistry$ExtensionLanguageServerDefinition.createConnectionProvider(LanguageServersRegistry.java:161)
	at org.eclipse.lsp4e.LanguageServerWrapper.lambda$0(LanguageServerWrapper.java:233)
	at java.base/java.util.concurrent.CompletableFuture$AsyncSupply.run(CompletableFuture.java:1768)
	at java.base/java.util.concurrent.CompletableFuture$AsyncSupply.exec(CompletableFuture.java:1760)
	at java.base/java.util.concurrent.ForkJoinTask.doExec(ForkJoinTask.java:373)
	at java.base/java.util.concurrent.ForkJoinPool$WorkQueue.topLevelExec(ForkJoinPool.java:1182)
	at java.base/java.util.concurrent.ForkJoinPool.scan(ForkJoinPool.java:1655)
	at java.base/java.util.concurrent.ForkJoinPool.runWorker(ForkJoinPool.java:1622)
	at java.base/java.util.concurrent.ForkJoinWorkerThread.run(ForkJoinWorkerThread.java:165)
Caused by: java.lang.reflect.InvocationTargetException
	at java.base/jdk.internal.reflect.NativeConstructorAccessorImpl.newInstance0(Native Method)
	at java.base/jdk.internal.reflect.NativeConstructorAccessorImpl.newInstance(NativeConstructorAccessorImpl.java:77)
	at java.base/jdk.internal.reflect.DelegatingConstructorAccessorImpl.newInstance(DelegatingConstructorAccessorImpl.java:45)
	at java.base/java.lang.reflect.Constructor.newInstanceWithCaller(Constructor.java:499)
	at java.base/java.lang.reflect.Constructor.newInstance(Constructor.java:480)
	at org.eclipse.core.internal.registry.osgi.RegistryStrategyOSGI.createExecutableExtension(RegistryStrategyOSGI.java:204)
	... 12 more
Caused by: java.lang.NullPointerException: Cannot invoke "java.io.File.getAbsolutePath()" because the return value of "org.eclipse.wildwebdeveloper.embedder.node.NodeJSManager.getNodeJsLocation()" is null
	at org.eclipse.wildwebdeveloper.angular.AngularLanguageServer.<init>(AngularLanguageServer.java:43)
	... 18 more
!SUBENTRY 1 org.eclipse.equinox.registry 4 1 2025-02-15 22:09:07.960
!MESSAGE プラグイン "org.eclipse.wildwebdeveloper" は、クラス "org.eclipse.wildwebdeveloper.angular.AngularLanguageServer" をインスタンス化できませんでした。
!STACK 0
java.lang.reflect.InvocationTargetException
	at java.base/jdk.internal.reflect.NativeConstructorAccessorImpl.newInstance0(Native Method)
	at java.base/jdk.internal.reflect.NativeConstructorAccessorImpl.newInstance(NativeConstructorAccessorImpl.java:77)
	at java.base/jdk.internal.reflect.DelegatingConstructorAccessorImpl.newInstance(DelegatingConstructorAccessorImpl.java:45)
	at java.base/java.lang.reflect.Constructor.newInstanceWithCaller(Constructor.java:499)
	at java.base/java.lang.reflect.Constructor.newInstance(Constructor.java:480)
	at org.eclipse.core.internal.registry.osgi.RegistryStrategyOSGI.createExecutableExtension(RegistryStrategyOSGI.java:204)
	at org.eclipse.core.internal.registry.ExtensionRegistry.createExecutableExtension(ExtensionRegistry.java:920)
	at org.eclipse.core.internal.registry.ConfigurationElement.createExecutableExtension(ConfigurationElement.java:246)
	at org.eclipse.core.internal.registry.ConfigurationElementHandle.createExecutableExtension(ConfigurationElementHandle.java:63)
	at org.eclipse.lsp4e.LanguageServersRegistry$ExtensionLanguageServerDefinition.createConnectionProvider(LanguageServersRegistry.java:161)
	at org.eclipse.lsp4e.LanguageServerWrapper.lambda$0(LanguageServerWrapper.java:233)
	at java.base/java.util.concurrent.CompletableFuture$AsyncSupply.run(CompletableFuture.java:1768)
	at java.base/java.util.concurrent.CompletableFuture$AsyncSupply.exec(CompletableFuture.java:1760)
	at java.base/java.util.concurrent.ForkJoinTask.doExec(ForkJoinTask.java:373)
	at java.base/java.util.concurrent.ForkJoinPool$WorkQueue.topLevelExec(ForkJoinPool.java:1182)
	at java.base/java.util.concurrent.ForkJoinPool.scan(ForkJoinPool.java:1655)
	at java.base/java.util.concurrent.ForkJoinPool.runWorker(ForkJoinPool.java:1622)
	at java.base/java.util.concurrent.ForkJoinWorkerThread.run(ForkJoinWorkerThread.java:165)
Caused by: java.lang.NullPointerException: Cannot invoke "java.io.File.getAbsolutePath()" because the return value of "org.eclipse.wildwebdeveloper.embedder.node.NodeJSManager.getNodeJsLocation()" is null
	at org.eclipse.wildwebdeveloper.angular.AngularLanguageServer.<init>(AngularLanguageServer.java:43)
	... 18 more
Root exception:
java.lang.NullPointerException: Cannot invoke "java.io.File.getAbsolutePath()" because the return value of "org.eclipse.wildwebdeveloper.embedder.node.NodeJSManager.getNodeJsLocation()" is null
	at org.eclipse.wildwebdeveloper.angular.AngularLanguageServer.<init>(AngularLanguageServer.java:43)
	at java.base/jdk.internal.reflect.NativeConstructorAccessorImpl.newInstance0(Native Method)
	at java.base/jdk.internal.reflect.NativeConstructorAccessorImpl.newInstance(NativeConstructorAccessorImpl.java:77)
	at java.base/jdk.internal.reflect.DelegatingConstructorAccessorImpl.newInstance(DelegatingConstructorAccessorImpl.java:45)
	at java.base/java.lang.reflect.Constructor.newInstanceWithCaller(Constructor.java:499)
	at java.base/java.lang.reflect.Constructor.newInstance(Constructor.java:480)
	at org.eclipse.core.internal.registry.osgi.RegistryStrategyOSGI.createExecutableExtension(RegistryStrategyOSGI.java:204)
	at org.eclipse.core.internal.registry.ExtensionRegistry.createExecutableExtension(ExtensionRegistry.java:920)
	at org.eclipse.core.internal.registry.ConfigurationElement.createExecutableExtension(ConfigurationElement.java:246)
	at org.eclipse.core.internal.registry.ConfigurationElementHandle.createExecutableExtension(ConfigurationElementHandle.java:63)
	at org.eclipse.lsp4e.LanguageServersRegistry$ExtensionLanguageServerDefinition.createConnectionProvider(LanguageServersRegistry.java:161)
	at org.eclipse.lsp4e.LanguageServerWrapper.lambda$0(LanguageServerWrapper.java:233)
	at java.base/java.util.concurrent.CompletableFuture$AsyncSupply.run(CompletableFuture.java:1768)
	at java.base/java.util.concurrent.CompletableFuture$AsyncSupply.exec(CompletableFuture.java:1760)
	at java.base/java.util.concurrent.ForkJoinTask.doExec(ForkJoinTask.java:373)
	at java.base/java.util.concurrent.ForkJoinPool$WorkQueue.topLevelExec(ForkJoinPool.java:1182)
	at java.base/java.util.concurrent.ForkJoinPool.scan(ForkJoinPool.java:1655)
	at java.base/java.util.concurrent.ForkJoinPool.runWorker(ForkJoinPool.java:1622)
	at java.base/java.util.concurrent.ForkJoinWorkerThread.run(ForkJoinWorkerThread.java:165)

!ENTRY org.eclipse.lsp4e 4 0 2025-02-15 22:09:07.960
!MESSAGE Exception occurred while creating an instance of the stream connection provider
!STACK 0
java.lang.RuntimeException: Exception occurred while creating an instance of the stream connection provider
	at org.eclipse.lsp4e.LanguageServersRegistry$ExtensionLanguageServerDefinition.createConnectionProvider(LanguageServersRegistry.java:164)
	at org.eclipse.lsp4e.LanguageServerWrapper.lambda$0(LanguageServerWrapper.java:233)
	at java.base/java.util.concurrent.CompletableFuture$AsyncSupply.run(CompletableFuture.java:1768)
	at java.base/java.util.concurrent.CompletableFuture$AsyncSupply.exec(CompletableFuture.java:1760)
	at java.base/java.util.concurrent.ForkJoinTask.doExec(ForkJoinTask.java:373)
	at java.base/java.util.concurrent.ForkJoinPool$WorkQueue.topLevelExec(ForkJoinPool.java:1182)
	at java.base/java.util.concurrent.ForkJoinPool.scan(ForkJoinPool.java:1655)
	at java.base/java.util.concurrent.ForkJoinPool.runWorker(ForkJoinPool.java:1622)
	at java.base/java.util.concurrent.ForkJoinWorkerThread.run(ForkJoinWorkerThread.java:165)
Caused by: org.eclipse.core.runtime.CoreException: プラグイン "org.eclipse.wildwebdeveloper" は、クラス "org.eclipse.wildwebdeveloper.angular.AngularLanguageServer" をインスタンス化できませんでした。
	at org.eclipse.core.internal.registry.osgi.RegistryStrategyOSGI.throwException(RegistryStrategyOSGI.java:212)
	at org.eclipse.core.internal.registry.osgi.RegistryStrategyOSGI.createExecutableExtension(RegistryStrategyOSGI.java:206)
	at org.eclipse.core.internal.registry.ExtensionRegistry.createExecutableExtension(ExtensionRegistry.java:920)
	at org.eclipse.core.internal.registry.ConfigurationElement.createExecutableExtension(ConfigurationElement.java:246)
	at org.eclipse.core.internal.registry.ConfigurationElementHandle.createExecutableExtension(ConfigurationElementHandle.java:63)
	at org.eclipse.lsp4e.LanguageServersRegistry$ExtensionLanguageServerDefinition.createConnectionProvider(LanguageServersRegistry.java:161)
	... 8 more
Caused by: java.lang.reflect.InvocationTargetException
	at java.base/jdk.internal.reflect.NativeConstructorAccessorImpl.newInstance0(Native Method)
	at java.base/jdk.internal.reflect.NativeConstructorAccessorImpl.newInstance(NativeConstructorAccessorImpl.java:77)
	at java.base/jdk.internal.reflect.DelegatingConstructorAccessorImpl.newInstance(DelegatingConstructorAccessorImpl.java:45)
	at java.base/java.lang.reflect.Constructor.newInstanceWithCaller(Constructor.java:499)
	at java.base/java.lang.reflect.Constructor.newInstance(Constructor.java:480)
	at org.eclipse.core.internal.registry.osgi.RegistryStrategyOSGI.createExecutableExtension(RegistryStrategyOSGI.java:204)
	... 12 more
Caused by: java.lang.NullPointerException: Cannot invoke "java.io.File.getAbsolutePath()" because the return value of "org.eclipse.wildwebdeveloper.embedder.node.NodeJSManager.getNodeJsLocation()" is null
	at org.eclipse.wildwebdeveloper.angular.AngularLanguageServer.<init>(AngularLanguageServer.java:43)
	... 18 more

!ENTRY org.eclipse.lsp4e 4 0 2025-02-15 22:09:07.961
!MESSAGE Cannot invoke "org.eclipse.lsp4e.server.StreamConnectionProvider.getInputStream()" because "this.lspStreamProvider" is null
!STACK 0
java.lang.NullPointerException: Cannot invoke "org.eclipse.lsp4e.server.StreamConnectionProvider.getInputStream()" because "this.lspStreamProvider" is null
	at org.eclipse.lsp4e.LanguageServerWrapper.lambda$1(LanguageServerWrapper.java:284)
	at java.base/java.util.concurrent.CompletableFuture$UniApply.tryFire(CompletableFuture.java:646)
	at java.base/java.util.concurrent.CompletableFuture.postComplete(CompletableFuture.java:510)
	at java.base/java.util.concurrent.CompletableFuture$AsyncSupply.run(CompletableFuture.java:1773)
	at java.base/java.util.concurrent.CompletableFuture$AsyncSupply.exec(CompletableFuture.java:1760)
	at java.base/java.util.concurrent.ForkJoinTask.doExec(ForkJoinTask.java:373)
	at java.base/java.util.concurrent.ForkJoinPool$WorkQueue.topLevelExec(ForkJoinPool.java:1182)
	at java.base/java.util.concurrent.ForkJoinPool.scan(ForkJoinPool.java:1655)
	at java.base/java.util.concurrent.ForkJoinPool.runWorker(ForkJoinPool.java:1622)
	at java.base/java.util.concurrent.ForkJoinWorkerThread.run(ForkJoinWorkerThread.java:165)

!ENTRY org.eclipse.lsp4e 4 0 2025-02-15 22:09:08.060
!MESSAGE プラグイン "org.eclipse.wildwebdeveloper" は、クラス "org.eclipse.wildwebdeveloper.angular.AngularLanguageServer" をインスタンス化できませんでした。
!STACK 1
org.eclipse.core.runtime.CoreException: プラグイン "org.eclipse.wildwebdeveloper" は、クラス "org.eclipse.wildwebdeveloper.angular.AngularLanguageServer" をインスタンス化できませんでした。
	at org.eclipse.core.internal.registry.osgi.RegistryStrategyOSGI.throwException(RegistryStrategyOSGI.java:212)
	at org.eclipse.core.internal.registry.osgi.RegistryStrategyOSGI.createExecutableExtension(RegistryStrategyOSGI.java:206)
	at org.eclipse.core.internal.registry.ExtensionRegistry.createExecutableExtension(ExtensionRegistry.java:920)
	at org.eclipse.core.internal.registry.ConfigurationElement.createExecutableExtension(ConfigurationElement.java:246)
	at org.eclipse.core.internal.registry.ConfigurationElementHandle.createExecutableExtension(ConfigurationElementHandle.java:63)
	at org.eclipse.lsp4e.LanguageServersRegistry$ExtensionLanguageServerDefinition.createConnectionProvider(LanguageServersRegistry.java:161)
	at org.eclipse.lsp4e.LanguageServerWrapper.lambda$0(LanguageServerWrapper.java:233)
	at java.base/java.util.concurrent.CompletableFuture$AsyncSupply.run(CompletableFuture.java:1768)
	at java.base/java.util.concurrent.CompletableFuture$AsyncSupply.exec(CompletableFuture.java:1760)
	at java.base/java.util.concurrent.ForkJoinTask.doExec(ForkJoinTask.java:373)
	at java.base/java.util.concurrent.ForkJoinPool$WorkQueue.topLevelExec(ForkJoinPool.java:1182)
	at java.base/java.util.concurrent.ForkJoinPool.scan(ForkJoinPool.java:1655)
	at java.base/java.util.concurrent.ForkJoinPool.runWorker(ForkJoinPool.java:1622)
	at java.base/java.util.concurrent.ForkJoinWorkerThread.run(ForkJoinWorkerThread.java:165)
Caused by: java.lang.reflect.InvocationTargetException
	at java.base/jdk.internal.reflect.NativeConstructorAccessorImpl.newInstance0(Native Method)
	at java.base/jdk.internal.reflect.NativeConstructorAccessorImpl.newInstance(NativeConstructorAccessorImpl.java:77)
	at java.base/jdk.internal.reflect.DelegatingConstructorAccessorImpl.newInstance(DelegatingConstructorAccessorImpl.java:45)
	at java.base/java.lang.reflect.Constructor.newInstanceWithCaller(Constructor.java:499)
	at java.base/java.lang.reflect.Constructor.newInstance(Constructor.java:480)
	at org.eclipse.core.internal.registry.osgi.RegistryStrategyOSGI.createExecutableExtension(RegistryStrategyOSGI.java:204)
	... 12 more
Caused by: java.lang.NullPointerException: Cannot invoke "java.io.File.getAbsolutePath()" because the return value of "org.eclipse.wildwebdeveloper.embedder.node.NodeJSManager.getNodeJsLocation()" is null
	at org.eclipse.wildwebdeveloper.angular.AngularLanguageServer.<init>(AngularLanguageServer.java:43)
	... 18 more
!SUBENTRY 1 org.eclipse.equinox.registry 4 1 2025-02-15 22:09:08.060
!MESSAGE プラグイン "org.eclipse.wildwebdeveloper" は、クラス "org.eclipse.wildwebdeveloper.angular.AngularLanguageServer" をインスタンス化できませんでした。
!STACK 0
java.lang.reflect.InvocationTargetException
	at java.base/jdk.internal.reflect.NativeConstructorAccessorImpl.newInstance0(Native Method)
	at java.base/jdk.internal.reflect.NativeConstructorAccessorImpl.newInstance(NativeConstructorAccessorImpl.java:77)
	at java.base/jdk.internal.reflect.DelegatingConstructorAccessorImpl.newInstance(DelegatingConstructorAccessorImpl.java:45)
	at java.base/java.lang.reflect.Constructor.newInstanceWithCaller(Constructor.java:499)
	at java.base/java.lang.reflect.Constructor.newInstance(Constructor.java:480)
	at org.eclipse.core.internal.registry.osgi.RegistryStrategyOSGI.createExecutableExtension(RegistryStrategyOSGI.java:204)
	at org.eclipse.core.internal.registry.ExtensionRegistry.createExecutableExtension(ExtensionRegistry.java:920)
	at org.eclipse.core.internal.registry.ConfigurationElement.createExecutableExtension(ConfigurationElement.java:246)
	at org.eclipse.core.internal.registry.ConfigurationElementHandle.createExecutableExtension(ConfigurationElementHandle.java:63)
	at org.eclipse.lsp4e.LanguageServersRegistry$ExtensionLanguageServerDefinition.createConnectionProvider(LanguageServersRegistry.java:161)
	at org.eclipse.lsp4e.LanguageServerWrapper.lambda$0(LanguageServerWrapper.java:233)
	at java.base/java.util.concurrent.CompletableFuture$AsyncSupply.run(CompletableFuture.java:1768)
	at java.base/java.util.concurrent.CompletableFuture$AsyncSupply.exec(CompletableFuture.java:1760)
	at java.base/java.util.concurrent.ForkJoinTask.doExec(ForkJoinTask.java:373)
	at java.base/java.util.concurrent.ForkJoinPool$WorkQueue.topLevelExec(ForkJoinPool.java:1182)
	at java.base/java.util.concurrent.ForkJoinPool.scan(ForkJoinPool.java:1655)
	at java.base/java.util.concurrent.ForkJoinPool.runWorker(ForkJoinPool.java:1622)
	at java.base/java.util.concurrent.ForkJoinWorkerThread.run(ForkJoinWorkerThread.java:165)
Caused by: java.lang.NullPointerException: Cannot invoke "java.io.File.getAbsolutePath()" because the return value of "org.eclipse.wildwebdeveloper.embedder.node.NodeJSManager.getNodeJsLocation()" is null
	at org.eclipse.wildwebdeveloper.angular.AngularLanguageServer.<init>(AngularLanguageServer.java:43)
	... 18 more
Root exception:
java.lang.NullPointerException: Cannot invoke "java.io.File.getAbsolutePath()" because the return value of "org.eclipse.wildwebdeveloper.embedder.node.NodeJSManager.getNodeJsLocation()" is null
	at org.eclipse.wildwebdeveloper.angular.AngularLanguageServer.<init>(AngularLanguageServer.java:43)
	at java.base/jdk.internal.reflect.NativeConstructorAccessorImpl.newInstance0(Native Method)
	at java.base/jdk.internal.reflect.NativeConstructorAccessorImpl.newInstance(NativeConstructorAccessorImpl.java:77)
	at java.base/jdk.internal.reflect.DelegatingConstructorAccessorImpl.newInstance(DelegatingConstructorAccessorImpl.java:45)
	at java.base/java.lang.reflect.Constructor.newInstanceWithCaller(Constructor.java:499)
	at java.base/java.lang.reflect.Constructor.newInstance(Constructor.java:480)
	at org.eclipse.core.internal.registry.osgi.RegistryStrategyOSGI.createExecutableExtension(RegistryStrategyOSGI.java:204)
	at org.eclipse.core.internal.registry.ExtensionRegistry.createExecutableExtension(ExtensionRegistry.java:920)
	at org.eclipse.core.internal.registry.ConfigurationElement.createExecutableExtension(ConfigurationElement.java:246)
	at org.eclipse.core.internal.registry.ConfigurationElementHandle.createExecutableExtension(ConfigurationElementHandle.java:63)
	at org.eclipse.lsp4e.LanguageServersRegistry$ExtensionLanguageServerDefinition.createConnectionProvider(LanguageServersRegistry.java:161)
	at org.eclipse.lsp4e.LanguageServerWrapper.lambda$0(LanguageServerWrapper.java:233)
	at java.base/java.util.concurrent.CompletableFuture$AsyncSupply.run(CompletableFuture.java:1768)
	at java.base/java.util.concurrent.CompletableFuture$AsyncSupply.exec(CompletableFuture.java:1760)
	at java.base/java.util.concurrent.ForkJoinTask.doExec(ForkJoinTask.java:373)
	at java.base/java.util.concurrent.ForkJoinPool$WorkQueue.topLevelExec(ForkJoinPool.java:1182)
	at java.base/java.util.concurrent.ForkJoinPool.scan(ForkJoinPool.java:1655)
	at java.base/java.util.concurrent.ForkJoinPool.runWorker(ForkJoinPool.java:1622)
	at java.base/java.util.concurrent.ForkJoinWorkerThread.run(ForkJoinWorkerThread.java:165)

!ENTRY org.eclipse.lsp4e 4 0 2025-02-15 22:09:08.060
!MESSAGE Exception occurred while creating an instance of the stream connection provider
!STACK 0
java.lang.RuntimeException: Exception occurred while creating an instance of the stream connection provider
	at org.eclipse.lsp4e.LanguageServersRegistry$ExtensionLanguageServerDefinition.createConnectionProvider(LanguageServersRegistry.java:164)
	at org.eclipse.lsp4e.LanguageServerWrapper.lambda$0(LanguageServerWrapper.java:233)
	at java.base/java.util.concurrent.CompletableFuture$AsyncSupply.run(CompletableFuture.java:1768)
	at java.base/java.util.concurrent.CompletableFuture$AsyncSupply.exec(CompletableFuture.java:1760)
	at java.base/java.util.concurrent.ForkJoinTask.doExec(ForkJoinTask.java:373)
	at java.base/java.util.concurrent.ForkJoinPool$WorkQueue.topLevelExec(ForkJoinPool.java:1182)
	at java.base/java.util.concurrent.ForkJoinPool.scan(ForkJoinPool.java:1655)
	at java.base/java.util.concurrent.ForkJoinPool.runWorker(ForkJoinPool.java:1622)
	at java.base/java.util.concurrent.ForkJoinWorkerThread.run(ForkJoinWorkerThread.java:165)
Caused by: org.eclipse.core.runtime.CoreException: プラグイン "org.eclipse.wildwebdeveloper" は、クラス "org.eclipse.wildwebdeveloper.angular.AngularLanguageServer" をインスタンス化できませんでした。
	at org.eclipse.core.internal.registry.osgi.RegistryStrategyOSGI.throwException(RegistryStrategyOSGI.java:212)
	at org.eclipse.core.internal.registry.osgi.RegistryStrategyOSGI.createExecutableExtension(RegistryStrategyOSGI.java:206)
	at org.eclipse.core.internal.registry.ExtensionRegistry.createExecutableExtension(ExtensionRegistry.java:920)
	at org.eclipse.core.internal.registry.ConfigurationElement.createExecutableExtension(ConfigurationElement.java:246)
	at org.eclipse.core.internal.registry.ConfigurationElementHandle.createExecutableExtension(ConfigurationElementHandle.java:63)
	at org.eclipse.lsp4e.LanguageServersRegistry$ExtensionLanguageServerDefinition.createConnectionProvider(LanguageServersRegistry.java:161)
	... 8 more
Caused by: java.lang.reflect.InvocationTargetException
	at java.base/jdk.internal.reflect.NativeConstructorAccessorImpl.newInstance0(Native Method)
	at java.base/jdk.internal.reflect.NativeConstructorAccessorImpl.newInstance(NativeConstructorAccessorImpl.java:77)
	at java.base/jdk.internal.reflect.DelegatingConstructorAccessorImpl.newInstance(DelegatingConstructorAccessorImpl.java:45)
	at java.base/java.lang.reflect.Constructor.newInstanceWithCaller(Constructor.java:499)
	at java.base/java.lang.reflect.Constructor.newInstance(Constructor.java:480)
	at org.eclipse.core.internal.registry.osgi.RegistryStrategyOSGI.createExecutableExtension(RegistryStrategyOSGI.java:204)
	... 12 more
Caused by: java.lang.NullPointerException: Cannot invoke "java.io.File.getAbsolutePath()" because the return value of "org.eclipse.wildwebdeveloper.embedder.node.NodeJSManager.getNodeJsLocation()" is null
	at org.eclipse.wildwebdeveloper.angular.AngularLanguageServer.<init>(AngularLanguageServer.java:43)
	... 18 more

!ENTRY org.eclipse.lsp4e 4 0 2025-02-15 22:09:08.062
!MESSAGE Cannot invoke "org.eclipse.lsp4e.server.StreamConnectionProvider.getInputStream()" because "this.lspStreamProvider" is null
!STACK 0
java.lang.NullPointerException: Cannot invoke "org.eclipse.lsp4e.server.StreamConnectionProvider.getInputStream()" because "this.lspStreamProvider" is null
	at org.eclipse.lsp4e.LanguageServerWrapper.lambda$1(LanguageServerWrapper.java:284)
	at java.base/java.util.concurrent.CompletableFuture$UniApply.tryFire(CompletableFuture.java:646)
	at java.base/java.util.concurrent.CompletableFuture.postComplete(CompletableFuture.java:510)
	at java.base/java.util.concurrent.CompletableFuture$AsyncSupply.run(CompletableFuture.java:1773)
	at java.base/java.util.concurrent.CompletableFuture$AsyncSupply.exec(CompletableFuture.java:1760)
	at java.base/java.util.concurrent.ForkJoinTask.doExec(ForkJoinTask.java:373)
	at java.base/java.util.concurrent.ForkJoinPool$WorkQueue.topLevelExec(ForkJoinPool.java:1182)
	at java.base/java.util.concurrent.ForkJoinPool.scan(ForkJoinPool.java:1655)
	at java.base/java.util.concurrent.ForkJoinPool.runWorker(ForkJoinPool.java:1622)
	at java.base/java.util.concurrent.ForkJoinWorkerThread.run(ForkJoinWorkerThread.java:165)

!ENTRY org.eclipse.lsp4e 4 0 2025-02-15 22:09:08.068
!MESSAGE プラグイン "org.eclipse.wildwebdeveloper" は、クラス "org.eclipse.wildwebdeveloper.html.HTMLLanguageServer" をインスタンス化できませんでした。
!STACK 1
org.eclipse.core.runtime.CoreException: プラグイン "org.eclipse.wildwebdeveloper" は、クラス "org.eclipse.wildwebdeveloper.html.HTMLLanguageServer" をインスタンス化できませんでした。
	at org.eclipse.core.internal.registry.osgi.RegistryStrategyOSGI.throwException(RegistryStrategyOSGI.java:212)
	at org.eclipse.core.internal.registry.osgi.RegistryStrategyOSGI.createExecutableExtension(RegistryStrategyOSGI.java:206)
	at org.eclipse.core.internal.registry.ExtensionRegistry.createExecutableExtension(ExtensionRegistry.java:920)
	at org.eclipse.core.internal.registry.ConfigurationElement.createExecutableExtension(ConfigurationElement.java:246)
	at org.eclipse.core.internal.registry.ConfigurationElementHandle.createExecutableExtension(ConfigurationElementHandle.java:63)
	at org.eclipse.lsp4e.LanguageServersRegistry$ExtensionLanguageServerDefinition.createConnectionProvider(LanguageServersRegistry.java:161)
	at org.eclipse.lsp4e.LanguageServerWrapper.lambda$0(LanguageServerWrapper.java:233)
	at java.base/java.util.concurrent.CompletableFuture$AsyncSupply.run(CompletableFuture.java:1768)
	at java.base/java.util.concurrent.CompletableFuture$AsyncSupply.exec(CompletableFuture.java:1760)
	at java.base/java.util.concurrent.ForkJoinTask.doExec(ForkJoinTask.java:373)
	at java.base/java.util.concurrent.ForkJoinPool$WorkQueue.topLevelExec(ForkJoinPool.java:1182)
	at java.base/java.util.concurrent.ForkJoinPool.scan(ForkJoinPool.java:1655)
	at java.base/java.util.concurrent.ForkJoinPool.runWorker(ForkJoinPool.java:1622)
	at java.base/java.util.concurrent.ForkJoinWorkerThread.run(ForkJoinWorkerThread.java:165)
Caused by: java.lang.reflect.InvocationTargetException
	at java.base/jdk.internal.reflect.NativeConstructorAccessorImpl.newInstance0(Native Method)
	at java.base/jdk.internal.reflect.NativeConstructorAccessorImpl.newInstance(NativeConstructorAccessorImpl.java:77)
	at java.base/jdk.internal.reflect.DelegatingConstructorAccessorImpl.newInstance(DelegatingConstructorAccessorImpl.java:45)
	at java.base/java.lang.reflect.Constructor.newInstanceWithCaller(Constructor.java:499)
	at java.base/java.lang.reflect.Constructor.newInstance(Constructor.java:480)
	at org.eclipse.core.internal.registry.osgi.RegistryStrategyOSGI.createExecutableExtension(RegistryStrategyOSGI.java:204)
	... 12 more
Caused by: java.lang.NullPointerException: Cannot invoke "java.io.File.getAbsolutePath()" because the return value of "org.eclipse.wildwebdeveloper.embedder.node.NodeJSManager.getNodeJsLocation()" is null
	at org.eclipse.wildwebdeveloper.html.HTMLLanguageServer.<init>(HTMLLanguageServer.java:40)
	... 18 more
!SUBENTRY 1 org.eclipse.equinox.registry 4 1 2025-02-15 22:09:08.068
!MESSAGE プラグイン "org.eclipse.wildwebdeveloper" は、クラス "org.eclipse.wildwebdeveloper.html.HTMLLanguageServer" をインスタンス化できませんでした。
!STACK 0
java.lang.reflect.InvocationTargetException
	at java.base/jdk.internal.reflect.NativeConstructorAccessorImpl.newInstance0(Native Method)
	at java.base/jdk.internal.reflect.NativeConstructorAccessorImpl.newInstance(NativeConstructorAccessorImpl.java:77)
	at java.base/jdk.internal.reflect.DelegatingConstructorAccessorImpl.newInstance(DelegatingConstructorAccessorImpl.java:45)
	at java.base/java.lang.reflect.Constructor.newInstanceWithCaller(Constructor.java:499)
	at java.base/java.lang.reflect.Constructor.newInstance(Constructor.java:480)
	at org.eclipse.core.internal.registry.osgi.RegistryStrategyOSGI.createExecutableExtension(RegistryStrategyOSGI.java:204)
	at org.eclipse.core.internal.registry.ExtensionRegistry.createExecutableExtension(ExtensionRegistry.java:920)
	at org.eclipse.core.internal.registry.ConfigurationElement.createExecutableExtension(ConfigurationElement.java:246)
	at org.eclipse.core.internal.registry.ConfigurationElementHandle.createExecutableExtension(ConfigurationElementHandle.java:63)
	at org.eclipse.lsp4e.LanguageServersRegistry$ExtensionLanguageServerDefinition.createConnectionProvider(LanguageServersRegistry.java:161)
	at org.eclipse.lsp4e.LanguageServerWrapper.lambda$0(LanguageServerWrapper.java:233)
	at java.base/java.util.concurrent.CompletableFuture$AsyncSupply.run(CompletableFuture.java:1768)
	at java.base/java.util.concurrent.CompletableFuture$AsyncSupply.exec(CompletableFuture.java:1760)
	at java.base/java.util.concurrent.ForkJoinTask.doExec(ForkJoinTask.java:373)
	at java.base/java.util.concurrent.ForkJoinPool$WorkQueue.topLevelExec(ForkJoinPool.java:1182)
	at java.base/java.util.concurrent.ForkJoinPool.scan(ForkJoinPool.java:1655)
	at java.base/java.util.concurrent.ForkJoinPool.runWorker(ForkJoinPool.java:1622)
	at java.base/java.util.concurrent.ForkJoinWorkerThread.run(ForkJoinWorkerThread.java:165)
Caused by: java.lang.NullPointerException: Cannot invoke "java.io.File.getAbsolutePath()" because the return value of "org.eclipse.wildwebdeveloper.embedder.node.NodeJSManager.getNodeJsLocation()" is null
	at org.eclipse.wildwebdeveloper.html.HTMLLanguageServer.<init>(HTMLLanguageServer.java:40)
	... 18 more
Root exception:
java.lang.NullPointerException: Cannot invoke "java.io.File.getAbsolutePath()" because the return value of "org.eclipse.wildwebdeveloper.embedder.node.NodeJSManager.getNodeJsLocation()" is null
	at org.eclipse.wildwebdeveloper.html.HTMLLanguageServer.<init>(HTMLLanguageServer.java:40)
	at java.base/jdk.internal.reflect.NativeConstructorAccessorImpl.newInstance0(Native Method)
	at java.base/jdk.internal.reflect.NativeConstructorAccessorImpl.newInstance(NativeConstructorAccessorImpl.java:77)
	at java.base/jdk.internal.reflect.DelegatingConstructorAccessorImpl.newInstance(DelegatingConstructorAccessorImpl.java:45)
	at java.base/java.lang.reflect.Constructor.newInstanceWithCaller(Constructor.java:499)
	at java.base/java.lang.reflect.Constructor.newInstance(Constructor.java:480)
	at org.eclipse.core.internal.registry.osgi.RegistryStrategyOSGI.createExecutableExtension(RegistryStrategyOSGI.java:204)
	at org.eclipse.core.internal.registry.ExtensionRegistry.createExecutableExtension(ExtensionRegistry.java:920)
	at org.eclipse.core.internal.registry.ConfigurationElement.createExecutableExtension(ConfigurationElement.java:246)
	at org.eclipse.core.internal.registry.ConfigurationElementHandle.createExecutableExtension(ConfigurationElementHandle.java:63)
	at org.eclipse.lsp4e.LanguageServersRegistry$ExtensionLanguageServerDefinition.createConnectionProvider(LanguageServersRegistry.java:161)
	at org.eclipse.lsp4e.LanguageServerWrapper.lambda$0(LanguageServerWrapper.java:233)
	at java.base/java.util.concurrent.CompletableFuture$AsyncSupply.run(CompletableFuture.java:1768)
	at java.base/java.util.concurrent.CompletableFuture$AsyncSupply.exec(CompletableFuture.java:1760)
	at java.base/java.util.concurrent.ForkJoinTask.doExec(ForkJoinTask.java:373)
	at java.base/java.util.concurrent.ForkJoinPool$WorkQueue.topLevelExec(ForkJoinPool.java:1182)
	at java.base/java.util.concurrent.ForkJoinPool.scan(ForkJoinPool.java:1655)
	at java.base/java.util.concurrent.ForkJoinPool.runWorker(ForkJoinPool.java:1622)
	at java.base/java.util.concurrent.ForkJoinWorkerThread.run(ForkJoinWorkerThread.java:165)

!ENTRY org.eclipse.lsp4e 4 0 2025-02-15 22:09:08.068
!MESSAGE Exception occurred while creating an instance of the stream connection provider
!STACK 0
java.lang.RuntimeException: Exception occurred while creating an instance of the stream connection provider
	at org.eclipse.lsp4e.LanguageServersRegistry$ExtensionLanguageServerDefinition.createConnectionProvider(LanguageServersRegistry.java:164)
	at org.eclipse.lsp4e.LanguageServerWrapper.lambda$0(LanguageServerWrapper.java:233)
	at java.base/java.util.concurrent.CompletableFuture$AsyncSupply.run(CompletableFuture.java:1768)
	at java.base/java.util.concurrent.CompletableFuture$AsyncSupply.exec(CompletableFuture.java:1760)
	at java.base/java.util.concurrent.ForkJoinTask.doExec(ForkJoinTask.java:373)
	at java.base/java.util.concurrent.ForkJoinPool$WorkQueue.topLevelExec(ForkJoinPool.java:1182)
	at java.base/java.util.concurrent.ForkJoinPool.scan(ForkJoinPool.java:1655)
	at java.base/java.util.concurrent.ForkJoinPool.runWorker(ForkJoinPool.java:1622)
	at java.base/java.util.concurrent.ForkJoinWorkerThread.run(ForkJoinWorkerThread.java:165)
Caused by: org.eclipse.core.runtime.CoreException: プラグイン "org.eclipse.wildwebdeveloper" は、クラス "org.eclipse.wildwebdeveloper.html.HTMLLanguageServer" をインスタンス化できませんでした。
	at org.eclipse.core.internal.registry.osgi.RegistryStrategyOSGI.throwException(RegistryStrategyOSGI.java:212)
	at org.eclipse.core.internal.registry.osgi.RegistryStrategyOSGI.createExecutableExtension(RegistryStrategyOSGI.java:206)
	at org.eclipse.core.internal.registry.ExtensionRegistry.createExecutableExtension(ExtensionRegistry.java:920)
	at org.eclipse.core.internal.registry.ConfigurationElement.createExecutableExtension(ConfigurationElement.java:246)
	at org.eclipse.core.internal.registry.ConfigurationElementHandle.createExecutableExtension(ConfigurationElementHandle.java:63)
	at org.eclipse.lsp4e.LanguageServersRegistry$ExtensionLanguageServerDefinition.createConnectionProvider(LanguageServersRegistry.java:161)
	... 8 more
Caused by: java.lang.reflect.InvocationTargetException
	at java.base/jdk.internal.reflect.NativeConstructorAccessorImpl.newInstance0(Native Method)
	at java.base/jdk.internal.reflect.NativeConstructorAccessorImpl.newInstance(NativeConstructorAccessorImpl.java:77)
	at java.base/jdk.internal.reflect.DelegatingConstructorAccessorImpl.newInstance(DelegatingConstructorAccessorImpl.java:45)
	at java.base/java.lang.reflect.Constructor.newInstanceWithCaller(Constructor.java:499)
	at java.base/java.lang.reflect.Constructor.newInstance(Constructor.java:480)
	at org.eclipse.core.internal.registry.osgi.RegistryStrategyOSGI.createExecutableExtension(RegistryStrategyOSGI.java:204)
	... 12 more
Caused by: java.lang.NullPointerException: Cannot invoke "java.io.File.getAbsolutePath()" because the return value of "org.eclipse.wildwebdeveloper.embedder.node.NodeJSManager.getNodeJsLocation()" is null
	at org.eclipse.wildwebdeveloper.html.HTMLLanguageServer.<init>(HTMLLanguageServer.java:40)
	... 18 more

!ENTRY org.eclipse.lsp4e 4 0 2025-02-15 22:09:08.069
!MESSAGE Cannot invoke "org.eclipse.lsp4e.server.StreamConnectionProvider.getInputStream()" because "this.lspStreamProvider" is null
!STACK 0
java.lang.NullPointerException: Cannot invoke "org.eclipse.lsp4e.server.StreamConnectionProvider.getInputStream()" because "this.lspStreamProvider" is null
	at org.eclipse.lsp4e.LanguageServerWrapper.lambda$1(LanguageServerWrapper.java:284)
	at java.base/java.util.concurrent.CompletableFuture$UniApply.tryFire(CompletableFuture.java:646)
	at java.base/java.util.concurrent.CompletableFuture.postComplete(CompletableFuture.java:510)
	at java.base/java.util.concurrent.CompletableFuture$AsyncSupply.run(CompletableFuture.java:1773)
	at java.base/java.util.concurrent.CompletableFuture$AsyncSupply.exec(CompletableFuture.java:1760)
	at java.base/java.util.concurrent.ForkJoinTask.doExec(ForkJoinTask.java:373)
	at java.base/java.util.concurrent.ForkJoinPool$WorkQueue.topLevelExec(ForkJoinPool.java:1182)
	at java.base/java.util.concurrent.ForkJoinPool.scan(ForkJoinPool.java:1655)
	at java.base/java.util.concurrent.ForkJoinPool.runWorker(ForkJoinPool.java:1622)
	at java.base/java.util.concurrent.ForkJoinWorkerThread.run(ForkJoinWorkerThread.java:165)

!ENTRY org.eclipse.lsp4e 4 0 2025-02-15 22:09:08.209
!MESSAGE プラグイン "org.eclipse.wildwebdeveloper" は、クラス "org.eclipse.wildwebdeveloper.html.HTMLLanguageServer" をインスタンス化できませんでした。
!STACK 1
org.eclipse.core.runtime.CoreException: プラグイン "org.eclipse.wildwebdeveloper" は、クラス "org.eclipse.wildwebdeveloper.html.HTMLLanguageServer" をインスタンス化できませんでした。
	at org.eclipse.core.internal.registry.osgi.RegistryStrategyOSGI.throwException(RegistryStrategyOSGI.java:212)
	at org.eclipse.core.internal.registry.osgi.RegistryStrategyOSGI.createExecutableExtension(RegistryStrategyOSGI.java:206)
	at org.eclipse.core.internal.registry.ExtensionRegistry.createExecutableExtension(ExtensionRegistry.java:920)
	at org.eclipse.core.internal.registry.ConfigurationElement.createExecutableExtension(ConfigurationElement.java:246)
	at org.eclipse.core.internal.registry.ConfigurationElementHandle.createExecutableExtension(ConfigurationElementHandle.java:63)
	at org.eclipse.lsp4e.LanguageServersRegistry$ExtensionLanguageServerDefinition.createConnectionProvider(LanguageServersRegistry.java:161)
	at org.eclipse.lsp4e.LanguageServerWrapper.lambda$0(LanguageServerWrapper.java:233)
	at java.base/java.util.concurrent.CompletableFuture$AsyncSupply.run(CompletableFuture.java:1768)
	at java.base/java.util.concurrent.CompletableFuture$AsyncSupply.exec(CompletableFuture.java:1760)
	at java.base/java.util.concurrent.ForkJoinTask.doExec(ForkJoinTask.java:373)
	at java.base/java.util.concurrent.ForkJoinPool$WorkQueue.topLevelExec(ForkJoinPool.java:1182)
	at java.base/java.util.concurrent.ForkJoinPool.scan(ForkJoinPool.java:1655)
	at java.base/java.util.concurrent.ForkJoinPool.runWorker(ForkJoinPool.java:1622)
	at java.base/java.util.concurrent.ForkJoinWorkerThread.run(ForkJoinWorkerThread.java:165)
Caused by: java.lang.reflect.InvocationTargetException
	at java.base/jdk.internal.reflect.NativeConstructorAccessorImpl.newInstance0(Native Method)
	at java.base/jdk.internal.reflect.NativeConstructorAccessorImpl.newInstance(NativeConstructorAccessorImpl.java:77)
	at java.base/jdk.internal.reflect.DelegatingConstructorAccessorImpl.newInstance(DelegatingConstructorAccessorImpl.java:45)
	at java.base/java.lang.reflect.Constructor.newInstanceWithCaller(Constructor.java:499)
	at java.base/java.lang.reflect.Constructor.newInstance(Constructor.java:480)
	at org.eclipse.core.internal.registry.osgi.RegistryStrategyOSGI.createExecutableExtension(RegistryStrategyOSGI.java:204)
	... 12 more
Caused by: java.lang.NullPointerException: Cannot invoke "java.io.File.getAbsolutePath()" because the return value of "org.eclipse.wildwebdeveloper.embedder.node.NodeJSManager.getNodeJsLocation()" is null
	at org.eclipse.wildwebdeveloper.html.HTMLLanguageServer.<init>(HTMLLanguageServer.java:40)
	... 18 more
!SUBENTRY 1 org.eclipse.equinox.registry 4 1 2025-02-15 22:09:08.209
!MESSAGE プラグイン "org.eclipse.wildwebdeveloper" は、クラス "org.eclipse.wildwebdeveloper.html.HTMLLanguageServer" をインスタンス化できませんでした。
!STACK 0
java.lang.reflect.InvocationTargetException
	at java.base/jdk.internal.reflect.NativeConstructorAccessorImpl.newInstance0(Native Method)
	at java.base/jdk.internal.reflect.NativeConstructorAccessorImpl.newInstance(NativeConstructorAccessorImpl.java:77)
	at java.base/jdk.internal.reflect.DelegatingConstructorAccessorImpl.newInstance(DelegatingConstructorAccessorImpl.java:45)
	at java.base/java.lang.reflect.Constructor.newInstanceWithCaller(Constructor.java:499)
	at java.base/java.lang.reflect.Constructor.newInstance(Constructor.java:480)
	at org.eclipse.core.internal.registry.osgi.RegistryStrategyOSGI.createExecutableExtension(RegistryStrategyOSGI.java:204)
	at org.eclipse.core.internal.registry.ExtensionRegistry.createExecutableExtension(ExtensionRegistry.java:920)
	at org.eclipse.core.internal.registry.ConfigurationElement.createExecutableExtension(ConfigurationElement.java:246)
	at org.eclipse.core.internal.registry.ConfigurationElementHandle.createExecutableExtension(ConfigurationElementHandle.java:63)
	at org.eclipse.lsp4e.LanguageServersRegistry$ExtensionLanguageServerDefinition.createConnectionProvider(LanguageServersRegistry.java:161)
	at org.eclipse.lsp4e.LanguageServerWrapper.lambda$0(LanguageServerWrapper.java:233)
	at java.base/java.util.concurrent.CompletableFuture$AsyncSupply.run(CompletableFuture.java:1768)
	at java.base/java.util.concurrent.CompletableFuture$AsyncSupply.exec(CompletableFuture.java:1760)
	at java.base/java.util.concurrent.ForkJoinTask.doExec(ForkJoinTask.java:373)
	at java.base/java.util.concurrent.ForkJoinPool$WorkQueue.topLevelExec(ForkJoinPool.java:1182)
	at java.base/java.util.concurrent.ForkJoinPool.scan(ForkJoinPool.java:1655)
	at java.base/java.util.concurrent.ForkJoinPool.runWorker(ForkJoinPool.java:1622)
	at java.base/java.util.concurrent.ForkJoinWorkerThread.run(ForkJoinWorkerThread.java:165)
Caused by: java.lang.NullPointerException: Cannot invoke "java.io.File.getAbsolutePath()" because the return value of "org.eclipse.wildwebdeveloper.embedder.node.NodeJSManager.getNodeJsLocation()" is null
	at org.eclipse.wildwebdeveloper.html.HTMLLanguageServer.<init>(HTMLLanguageServer.java:40)
	... 18 more
Root exception:
java.lang.NullPointerException: Cannot invoke "java.io.File.getAbsolutePath()" because the return value of "org.eclipse.wildwebdeveloper.embedder.node.NodeJSManager.getNodeJsLocation()" is null
	at org.eclipse.wildwebdeveloper.html.HTMLLanguageServer.<init>(HTMLLanguageServer.java:40)
	at java.base/jdk.internal.reflect.NativeConstructorAccessorImpl.newInstance0(Native Method)
	at java.base/jdk.internal.reflect.NativeConstructorAccessorImpl.newInstance(NativeConstructorAccessorImpl.java:77)
	at java.base/jdk.internal.reflect.DelegatingConstructorAccessorImpl.newInstance(DelegatingConstructorAccessorImpl.java:45)
	at java.base/java.lang.reflect.Constructor.newInstanceWithCaller(Constructor.java:499)
	at java.base/java.lang.reflect.Constructor.newInstance(Constructor.java:480)
	at org.eclipse.core.internal.registry.osgi.RegistryStrategyOSGI.createExecutableExtension(RegistryStrategyOSGI.java:204)
	at org.eclipse.core.internal.registry.ExtensionRegistry.createExecutableExtension(ExtensionRegistry.java:920)
	at org.eclipse.core.internal.registry.ConfigurationElement.createExecutableExtension(ConfigurationElement.java:246)
	at org.eclipse.core.internal.registry.ConfigurationElementHandle.createExecutableExtension(ConfigurationElementHandle.java:63)
	at org.eclipse.lsp4e.LanguageServersRegistry$ExtensionLanguageServerDefinition.createConnectionProvider(LanguageServersRegistry.java:161)
	at org.eclipse.lsp4e.LanguageServerWrapper.lambda$0(LanguageServerWrapper.java:233)
	at java.base/java.util.concurrent.CompletableFuture$AsyncSupply.run(CompletableFuture.java:1768)
	at java.base/java.util.concurrent.CompletableFuture$AsyncSupply.exec(CompletableFuture.java:1760)
	at java.base/java.util.concurrent.ForkJoinTask.doExec(ForkJoinTask.java:373)
	at java.base/java.util.concurrent.ForkJoinPool$WorkQueue.topLevelExec(ForkJoinPool.java:1182)
	at java.base/java.util.concurrent.ForkJoinPool.scan(ForkJoinPool.java:1655)
	at java.base/java.util.concurrent.ForkJoinPool.runWorker(ForkJoinPool.java:1622)
	at java.base/java.util.concurrent.ForkJoinWorkerThread.run(ForkJoinWorkerThread.java:165)

!ENTRY org.eclipse.lsp4e 4 0 2025-02-15 22:09:08.210
!MESSAGE Exception occurred while creating an instance of the stream connection provider
!STACK 0
java.lang.RuntimeException: Exception occurred while creating an instance of the stream connection provider
	at org.eclipse.lsp4e.LanguageServersRegistry$ExtensionLanguageServerDefinition.createConnectionProvider(LanguageServersRegistry.java:164)
	at org.eclipse.lsp4e.LanguageServerWrapper.lambda$0(LanguageServerWrapper.java:233)
	at java.base/java.util.concurrent.CompletableFuture$AsyncSupply.run(CompletableFuture.java:1768)
	at java.base/java.util.concurrent.CompletableFuture$AsyncSupply.exec(CompletableFuture.java:1760)
	at java.base/java.util.concurrent.ForkJoinTask.doExec(ForkJoinTask.java:373)
	at java.base/java.util.concurrent.ForkJoinPool$WorkQueue.topLevelExec(ForkJoinPool.java:1182)
	at java.base/java.util.concurrent.ForkJoinPool.scan(ForkJoinPool.java:1655)
	at java.base/java.util.concurrent.ForkJoinPool.runWorker(ForkJoinPool.java:1622)
	at java.base/java.util.concurrent.ForkJoinWorkerThread.run(ForkJoinWorkerThread.java:165)
Caused by: org.eclipse.core.runtime.CoreException: プラグイン "org.eclipse.wildwebdeveloper" は、クラス "org.eclipse.wildwebdeveloper.html.HTMLLanguageServer" をインスタンス化できませんでした。
	at org.eclipse.core.internal.registry.osgi.RegistryStrategyOSGI.throwException(RegistryStrategyOSGI.java:212)
	at org.eclipse.core.internal.registry.osgi.RegistryStrategyOSGI.createExecutableExtension(RegistryStrategyOSGI.java:206)
	at org.eclipse.core.internal.registry.ExtensionRegistry.createExecutableExtension(ExtensionRegistry.java:920)
	at org.eclipse.core.internal.registry.ConfigurationElement.createExecutableExtension(ConfigurationElement.java:246)
	at org.eclipse.core.internal.registry.ConfigurationElementHandle.createExecutableExtension(ConfigurationElementHandle.java:63)
	at org.eclipse.lsp4e.LanguageServersRegistry$ExtensionLanguageServerDefinition.createConnectionProvider(LanguageServersRegistry.java:161)
	... 8 more
Caused by: java.lang.reflect.InvocationTargetException
	at java.base/jdk.internal.reflect.NativeConstructorAccessorImpl.newInstance0(Native Method)
	at java.base/jdk.internal.reflect.NativeConstructorAccessorImpl.newInstance(NativeConstructorAccessorImpl.java:77)
	at java.base/jdk.internal.reflect.DelegatingConstructorAccessorImpl.newInstance(DelegatingConstructorAccessorImpl.java:45)
	at java.base/java.lang.reflect.Constructor.newInstanceWithCaller(Constructor.java:499)
	at java.base/java.lang.reflect.Constructor.newInstance(Constructor.java:480)
	at org.eclipse.core.internal.registry.osgi.RegistryStrategyOSGI.createExecutableExtension(RegistryStrategyOSGI.java:204)
	... 12 more
Caused by: java.lang.NullPointerException: Cannot invoke "java.io.File.getAbsolutePath()" because the return value of "org.eclipse.wildwebdeveloper.embedder.node.NodeJSManager.getNodeJsLocation()" is null
	at org.eclipse.wildwebdeveloper.html.HTMLLanguageServer.<init>(HTMLLanguageServer.java:40)
	... 18 more

!ENTRY org.eclipse.lsp4e 4 0 2025-02-15 22:09:08.211
!MESSAGE プラグイン "org.eclipse.wildwebdeveloper" は、クラス "org.eclipse.wildwebdeveloper.angular.AngularLanguageServer" をインスタンス化できませんでした。
!STACK 1
org.eclipse.core.runtime.CoreException: プラグイン "org.eclipse.wildwebdeveloper" は、クラス "org.eclipse.wildwebdeveloper.angular.AngularLanguageServer" をインスタンス化できませんでした。
	at org.eclipse.core.internal.registry.osgi.RegistryStrategyOSGI.throwException(RegistryStrategyOSGI.java:212)
	at org.eclipse.core.internal.registry.osgi.RegistryStrategyOSGI.createExecutableExtension(RegistryStrategyOSGI.java:206)
	at org.eclipse.core.internal.registry.ExtensionRegistry.createExecutableExtension(ExtensionRegistry.java:920)
	at org.eclipse.core.internal.registry.ConfigurationElement.createExecutableExtension(ConfigurationElement.java:246)
	at org.eclipse.core.internal.registry.ConfigurationElementHandle.createExecutableExtension(ConfigurationElementHandle.java:63)
	at org.eclipse.lsp4e.LanguageServersRegistry$ExtensionLanguageServerDefinition.createConnectionProvider(LanguageServersRegistry.java:161)
	at org.eclipse.lsp4e.LanguageServerWrapper.lambda$0(LanguageServerWrapper.java:233)
	at java.base/java.util.concurrent.CompletableFuture$AsyncSupply.run(CompletableFuture.java:1768)
	at java.base/java.util.concurrent.CompletableFuture$AsyncSupply.exec(CompletableFuture.java:1760)
	at java.base/java.util.concurrent.ForkJoinTask.doExec(ForkJoinTask.java:373)
	at java.base/java.util.concurrent.ForkJoinPool$WorkQueue.topLevelExec(ForkJoinPool.java:1182)
	at java.base/java.util.concurrent.ForkJoinPool.scan(ForkJoinPool.java:1655)
	at java.base/java.util.concurrent.ForkJoinPool.runWorker(ForkJoinPool.java:1622)
	at java.base/java.util.concurrent.ForkJoinWorkerThread.run(ForkJoinWorkerThread.java:165)
Caused by: java.lang.reflect.InvocationTargetException
	at java.base/jdk.internal.reflect.NativeConstructorAccessorImpl.newInstance0(Native Method)
	at java.base/jdk.internal.reflect.NativeConstructorAccessorImpl.newInstance(NativeConstructorAccessorImpl.java:77)
	at java.base/jdk.internal.reflect.DelegatingConstructorAccessorImpl.newInstance(DelegatingConstructorAccessorImpl.java:45)
	at java.base/java.lang.reflect.Constructor.newInstanceWithCaller(Constructor.java:499)
	at java.base/java.lang.reflect.Constructor.newInstance(Constructor.java:480)
	at org.eclipse.core.internal.registry.osgi.RegistryStrategyOSGI.createExecutableExtension(RegistryStrategyOSGI.java:204)
	... 12 more
Caused by: java.lang.NullPointerException: Cannot invoke "java.io.File.getAbsolutePath()" because the return value of "org.eclipse.wildwebdeveloper.embedder.node.NodeJSManager.getNodeJsLocation()" is null
	at org.eclipse.wildwebdeveloper.angular.AngularLanguageServer.<init>(AngularLanguageServer.java:43)
	... 18 more
!SUBENTRY 1 org.eclipse.equinox.registry 4 1 2025-02-15 22:09:08.212
!MESSAGE プラグイン "org.eclipse.wildwebdeveloper" は、クラス "org.eclipse.wildwebdeveloper.angular.AngularLanguageServer" をインスタンス化できませんでした。
!STACK 0
java.lang.reflect.InvocationTargetException
	at java.base/jdk.internal.reflect.NativeConstructorAccessorImpl.newInstance0(Native Method)
	at java.base/jdk.internal.reflect.NativeConstructorAccessorImpl.newInstance(NativeConstructorAccessorImpl.java:77)
	at java.base/jdk.internal.reflect.DelegatingConstructorAccessorImpl.newInstance(DelegatingConstructorAccessorImpl.java:45)
	at java.base/java.lang.reflect.Constructor.newInstanceWithCaller(Constructor.java:499)
	at java.base/java.lang.reflect.Constructor.newInstance(Constructor.java:480)
	at org.eclipse.core.internal.registry.osgi.RegistryStrategyOSGI.createExecutableExtension(RegistryStrategyOSGI.java:204)
	at org.eclipse.core.internal.registry.ExtensionRegistry.createExecutableExtension(ExtensionRegistry.java:920)
	at org.eclipse.core.internal.registry.ConfigurationElement.createExecutableExtension(ConfigurationElement.java:246)
	at org.eclipse.core.internal.registry.ConfigurationElementHandle.createExecutableExtension(ConfigurationElementHandle.java:63)
	at org.eclipse.lsp4e.LanguageServersRegistry$ExtensionLanguageServerDefinition.createConnectionProvider(LanguageServersRegistry.java:161)
	at org.eclipse.lsp4e.LanguageServerWrapper.lambda$0(LanguageServerWrapper.java:233)
	at java.base/java.util.concurrent.CompletableFuture$AsyncSupply.run(CompletableFuture.java:1768)
	at java.base/java.util.concurrent.CompletableFuture$AsyncSupply.exec(CompletableFuture.java:1760)
	at java.base/java.util.concurrent.ForkJoinTask.doExec(ForkJoinTask.java:373)
	at java.base/java.util.concurrent.ForkJoinPool$WorkQueue.topLevelExec(ForkJoinPool.java:1182)
	at java.base/java.util.concurrent.ForkJoinPool.scan(ForkJoinPool.java:1655)
	at java.base/java.util.concurrent.ForkJoinPool.runWorker(ForkJoinPool.java:1622)
	at java.base/java.util.concurrent.ForkJoinWorkerThread.run(ForkJoinWorkerThread.java:165)
Caused by: java.lang.NullPointerException: Cannot invoke "java.io.File.getAbsolutePath()" because the return value of "org.eclipse.wildwebdeveloper.embedder.node.NodeJSManager.getNodeJsLocation()" is null
	at org.eclipse.wildwebdeveloper.angular.AngularLanguageServer.<init>(AngularLanguageServer.java:43)
	... 18 more
Root exception:
java.lang.NullPointerException: Cannot invoke "java.io.File.getAbsolutePath()" because the return value of "org.eclipse.wildwebdeveloper.embedder.node.NodeJSManager.getNodeJsLocation()" is null
	at org.eclipse.wildwebdeveloper.angular.AngularLanguageServer.<init>(AngularLanguageServer.java:43)
	at java.base/jdk.internal.reflect.NativeConstructorAccessorImpl.newInstance0(Native Method)
	at java.base/jdk.internal.reflect.NativeConstructorAccessorImpl.newInstance(NativeConstructorAccessorImpl.java:77)
	at java.base/jdk.internal.reflect.DelegatingConstructorAccessorImpl.newInstance(DelegatingConstructorAccessorImpl.java:45)
	at java.base/java.lang.reflect.Constructor.newInstanceWithCaller(Constructor.java:499)
	at java.base/java.lang.reflect.Constructor.newInstance(Constructor.java:480)
	at org.eclipse.core.internal.registry.osgi.RegistryStrategyOSGI.createExecutableExtension(RegistryStrategyOSGI.java:204)
	at org.eclipse.core.internal.registry.ExtensionRegistry.createExecutableExtension(ExtensionRegistry.java:920)
	at org.eclipse.core.internal.registry.ConfigurationElement.createExecutableExtension(ConfigurationElement.java:246)
	at org.eclipse.core.internal.registry.ConfigurationElementHandle.createExecutableExtension(ConfigurationElementHandle.java:63)
	at org.eclipse.lsp4e.LanguageServersRegistry$ExtensionLanguageServerDefinition.createConnectionProvider(LanguageServersRegistry.java:161)
	at org.eclipse.lsp4e.LanguageServerWrapper.lambda$0(LanguageServerWrapper.java:233)
	at java.base/java.util.concurrent.CompletableFuture$AsyncSupply.run(CompletableFuture.java:1768)
	at java.base/java.util.concurrent.CompletableFuture$AsyncSupply.exec(CompletableFuture.java:1760)
	at java.base/java.util.concurrent.ForkJoinTask.doExec(ForkJoinTask.java:373)
	at java.base/java.util.concurrent.ForkJoinPool$WorkQueue.topLevelExec(ForkJoinPool.java:1182)
	at java.base/java.util.concurrent.ForkJoinPool.scan(ForkJoinPool.java:1655)
	at java.base/java.util.concurrent.ForkJoinPool.runWorker(ForkJoinPool.java:1622)
	at java.base/java.util.concurrent.ForkJoinWorkerThread.run(ForkJoinWorkerThread.java:165)

!ENTRY org.eclipse.lsp4e 4 0 2025-02-15 22:09:08.212
!MESSAGE Cannot invoke "org.eclipse.lsp4e.server.StreamConnectionProvider.getInputStream()" because "this.lspStreamProvider" is null
!STACK 0
java.lang.NullPointerException: Cannot invoke "org.eclipse.lsp4e.server.StreamConnectionProvider.getInputStream()" because "this.lspStreamProvider" is null
	at org.eclipse.lsp4e.LanguageServerWrapper.lambda$1(LanguageServerWrapper.java:284)
	at java.base/java.util.concurrent.CompletableFuture$UniApply.tryFire(CompletableFuture.java:646)
	at java.base/java.util.concurrent.CompletableFuture.postComplete(CompletableFuture.java:510)
	at java.base/java.util.concurrent.CompletableFuture$AsyncSupply.run(CompletableFuture.java:1773)
	at java.base/java.util.concurrent.CompletableFuture$AsyncSupply.exec(CompletableFuture.java:1760)
	at java.base/java.util.concurrent.ForkJoinTask.doExec(ForkJoinTask.java:373)
	at java.base/java.util.concurrent.ForkJoinPool$WorkQueue.topLevelExec(ForkJoinPool.java:1182)
	at java.base/java.util.concurrent.ForkJoinPool.scan(ForkJoinPool.java:1655)
	at java.base/java.util.concurrent.ForkJoinPool.runWorker(ForkJoinPool.java:1622)
	at java.base/java.util.concurrent.ForkJoinWorkerThread.run(ForkJoinWorkerThread.java:165)

!ENTRY org.eclipse.lsp4e 4 0 2025-02-15 22:09:08.213
!MESSAGE Exception occurred while creating an instance of the stream connection provider
!STACK 0
java.lang.RuntimeException: Exception occurred while creating an instance of the stream connection provider
	at org.eclipse.lsp4e.LanguageServersRegistry$ExtensionLanguageServerDefinition.createConnectionProvider(LanguageServersRegistry.java:164)
	at org.eclipse.lsp4e.LanguageServerWrapper.lambda$0(LanguageServerWrapper.java:233)
	at java.base/java.util.concurrent.CompletableFuture$AsyncSupply.run(CompletableFuture.java:1768)
	at java.base/java.util.concurrent.CompletableFuture$AsyncSupply.exec(CompletableFuture.java:1760)
	at java.base/java.util.concurrent.ForkJoinTask.doExec(ForkJoinTask.java:373)
	at java.base/java.util.concurrent.ForkJoinPool$WorkQueue.topLevelExec(ForkJoinPool.java:1182)
	at java.base/java.util.concurrent.ForkJoinPool.scan(ForkJoinPool.java:1655)
	at java.base/java.util.concurrent.ForkJoinPool.runWorker(ForkJoinPool.java:1622)
	at java.base/java.util.concurrent.ForkJoinWorkerThread.run(ForkJoinWorkerThread.java:165)
Caused by: org.eclipse.core.runtime.CoreException: プラグイン "org.eclipse.wildwebdeveloper" は、クラス "org.eclipse.wildwebdeveloper.angular.AngularLanguageServer" をインスタンス化できませんでした。
	at org.eclipse.core.internal.registry.osgi.RegistryStrategyOSGI.throwException(RegistryStrategyOSGI.java:212)
	at org.eclipse.core.internal.registry.osgi.RegistryStrategyOSGI.createExecutableExtension(RegistryStrategyOSGI.java:206)
	at org.eclipse.core.internal.registry.ExtensionRegistry.createExecutableExtension(ExtensionRegistry.java:920)
	at org.eclipse.core.internal.registry.ConfigurationElement.createExecutableExtension(ConfigurationElement.java:246)
	at org.eclipse.core.internal.registry.ConfigurationElementHandle.createExecutableExtension(ConfigurationElementHandle.java:63)
	at org.eclipse.lsp4e.LanguageServersRegistry$ExtensionLanguageServerDefinition.createConnectionProvider(LanguageServersRegistry.java:161)
	... 8 more
Caused by: java.lang.reflect.InvocationTargetException
	at java.base/jdk.internal.reflect.NativeConstructorAccessorImpl.newInstance0(Native Method)
	at java.base/jdk.internal.reflect.NativeConstructorAccessorImpl.newInstance(NativeConstructorAccessorImpl.java:77)
	at java.base/jdk.internal.reflect.DelegatingConstructorAccessorImpl.newInstance(DelegatingConstructorAccessorImpl.java:45)
	at java.base/java.lang.reflect.Constructor.newInstanceWithCaller(Constructor.java:499)
	at java.base/java.lang.reflect.Constructor.newInstance(Constructor.java:480)
	at org.eclipse.core.internal.registry.osgi.RegistryStrategyOSGI.createExecutableExtension(RegistryStrategyOSGI.java:204)
	... 12 more
Caused by: java.lang.NullPointerException: Cannot invoke "java.io.File.getAbsolutePath()" because the return value of "org.eclipse.wildwebdeveloper.embedder.node.NodeJSManager.getNodeJsLocation()" is null
	at org.eclipse.wildwebdeveloper.angular.AngularLanguageServer.<init>(AngularLanguageServer.java:43)
	... 18 more

!ENTRY org.eclipse.lsp4e 4 0 2025-02-15 22:09:08.214
!MESSAGE Cannot invoke "org.eclipse.lsp4e.server.StreamConnectionProvider.getInputStream()" because "this.lspStreamProvider" is null
!STACK 0
java.lang.NullPointerException: Cannot invoke "org.eclipse.lsp4e.server.StreamConnectionProvider.getInputStream()" because "this.lspStreamProvider" is null
	at org.eclipse.lsp4e.LanguageServerWrapper.lambda$1(LanguageServerWrapper.java:284)
	at java.base/java.util.concurrent.CompletableFuture$UniApply.tryFire(CompletableFuture.java:646)
	at java.base/java.util.concurrent.CompletableFuture.postComplete(CompletableFuture.java:510)
	at java.base/java.util.concurrent.CompletableFuture$AsyncSupply.run(CompletableFuture.java:1773)
	at java.base/java.util.concurrent.CompletableFuture$AsyncSupply.exec(CompletableFuture.java:1760)
	at java.base/java.util.concurrent.ForkJoinTask.doExec(ForkJoinTask.java:373)
	at java.base/java.util.concurrent.ForkJoinPool$WorkQueue.topLevelExec(ForkJoinPool.java:1182)
	at java.base/java.util.concurrent.ForkJoinPool.scan(ForkJoinPool.java:1655)
	at java.base/java.util.concurrent.ForkJoinPool.runWorker(ForkJoinPool.java:1622)
	at java.base/java.util.concurrent.ForkJoinWorkerThread.run(ForkJoinWorkerThread.java:165)

!ENTRY org.eclipse.lsp4e 4 0 2025-02-15 22:10:15.543
!MESSAGE プラグイン "org.eclipse.wildwebdeveloper" は、クラス "org.eclipse.wildwebdeveloper.html.HTMLLanguageServer" をインスタンス化できませんでした。
!STACK 1
org.eclipse.core.runtime.CoreException: プラグイン "org.eclipse.wildwebdeveloper" は、クラス "org.eclipse.wildwebdeveloper.html.HTMLLanguageServer" をインスタンス化できませんでした。
	at org.eclipse.core.internal.registry.osgi.RegistryStrategyOSGI.throwException(RegistryStrategyOSGI.java:212)
	at org.eclipse.core.internal.registry.osgi.RegistryStrategyOSGI.createExecutableExtension(RegistryStrategyOSGI.java:206)
	at org.eclipse.core.internal.registry.ExtensionRegistry.createExecutableExtension(ExtensionRegistry.java:920)
	at org.eclipse.core.internal.registry.ConfigurationElement.createExecutableExtension(ConfigurationElement.java:246)
	at org.eclipse.core.internal.registry.ConfigurationElementHandle.createExecutableExtension(ConfigurationElementHandle.java:63)
	at org.eclipse.lsp4e.LanguageServersRegistry$ExtensionLanguageServerDefinition.createConnectionProvider(LanguageServersRegistry.java:161)
	at org.eclipse.lsp4e.LanguageServerWrapper.lambda$0(LanguageServerWrapper.java:233)
	at java.base/java.util.concurrent.CompletableFuture$AsyncSupply.run(CompletableFuture.java:1768)
	at java.base/java.util.concurrent.CompletableFuture$AsyncSupply.exec(CompletableFuture.java:1760)
	at java.base/java.util.concurrent.ForkJoinTask.doExec(ForkJoinTask.java:373)
	at java.base/java.util.concurrent.ForkJoinPool$WorkQueue.topLevelExec(ForkJoinPool.java:1182)
	at java.base/java.util.concurrent.ForkJoinPool.scan(ForkJoinPool.java:1655)
	at java.base/java.util.concurrent.ForkJoinPool.runWorker(ForkJoinPool.java:1622)
	at java.base/java.util.concurrent.ForkJoinWorkerThread.run(ForkJoinWorkerThread.java:165)
Caused by: java.lang.reflect.InvocationTargetException
	at java.base/jdk.internal.reflect.NativeConstructorAccessorImpl.newInstance0(Native Method)
	at java.base/jdk.internal.reflect.NativeConstructorAccessorImpl.newInstance(NativeConstructorAccessorImpl.java:77)
	at java.base/jdk.internal.reflect.DelegatingConstructorAccessorImpl.newInstance(DelegatingConstructorAccessorImpl.java:45)
	at java.base/java.lang.reflect.Constructor.newInstanceWithCaller(Constructor.java:499)
	at java.base/java.lang.reflect.Constructor.newInstance(Constructor.java:480)
	at org.eclipse.core.internal.registry.osgi.RegistryStrategyOSGI.createExecutableExtension(RegistryStrategyOSGI.java:204)
	... 12 more
Caused by: java.lang.NullPointerException: Cannot invoke "java.io.File.getAbsolutePath()" because the return value of "org.eclipse.wildwebdeveloper.embedder.node.NodeJSManager.getNodeJsLocation()" is null
	at org.eclipse.wildwebdeveloper.html.HTMLLanguageServer.<init>(HTMLLanguageServer.java:40)
	... 18 more
!SUBENTRY 1 org.eclipse.equinox.registry 4 1 2025-02-15 22:10:15.544
!MESSAGE プラグイン "org.eclipse.wildwebdeveloper" は、クラス "org.eclipse.wildwebdeveloper.html.HTMLLanguageServer" をインスタンス化できませんでした。
!STACK 0
java.lang.reflect.InvocationTargetException
	at java.base/jdk.internal.reflect.NativeConstructorAccessorImpl.newInstance0(Native Method)
	at java.base/jdk.internal.reflect.NativeConstructorAccessorImpl.newInstance(NativeConstructorAccessorImpl.java:77)
	at java.base/jdk.internal.reflect.DelegatingConstructorAccessorImpl.newInstance(DelegatingConstructorAccessorImpl.java:45)
	at java.base/java.lang.reflect.Constructor.newInstanceWithCaller(Constructor.java:499)
	at java.base/java.lang.reflect.Constructor.newInstance(Constructor.java:480)
	at org.eclipse.core.internal.registry.osgi.RegistryStrategyOSGI.createExecutableExtension(RegistryStrategyOSGI.java:204)
	at org.eclipse.core.internal.registry.ExtensionRegistry.createExecutableExtension(ExtensionRegistry.java:920)
	at org.eclipse.core.internal.registry.ConfigurationElement.createExecutableExtension(ConfigurationElement.java:246)
	at org.eclipse.core.internal.registry.ConfigurationElementHandle.createExecutableExtension(ConfigurationElementHandle.java:63)
	at org.eclipse.lsp4e.LanguageServersRegistry$ExtensionLanguageServerDefinition.createConnectionProvider(LanguageServersRegistry.java:161)
	at org.eclipse.lsp4e.LanguageServerWrapper.lambda$0(LanguageServerWrapper.java:233)
	at java.base/java.util.concurrent.CompletableFuture$AsyncSupply.run(CompletableFuture.java:1768)
	at java.base/java.util.concurrent.CompletableFuture$AsyncSupply.exec(CompletableFuture.java:1760)
	at java.base/java.util.concurrent.ForkJoinTask.doExec(ForkJoinTask.java:373)
	at java.base/java.util.concurrent.ForkJoinPool$WorkQueue.topLevelExec(ForkJoinPool.java:1182)
	at java.base/java.util.concurrent.ForkJoinPool.scan(ForkJoinPool.java:1655)
	at java.base/java.util.concurrent.ForkJoinPool.runWorker(ForkJoinPool.java:1622)
	at java.base/java.util.concurrent.ForkJoinWorkerThread.run(ForkJoinWorkerThread.java:165)
Caused by: java.lang.NullPointerException: Cannot invoke "java.io.File.getAbsolutePath()" because the return value of "org.eclipse.wildwebdeveloper.embedder.node.NodeJSManager.getNodeJsLocation()" is null
	at org.eclipse.wildwebdeveloper.html.HTMLLanguageServer.<init>(HTMLLanguageServer.java:40)
	... 18 more
Root exception:
java.lang.NullPointerException: Cannot invoke "java.io.File.getAbsolutePath()" because the return value of "org.eclipse.wildwebdeveloper.embedder.node.NodeJSManager.getNodeJsLocation()" is null
	at org.eclipse.wildwebdeveloper.html.HTMLLanguageServer.<init>(HTMLLanguageServer.java:40)
	at java.base/jdk.internal.reflect.NativeConstructorAccessorImpl.newInstance0(Native Method)
	at java.base/jdk.internal.reflect.NativeConstructorAccessorImpl.newInstance(NativeConstructorAccessorImpl.java:77)
	at java.base/jdk.internal.reflect.DelegatingConstructorAccessorImpl.newInstance(DelegatingConstructorAccessorImpl.java:45)
	at java.base/java.lang.reflect.Constructor.newInstanceWithCaller(Constructor.java:499)
	at java.base/java.lang.reflect.Constructor.newInstance(Constructor.java:480)
	at org.eclipse.core.internal.registry.osgi.RegistryStrategyOSGI.createExecutableExtension(RegistryStrategyOSGI.java:204)
	at org.eclipse.core.internal.registry.ExtensionRegistry.createExecutableExtension(ExtensionRegistry.java:920)
	at org.eclipse.core.internal.registry.ConfigurationElement.createExecutableExtension(ConfigurationElement.java:246)
	at org.eclipse.core.internal.registry.ConfigurationElementHandle.createExecutableExtension(ConfigurationElementHandle.java:63)
	at org.eclipse.lsp4e.LanguageServersRegistry$ExtensionLanguageServerDefinition.createConnectionProvider(LanguageServersRegistry.java:161)
	at org.eclipse.lsp4e.LanguageServerWrapper.lambda$0(LanguageServerWrapper.java:233)
	at java.base/java.util.concurrent.CompletableFuture$AsyncSupply.run(CompletableFuture.java:1768)
	at java.base/java.util.concurrent.CompletableFuture$AsyncSupply.exec(CompletableFuture.java:1760)
	at java.base/java.util.concurrent.ForkJoinTask.doExec(ForkJoinTask.java:373)
	at java.base/java.util.concurrent.ForkJoinPool$WorkQueue.topLevelExec(ForkJoinPool.java:1182)
	at java.base/java.util.concurrent.ForkJoinPool.scan(ForkJoinPool.java:1655)
	at java.base/java.util.concurrent.ForkJoinPool.runWorker(ForkJoinPool.java:1622)
	at java.base/java.util.concurrent.ForkJoinWorkerThread.run(ForkJoinWorkerThread.java:165)

!ENTRY org.eclipse.lsp4e 4 0 2025-02-15 22:10:15.544
!MESSAGE プラグイン "org.eclipse.wildwebdeveloper" は、クラス "org.eclipse.wildwebdeveloper.angular.AngularLanguageServer" をインスタンス化できませんでした。
!STACK 1
org.eclipse.core.runtime.CoreException: プラグイン "org.eclipse.wildwebdeveloper" は、クラス "org.eclipse.wildwebdeveloper.angular.AngularLanguageServer" をインスタンス化できませんでした。
	at org.eclipse.core.internal.registry.osgi.RegistryStrategyOSGI.throwException(RegistryStrategyOSGI.java:212)
	at org.eclipse.core.internal.registry.osgi.RegistryStrategyOSGI.createExecutableExtension(RegistryStrategyOSGI.java:206)
	at org.eclipse.core.internal.registry.ExtensionRegistry.createExecutableExtension(ExtensionRegistry.java:920)
	at org.eclipse.core.internal.registry.ConfigurationElement.createExecutableExtension(ConfigurationElement.java:246)
	at org.eclipse.core.internal.registry.ConfigurationElementHandle.createExecutableExtension(ConfigurationElementHandle.java:63)
	at org.eclipse.lsp4e.LanguageServersRegistry$ExtensionLanguageServerDefinition.createConnectionProvider(LanguageServersRegistry.java:161)
	at org.eclipse.lsp4e.LanguageServerWrapper.lambda$0(LanguageServerWrapper.java:233)
	at java.base/java.util.concurrent.CompletableFuture$AsyncSupply.run(CompletableFuture.java:1768)
	at java.base/java.util.concurrent.CompletableFuture$AsyncSupply.exec(CompletableFuture.java:1760)
	at java.base/java.util.concurrent.ForkJoinTask.doExec(ForkJoinTask.java:373)
	at java.base/java.util.concurrent.ForkJoinPool$WorkQueue.topLevelExec(ForkJoinPool.java:1182)
	at java.base/java.util.concurrent.ForkJoinPool.scan(ForkJoinPool.java:1655)
	at java.base/java.util.concurrent.ForkJoinPool.runWorker(ForkJoinPool.java:1622)
	at java.base/java.util.concurrent.ForkJoinWorkerThread.run(ForkJoinWorkerThread.java:165)
Caused by: java.lang.reflect.InvocationTargetException
	at java.base/jdk.internal.reflect.NativeConstructorAccessorImpl.newInstance0(Native Method)
	at java.base/jdk.internal.reflect.NativeConstructorAccessorImpl.newInstance(NativeConstructorAccessorImpl.java:77)
	at java.base/jdk.internal.reflect.DelegatingConstructorAccessorImpl.newInstance(DelegatingConstructorAccessorImpl.java:45)
	at java.base/java.lang.reflect.Constructor.newInstanceWithCaller(Constructor.java:499)
	at java.base/java.lang.reflect.Constructor.newInstance(Constructor.java:480)
	at org.eclipse.core.internal.registry.osgi.RegistryStrategyOSGI.createExecutableExtension(RegistryStrategyOSGI.java:204)
	... 12 more
Caused by: java.lang.NullPointerException: Cannot invoke "java.io.File.getAbsolutePath()" because the return value of "org.eclipse.wildwebdeveloper.embedder.node.NodeJSManager.getNodeJsLocation()" is null
	at org.eclipse.wildwebdeveloper.angular.AngularLanguageServer.<init>(AngularLanguageServer.java:43)
	... 18 more
!SUBENTRY 1 org.eclipse.equinox.registry 4 1 2025-02-15 22:10:15.544
!MESSAGE プラグイン "org.eclipse.wildwebdeveloper" は、クラス "org.eclipse.wildwebdeveloper.angular.AngularLanguageServer" をインスタンス化できませんでした。
!STACK 0
java.lang.reflect.InvocationTargetException
	at java.base/jdk.internal.reflect.NativeConstructorAccessorImpl.newInstance0(Native Method)
	at java.base/jdk.internal.reflect.NativeConstructorAccessorImpl.newInstance(NativeConstructorAccessorImpl.java:77)
	at java.base/jdk.internal.reflect.DelegatingConstructorAccessorImpl.newInstance(DelegatingConstructorAccessorImpl.java:45)
	at java.base/java.lang.reflect.Constructor.newInstanceWithCaller(Constructor.java:499)
	at java.base/java.lang.reflect.Constructor.newInstance(Constructor.java:480)
	at org.eclipse.core.internal.registry.osgi.RegistryStrategyOSGI.createExecutableExtension(RegistryStrategyOSGI.java:204)
	at org.eclipse.core.internal.registry.ExtensionRegistry.createExecutableExtension(ExtensionRegistry.java:920)
	at org.eclipse.core.internal.registry.ConfigurationElement.createExecutableExtension(ConfigurationElement.java:246)
	at org.eclipse.core.internal.registry.ConfigurationElementHandle.createExecutableExtension(ConfigurationElementHandle.java:63)
	at org.eclipse.lsp4e.LanguageServersRegistry$ExtensionLanguageServerDefinition.createConnectionProvider(LanguageServersRegistry.java:161)
	at org.eclipse.lsp4e.LanguageServerWrapper.lambda$0(LanguageServerWrapper.java:233)
	at java.base/java.util.concurrent.CompletableFuture$AsyncSupply.run(CompletableFuture.java:1768)
	at java.base/java.util.concurrent.CompletableFuture$AsyncSupply.exec(CompletableFuture.java:1760)
	at java.base/java.util.concurrent.ForkJoinTask.doExec(ForkJoinTask.java:373)
	at java.base/java.util.concurrent.ForkJoinPool$WorkQueue.topLevelExec(ForkJoinPool.java:1182)
	at java.base/java.util.concurrent.ForkJoinPool.scan(ForkJoinPool.java:1655)
	at java.base/java.util.concurrent.ForkJoinPool.runWorker(ForkJoinPool.java:1622)
	at java.base/java.util.concurrent.ForkJoinWorkerThread.run(ForkJoinWorkerThread.java:165)
Caused by: java.lang.NullPointerException: Cannot invoke "java.io.File.getAbsolutePath()" because the return value of "org.eclipse.wildwebdeveloper.embedder.node.NodeJSManager.getNodeJsLocation()" is null
	at org.eclipse.wildwebdeveloper.angular.AngularLanguageServer.<init>(AngularLanguageServer.java:43)
	... 18 more
Root exception:
java.lang.NullPointerException: Cannot invoke "java.io.File.getAbsolutePath()" because the return value of "org.eclipse.wildwebdeveloper.embedder.node.NodeJSManager.getNodeJsLocation()" is null
	at org.eclipse.wildwebdeveloper.angular.AngularLanguageServer.<init>(AngularLanguageServer.java:43)
	at java.base/jdk.internal.reflect.NativeConstructorAccessorImpl.newInstance0(Native Method)
	at java.base/jdk.internal.reflect.NativeConstructorAccessorImpl.newInstance(NativeConstructorAccessorImpl.java:77)
	at java.base/jdk.internal.reflect.DelegatingConstructorAccessorImpl.newInstance(DelegatingConstructorAccessorImpl.java:45)
	at java.base/java.lang.reflect.Constructor.newInstanceWithCaller(Constructor.java:499)
	at java.base/java.lang.reflect.Constructor.newInstance(Constructor.java:480)
	at org.eclipse.core.internal.registry.osgi.RegistryStrategyOSGI.createExecutableExtension(RegistryStrategyOSGI.java:204)
	at org.eclipse.core.internal.registry.ExtensionRegistry.createExecutableExtension(ExtensionRegistry.java:920)
	at org.eclipse.core.internal.registry.ConfigurationElement.createExecutableExtension(ConfigurationElement.java:246)
	at org.eclipse.core.internal.registry.ConfigurationElementHandle.createExecutableExtension(ConfigurationElementHandle.java:63)
	at org.eclipse.lsp4e.LanguageServersRegistry$ExtensionLanguageServerDefinition.createConnectionProvider(LanguageServersRegistry.java:161)
	at org.eclipse.lsp4e.LanguageServerWrapper.lambda$0(LanguageServerWrapper.java:233)
	at java.base/java.util.concurrent.CompletableFuture$AsyncSupply.run(CompletableFuture.java:1768)
	at java.base/java.util.concurrent.CompletableFuture$AsyncSupply.exec(CompletableFuture.java:1760)
	at java.base/java.util.concurrent.ForkJoinTask.doExec(ForkJoinTask.java:373)
	at java.base/java.util.concurrent.ForkJoinPool$WorkQueue.topLevelExec(ForkJoinPool.java:1182)
	at java.base/java.util.concurrent.ForkJoinPool.scan(ForkJoinPool.java:1655)
	at java.base/java.util.concurrent.ForkJoinPool.runWorker(ForkJoinPool.java:1622)
	at java.base/java.util.concurrent.ForkJoinWorkerThread.run(ForkJoinWorkerThread.java:165)

!ENTRY org.eclipse.lsp4e 4 0 2025-02-15 22:10:15.546
!MESSAGE Exception occurred while creating an instance of the stream connection provider
!STACK 0
java.lang.RuntimeException: Exception occurred while creating an instance of the stream connection provider
	at org.eclipse.lsp4e.LanguageServersRegistry$ExtensionLanguageServerDefinition.createConnectionProvider(LanguageServersRegistry.java:164)
	at org.eclipse.lsp4e.LanguageServerWrapper.lambda$0(LanguageServerWrapper.java:233)
	at java.base/java.util.concurrent.CompletableFuture$AsyncSupply.run(CompletableFuture.java:1768)
	at java.base/java.util.concurrent.CompletableFuture$AsyncSupply.exec(CompletableFuture.java:1760)
	at java.base/java.util.concurrent.ForkJoinTask.doExec(ForkJoinTask.java:373)
	at java.base/java.util.concurrent.ForkJoinPool$WorkQueue.topLevelExec(ForkJoinPool.java:1182)
	at java.base/java.util.concurrent.ForkJoinPool.scan(ForkJoinPool.java:1655)
	at java.base/java.util.concurrent.ForkJoinPool.runWorker(ForkJoinPool.java:1622)
	at java.base/java.util.concurrent.ForkJoinWorkerThread.run(ForkJoinWorkerThread.java:165)
Caused by: org.eclipse.core.runtime.CoreException: プラグイン "org.eclipse.wildwebdeveloper" は、クラス "org.eclipse.wildwebdeveloper.html.HTMLLanguageServer" をインスタンス化できませんでした。
	at org.eclipse.core.internal.registry.osgi.RegistryStrategyOSGI.throwException(RegistryStrategyOSGI.java:212)
	at org.eclipse.core.internal.registry.osgi.RegistryStrategyOSGI.createExecutableExtension(RegistryStrategyOSGI.java:206)
	at org.eclipse.core.internal.registry.ExtensionRegistry.createExecutableExtension(ExtensionRegistry.java:920)
	at org.eclipse.core.internal.registry.ConfigurationElement.createExecutableExtension(ConfigurationElement.java:246)
	at org.eclipse.core.internal.registry.ConfigurationElementHandle.createExecutableExtension(ConfigurationElementHandle.java:63)
	at org.eclipse.lsp4e.LanguageServersRegistry$ExtensionLanguageServerDefinition.createConnectionProvider(LanguageServersRegistry.java:161)
	... 8 more
Caused by: java.lang.reflect.InvocationTargetException
	at java.base/jdk.internal.reflect.NativeConstructorAccessorImpl.newInstance0(Native Method)
	at java.base/jdk.internal.reflect.NativeConstructorAccessorImpl.newInstance(NativeConstructorAccessorImpl.java:77)
	at java.base/jdk.internal.reflect.DelegatingConstructorAccessorImpl.newInstance(DelegatingConstructorAccessorImpl.java:45)
	at java.base/java.lang.reflect.Constructor.newInstanceWithCaller(Constructor.java:499)
	at java.base/java.lang.reflect.Constructor.newInstance(Constructor.java:480)
	at org.eclipse.core.internal.registry.osgi.RegistryStrategyOSGI.createExecutableExtension(RegistryStrategyOSGI.java:204)
	... 12 more
Caused by: java.lang.NullPointerException: Cannot invoke "java.io.File.getAbsolutePath()" because the return value of "org.eclipse.wildwebdeveloper.embedder.node.NodeJSManager.getNodeJsLocation()" is null
	at org.eclipse.wildwebdeveloper.html.HTMLLanguageServer.<init>(HTMLLanguageServer.java:40)
	... 18 more

!ENTRY org.eclipse.lsp4e 4 0 2025-02-15 22:10:15.546
!MESSAGE Exception occurred while creating an instance of the stream connection provider
!STACK 0
java.lang.RuntimeException: Exception occurred while creating an instance of the stream connection provider
	at org.eclipse.lsp4e.LanguageServersRegistry$ExtensionLanguageServerDefinition.createConnectionProvider(LanguageServersRegistry.java:164)
	at org.eclipse.lsp4e.LanguageServerWrapper.lambda$0(LanguageServerWrapper.java:233)
	at java.base/java.util.concurrent.CompletableFuture$AsyncSupply.run(CompletableFuture.java:1768)
	at java.base/java.util.concurrent.CompletableFuture$AsyncSupply.exec(CompletableFuture.java:1760)
	at java.base/java.util.concurrent.ForkJoinTask.doExec(ForkJoinTask.java:373)
	at java.base/java.util.concurrent.ForkJoinPool$WorkQueue.topLevelExec(ForkJoinPool.java:1182)
	at java.base/java.util.concurrent.ForkJoinPool.scan(ForkJoinPool.java:1655)
	at java.base/java.util.concurrent.ForkJoinPool.runWorker(ForkJoinPool.java:1622)
	at java.base/java.util.concurrent.ForkJoinWorkerThread.run(ForkJoinWorkerThread.java:165)
Caused by: org.eclipse.core.runtime.CoreException: プラグイン "org.eclipse.wildwebdeveloper" は、クラス "org.eclipse.wildwebdeveloper.angular.AngularLanguageServer" をインスタンス化できませんでした。
	at org.eclipse.core.internal.registry.osgi.RegistryStrategyOSGI.throwException(RegistryStrategyOSGI.java:212)
	at org.eclipse.core.internal.registry.osgi.RegistryStrategyOSGI.createExecutableExtension(RegistryStrategyOSGI.java:206)
	at org.eclipse.core.internal.registry.ExtensionRegistry.createExecutableExtension(ExtensionRegistry.java:920)
	at org.eclipse.core.internal.registry.ConfigurationElement.createExecutableExtension(ConfigurationElement.java:246)
	at org.eclipse.core.internal.registry.ConfigurationElementHandle.createExecutableExtension(ConfigurationElementHandle.java:63)
	at org.eclipse.lsp4e.LanguageServersRegistry$ExtensionLanguageServerDefinition.createConnectionProvider(LanguageServersRegistry.java:161)
	... 8 more
Caused by: java.lang.reflect.InvocationTargetException
	at java.base/jdk.internal.reflect.NativeConstructorAccessorImpl.newInstance0(Native Method)
	at java.base/jdk.internal.reflect.NativeConstructorAccessorImpl.newInstance(NativeConstructorAccessorImpl.java:77)
	at java.base/jdk.internal.reflect.DelegatingConstructorAccessorImpl.newInstance(DelegatingConstructorAccessorImpl.java:45)
	at java.base/java.lang.reflect.Constructor.newInstanceWithCaller(Constructor.java:499)
	at java.base/java.lang.reflect.Constructor.newInstance(Constructor.java:480)
	at org.eclipse.core.internal.registry.osgi.RegistryStrategyOSGI.createExecutableExtension(RegistryStrategyOSGI.java:204)
	... 12 more
Caused by: java.lang.NullPointerException: Cannot invoke "java.io.File.getAbsolutePath()" because the return value of "org.eclipse.wildwebdeveloper.embedder.node.NodeJSManager.getNodeJsLocation()" is null
	at org.eclipse.wildwebdeveloper.angular.AngularLanguageServer.<init>(AngularLanguageServer.java:43)
	... 18 more

!ENTRY org.eclipse.lsp4e 4 0 2025-02-15 22:10:15.547
!MESSAGE Cannot invoke "org.eclipse.lsp4e.server.StreamConnectionProvider.getInputStream()" because "this.lspStreamProvider" is null
!STACK 0
java.lang.NullPointerException: Cannot invoke "org.eclipse.lsp4e.server.StreamConnectionProvider.getInputStream()" because "this.lspStreamProvider" is null
	at org.eclipse.lsp4e.LanguageServerWrapper.lambda$1(LanguageServerWrapper.java:284)
	at java.base/java.util.concurrent.CompletableFuture$UniApply.tryFire(CompletableFuture.java:646)
	at java.base/java.util.concurrent.CompletableFuture.postComplete(CompletableFuture.java:510)
	at java.base/java.util.concurrent.CompletableFuture$AsyncSupply.run(CompletableFuture.java:1773)
	at java.base/java.util.concurrent.CompletableFuture$AsyncSupply.exec(CompletableFuture.java:1760)
	at java.base/java.util.concurrent.ForkJoinTask.doExec(ForkJoinTask.java:373)
	at java.base/java.util.concurrent.ForkJoinPool$WorkQueue.topLevelExec(ForkJoinPool.java:1182)
	at java.base/java.util.concurrent.ForkJoinPool.scan(ForkJoinPool.java:1655)
	at java.base/java.util.concurrent.ForkJoinPool.runWorker(ForkJoinPool.java:1622)
	at java.base/java.util.concurrent.ForkJoinWorkerThread.run(ForkJoinWorkerThread.java:165)

!ENTRY org.eclipse.lsp4e 4 0 2025-02-15 22:10:15.547
!MESSAGE Cannot invoke "org.eclipse.lsp4e.server.StreamConnectionProvider.getInputStream()" because "this.lspStreamProvider" is null
!STACK 0
java.lang.NullPointerException: Cannot invoke "org.eclipse.lsp4e.server.StreamConnectionProvider.getInputStream()" because "this.lspStreamProvider" is null
	at org.eclipse.lsp4e.LanguageServerWrapper.lambda$1(LanguageServerWrapper.java:284)
	at java.base/java.util.concurrent.CompletableFuture$UniApply.tryFire(CompletableFuture.java:646)
	at java.base/java.util.concurrent.CompletableFuture.postComplete(CompletableFuture.java:510)
	at java.base/java.util.concurrent.CompletableFuture$AsyncSupply.run(CompletableFuture.java:1773)
	at java.base/java.util.concurrent.CompletableFuture$AsyncSupply.exec(CompletableFuture.java:1760)
	at java.base/java.util.concurrent.ForkJoinTask.doExec(ForkJoinTask.java:373)
	at java.base/java.util.concurrent.ForkJoinPool$WorkQueue.topLevelExec(ForkJoinPool.java:1182)
	at java.base/java.util.concurrent.ForkJoinPool.scan(ForkJoinPool.java:1655)
	at java.base/java.util.concurrent.ForkJoinPool.runWorker(ForkJoinPool.java:1622)
	at java.base/java.util.concurrent.ForkJoinWorkerThread.run(ForkJoinWorkerThread.java:165)

!ENTRY org.eclipse.lsp4e 4 0 2025-02-15 22:10:17.155
!MESSAGE プラグイン "org.eclipse.wildwebdeveloper" は、クラス "org.eclipse.wildwebdeveloper.html.HTMLLanguageServer" をインスタンス化できませんでした。
!STACK 1
org.eclipse.core.runtime.CoreException: プラグイン "org.eclipse.wildwebdeveloper" は、クラス "org.eclipse.wildwebdeveloper.html.HTMLLanguageServer" をインスタンス化できませんでした。
	at org.eclipse.core.internal.registry.osgi.RegistryStrategyOSGI.throwException(RegistryStrategyOSGI.java:212)
	at org.eclipse.core.internal.registry.osgi.RegistryStrategyOSGI.createExecutableExtension(RegistryStrategyOSGI.java:206)
	at org.eclipse.core.internal.registry.ExtensionRegistry.createExecutableExtension(ExtensionRegistry.java:920)
	at org.eclipse.core.internal.registry.ConfigurationElement.createExecutableExtension(ConfigurationElement.java:246)
	at org.eclipse.core.internal.registry.ConfigurationElementHandle.createExecutableExtension(ConfigurationElementHandle.java:63)
	at org.eclipse.lsp4e.LanguageServersRegistry$ExtensionLanguageServerDefinition.createConnectionProvider(LanguageServersRegistry.java:161)
	at org.eclipse.lsp4e.LanguageServerWrapper.lambda$0(LanguageServerWrapper.java:233)
	at java.base/java.util.concurrent.CompletableFuture$AsyncSupply.run(CompletableFuture.java:1768)
	at java.base/java.util.concurrent.CompletableFuture$AsyncSupply.exec(CompletableFuture.java:1760)
	at java.base/java.util.concurrent.ForkJoinTask.doExec(ForkJoinTask.java:373)
	at java.base/java.util.concurrent.ForkJoinPool$WorkQueue.topLevelExec(ForkJoinPool.java:1182)
	at java.base/java.util.concurrent.ForkJoinPool.scan(ForkJoinPool.java:1655)
	at java.base/java.util.concurrent.ForkJoinPool.runWorker(ForkJoinPool.java:1622)
	at java.base/java.util.concurrent.ForkJoinWorkerThread.run(ForkJoinWorkerThread.java:165)
Caused by: java.lang.reflect.InvocationTargetException
	at java.base/jdk.internal.reflect.NativeConstructorAccessorImpl.newInstance0(Native Method)
	at java.base/jdk.internal.reflect.NativeConstructorAccessorImpl.newInstance(NativeConstructorAccessorImpl.java:77)
	at java.base/jdk.internal.reflect.DelegatingConstructorAccessorImpl.newInstance(DelegatingConstructorAccessorImpl.java:45)
	at java.base/java.lang.reflect.Constructor.newInstanceWithCaller(Constructor.java:499)
	at java.base/java.lang.reflect.Constructor.newInstance(Constructor.java:480)
	at org.eclipse.core.internal.registry.osgi.RegistryStrategyOSGI.createExecutableExtension(RegistryStrategyOSGI.java:204)
	... 12 more
Caused by: java.lang.NullPointerException: Cannot invoke "java.io.File.getAbsolutePath()" because the return value of "org.eclipse.wildwebdeveloper.embedder.node.NodeJSManager.getNodeJsLocation()" is null
	at org.eclipse.wildwebdeveloper.html.HTMLLanguageServer.<init>(HTMLLanguageServer.java:40)
	... 18 more
!SUBENTRY 1 org.eclipse.equinox.registry 4 1 2025-02-15 22:10:17.155
!MESSAGE プラグイン "org.eclipse.wildwebdeveloper" は、クラス "org.eclipse.wildwebdeveloper.html.HTMLLanguageServer" をインスタンス化できませんでした。
!STACK 0
java.lang.reflect.InvocationTargetException
	at java.base/jdk.internal.reflect.NativeConstructorAccessorImpl.newInstance0(Native Method)
	at java.base/jdk.internal.reflect.NativeConstructorAccessorImpl.newInstance(NativeConstructorAccessorImpl.java:77)
	at java.base/jdk.internal.reflect.DelegatingConstructorAccessorImpl.newInstance(DelegatingConstructorAccessorImpl.java:45)
	at java.base/java.lang.reflect.Constructor.newInstanceWithCaller(Constructor.java:499)
	at java.base/java.lang.reflect.Constructor.newInstance(Constructor.java:480)
	at org.eclipse.core.internal.registry.osgi.RegistryStrategyOSGI.createExecutableExtension(RegistryStrategyOSGI.java:204)
	at org.eclipse.core.internal.registry.ExtensionRegistry.createExecutableExtension(ExtensionRegistry.java:920)
	at org.eclipse.core.internal.registry.ConfigurationElement.createExecutableExtension(ConfigurationElement.java:246)
	at org.eclipse.core.internal.registry.ConfigurationElementHandle.createExecutableExtension(ConfigurationElementHandle.java:63)
	at org.eclipse.lsp4e.LanguageServersRegistry$ExtensionLanguageServerDefinition.createConnectionProvider(LanguageServersRegistry.java:161)
	at org.eclipse.lsp4e.LanguageServerWrapper.lambda$0(LanguageServerWrapper.java:233)
	at java.base/java.util.concurrent.CompletableFuture$AsyncSupply.run(CompletableFuture.java:1768)
	at java.base/java.util.concurrent.CompletableFuture$AsyncSupply.exec(CompletableFuture.java:1760)
	at java.base/java.util.concurrent.ForkJoinTask.doExec(ForkJoinTask.java:373)
	at java.base/java.util.concurrent.ForkJoinPool$WorkQueue.topLevelExec(ForkJoinPool.java:1182)
	at java.base/java.util.concurrent.ForkJoinPool.scan(ForkJoinPool.java:1655)
	at java.base/java.util.concurrent.ForkJoinPool.runWorker(ForkJoinPool.java:1622)
	at java.base/java.util.concurrent.ForkJoinWorkerThread.run(ForkJoinWorkerThread.java:165)
Caused by: java.lang.NullPointerException: Cannot invoke "java.io.File.getAbsolutePath()" because the return value of "org.eclipse.wildwebdeveloper.embedder.node.NodeJSManager.getNodeJsLocation()" is null
	at org.eclipse.wildwebdeveloper.html.HTMLLanguageServer.<init>(HTMLLanguageServer.java:40)
	... 18 more
Root exception:
java.lang.NullPointerException: Cannot invoke "java.io.File.getAbsolutePath()" because the return value of "org.eclipse.wildwebdeveloper.embedder.node.NodeJSManager.getNodeJsLocation()" is null
	at org.eclipse.wildwebdeveloper.html.HTMLLanguageServer.<init>(HTMLLanguageServer.java:40)
	at java.base/jdk.internal.reflect.NativeConstructorAccessorImpl.newInstance0(Native Method)
	at java.base/jdk.internal.reflect.NativeConstructorAccessorImpl.newInstance(NativeConstructorAccessorImpl.java:77)
	at java.base/jdk.internal.reflect.DelegatingConstructorAccessorImpl.newInstance(DelegatingConstructorAccessorImpl.java:45)
	at java.base/java.lang.reflect.Constructor.newInstanceWithCaller(Constructor.java:499)
	at java.base/java.lang.reflect.Constructor.newInstance(Constructor.java:480)
	at org.eclipse.core.internal.registry.osgi.RegistryStrategyOSGI.createExecutableExtension(RegistryStrategyOSGI.java:204)
	at org.eclipse.core.internal.registry.ExtensionRegistry.createExecutableExtension(ExtensionRegistry.java:920)
	at org.eclipse.core.internal.registry.ConfigurationElement.createExecutableExtension(ConfigurationElement.java:246)
	at org.eclipse.core.internal.registry.ConfigurationElementHandle.createExecutableExtension(ConfigurationElementHandle.java:63)
	at org.eclipse.lsp4e.LanguageServersRegistry$ExtensionLanguageServerDefinition.createConnectionProvider(LanguageServersRegistry.java:161)
	at org.eclipse.lsp4e.LanguageServerWrapper.lambda$0(LanguageServerWrapper.java:233)
	at java.base/java.util.concurrent.CompletableFuture$AsyncSupply.run(CompletableFuture.java:1768)
	at java.base/java.util.concurrent.CompletableFuture$AsyncSupply.exec(CompletableFuture.java:1760)
	at java.base/java.util.concurrent.ForkJoinTask.doExec(ForkJoinTask.java:373)
	at java.base/java.util.concurrent.ForkJoinPool$WorkQueue.topLevelExec(ForkJoinPool.java:1182)
	at java.base/java.util.concurrent.ForkJoinPool.scan(ForkJoinPool.java:1655)
	at java.base/java.util.concurrent.ForkJoinPool.runWorker(ForkJoinPool.java:1622)
	at java.base/java.util.concurrent.ForkJoinWorkerThread.run(ForkJoinWorkerThread.java:165)

!ENTRY org.eclipse.lsp4e 4 0 2025-02-15 22:10:17.156
!MESSAGE Exception occurred while creating an instance of the stream connection provider
!STACK 0
java.lang.RuntimeException: Exception occurred while creating an instance of the stream connection provider
	at org.eclipse.lsp4e.LanguageServersRegistry$ExtensionLanguageServerDefinition.createConnectionProvider(LanguageServersRegistry.java:164)
	at org.eclipse.lsp4e.LanguageServerWrapper.lambda$0(LanguageServerWrapper.java:233)
	at java.base/java.util.concurrent.CompletableFuture$AsyncSupply.run(CompletableFuture.java:1768)
	at java.base/java.util.concurrent.CompletableFuture$AsyncSupply.exec(CompletableFuture.java:1760)
	at java.base/java.util.concurrent.ForkJoinTask.doExec(ForkJoinTask.java:373)
	at java.base/java.util.concurrent.ForkJoinPool$WorkQueue.topLevelExec(ForkJoinPool.java:1182)
	at java.base/java.util.concurrent.ForkJoinPool.scan(ForkJoinPool.java:1655)
	at java.base/java.util.concurrent.ForkJoinPool.runWorker(ForkJoinPool.java:1622)
	at java.base/java.util.concurrent.ForkJoinWorkerThread.run(ForkJoinWorkerThread.java:165)
Caused by: org.eclipse.core.runtime.CoreException: プラグイン "org.eclipse.wildwebdeveloper" は、クラス "org.eclipse.wildwebdeveloper.html.HTMLLanguageServer" をインスタンス化できませんでした。
	at org.eclipse.core.internal.registry.osgi.RegistryStrategyOSGI.throwException(RegistryStrategyOSGI.java:212)
	at org.eclipse.core.internal.registry.osgi.RegistryStrategyOSGI.createExecutableExtension(RegistryStrategyOSGI.java:206)
	at org.eclipse.core.internal.registry.ExtensionRegistry.createExecutableExtension(ExtensionRegistry.java:920)
	at org.eclipse.core.internal.registry.ConfigurationElement.createExecutableExtension(ConfigurationElement.java:246)
	at org.eclipse.core.internal.registry.ConfigurationElementHandle.createExecutableExtension(ConfigurationElementHandle.java:63)
	at org.eclipse.lsp4e.LanguageServersRegistry$ExtensionLanguageServerDefinition.createConnectionProvider(LanguageServersRegistry.java:161)
	... 8 more
Caused by: java.lang.reflect.InvocationTargetException
	at java.base/jdk.internal.reflect.NativeConstructorAccessorImpl.newInstance0(Native Method)
	at java.base/jdk.internal.reflect.NativeConstructorAccessorImpl.newInstance(NativeConstructorAccessorImpl.java:77)
	at java.base/jdk.internal.reflect.DelegatingConstructorAccessorImpl.newInstance(DelegatingConstructorAccessorImpl.java:45)
	at java.base/java.lang.reflect.Constructor.newInstanceWithCaller(Constructor.java:499)
	at java.base/java.lang.reflect.Constructor.newInstance(Constructor.java:480)
	at org.eclipse.core.internal.registry.osgi.RegistryStrategyOSGI.createExecutableExtension(RegistryStrategyOSGI.java:204)
	... 12 more
Caused by: java.lang.NullPointerException: Cannot invoke "java.io.File.getAbsolutePath()" because the return value of "org.eclipse.wildwebdeveloper.embedder.node.NodeJSManager.getNodeJsLocation()" is null
	at org.eclipse.wildwebdeveloper.html.HTMLLanguageServer.<init>(HTMLLanguageServer.java:40)
	... 18 more

!ENTRY org.eclipse.lsp4e 4 0 2025-02-15 22:10:17.157
!MESSAGE Cannot invoke "org.eclipse.lsp4e.server.StreamConnectionProvider.getInputStream()" because "this.lspStreamProvider" is null
!STACK 0
java.lang.NullPointerException: Cannot invoke "org.eclipse.lsp4e.server.StreamConnectionProvider.getInputStream()" because "this.lspStreamProvider" is null
	at org.eclipse.lsp4e.LanguageServerWrapper.lambda$1(LanguageServerWrapper.java:284)
	at java.base/java.util.concurrent.CompletableFuture$UniApply.tryFire(CompletableFuture.java:646)
	at java.base/java.util.concurrent.CompletableFuture.postComplete(CompletableFuture.java:510)
	at java.base/java.util.concurrent.CompletableFuture$AsyncSupply.run(CompletableFuture.java:1773)
	at java.base/java.util.concurrent.CompletableFuture$AsyncSupply.exec(CompletableFuture.java:1760)
	at java.base/java.util.concurrent.ForkJoinTask.doExec(ForkJoinTask.java:373)
	at java.base/java.util.concurrent.ForkJoinPool$WorkQueue.topLevelExec(ForkJoinPool.java:1182)
	at java.base/java.util.concurrent.ForkJoinPool.scan(ForkJoinPool.java:1655)
	at java.base/java.util.concurrent.ForkJoinPool.runWorker(ForkJoinPool.java:1622)
	at java.base/java.util.concurrent.ForkJoinWorkerThread.run(ForkJoinWorkerThread.java:165)

!ENTRY org.eclipse.lsp4e 4 0 2025-02-15 22:10:17.160
!MESSAGE プラグイン "org.eclipse.wildwebdeveloper" は、クラス "org.eclipse.wildwebdeveloper.angular.AngularLanguageServer" をインスタンス化できませんでした。
!STACK 1
org.eclipse.core.runtime.CoreException: プラグイン "org.eclipse.wildwebdeveloper" は、クラス "org.eclipse.wildwebdeveloper.angular.AngularLanguageServer" をインスタンス化できませんでした。
	at org.eclipse.core.internal.registry.osgi.RegistryStrategyOSGI.throwException(RegistryStrategyOSGI.java:212)
	at org.eclipse.core.internal.registry.osgi.RegistryStrategyOSGI.createExecutableExtension(RegistryStrategyOSGI.java:206)
	at org.eclipse.core.internal.registry.ExtensionRegistry.createExecutableExtension(ExtensionRegistry.java:920)
	at org.eclipse.core.internal.registry.ConfigurationElement.createExecutableExtension(ConfigurationElement.java:246)
	at org.eclipse.core.internal.registry.ConfigurationElementHandle.createExecutableExtension(ConfigurationElementHandle.java:63)
	at org.eclipse.lsp4e.LanguageServersRegistry$ExtensionLanguageServerDefinition.createConnectionProvider(LanguageServersRegistry.java:161)
	at org.eclipse.lsp4e.LanguageServerWrapper.lambda$0(LanguageServerWrapper.java:233)
	at java.base/java.util.concurrent.CompletableFuture$AsyncSupply.run(CompletableFuture.java:1768)
	at java.base/java.util.concurrent.CompletableFuture$AsyncSupply.exec(CompletableFuture.java:1760)
	at java.base/java.util.concurrent.ForkJoinTask.doExec(ForkJoinTask.java:373)
	at java.base/java.util.concurrent.ForkJoinPool$WorkQueue.topLevelExec(ForkJoinPool.java:1182)
	at java.base/java.util.concurrent.ForkJoinPool.scan(ForkJoinPool.java:1655)
	at java.base/java.util.concurrent.ForkJoinPool.runWorker(ForkJoinPool.java:1622)
	at java.base/java.util.concurrent.ForkJoinWorkerThread.run(ForkJoinWorkerThread.java:165)
Caused by: java.lang.reflect.InvocationTargetException
	at java.base/jdk.internal.reflect.NativeConstructorAccessorImpl.newInstance0(Native Method)
	at java.base/jdk.internal.reflect.NativeConstructorAccessorImpl.newInstance(NativeConstructorAccessorImpl.java:77)
	at java.base/jdk.internal.reflect.DelegatingConstructorAccessorImpl.newInstance(DelegatingConstructorAccessorImpl.java:45)
	at java.base/java.lang.reflect.Constructor.newInstanceWithCaller(Constructor.java:499)
	at java.base/java.lang.reflect.Constructor.newInstance(Constructor.java:480)
	at org.eclipse.core.internal.registry.osgi.RegistryStrategyOSGI.createExecutableExtension(RegistryStrategyOSGI.java:204)
	... 12 more
Caused by: java.lang.NullPointerException: Cannot invoke "java.io.File.getAbsolutePath()" because the return value of "org.eclipse.wildwebdeveloper.embedder.node.NodeJSManager.getNodeJsLocation()" is null
	at org.eclipse.wildwebdeveloper.angular.AngularLanguageServer.<init>(AngularLanguageServer.java:43)
	... 18 more
!SUBENTRY 1 org.eclipse.equinox.registry 4 1 2025-02-15 22:10:17.160
!MESSAGE プラグイン "org.eclipse.wildwebdeveloper" は、クラス "org.eclipse.wildwebdeveloper.angular.AngularLanguageServer" をインスタンス化できませんでした。
!STACK 0
java.lang.reflect.InvocationTargetException
	at java.base/jdk.internal.reflect.NativeConstructorAccessorImpl.newInstance0(Native Method)
	at java.base/jdk.internal.reflect.NativeConstructorAccessorImpl.newInstance(NativeConstructorAccessorImpl.java:77)
	at java.base/jdk.internal.reflect.DelegatingConstructorAccessorImpl.newInstance(DelegatingConstructorAccessorImpl.java:45)
	at java.base/java.lang.reflect.Constructor.newInstanceWithCaller(Constructor.java:499)
	at java.base/java.lang.reflect.Constructor.newInstance(Constructor.java:480)
	at org.eclipse.core.internal.registry.osgi.RegistryStrategyOSGI.createExecutableExtension(RegistryStrategyOSGI.java:204)
	at org.eclipse.core.internal.registry.ExtensionRegistry.createExecutableExtension(ExtensionRegistry.java:920)
	at org.eclipse.core.internal.registry.ConfigurationElement.createExecutableExtension(ConfigurationElement.java:246)
	at org.eclipse.core.internal.registry.ConfigurationElementHandle.createExecutableExtension(ConfigurationElementHandle.java:63)
	at org.eclipse.lsp4e.LanguageServersRegistry$ExtensionLanguageServerDefinition.createConnectionProvider(LanguageServersRegistry.java:161)
	at org.eclipse.lsp4e.LanguageServerWrapper.lambda$0(LanguageServerWrapper.java:233)
	at java.base/java.util.concurrent.CompletableFuture$AsyncSupply.run(CompletableFuture.java:1768)
	at java.base/java.util.concurrent.CompletableFuture$AsyncSupply.exec(CompletableFuture.java:1760)
	at java.base/java.util.concurrent.ForkJoinTask.doExec(ForkJoinTask.java:373)
	at java.base/java.util.concurrent.ForkJoinPool$WorkQueue.topLevelExec(ForkJoinPool.java:1182)
	at java.base/java.util.concurrent.ForkJoinPool.scan(ForkJoinPool.java:1655)
	at java.base/java.util.concurrent.ForkJoinPool.runWorker(ForkJoinPool.java:1622)
	at java.base/java.util.concurrent.ForkJoinWorkerThread.run(ForkJoinWorkerThread.java:165)
Caused by: java.lang.NullPointerException: Cannot invoke "java.io.File.getAbsolutePath()" because the return value of "org.eclipse.wildwebdeveloper.embedder.node.NodeJSManager.getNodeJsLocation()" is null
	at org.eclipse.wildwebdeveloper.angular.AngularLanguageServer.<init>(AngularLanguageServer.java:43)
	... 18 more
Root exception:
java.lang.NullPointerException: Cannot invoke "java.io.File.getAbsolutePath()" because the return value of "org.eclipse.wildwebdeveloper.embedder.node.NodeJSManager.getNodeJsLocation()" is null
	at org.eclipse.wildwebdeveloper.angular.AngularLanguageServer.<init>(AngularLanguageServer.java:43)
	at java.base/jdk.internal.reflect.NativeConstructorAccessorImpl.newInstance0(Native Method)
	at java.base/jdk.internal.reflect.NativeConstructorAccessorImpl.newInstance(NativeConstructorAccessorImpl.java:77)
	at java.base/jdk.internal.reflect.DelegatingConstructorAccessorImpl.newInstance(DelegatingConstructorAccessorImpl.java:45)
	at java.base/java.lang.reflect.Constructor.newInstanceWithCaller(Constructor.java:499)
	at java.base/java.lang.reflect.Constructor.newInstance(Constructor.java:480)
	at org.eclipse.core.internal.registry.osgi.RegistryStrategyOSGI.createExecutableExtension(RegistryStrategyOSGI.java:204)
	at org.eclipse.core.internal.registry.ExtensionRegistry.createExecutableExtension(ExtensionRegistry.java:920)
	at org.eclipse.core.internal.registry.ConfigurationElement.createExecutableExtension(ConfigurationElement.java:246)
	at org.eclipse.core.internal.registry.ConfigurationElementHandle.createExecutableExtension(ConfigurationElementHandle.java:63)
	at org.eclipse.lsp4e.LanguageServersRegistry$ExtensionLanguageServerDefinition.createConnectionProvider(LanguageServersRegistry.java:161)
	at org.eclipse.lsp4e.LanguageServerWrapper.lambda$0(LanguageServerWrapper.java:233)
	at java.base/java.util.concurrent.CompletableFuture$AsyncSupply.run(CompletableFuture.java:1768)
	at java.base/java.util.concurrent.CompletableFuture$AsyncSupply.exec(CompletableFuture.java:1760)
	at java.base/java.util.concurrent.ForkJoinTask.doExec(ForkJoinTask.java:373)
	at java.base/java.util.concurrent.ForkJoinPool$WorkQueue.topLevelExec(ForkJoinPool.java:1182)
	at java.base/java.util.concurrent.ForkJoinPool.scan(ForkJoinPool.java:1655)
	at java.base/java.util.concurrent.ForkJoinPool.runWorker(ForkJoinPool.java:1622)
	at java.base/java.util.concurrent.ForkJoinWorkerThread.run(ForkJoinWorkerThread.java:165)

!ENTRY org.eclipse.lsp4e 4 0 2025-02-15 22:10:17.161
!MESSAGE Exception occurred while creating an instance of the stream connection provider
!STACK 0
java.lang.RuntimeException: Exception occurred while creating an instance of the stream connection provider
	at org.eclipse.lsp4e.LanguageServersRegistry$ExtensionLanguageServerDefinition.createConnectionProvider(LanguageServersRegistry.java:164)
	at org.eclipse.lsp4e.LanguageServerWrapper.lambda$0(LanguageServerWrapper.java:233)
	at java.base/java.util.concurrent.CompletableFuture$AsyncSupply.run(CompletableFuture.java:1768)
	at java.base/java.util.concurrent.CompletableFuture$AsyncSupply.exec(CompletableFuture.java:1760)
	at java.base/java.util.concurrent.ForkJoinTask.doExec(ForkJoinTask.java:373)
	at java.base/java.util.concurrent.ForkJoinPool$WorkQueue.topLevelExec(ForkJoinPool.java:1182)
	at java.base/java.util.concurrent.ForkJoinPool.scan(ForkJoinPool.java:1655)
	at java.base/java.util.concurrent.ForkJoinPool.runWorker(ForkJoinPool.java:1622)
	at java.base/java.util.concurrent.ForkJoinWorkerThread.run(ForkJoinWorkerThread.java:165)
Caused by: org.eclipse.core.runtime.CoreException: プラグイン "org.eclipse.wildwebdeveloper" は、クラス "org.eclipse.wildwebdeveloper.angular.AngularLanguageServer" をインスタンス化できませんでした。
	at org.eclipse.core.internal.registry.osgi.RegistryStrategyOSGI.throwException(RegistryStrategyOSGI.java:212)
	at org.eclipse.core.internal.registry.osgi.RegistryStrategyOSGI.createExecutableExtension(RegistryStrategyOSGI.java:206)
	at org.eclipse.core.internal.registry.ExtensionRegistry.createExecutableExtension(ExtensionRegistry.java:920)
	at org.eclipse.core.internal.registry.ConfigurationElement.createExecutableExtension(ConfigurationElement.java:246)
	at org.eclipse.core.internal.registry.ConfigurationElementHandle.createExecutableExtension(ConfigurationElementHandle.java:63)
	at org.eclipse.lsp4e.LanguageServersRegistry$ExtensionLanguageServerDefinition.createConnectionProvider(LanguageServersRegistry.java:161)
	... 8 more
Caused by: java.lang.reflect.InvocationTargetException
	at java.base/jdk.internal.reflect.NativeConstructorAccessorImpl.newInstance0(Native Method)
	at java.base/jdk.internal.reflect.NativeConstructorAccessorImpl.newInstance(NativeConstructorAccessorImpl.java:77)
	at java.base/jdk.internal.reflect.DelegatingConstructorAccessorImpl.newInstance(DelegatingConstructorAccessorImpl.java:45)
	at java.base/java.lang.reflect.Constructor.newInstanceWithCaller(Constructor.java:499)
	at java.base/java.lang.reflect.Constructor.newInstance(Constructor.java:480)
	at org.eclipse.core.internal.registry.osgi.RegistryStrategyOSGI.createExecutableExtension(RegistryStrategyOSGI.java:204)
	... 12 more
Caused by: java.lang.NullPointerException: Cannot invoke "java.io.File.getAbsolutePath()" because the return value of "org.eclipse.wildwebdeveloper.embedder.node.NodeJSManager.getNodeJsLocation()" is null
	at org.eclipse.wildwebdeveloper.angular.AngularLanguageServer.<init>(AngularLanguageServer.java:43)
	... 18 more

!ENTRY org.eclipse.lsp4e 4 0 2025-02-15 22:10:17.163
!MESSAGE Cannot invoke "org.eclipse.lsp4e.server.StreamConnectionProvider.getInputStream()" because "this.lspStreamProvider" is null
!STACK 0
java.lang.NullPointerException: Cannot invoke "org.eclipse.lsp4e.server.StreamConnectionProvider.getInputStream()" because "this.lspStreamProvider" is null
	at org.eclipse.lsp4e.LanguageServerWrapper.lambda$1(LanguageServerWrapper.java:284)
	at java.base/java.util.concurrent.CompletableFuture$UniApply.tryFire(CompletableFuture.java:646)
	at java.base/java.util.concurrent.CompletableFuture.postComplete(CompletableFuture.java:510)
	at java.base/java.util.concurrent.CompletableFuture$AsyncSupply.run(CompletableFuture.java:1773)
	at java.base/java.util.concurrent.CompletableFuture$AsyncSupply.exec(CompletableFuture.java:1760)
	at java.base/java.util.concurrent.ForkJoinTask.doExec(ForkJoinTask.java:373)
	at java.base/java.util.concurrent.ForkJoinPool$WorkQueue.topLevelExec(ForkJoinPool.java:1182)
	at java.base/java.util.concurrent.ForkJoinPool.scan(ForkJoinPool.java:1655)
	at java.base/java.util.concurrent.ForkJoinPool.runWorker(ForkJoinPool.java:1622)
	at java.base/java.util.concurrent.ForkJoinWorkerThread.run(ForkJoinWorkerThread.java:165)

!ENTRY org.eclipse.lsp4e 4 0 2025-02-15 22:10:17.275
!MESSAGE プラグイン "org.eclipse.wildwebdeveloper" は、クラス "org.eclipse.wildwebdeveloper.html.HTMLLanguageServer" をインスタンス化できませんでした。
!STACK 1
org.eclipse.core.runtime.CoreException: プラグイン "org.eclipse.wildwebdeveloper" は、クラス "org.eclipse.wildwebdeveloper.html.HTMLLanguageServer" をインスタンス化できませんでした。
	at org.eclipse.core.internal.registry.osgi.RegistryStrategyOSGI.throwException(RegistryStrategyOSGI.java:212)
	at org.eclipse.core.internal.registry.osgi.RegistryStrategyOSGI.createExecutableExtension(RegistryStrategyOSGI.java:206)
	at org.eclipse.core.internal.registry.ExtensionRegistry.createExecutableExtension(ExtensionRegistry.java:920)
	at org.eclipse.core.internal.registry.ConfigurationElement.createExecutableExtension(ConfigurationElement.java:246)
	at org.eclipse.core.internal.registry.ConfigurationElementHandle.createExecutableExtension(ConfigurationElementHandle.java:63)
	at org.eclipse.lsp4e.LanguageServersRegistry$ExtensionLanguageServerDefinition.createConnectionProvider(LanguageServersRegistry.java:161)
	at org.eclipse.lsp4e.LanguageServerWrapper.lambda$0(LanguageServerWrapper.java:233)
	at java.base/java.util.concurrent.CompletableFuture$AsyncSupply.run(CompletableFuture.java:1768)
	at java.base/java.util.concurrent.CompletableFuture$AsyncSupply.exec(CompletableFuture.java:1760)
	at java.base/java.util.concurrent.ForkJoinTask.doExec(ForkJoinTask.java:373)
	at java.base/java.util.concurrent.ForkJoinPool$WorkQueue.topLevelExec(ForkJoinPool.java:1182)
	at java.base/java.util.concurrent.ForkJoinPool.scan(ForkJoinPool.java:1655)
	at java.base/java.util.concurrent.ForkJoinPool.runWorker(ForkJoinPool.java:1622)
	at java.base/java.util.concurrent.ForkJoinWorkerThread.run(ForkJoinWorkerThread.java:165)
Caused by: java.lang.reflect.InvocationTargetException
	at java.base/jdk.internal.reflect.NativeConstructorAccessorImpl.newInstance0(Native Method)
	at java.base/jdk.internal.reflect.NativeConstructorAccessorImpl.newInstance(NativeConstructorAccessorImpl.java:77)
	at java.base/jdk.internal.reflect.DelegatingConstructorAccessorImpl.newInstance(DelegatingConstructorAccessorImpl.java:45)
	at java.base/java.lang.reflect.Constructor.newInstanceWithCaller(Constructor.java:499)
	at java.base/java.lang.reflect.Constructor.newInstance(Constructor.java:480)
	at org.eclipse.core.internal.registry.osgi.RegistryStrategyOSGI.createExecutableExtension(RegistryStrategyOSGI.java:204)
	... 12 more
Caused by: java.lang.NullPointerException: Cannot invoke "java.io.File.getAbsolutePath()" because the return value of "org.eclipse.wildwebdeveloper.embedder.node.NodeJSManager.getNodeJsLocation()" is null
	at org.eclipse.wildwebdeveloper.html.HTMLLanguageServer.<init>(HTMLLanguageServer.java:40)
	... 18 more
!SUBENTRY 1 org.eclipse.equinox.registry 4 1 2025-02-15 22:10:17.275
!MESSAGE プラグイン "org.eclipse.wildwebdeveloper" は、クラス "org.eclipse.wildwebdeveloper.html.HTMLLanguageServer" をインスタンス化できませんでした。
!STACK 0
java.lang.reflect.InvocationTargetException
	at java.base/jdk.internal.reflect.NativeConstructorAccessorImpl.newInstance0(Native Method)
	at java.base/jdk.internal.reflect.NativeConstructorAccessorImpl.newInstance(NativeConstructorAccessorImpl.java:77)
	at java.base/jdk.internal.reflect.DelegatingConstructorAccessorImpl.newInstance(DelegatingConstructorAccessorImpl.java:45)
	at java.base/java.lang.reflect.Constructor.newInstanceWithCaller(Constructor.java:499)
	at java.base/java.lang.reflect.Constructor.newInstance(Constructor.java:480)
	at org.eclipse.core.internal.registry.osgi.RegistryStrategyOSGI.createExecutableExtension(RegistryStrategyOSGI.java:204)
	at org.eclipse.core.internal.registry.ExtensionRegistry.createExecutableExtension(ExtensionRegistry.java:920)
	at org.eclipse.core.internal.registry.ConfigurationElement.createExecutableExtension(ConfigurationElement.java:246)
	at org.eclipse.core.internal.registry.ConfigurationElementHandle.createExecutableExtension(ConfigurationElementHandle.java:63)
	at org.eclipse.lsp4e.LanguageServersRegistry$ExtensionLanguageServerDefinition.createConnectionProvider(LanguageServersRegistry.java:161)
	at org.eclipse.lsp4e.LanguageServerWrapper.lambda$0(LanguageServerWrapper.java:233)
	at java.base/java.util.concurrent.CompletableFuture$AsyncSupply.run(CompletableFuture.java:1768)
	at java.base/java.util.concurrent.CompletableFuture$AsyncSupply.exec(CompletableFuture.java:1760)
	at java.base/java.util.concurrent.ForkJoinTask.doExec(ForkJoinTask.java:373)
	at java.base/java.util.concurrent.ForkJoinPool$WorkQueue.topLevelExec(ForkJoinPool.java:1182)
	at java.base/java.util.concurrent.ForkJoinPool.scan(ForkJoinPool.java:1655)
	at java.base/java.util.concurrent.ForkJoinPool.runWorker(ForkJoinPool.java:1622)
	at java.base/java.util.concurrent.ForkJoinWorkerThread.run(ForkJoinWorkerThread.java:165)
Caused by: java.lang.NullPointerException: Cannot invoke "java.io.File.getAbsolutePath()" because the return value of "org.eclipse.wildwebdeveloper.embedder.node.NodeJSManager.getNodeJsLocation()" is null
	at org.eclipse.wildwebdeveloper.html.HTMLLanguageServer.<init>(HTMLLanguageServer.java:40)
	... 18 more
Root exception:
java.lang.NullPointerException: Cannot invoke "java.io.File.getAbsolutePath()" because the return value of "org.eclipse.wildwebdeveloper.embedder.node.NodeJSManager.getNodeJsLocation()" is null
	at org.eclipse.wildwebdeveloper.html.HTMLLanguageServer.<init>(HTMLLanguageServer.java:40)
	at java.base/jdk.internal.reflect.NativeConstructorAccessorImpl.newInstance0(Native Method)
	at java.base/jdk.internal.reflect.NativeConstructorAccessorImpl.newInstance(NativeConstructorAccessorImpl.java:77)
	at java.base/jdk.internal.reflect.DelegatingConstructorAccessorImpl.newInstance(DelegatingConstructorAccessorImpl.java:45)
	at java.base/java.lang.reflect.Constructor.newInstanceWithCaller(Constructor.java:499)
	at java.base/java.lang.reflect.Constructor.newInstance(Constructor.java:480)
	at org.eclipse.core.internal.registry.osgi.RegistryStrategyOSGI.createExecutableExtension(RegistryStrategyOSGI.java:204)
	at org.eclipse.core.internal.registry.ExtensionRegistry.createExecutableExtension(ExtensionRegistry.java:920)
	at org.eclipse.core.internal.registry.ConfigurationElement.createExecutableExtension(ConfigurationElement.java:246)
	at org.eclipse.core.internal.registry.ConfigurationElementHandle.createExecutableExtension(ConfigurationElementHandle.java:63)
	at org.eclipse.lsp4e.LanguageServersRegistry$ExtensionLanguageServerDefinition.createConnectionProvider(LanguageServersRegistry.java:161)
	at org.eclipse.lsp4e.LanguageServerWrapper.lambda$0(LanguageServerWrapper.java:233)
	at java.base/java.util.concurrent.CompletableFuture$AsyncSupply.run(CompletableFuture.java:1768)
	at java.base/java.util.concurrent.CompletableFuture$AsyncSupply.exec(CompletableFuture.java:1760)
	at java.base/java.util.concurrent.ForkJoinTask.doExec(ForkJoinTask.java:373)
	at java.base/java.util.concurrent.ForkJoinPool$WorkQueue.topLevelExec(ForkJoinPool.java:1182)
	at java.base/java.util.concurrent.ForkJoinPool.scan(ForkJoinPool.java:1655)
	at java.base/java.util.concurrent.ForkJoinPool.runWorker(ForkJoinPool.java:1622)
	at java.base/java.util.concurrent.ForkJoinWorkerThread.run(ForkJoinWorkerThread.java:165)

!ENTRY org.eclipse.lsp4e 4 0 2025-02-15 22:10:17.276
!MESSAGE Exception occurred while creating an instance of the stream connection provider
!STACK 0
java.lang.RuntimeException: Exception occurred while creating an instance of the stream connection provider
	at org.eclipse.lsp4e.LanguageServersRegistry$ExtensionLanguageServerDefinition.createConnectionProvider(LanguageServersRegistry.java:164)
	at org.eclipse.lsp4e.LanguageServerWrapper.lambda$0(LanguageServerWrapper.java:233)
	at java.base/java.util.concurrent.CompletableFuture$AsyncSupply.run(CompletableFuture.java:1768)
	at java.base/java.util.concurrent.CompletableFuture$AsyncSupply.exec(CompletableFuture.java:1760)
	at java.base/java.util.concurrent.ForkJoinTask.doExec(ForkJoinTask.java:373)
	at java.base/java.util.concurrent.ForkJoinPool$WorkQueue.topLevelExec(ForkJoinPool.java:1182)
	at java.base/java.util.concurrent.ForkJoinPool.scan(ForkJoinPool.java:1655)
	at java.base/java.util.concurrent.ForkJoinPool.runWorker(ForkJoinPool.java:1622)
	at java.base/java.util.concurrent.ForkJoinWorkerThread.run(ForkJoinWorkerThread.java:165)
Caused by: org.eclipse.core.runtime.CoreException: プラグイン "org.eclipse.wildwebdeveloper" は、クラス "org.eclipse.wildwebdeveloper.html.HTMLLanguageServer" をインスタンス化できませんでした。
	at org.eclipse.core.internal.registry.osgi.RegistryStrategyOSGI.throwException(RegistryStrategyOSGI.java:212)
	at org.eclipse.core.internal.registry.osgi.RegistryStrategyOSGI.createExecutableExtension(RegistryStrategyOSGI.java:206)
	at org.eclipse.core.internal.registry.ExtensionRegistry.createExecutableExtension(ExtensionRegistry.java:920)
	at org.eclipse.core.internal.registry.ConfigurationElement.createExecutableExtension(ConfigurationElement.java:246)
	at org.eclipse.core.internal.registry.ConfigurationElementHandle.createExecutableExtension(ConfigurationElementHandle.java:63)
	at org.eclipse.lsp4e.LanguageServersRegistry$ExtensionLanguageServerDefinition.createConnectionProvider(LanguageServersRegistry.java:161)
	... 8 more
Caused by: java.lang.reflect.InvocationTargetException
	at java.base/jdk.internal.reflect.NativeConstructorAccessorImpl.newInstance0(Native Method)
	at java.base/jdk.internal.reflect.NativeConstructorAccessorImpl.newInstance(NativeConstructorAccessorImpl.java:77)
	at java.base/jdk.internal.reflect.DelegatingConstructorAccessorImpl.newInstance(DelegatingConstructorAccessorImpl.java:45)
	at java.base/java.lang.reflect.Constructor.newInstanceWithCaller(Constructor.java:499)
	at java.base/java.lang.reflect.Constructor.newInstance(Constructor.java:480)
	at org.eclipse.core.internal.registry.osgi.RegistryStrategyOSGI.createExecutableExtension(RegistryStrategyOSGI.java:204)
	... 12 more
Caused by: java.lang.NullPointerException: Cannot invoke "java.io.File.getAbsolutePath()" because the return value of "org.eclipse.wildwebdeveloper.embedder.node.NodeJSManager.getNodeJsLocation()" is null
	at org.eclipse.wildwebdeveloper.html.HTMLLanguageServer.<init>(HTMLLanguageServer.java:40)
	... 18 more

!ENTRY org.eclipse.lsp4e 4 0 2025-02-15 22:10:17.278
!MESSAGE Cannot invoke "org.eclipse.lsp4e.server.StreamConnectionProvider.getInputStream()" because "this.lspStreamProvider" is null
!STACK 0
java.lang.NullPointerException: Cannot invoke "org.eclipse.lsp4e.server.StreamConnectionProvider.getInputStream()" because "this.lspStreamProvider" is null
	at org.eclipse.lsp4e.LanguageServerWrapper.lambda$1(LanguageServerWrapper.java:284)
	at java.base/java.util.concurrent.CompletableFuture$UniApply.tryFire(CompletableFuture.java:646)
	at java.base/java.util.concurrent.CompletableFuture.postComplete(CompletableFuture.java:510)
	at java.base/java.util.concurrent.CompletableFuture$AsyncSupply.run(CompletableFuture.java:1773)
	at java.base/java.util.concurrent.CompletableFuture$AsyncSupply.exec(CompletableFuture.java:1760)
	at java.base/java.util.concurrent.ForkJoinTask.doExec(ForkJoinTask.java:373)
	at java.base/java.util.concurrent.ForkJoinPool$WorkQueue.topLevelExec(ForkJoinPool.java:1182)
	at java.base/java.util.concurrent.ForkJoinPool.scan(ForkJoinPool.java:1655)
	at java.base/java.util.concurrent.ForkJoinPool.runWorker(ForkJoinPool.java:1622)
	at java.base/java.util.concurrent.ForkJoinWorkerThread.run(ForkJoinWorkerThread.java:165)

!ENTRY org.eclipse.lsp4e 4 0 2025-02-15 22:10:17.301
!MESSAGE プラグイン "org.eclipse.wildwebdeveloper" は、クラス "org.eclipse.wildwebdeveloper.angular.AngularLanguageServer" をインスタンス化できませんでした。
!STACK 1
org.eclipse.core.runtime.CoreException: プラグイン "org.eclipse.wildwebdeveloper" は、クラス "org.eclipse.wildwebdeveloper.angular.AngularLanguageServer" をインスタンス化できませんでした。
	at org.eclipse.core.internal.registry.osgi.RegistryStrategyOSGI.throwException(RegistryStrategyOSGI.java:212)
	at org.eclipse.core.internal.registry.osgi.RegistryStrategyOSGI.createExecutableExtension(RegistryStrategyOSGI.java:206)
	at org.eclipse.core.internal.registry.ExtensionRegistry.createExecutableExtension(ExtensionRegistry.java:920)
	at org.eclipse.core.internal.registry.ConfigurationElement.createExecutableExtension(ConfigurationElement.java:246)
	at org.eclipse.core.internal.registry.ConfigurationElementHandle.createExecutableExtension(ConfigurationElementHandle.java:63)
	at org.eclipse.lsp4e.LanguageServersRegistry$ExtensionLanguageServerDefinition.createConnectionProvider(LanguageServersRegistry.java:161)
	at org.eclipse.lsp4e.LanguageServerWrapper.lambda$0(LanguageServerWrapper.java:233)
	at java.base/java.util.concurrent.CompletableFuture$AsyncSupply.run(CompletableFuture.java:1768)
	at java.base/java.util.concurrent.CompletableFuture$AsyncSupply.exec(CompletableFuture.java:1760)
	at java.base/java.util.concurrent.ForkJoinTask.doExec(ForkJoinTask.java:373)
	at java.base/java.util.concurrent.ForkJoinPool$WorkQueue.topLevelExec(ForkJoinPool.java:1182)
	at java.base/java.util.concurrent.ForkJoinPool.scan(ForkJoinPool.java:1655)
	at java.base/java.util.concurrent.ForkJoinPool.runWorker(ForkJoinPool.java:1622)
	at java.base/java.util.concurrent.ForkJoinWorkerThread.run(ForkJoinWorkerThread.java:165)
Caused by: java.lang.reflect.InvocationTargetException
	at java.base/jdk.internal.reflect.NativeConstructorAccessorImpl.newInstance0(Native Method)
	at java.base/jdk.internal.reflect.NativeConstructorAccessorImpl.newInstance(NativeConstructorAccessorImpl.java:77)
	at java.base/jdk.internal.reflect.DelegatingConstructorAccessorImpl.newInstance(DelegatingConstructorAccessorImpl.java:45)
	at java.base/java.lang.reflect.Constructor.newInstanceWithCaller(Constructor.java:499)
	at java.base/java.lang.reflect.Constructor.newInstance(Constructor.java:480)
	at org.eclipse.core.internal.registry.osgi.RegistryStrategyOSGI.createExecutableExtension(RegistryStrategyOSGI.java:204)
	... 12 more
Caused by: java.lang.NullPointerException: Cannot invoke "java.io.File.getAbsolutePath()" because the return value of "org.eclipse.wildwebdeveloper.embedder.node.NodeJSManager.getNodeJsLocation()" is null
	at org.eclipse.wildwebdeveloper.angular.AngularLanguageServer.<init>(AngularLanguageServer.java:43)
	... 18 more
!SUBENTRY 1 org.eclipse.equinox.registry 4 1 2025-02-15 22:10:17.301
!MESSAGE プラグイン "org.eclipse.wildwebdeveloper" は、クラス "org.eclipse.wildwebdeveloper.angular.AngularLanguageServer" をインスタンス化できませんでした。
!STACK 0
java.lang.reflect.InvocationTargetException
	at java.base/jdk.internal.reflect.NativeConstructorAccessorImpl.newInstance0(Native Method)
	at java.base/jdk.internal.reflect.NativeConstructorAccessorImpl.newInstance(NativeConstructorAccessorImpl.java:77)
	at java.base/jdk.internal.reflect.DelegatingConstructorAccessorImpl.newInstance(DelegatingConstructorAccessorImpl.java:45)
	at java.base/java.lang.reflect.Constructor.newInstanceWithCaller(Constructor.java:499)
	at java.base/java.lang.reflect.Constructor.newInstance(Constructor.java:480)
	at org.eclipse.core.internal.registry.osgi.RegistryStrategyOSGI.createExecutableExtension(RegistryStrategyOSGI.java:204)
	at org.eclipse.core.internal.registry.ExtensionRegistry.createExecutableExtension(ExtensionRegistry.java:920)
	at org.eclipse.core.internal.registry.ConfigurationElement.createExecutableExtension(ConfigurationElement.java:246)
	at org.eclipse.core.internal.registry.ConfigurationElementHandle.createExecutableExtension(ConfigurationElementHandle.java:63)
	at org.eclipse.lsp4e.LanguageServersRegistry$ExtensionLanguageServerDefinition.createConnectionProvider(LanguageServersRegistry.java:161)
	at org.eclipse.lsp4e.LanguageServerWrapper.lambda$0(LanguageServerWrapper.java:233)
	at java.base/java.util.concurrent.CompletableFuture$AsyncSupply.run(CompletableFuture.java:1768)
	at java.base/java.util.concurrent.CompletableFuture$AsyncSupply.exec(CompletableFuture.java:1760)
	at java.base/java.util.concurrent.ForkJoinTask.doExec(ForkJoinTask.java:373)
	at java.base/java.util.concurrent.ForkJoinPool$WorkQueue.topLevelExec(ForkJoinPool.java:1182)
	at java.base/java.util.concurrent.ForkJoinPool.scan(ForkJoinPool.java:1655)
	at java.base/java.util.concurrent.ForkJoinPool.runWorker(ForkJoinPool.java:1622)
	at java.base/java.util.concurrent.ForkJoinWorkerThread.run(ForkJoinWorkerThread.java:165)
Caused by: java.lang.NullPointerException: Cannot invoke "java.io.File.getAbsolutePath()" because the return value of "org.eclipse.wildwebdeveloper.embedder.node.NodeJSManager.getNodeJsLocation()" is null
	at org.eclipse.wildwebdeveloper.angular.AngularLanguageServer.<init>(AngularLanguageServer.java:43)
	... 18 more
Root exception:
java.lang.NullPointerException: Cannot invoke "java.io.File.getAbsolutePath()" because the return value of "org.eclipse.wildwebdeveloper.embedder.node.NodeJSManager.getNodeJsLocation()" is null
	at org.eclipse.wildwebdeveloper.angular.AngularLanguageServer.<init>(AngularLanguageServer.java:43)
	at java.base/jdk.internal.reflect.NativeConstructorAccessorImpl.newInstance0(Native Method)
	at java.base/jdk.internal.reflect.NativeConstructorAccessorImpl.newInstance(NativeConstructorAccessorImpl.java:77)
	at java.base/jdk.internal.reflect.DelegatingConstructorAccessorImpl.newInstance(DelegatingConstructorAccessorImpl.java:45)
	at java.base/java.lang.reflect.Constructor.newInstanceWithCaller(Constructor.java:499)
	at java.base/java.lang.reflect.Constructor.newInstance(Constructor.java:480)
	at org.eclipse.core.internal.registry.osgi.RegistryStrategyOSGI.createExecutableExtension(RegistryStrategyOSGI.java:204)
	at org.eclipse.core.internal.registry.ExtensionRegistry.createExecutableExtension(ExtensionRegistry.java:920)
	at org.eclipse.core.internal.registry.ConfigurationElement.createExecutableExtension(ConfigurationElement.java:246)
	at org.eclipse.core.internal.registry.ConfigurationElementHandle.createExecutableExtension(ConfigurationElementHandle.java:63)
	at org.eclipse.lsp4e.LanguageServersRegistry$ExtensionLanguageServerDefinition.createConnectionProvider(LanguageServersRegistry.java:161)
	at org.eclipse.lsp4e.LanguageServerWrapper.lambda$0(LanguageServerWrapper.java:233)
	at java.base/java.util.concurrent.CompletableFuture$AsyncSupply.run(CompletableFuture.java:1768)
	at java.base/java.util.concurrent.CompletableFuture$AsyncSupply.exec(CompletableFuture.java:1760)
	at java.base/java.util.concurrent.ForkJoinTask.doExec(ForkJoinTask.java:373)
	at java.base/java.util.concurrent.ForkJoinPool$WorkQueue.topLevelExec(ForkJoinPool.java:1182)
	at java.base/java.util.concurrent.ForkJoinPool.scan(ForkJoinPool.java:1655)
	at java.base/java.util.concurrent.ForkJoinPool.runWorker(ForkJoinPool.java:1622)
	at java.base/java.util.concurrent.ForkJoinWorkerThread.run(ForkJoinWorkerThread.java:165)

!ENTRY org.eclipse.lsp4e 4 0 2025-02-15 22:10:17.302
!MESSAGE プラグイン "org.eclipse.wildwebdeveloper" は、クラス "org.eclipse.wildwebdeveloper.html.HTMLLanguageServer" をインスタンス化できませんでした。
!STACK 1
org.eclipse.core.runtime.CoreException: プラグイン "org.eclipse.wildwebdeveloper" は、クラス "org.eclipse.wildwebdeveloper.html.HTMLLanguageServer" をインスタンス化できませんでした。
	at org.eclipse.core.internal.registry.osgi.RegistryStrategyOSGI.throwException(RegistryStrategyOSGI.java:212)
	at org.eclipse.core.internal.registry.osgi.RegistryStrategyOSGI.createExecutableExtension(RegistryStrategyOSGI.java:206)
	at org.eclipse.core.internal.registry.ExtensionRegistry.createExecutableExtension(ExtensionRegistry.java:920)
	at org.eclipse.core.internal.registry.ConfigurationElement.createExecutableExtension(ConfigurationElement.java:246)
	at org.eclipse.core.internal.registry.ConfigurationElementHandle.createExecutableExtension(ConfigurationElementHandle.java:63)
	at org.eclipse.lsp4e.LanguageServersRegistry$ExtensionLanguageServerDefinition.createConnectionProvider(LanguageServersRegistry.java:161)
	at org.eclipse.lsp4e.LanguageServerWrapper.lambda$0(LanguageServerWrapper.java:233)
	at java.base/java.util.concurrent.CompletableFuture$AsyncSupply.run(CompletableFuture.java:1768)
	at java.base/java.util.concurrent.CompletableFuture$AsyncSupply.exec(CompletableFuture.java:1760)
	at java.base/java.util.concurrent.ForkJoinTask.doExec(ForkJoinTask.java:373)
	at java.base/java.util.concurrent.ForkJoinPool$WorkQueue.topLevelExec(ForkJoinPool.java:1182)
	at java.base/java.util.concurrent.ForkJoinPool.scan(ForkJoinPool.java:1655)
	at java.base/java.util.concurrent.ForkJoinPool.runWorker(ForkJoinPool.java:1622)
	at java.base/java.util.concurrent.ForkJoinWorkerThread.run(ForkJoinWorkerThread.java:165)
Caused by: java.lang.reflect.InvocationTargetException
	at java.base/jdk.internal.reflect.NativeConstructorAccessorImpl.newInstance0(Native Method)
	at java.base/jdk.internal.reflect.NativeConstructorAccessorImpl.newInstance(NativeConstructorAccessorImpl.java:77)
	at java.base/jdk.internal.reflect.DelegatingConstructorAccessorImpl.newInstance(DelegatingConstructorAccessorImpl.java:45)
	at java.base/java.lang.reflect.Constructor.newInstanceWithCaller(Constructor.java:499)
	at java.base/java.lang.reflect.Constructor.newInstance(Constructor.java:480)
	at org.eclipse.core.internal.registry.osgi.RegistryStrategyOSGI.createExecutableExtension(RegistryStrategyOSGI.java:204)
	... 12 more
Caused by: java.lang.NullPointerException: Cannot invoke "java.io.File.getAbsolutePath()" because the return value of "org.eclipse.wildwebdeveloper.embedder.node.NodeJSManager.getNodeJsLocation()" is null
	at org.eclipse.wildwebdeveloper.html.HTMLLanguageServer.<init>(HTMLLanguageServer.java:40)
	... 18 more
!SUBENTRY 1 org.eclipse.equinox.registry 4 1 2025-02-15 22:10:17.302
!MESSAGE プラグイン "org.eclipse.wildwebdeveloper" は、クラス "org.eclipse.wildwebdeveloper.html.HTMLLanguageServer" をインスタンス化できませんでした。
!STACK 0
java.lang.reflect.InvocationTargetException
	at java.base/jdk.internal.reflect.NativeConstructorAccessorImpl.newInstance0(Native Method)
	at java.base/jdk.internal.reflect.NativeConstructorAccessorImpl.newInstance(NativeConstructorAccessorImpl.java:77)
	at java.base/jdk.internal.reflect.DelegatingConstructorAccessorImpl.newInstance(DelegatingConstructorAccessorImpl.java:45)
	at java.base/java.lang.reflect.Constructor.newInstanceWithCaller(Constructor.java:499)
	at java.base/java.lang.reflect.Constructor.newInstance(Constructor.java:480)
	at org.eclipse.core.internal.registry.osgi.RegistryStrategyOSGI.createExecutableExtension(RegistryStrategyOSGI.java:204)
	at org.eclipse.core.internal.registry.ExtensionRegistry.createExecutableExtension(ExtensionRegistry.java:920)
	at org.eclipse.core.internal.registry.ConfigurationElement.createExecutableExtension(ConfigurationElement.java:246)
	at org.eclipse.core.internal.registry.ConfigurationElementHandle.createExecutableExtension(ConfigurationElementHandle.java:63)
	at org.eclipse.lsp4e.LanguageServersRegistry$ExtensionLanguageServerDefinition.createConnectionProvider(LanguageServersRegistry.java:161)
	at org.eclipse.lsp4e.LanguageServerWrapper.lambda$0(LanguageServerWrapper.java:233)
	at java.base/java.util.concurrent.CompletableFuture$AsyncSupply.run(CompletableFuture.java:1768)
	at java.base/java.util.concurrent.CompletableFuture$AsyncSupply.exec(CompletableFuture.java:1760)
	at java.base/java.util.concurrent.ForkJoinTask.doExec(ForkJoinTask.java:373)
	at java.base/java.util.concurrent.ForkJoinPool$WorkQueue.topLevelExec(ForkJoinPool.java:1182)
	at java.base/java.util.concurrent.ForkJoinPool.scan(ForkJoinPool.java:1655)
	at java.base/java.util.concurrent.ForkJoinPool.runWorker(ForkJoinPool.java:1622)
	at java.base/java.util.concurrent.ForkJoinWorkerThread.run(ForkJoinWorkerThread.java:165)
Caused by: java.lang.NullPointerException: Cannot invoke "java.io.File.getAbsolutePath()" because the return value of "org.eclipse.wildwebdeveloper.embedder.node.NodeJSManager.getNodeJsLocation()" is null
	at org.eclipse.wildwebdeveloper.html.HTMLLanguageServer.<init>(HTMLLanguageServer.java:40)
	... 18 more
Root exception:
java.lang.NullPointerException: Cannot invoke "java.io.File.getAbsolutePath()" because the return value of "org.eclipse.wildwebdeveloper.embedder.node.NodeJSManager.getNodeJsLocation()" is null
	at org.eclipse.wildwebdeveloper.html.HTMLLanguageServer.<init>(HTMLLanguageServer.java:40)
	at java.base/jdk.internal.reflect.NativeConstructorAccessorImpl.newInstance0(Native Method)
	at java.base/jdk.internal.reflect.NativeConstructorAccessorImpl.newInstance(NativeConstructorAccessorImpl.java:77)
	at java.base/jdk.internal.reflect.DelegatingConstructorAccessorImpl.newInstance(DelegatingConstructorAccessorImpl.java:45)
	at java.base/java.lang.reflect.Constructor.newInstanceWithCaller(Constructor.java:499)
	at java.base/java.lang.reflect.Constructor.newInstance(Constructor.java:480)
	at org.eclipse.core.internal.registry.osgi.RegistryStrategyOSGI.createExecutableExtension(RegistryStrategyOSGI.java:204)
	at org.eclipse.core.internal.registry.ExtensionRegistry.createExecutableExtension(ExtensionRegistry.java:920)
	at org.eclipse.core.internal.registry.ConfigurationElement.createExecutableExtension(ConfigurationElement.java:246)
	at org.eclipse.core.internal.registry.ConfigurationElementHandle.createExecutableExtension(ConfigurationElementHandle.java:63)
	at org.eclipse.lsp4e.LanguageServersRegistry$ExtensionLanguageServerDefinition.createConnectionProvider(LanguageServersRegistry.java:161)
	at org.eclipse.lsp4e.LanguageServerWrapper.lambda$0(LanguageServerWrapper.java:233)
	at java.base/java.util.concurrent.CompletableFuture$AsyncSupply.run(CompletableFuture.java:1768)
	at java.base/java.util.concurrent.CompletableFuture$AsyncSupply.exec(CompletableFuture.java:1760)
	at java.base/java.util.concurrent.ForkJoinTask.doExec(ForkJoinTask.java:373)
	at java.base/java.util.concurrent.ForkJoinPool$WorkQueue.topLevelExec(ForkJoinPool.java:1182)
	at java.base/java.util.concurrent.ForkJoinPool.scan(ForkJoinPool.java:1655)
	at java.base/java.util.concurrent.ForkJoinPool.runWorker(ForkJoinPool.java:1622)
	at java.base/java.util.concurrent.ForkJoinWorkerThread.run(ForkJoinWorkerThread.java:165)

!ENTRY org.eclipse.lsp4e 4 0 2025-02-15 22:10:17.302
!MESSAGE Exception occurred while creating an instance of the stream connection provider
!STACK 0
java.lang.RuntimeException: Exception occurred while creating an instance of the stream connection provider
	at org.eclipse.lsp4e.LanguageServersRegistry$ExtensionLanguageServerDefinition.createConnectionProvider(LanguageServersRegistry.java:164)
	at org.eclipse.lsp4e.LanguageServerWrapper.lambda$0(LanguageServerWrapper.java:233)
	at java.base/java.util.concurrent.CompletableFuture$AsyncSupply.run(CompletableFuture.java:1768)
	at java.base/java.util.concurrent.CompletableFuture$AsyncSupply.exec(CompletableFuture.java:1760)
	at java.base/java.util.concurrent.ForkJoinTask.doExec(ForkJoinTask.java:373)
	at java.base/java.util.concurrent.ForkJoinPool$WorkQueue.topLevelExec(ForkJoinPool.java:1182)
	at java.base/java.util.concurrent.ForkJoinPool.scan(ForkJoinPool.java:1655)
	at java.base/java.util.concurrent.ForkJoinPool.runWorker(ForkJoinPool.java:1622)
	at java.base/java.util.concurrent.ForkJoinWorkerThread.run(ForkJoinWorkerThread.java:165)
Caused by: org.eclipse.core.runtime.CoreException: プラグイン "org.eclipse.wildwebdeveloper" は、クラス "org.eclipse.wildwebdeveloper.angular.AngularLanguageServer" をインスタンス化できませんでした。
	at org.eclipse.core.internal.registry.osgi.RegistryStrategyOSGI.throwException(RegistryStrategyOSGI.java:212)
	at org.eclipse.core.internal.registry.osgi.RegistryStrategyOSGI.createExecutableExtension(RegistryStrategyOSGI.java:206)
	at org.eclipse.core.internal.registry.ExtensionRegistry.createExecutableExtension(ExtensionRegistry.java:920)
	at org.eclipse.core.internal.registry.ConfigurationElement.createExecutableExtension(ConfigurationElement.java:246)
	at org.eclipse.core.internal.registry.ConfigurationElementHandle.createExecutableExtension(ConfigurationElementHandle.java:63)
	at org.eclipse.lsp4e.LanguageServersRegistry$ExtensionLanguageServerDefinition.createConnectionProvider(LanguageServersRegistry.java:161)
	... 8 more
Caused by: java.lang.reflect.InvocationTargetException
	at java.base/jdk.internal.reflect.NativeConstructorAccessorImpl.newInstance0(Native Method)
	at java.base/jdk.internal.reflect.NativeConstructorAccessorImpl.newInstance(NativeConstructorAccessorImpl.java:77)
	at java.base/jdk.internal.reflect.DelegatingConstructorAccessorImpl.newInstance(DelegatingConstructorAccessorImpl.java:45)
	at java.base/java.lang.reflect.Constructor.newInstanceWithCaller(Constructor.java:499)
	at java.base/java.lang.reflect.Constructor.newInstance(Constructor.java:480)
	at org.eclipse.core.internal.registry.osgi.RegistryStrategyOSGI.createExecutableExtension(RegistryStrategyOSGI.java:204)
	... 12 more
Caused by: java.lang.NullPointerException: Cannot invoke "java.io.File.getAbsolutePath()" because the return value of "org.eclipse.wildwebdeveloper.embedder.node.NodeJSManager.getNodeJsLocation()" is null
	at org.eclipse.wildwebdeveloper.angular.AngularLanguageServer.<init>(AngularLanguageServer.java:43)
	... 18 more

!ENTRY org.eclipse.lsp4e 4 0 2025-02-15 22:10:17.303
!MESSAGE Exception occurred while creating an instance of the stream connection provider
!STACK 0
java.lang.RuntimeException: Exception occurred while creating an instance of the stream connection provider
	at org.eclipse.lsp4e.LanguageServersRegistry$ExtensionLanguageServerDefinition.createConnectionProvider(LanguageServersRegistry.java:164)
	at org.eclipse.lsp4e.LanguageServerWrapper.lambda$0(LanguageServerWrapper.java:233)
	at java.base/java.util.concurrent.CompletableFuture$AsyncSupply.run(CompletableFuture.java:1768)
	at java.base/java.util.concurrent.CompletableFuture$AsyncSupply.exec(CompletableFuture.java:1760)
	at java.base/java.util.concurrent.ForkJoinTask.doExec(ForkJoinTask.java:373)
	at java.base/java.util.concurrent.ForkJoinPool$WorkQueue.topLevelExec(ForkJoinPool.java:1182)
	at java.base/java.util.concurrent.ForkJoinPool.scan(ForkJoinPool.java:1655)
	at java.base/java.util.concurrent.ForkJoinPool.runWorker(ForkJoinPool.java:1622)
	at java.base/java.util.concurrent.ForkJoinWorkerThread.run(ForkJoinWorkerThread.java:165)
Caused by: org.eclipse.core.runtime.CoreException: プラグイン "org.eclipse.wildwebdeveloper" は、クラス "org.eclipse.wildwebdeveloper.html.HTMLLanguageServer" をインスタンス化できませんでした。
	at org.eclipse.core.internal.registry.osgi.RegistryStrategyOSGI.throwException(RegistryStrategyOSGI.java:212)
	at org.eclipse.core.internal.registry.osgi.RegistryStrategyOSGI.createExecutableExtension(RegistryStrategyOSGI.java:206)
	at org.eclipse.core.internal.registry.ExtensionRegistry.createExecutableExtension(ExtensionRegistry.java:920)
	at org.eclipse.core.internal.registry.ConfigurationElement.createExecutableExtension(ConfigurationElement.java:246)
	at org.eclipse.core.internal.registry.ConfigurationElementHandle.createExecutableExtension(ConfigurationElementHandle.java:63)
	at org.eclipse.lsp4e.LanguageServersRegistry$ExtensionLanguageServerDefinition.createConnectionProvider(LanguageServersRegistry.java:161)
	... 8 more
Caused by: java.lang.reflect.InvocationTargetException
	at java.base/jdk.internal.reflect.NativeConstructorAccessorImpl.newInstance0(Native Method)
	at java.base/jdk.internal.reflect.NativeConstructorAccessorImpl.newInstance(NativeConstructorAccessorImpl.java:77)
	at java.base/jdk.internal.reflect.DelegatingConstructorAccessorImpl.newInstance(DelegatingConstructorAccessorImpl.java:45)
	at java.base/java.lang.reflect.Constructor.newInstanceWithCaller(Constructor.java:499)
	at java.base/java.lang.reflect.Constructor.newInstance(Constructor.java:480)
	at org.eclipse.core.internal.registry.osgi.RegistryStrategyOSGI.createExecutableExtension(RegistryStrategyOSGI.java:204)
	... 12 more
Caused by: java.lang.NullPointerException: Cannot invoke "java.io.File.getAbsolutePath()" because the return value of "org.eclipse.wildwebdeveloper.embedder.node.NodeJSManager.getNodeJsLocation()" is null
	at org.eclipse.wildwebdeveloper.html.HTMLLanguageServer.<init>(HTMLLanguageServer.java:40)
	... 18 more

!ENTRY org.eclipse.lsp4e 4 0 2025-02-15 22:10:17.303
!MESSAGE Cannot invoke "org.eclipse.lsp4e.server.StreamConnectionProvider.getInputStream()" because "this.lspStreamProvider" is null
!STACK 0
java.lang.NullPointerException: Cannot invoke "org.eclipse.lsp4e.server.StreamConnectionProvider.getInputStream()" because "this.lspStreamProvider" is null
	at org.eclipse.lsp4e.LanguageServerWrapper.lambda$1(LanguageServerWrapper.java:284)
	at java.base/java.util.concurrent.CompletableFuture$UniApply.tryFire(CompletableFuture.java:646)
	at java.base/java.util.concurrent.CompletableFuture.postComplete(CompletableFuture.java:510)
	at java.base/java.util.concurrent.CompletableFuture$AsyncSupply.run(CompletableFuture.java:1773)
	at java.base/java.util.concurrent.CompletableFuture$AsyncSupply.exec(CompletableFuture.java:1760)
	at java.base/java.util.concurrent.ForkJoinTask.doExec(ForkJoinTask.java:373)
	at java.base/java.util.concurrent.ForkJoinPool$WorkQueue.topLevelExec(ForkJoinPool.java:1182)
	at java.base/java.util.concurrent.ForkJoinPool.scan(ForkJoinPool.java:1655)
	at java.base/java.util.concurrent.ForkJoinPool.runWorker(ForkJoinPool.java:1622)
	at java.base/java.util.concurrent.ForkJoinWorkerThread.run(ForkJoinWorkerThread.java:165)

!ENTRY org.eclipse.lsp4e 4 0 2025-02-15 22:10:17.350
!MESSAGE プラグイン "org.eclipse.wildwebdeveloper" は、クラス "org.eclipse.wildwebdeveloper.angular.AngularLanguageServer" をインスタンス化できませんでした。
!STACK 1
org.eclipse.core.runtime.CoreException: プラグイン "org.eclipse.wildwebdeveloper" は、クラス "org.eclipse.wildwebdeveloper.angular.AngularLanguageServer" をインスタンス化できませんでした。
	at org.eclipse.core.internal.registry.osgi.RegistryStrategyOSGI.throwException(RegistryStrategyOSGI.java:212)
	at org.eclipse.core.internal.registry.osgi.RegistryStrategyOSGI.createExecutableExtension(RegistryStrategyOSGI.java:206)
	at org.eclipse.core.internal.registry.ExtensionRegistry.createExecutableExtension(ExtensionRegistry.java:920)
	at org.eclipse.core.internal.registry.ConfigurationElement.createExecutableExtension(ConfigurationElement.java:246)
	at org.eclipse.core.internal.registry.ConfigurationElementHandle.createExecutableExtension(ConfigurationElementHandle.java:63)
	at org.eclipse.lsp4e.LanguageServersRegistry$ExtensionLanguageServerDefinition.createConnectionProvider(LanguageServersRegistry.java:161)
	at org.eclipse.lsp4e.LanguageServerWrapper.lambda$0(LanguageServerWrapper.java:233)
	at java.base/java.util.concurrent.CompletableFuture$AsyncSupply.run(CompletableFuture.java:1768)
	at java.base/java.util.concurrent.CompletableFuture$AsyncSupply.exec(CompletableFuture.java:1760)
	at java.base/java.util.concurrent.ForkJoinTask.doExec(ForkJoinTask.java:373)
	at java.base/java.util.concurrent.ForkJoinPool$WorkQueue.topLevelExec(ForkJoinPool.java:1182)
	at java.base/java.util.concurrent.ForkJoinPool.scan(ForkJoinPool.java:1655)
	at java.base/java.util.concurrent.ForkJoinPool.runWorker(ForkJoinPool.java:1622)
	at java.base/java.util.concurrent.ForkJoinWorkerThread.run(ForkJoinWorkerThread.java:165)
Caused by: java.lang.reflect.InvocationTargetException
	at java.base/jdk.internal.reflect.NativeConstructorAccessorImpl.newInstance0(Native Method)
	at java.base/jdk.internal.reflect.NativeConstructorAccessorImpl.newInstance(NativeConstructorAccessorImpl.java:77)
	at java.base/jdk.internal.reflect.DelegatingConstructorAccessorImpl.newInstance(DelegatingConstructorAccessorImpl.java:45)
	at java.base/java.lang.reflect.Constructor.newInstanceWithCaller(Constructor.java:499)
	at java.base/java.lang.reflect.Constructor.newInstance(Constructor.java:480)
	at org.eclipse.core.internal.registry.osgi.RegistryStrategyOSGI.createExecutableExtension(RegistryStrategyOSGI.java:204)
	... 12 more
Caused by: java.lang.NullPointerException: Cannot invoke "java.io.File.getAbsolutePath()" because the return value of "org.eclipse.wildwebdeveloper.embedder.node.NodeJSManager.getNodeJsLocation()" is null
	at org.eclipse.wildwebdeveloper.angular.AngularLanguageServer.<init>(AngularLanguageServer.java:43)
	... 18 more
!SUBENTRY 1 org.eclipse.equinox.registry 4 1 2025-02-15 22:10:17.350
!MESSAGE プラグイン "org.eclipse.wildwebdeveloper" は、クラス "org.eclipse.wildwebdeveloper.angular.AngularLanguageServer" をインスタンス化できませんでした。
!STACK 0
java.lang.reflect.InvocationTargetException
	at java.base/jdk.internal.reflect.NativeConstructorAccessorImpl.newInstance0(Native Method)
	at java.base/jdk.internal.reflect.NativeConstructorAccessorImpl.newInstance(NativeConstructorAccessorImpl.java:77)
	at java.base/jdk.internal.reflect.DelegatingConstructorAccessorImpl.newInstance(DelegatingConstructorAccessorImpl.java:45)
	at java.base/java.lang.reflect.Constructor.newInstanceWithCaller(Constructor.java:499)
	at java.base/java.lang.reflect.Constructor.newInstance(Constructor.java:480)
	at org.eclipse.core.internal.registry.osgi.RegistryStrategyOSGI.createExecutableExtension(RegistryStrategyOSGI.java:204)
	at org.eclipse.core.internal.registry.ExtensionRegistry.createExecutableExtension(ExtensionRegistry.java:920)
	at org.eclipse.core.internal.registry.ConfigurationElement.createExecutableExtension(ConfigurationElement.java:246)
	at org.eclipse.core.internal.registry.ConfigurationElementHandle.createExecutableExtension(ConfigurationElementHandle.java:63)
	at org.eclipse.lsp4e.LanguageServersRegistry$ExtensionLanguageServerDefinition.createConnectionProvider(LanguageServersRegistry.java:161)
	at org.eclipse.lsp4e.LanguageServerWrapper.lambda$0(LanguageServerWrapper.java:233)
	at java.base/java.util.concurrent.CompletableFuture$AsyncSupply.run(CompletableFuture.java:1768)
	at java.base/java.util.concurrent.CompletableFuture$AsyncSupply.exec(CompletableFuture.java:1760)
	at java.base/java.util.concurrent.ForkJoinTask.doExec(ForkJoinTask.java:373)
	at java.base/java.util.concurrent.ForkJoinPool$WorkQueue.topLevelExec(ForkJoinPool.java:1182)
	at java.base/java.util.concurrent.ForkJoinPool.scan(ForkJoinPool.java:1655)
	at java.base/java.util.concurrent.ForkJoinPool.runWorker(ForkJoinPool.java:1622)
	at java.base/java.util.concurrent.ForkJoinWorkerThread.run(ForkJoinWorkerThread.java:165)
Caused by: java.lang.NullPointerException: Cannot invoke "java.io.File.getAbsolutePath()" because the return value of "org.eclipse.wildwebdeveloper.embedder.node.NodeJSManager.getNodeJsLocation()" is null
	at org.eclipse.wildwebdeveloper.angular.AngularLanguageServer.<init>(AngularLanguageServer.java:43)
	... 18 more
Root exception:
java.lang.NullPointerException: Cannot invoke "java.io.File.getAbsolutePath()" because the return value of "org.eclipse.wildwebdeveloper.embedder.node.NodeJSManager.getNodeJsLocation()" is null
	at org.eclipse.wildwebdeveloper.angular.AngularLanguageServer.<init>(AngularLanguageServer.java:43)
	at java.base/jdk.internal.reflect.NativeConstructorAccessorImpl.newInstance0(Native Method)
	at java.base/jdk.internal.reflect.NativeConstructorAccessorImpl.newInstance(NativeConstructorAccessorImpl.java:77)
	at java.base/jdk.internal.reflect.DelegatingConstructorAccessorImpl.newInstance(DelegatingConstructorAccessorImpl.java:45)
	at java.base/java.lang.reflect.Constructor.newInstanceWithCaller(Constructor.java:499)
	at java.base/java.lang.reflect.Constructor.newInstance(Constructor.java:480)
	at org.eclipse.core.internal.registry.osgi.RegistryStrategyOSGI.createExecutableExtension(RegistryStrategyOSGI.java:204)
	at org.eclipse.core.internal.registry.ExtensionRegistry.createExecutableExtension(ExtensionRegistry.java:920)
	at org.eclipse.core.internal.registry.ConfigurationElement.createExecutableExtension(ConfigurationElement.java:246)
	at org.eclipse.core.internal.registry.ConfigurationElementHandle.createExecutableExtension(ConfigurationElementHandle.java:63)
	at org.eclipse.lsp4e.LanguageServersRegistry$ExtensionLanguageServerDefinition.createConnectionProvider(LanguageServersRegistry.java:161)
	at org.eclipse.lsp4e.LanguageServerWrapper.lambda$0(LanguageServerWrapper.java:233)
	at java.base/java.util.concurrent.CompletableFuture$AsyncSupply.run(CompletableFuture.java:1768)
	at java.base/java.util.concurrent.CompletableFuture$AsyncSupply.exec(CompletableFuture.java:1760)
	at java.base/java.util.concurrent.ForkJoinTask.doExec(ForkJoinTask.java:373)
	at java.base/java.util.concurrent.ForkJoinPool$WorkQueue.topLevelExec(ForkJoinPool.java:1182)
	at java.base/java.util.concurrent.ForkJoinPool.scan(ForkJoinPool.java:1655)
	at java.base/java.util.concurrent.ForkJoinPool.runWorker(ForkJoinPool.java:1622)
	at java.base/java.util.concurrent.ForkJoinWorkerThread.run(ForkJoinWorkerThread.java:165)

!ENTRY org.eclipse.lsp4e 4 0 2025-02-15 22:10:17.351
!MESSAGE Exception occurred while creating an instance of the stream connection provider
!STACK 0
java.lang.RuntimeException: Exception occurred while creating an instance of the stream connection provider
	at org.eclipse.lsp4e.LanguageServersRegistry$ExtensionLanguageServerDefinition.createConnectionProvider(LanguageServersRegistry.java:164)
	at org.eclipse.lsp4e.LanguageServerWrapper.lambda$0(LanguageServerWrapper.java:233)
	at java.base/java.util.concurrent.CompletableFuture$AsyncSupply.run(CompletableFuture.java:1768)
	at java.base/java.util.concurrent.CompletableFuture$AsyncSupply.exec(CompletableFuture.java:1760)
	at java.base/java.util.concurrent.ForkJoinTask.doExec(ForkJoinTask.java:373)
	at java.base/java.util.concurrent.ForkJoinPool$WorkQueue.topLevelExec(ForkJoinPool.java:1182)
	at java.base/java.util.concurrent.ForkJoinPool.scan(ForkJoinPool.java:1655)
	at java.base/java.util.concurrent.ForkJoinPool.runWorker(ForkJoinPool.java:1622)
	at java.base/java.util.concurrent.ForkJoinWorkerThread.run(ForkJoinWorkerThread.java:165)
Caused by: org.eclipse.core.runtime.CoreException: プラグイン "org.eclipse.wildwebdeveloper" は、クラス "org.eclipse.wildwebdeveloper.angular.AngularLanguageServer" をインスタンス化できませんでした。
	at org.eclipse.core.internal.registry.osgi.RegistryStrategyOSGI.throwException(RegistryStrategyOSGI.java:212)
	at org.eclipse.core.internal.registry.osgi.RegistryStrategyOSGI.createExecutableExtension(RegistryStrategyOSGI.java:206)
	at org.eclipse.core.internal.registry.ExtensionRegistry.createExecutableExtension(ExtensionRegistry.java:920)
	at org.eclipse.core.internal.registry.ConfigurationElement.createExecutableExtension(ConfigurationElement.java:246)
	at org.eclipse.core.internal.registry.ConfigurationElementHandle.createExecutableExtension(ConfigurationElementHandle.java:63)
	at org.eclipse.lsp4e.LanguageServersRegistry$ExtensionLanguageServerDefinition.createConnectionProvider(LanguageServersRegistry.java:161)
	... 8 more
Caused by: java.lang.reflect.InvocationTargetException
	at java.base/jdk.internal.reflect.NativeConstructorAccessorImpl.newInstance0(Native Method)
	at java.base/jdk.internal.reflect.NativeConstructorAccessorImpl.newInstance(NativeConstructorAccessorImpl.java:77)
	at java.base/jdk.internal.reflect.DelegatingConstructorAccessorImpl.newInstance(DelegatingConstructorAccessorImpl.java:45)
	at java.base/java.lang.reflect.Constructor.newInstanceWithCaller(Constructor.java:499)
	at java.base/java.lang.reflect.Constructor.newInstance(Constructor.java:480)
	at org.eclipse.core.internal.registry.osgi.RegistryStrategyOSGI.createExecutableExtension(RegistryStrategyOSGI.java:204)
	... 12 more
Caused by: java.lang.NullPointerException: Cannot invoke "java.io.File.getAbsolutePath()" because the return value of "org.eclipse.wildwebdeveloper.embedder.node.NodeJSManager.getNodeJsLocation()" is null
	at org.eclipse.wildwebdeveloper.angular.AngularLanguageServer.<init>(AngularLanguageServer.java:43)
	... 18 more

!ENTRY org.eclipse.lsp4e 4 0 2025-02-15 22:10:17.352
!MESSAGE Cannot invoke "org.eclipse.lsp4e.server.StreamConnectionProvider.getInputStream()" because "this.lspStreamProvider" is null
!STACK 0
java.lang.NullPointerException: Cannot invoke "org.eclipse.lsp4e.server.StreamConnectionProvider.getInputStream()" because "this.lspStreamProvider" is null
	at org.eclipse.lsp4e.LanguageServerWrapper.lambda$1(LanguageServerWrapper.java:284)
	at java.base/java.util.concurrent.CompletableFuture$UniApply.tryFire(CompletableFuture.java:646)
	at java.base/java.util.concurrent.CompletableFuture.postComplete(CompletableFuture.java:510)
	at java.base/java.util.concurrent.CompletableFuture$AsyncSupply.run(CompletableFuture.java:1773)
	at java.base/java.util.concurrent.CompletableFuture$AsyncSupply.exec(CompletableFuture.java:1760)
	at java.base/java.util.concurrent.ForkJoinTask.doExec(ForkJoinTask.java:373)
	at java.base/java.util.concurrent.ForkJoinPool$WorkQueue.topLevelExec(ForkJoinPool.java:1182)
	at java.base/java.util.concurrent.ForkJoinPool.scan(ForkJoinPool.java:1655)
	at java.base/java.util.concurrent.ForkJoinPool.runWorker(ForkJoinPool.java:1622)
	at java.base/java.util.concurrent.ForkJoinWorkerThread.run(ForkJoinWorkerThread.java:165)

!ENTRY org.eclipse.lsp4e 4 0 2025-02-15 22:10:17.429
!MESSAGE プラグイン "org.eclipse.wildwebdeveloper" は、クラス "org.eclipse.wildwebdeveloper.html.HTMLLanguageServer" をインスタンス化できませんでした。
!STACK 1
org.eclipse.core.runtime.CoreException: プラグイン "org.eclipse.wildwebdeveloper" は、クラス "org.eclipse.wildwebdeveloper.html.HTMLLanguageServer" をインスタンス化できませんでした。
	at org.eclipse.core.internal.registry.osgi.RegistryStrategyOSGI.throwException(RegistryStrategyOSGI.java:212)
	at org.eclipse.core.internal.registry.osgi.RegistryStrategyOSGI.createExecutableExtension(RegistryStrategyOSGI.java:206)
	at org.eclipse.core.internal.registry.ExtensionRegistry.createExecutableExtension(ExtensionRegistry.java:920)
	at org.eclipse.core.internal.registry.ConfigurationElement.createExecutableExtension(ConfigurationElement.java:246)
	at org.eclipse.core.internal.registry.ConfigurationElementHandle.createExecutableExtension(ConfigurationElementHandle.java:63)
	at org.eclipse.lsp4e.LanguageServersRegistry$ExtensionLanguageServerDefinition.createConnectionProvider(LanguageServersRegistry.java:161)
	at org.eclipse.lsp4e.LanguageServerWrapper.lambda$0(LanguageServerWrapper.java:233)
	at java.base/java.util.concurrent.CompletableFuture$AsyncSupply.run(CompletableFuture.java:1768)
	at java.base/java.util.concurrent.CompletableFuture$AsyncSupply.exec(CompletableFuture.java:1760)
	at java.base/java.util.concurrent.ForkJoinTask.doExec(ForkJoinTask.java:373)
	at java.base/java.util.concurrent.ForkJoinPool$WorkQueue.topLevelExec(ForkJoinPool.java:1182)
	at java.base/java.util.concurrent.ForkJoinPool.scan(ForkJoinPool.java:1655)
	at java.base/java.util.concurrent.ForkJoinPool.runWorker(ForkJoinPool.java:1622)
	at java.base/java.util.concurrent.ForkJoinWorkerThread.run(ForkJoinWorkerThread.java:165)
Caused by: java.lang.reflect.InvocationTargetException
	at java.base/jdk.internal.reflect.NativeConstructorAccessorImpl.newInstance0(Native Method)
	at java.base/jdk.internal.reflect.NativeConstructorAccessorImpl.newInstance(NativeConstructorAccessorImpl.java:77)
	at java.base/jdk.internal.reflect.DelegatingConstructorAccessorImpl.newInstance(DelegatingConstructorAccessorImpl.java:45)
	at java.base/java.lang.reflect.Constructor.newInstanceWithCaller(Constructor.java:499)
	at java.base/java.lang.reflect.Constructor.newInstance(Constructor.java:480)
	at org.eclipse.core.internal.registry.osgi.RegistryStrategyOSGI.createExecutableExtension(RegistryStrategyOSGI.java:204)
	... 12 more
Caused by: java.lang.NullPointerException: Cannot invoke "java.io.File.getAbsolutePath()" because the return value of "org.eclipse.wildwebdeveloper.embedder.node.NodeJSManager.getNodeJsLocation()" is null
	at org.eclipse.wildwebdeveloper.html.HTMLLanguageServer.<init>(HTMLLanguageServer.java:40)
	... 18 more
!SUBENTRY 1 org.eclipse.equinox.registry 4 1 2025-02-15 22:10:17.429
!MESSAGE プラグイン "org.eclipse.wildwebdeveloper" は、クラス "org.eclipse.wildwebdeveloper.html.HTMLLanguageServer" をインスタンス化できませんでした。
!STACK 0
java.lang.reflect.InvocationTargetException
	at java.base/jdk.internal.reflect.NativeConstructorAccessorImpl.newInstance0(Native Method)
	at java.base/jdk.internal.reflect.NativeConstructorAccessorImpl.newInstance(NativeConstructorAccessorImpl.java:77)
	at java.base/jdk.internal.reflect.DelegatingConstructorAccessorImpl.newInstance(DelegatingConstructorAccessorImpl.java:45)
	at java.base/java.lang.reflect.Constructor.newInstanceWithCaller(Constructor.java:499)
	at java.base/java.lang.reflect.Constructor.newInstance(Constructor.java:480)
	at org.eclipse.core.internal.registry.osgi.RegistryStrategyOSGI.createExecutableExtension(RegistryStrategyOSGI.java:204)
	at org.eclipse.core.internal.registry.ExtensionRegistry.createExecutableExtension(ExtensionRegistry.java:920)
	at org.eclipse.core.internal.registry.ConfigurationElement.createExecutableExtension(ConfigurationElement.java:246)
	at org.eclipse.core.internal.registry.ConfigurationElementHandle.createExecutableExtension(ConfigurationElementHandle.java:63)
	at org.eclipse.lsp4e.LanguageServersRegistry$ExtensionLanguageServerDefinition.createConnectionProvider(LanguageServersRegistry.java:161)
	at org.eclipse.lsp4e.LanguageServerWrapper.lambda$0(LanguageServerWrapper.java:233)
	at java.base/java.util.concurrent.CompletableFuture$AsyncSupply.run(CompletableFuture.java:1768)
	at java.base/java.util.concurrent.CompletableFuture$AsyncSupply.exec(CompletableFuture.java:1760)
	at java.base/java.util.concurrent.ForkJoinTask.doExec(ForkJoinTask.java:373)
	at java.base/java.util.concurrent.ForkJoinPool$WorkQueue.topLevelExec(ForkJoinPool.java:1182)
	at java.base/java.util.concurrent.ForkJoinPool.scan(ForkJoinPool.java:1655)
	at java.base/java.util.concurrent.ForkJoinPool.runWorker(ForkJoinPool.java:1622)
	at java.base/java.util.concurrent.ForkJoinWorkerThread.run(ForkJoinWorkerThread.java:165)
Caused by: java.lang.NullPointerException: Cannot invoke "java.io.File.getAbsolutePath()" because the return value of "org.eclipse.wildwebdeveloper.embedder.node.NodeJSManager.getNodeJsLocation()" is null
	at org.eclipse.wildwebdeveloper.html.HTMLLanguageServer.<init>(HTMLLanguageServer.java:40)
	... 18 more
Root exception:
java.lang.NullPointerException: Cannot invoke "java.io.File.getAbsolutePath()" because the return value of "org.eclipse.wildwebdeveloper.embedder.node.NodeJSManager.getNodeJsLocation()" is null
	at org.eclipse.wildwebdeveloper.html.HTMLLanguageServer.<init>(HTMLLanguageServer.java:40)
	at java.base/jdk.internal.reflect.NativeConstructorAccessorImpl.newInstance0(Native Method)
	at java.base/jdk.internal.reflect.NativeConstructorAccessorImpl.newInstance(NativeConstructorAccessorImpl.java:77)
	at java.base/jdk.internal.reflect.DelegatingConstructorAccessorImpl.newInstance(DelegatingConstructorAccessorImpl.java:45)
	at java.base/java.lang.reflect.Constructor.newInstanceWithCaller(Constructor.java:499)
	at java.base/java.lang.reflect.Constructor.newInstance(Constructor.java:480)
	at org.eclipse.core.internal.registry.osgi.RegistryStrategyOSGI.createExecutableExtension(RegistryStrategyOSGI.java:204)
	at org.eclipse.core.internal.registry.ExtensionRegistry.createExecutableExtension(ExtensionRegistry.java:920)
	at org.eclipse.core.internal.registry.ConfigurationElement.createExecutableExtension(ConfigurationElement.java:246)
	at org.eclipse.core.internal.registry.ConfigurationElementHandle.createExecutableExtension(ConfigurationElementHandle.java:63)
	at org.eclipse.lsp4e.LanguageServersRegistry$ExtensionLanguageServerDefinition.createConnectionProvider(LanguageServersRegistry.java:161)
	at org.eclipse.lsp4e.LanguageServerWrapper.lambda$0(LanguageServerWrapper.java:233)
	at java.base/java.util.concurrent.CompletableFuture$AsyncSupply.run(CompletableFuture.java:1768)
	at java.base/java.util.concurrent.CompletableFuture$AsyncSupply.exec(CompletableFuture.java:1760)
	at java.base/java.util.concurrent.ForkJoinTask.doExec(ForkJoinTask.java:373)
	at java.base/java.util.concurrent.ForkJoinPool$WorkQueue.topLevelExec(ForkJoinPool.java:1182)
	at java.base/java.util.concurrent.ForkJoinPool.scan(ForkJoinPool.java:1655)
	at java.base/java.util.concurrent.ForkJoinPool.runWorker(ForkJoinPool.java:1622)
	at java.base/java.util.concurrent.ForkJoinWorkerThread.run(ForkJoinWorkerThread.java:165)

!ENTRY org.eclipse.lsp4e 4 0 2025-02-15 22:10:17.430
!MESSAGE Exception occurred while creating an instance of the stream connection provider
!STACK 0
java.lang.RuntimeException: Exception occurred while creating an instance of the stream connection provider
	at org.eclipse.lsp4e.LanguageServersRegistry$ExtensionLanguageServerDefinition.createConnectionProvider(LanguageServersRegistry.java:164)
	at org.eclipse.lsp4e.LanguageServerWrapper.lambda$0(LanguageServerWrapper.java:233)
	at java.base/java.util.concurrent.CompletableFuture$AsyncSupply.run(CompletableFuture.java:1768)
	at java.base/java.util.concurrent.CompletableFuture$AsyncSupply.exec(CompletableFuture.java:1760)
	at java.base/java.util.concurrent.ForkJoinTask.doExec(ForkJoinTask.java:373)
	at java.base/java.util.concurrent.ForkJoinPool$WorkQueue.topLevelExec(ForkJoinPool.java:1182)
	at java.base/java.util.concurrent.ForkJoinPool.scan(ForkJoinPool.java:1655)
	at java.base/java.util.concurrent.ForkJoinPool.runWorker(ForkJoinPool.java:1622)
	at java.base/java.util.concurrent.ForkJoinWorkerThread.run(ForkJoinWorkerThread.java:165)
Caused by: org.eclipse.core.runtime.CoreException: プラグイン "org.eclipse.wildwebdeveloper" は、クラス "org.eclipse.wildwebdeveloper.html.HTMLLanguageServer" をインスタンス化できませんでした。
	at org.eclipse.core.internal.registry.osgi.RegistryStrategyOSGI.throwException(RegistryStrategyOSGI.java:212)
	at org.eclipse.core.internal.registry.osgi.RegistryStrategyOSGI.createExecutableExtension(RegistryStrategyOSGI.java:206)
	at org.eclipse.core.internal.registry.ExtensionRegistry.createExecutableExtension(ExtensionRegistry.java:920)
	at org.eclipse.core.internal.registry.ConfigurationElement.createExecutableExtension(ConfigurationElement.java:246)
	at org.eclipse.core.internal.registry.ConfigurationElementHandle.createExecutableExtension(ConfigurationElementHandle.java:63)
	at org.eclipse.lsp4e.LanguageServersRegistry$ExtensionLanguageServerDefinition.createConnectionProvider(LanguageServersRegistry.java:161)
	... 8 more
Caused by: java.lang.reflect.InvocationTargetException
	at java.base/jdk.internal.reflect.NativeConstructorAccessorImpl.newInstance0(Native Method)
	at java.base/jdk.internal.reflect.NativeConstructorAccessorImpl.newInstance(NativeConstructorAccessorImpl.java:77)
	at java.base/jdk.internal.reflect.DelegatingConstructorAccessorImpl.newInstance(DelegatingConstructorAccessorImpl.java:45)
	at java.base/java.lang.reflect.Constructor.newInstanceWithCaller(Constructor.java:499)
	at java.base/java.lang.reflect.Constructor.newInstance(Constructor.java:480)
	at org.eclipse.core.internal.registry.osgi.RegistryStrategyOSGI.createExecutableExtension(RegistryStrategyOSGI.java:204)
	... 12 more
Caused by: java.lang.NullPointerException: Cannot invoke "java.io.File.getAbsolutePath()" because the return value of "org.eclipse.wildwebdeveloper.embedder.node.NodeJSManager.getNodeJsLocation()" is null
	at org.eclipse.wildwebdeveloper.html.HTMLLanguageServer.<init>(HTMLLanguageServer.java:40)
	... 18 more

!ENTRY org.eclipse.lsp4e 4 0 2025-02-15 22:10:17.432
!MESSAGE Cannot invoke "org.eclipse.lsp4e.server.StreamConnectionProvider.getInputStream()" because "this.lspStreamProvider" is null
!STACK 0
java.lang.NullPointerException: Cannot invoke "org.eclipse.lsp4e.server.StreamConnectionProvider.getInputStream()" because "this.lspStreamProvider" is null
	at org.eclipse.lsp4e.LanguageServerWrapper.lambda$1(LanguageServerWrapper.java:284)
	at java.base/java.util.concurrent.CompletableFuture$UniApply.tryFire(CompletableFuture.java:646)
	at java.base/java.util.concurrent.CompletableFuture.postComplete(CompletableFuture.java:510)
	at java.base/java.util.concurrent.CompletableFuture$AsyncSupply.run(CompletableFuture.java:1773)
	at java.base/java.util.concurrent.CompletableFuture$AsyncSupply.exec(CompletableFuture.java:1760)
	at java.base/java.util.concurrent.ForkJoinTask.doExec(ForkJoinTask.java:373)
	at java.base/java.util.concurrent.ForkJoinPool$WorkQueue.topLevelExec(ForkJoinPool.java:1182)
	at java.base/java.util.concurrent.ForkJoinPool.scan(ForkJoinPool.java:1655)
	at java.base/java.util.concurrent.ForkJoinPool.runWorker(ForkJoinPool.java:1622)
	at java.base/java.util.concurrent.ForkJoinWorkerThread.run(ForkJoinWorkerThread.java:165)

!ENTRY org.eclipse.lsp4e 4 0 2025-02-15 22:10:17.438
!MESSAGE プラグイン "org.eclipse.wildwebdeveloper" は、クラス "org.eclipse.wildwebdeveloper.angular.AngularLanguageServer" をインスタンス化できませんでした。
!STACK 1
org.eclipse.core.runtime.CoreException: プラグイン "org.eclipse.wildwebdeveloper" は、クラス "org.eclipse.wildwebdeveloper.angular.AngularLanguageServer" をインスタンス化できませんでした。
	at org.eclipse.core.internal.registry.osgi.RegistryStrategyOSGI.throwException(RegistryStrategyOSGI.java:212)
	at org.eclipse.core.internal.registry.osgi.RegistryStrategyOSGI.createExecutableExtension(RegistryStrategyOSGI.java:206)
	at org.eclipse.core.internal.registry.ExtensionRegistry.createExecutableExtension(ExtensionRegistry.java:920)
	at org.eclipse.core.internal.registry.ConfigurationElement.createExecutableExtension(ConfigurationElement.java:246)
	at org.eclipse.core.internal.registry.ConfigurationElementHandle.createExecutableExtension(ConfigurationElementHandle.java:63)
	at org.eclipse.lsp4e.LanguageServersRegistry$ExtensionLanguageServerDefinition.createConnectionProvider(LanguageServersRegistry.java:161)
	at org.eclipse.lsp4e.LanguageServerWrapper.lambda$0(LanguageServerWrapper.java:233)
	at java.base/java.util.concurrent.CompletableFuture$AsyncSupply.run(CompletableFuture.java:1768)
	at java.base/java.util.concurrent.CompletableFuture$AsyncSupply.exec(CompletableFuture.java:1760)
	at java.base/java.util.concurrent.ForkJoinTask.doExec(ForkJoinTask.java:373)
	at java.base/java.util.concurrent.ForkJoinPool$WorkQueue.topLevelExec(ForkJoinPool.java:1182)
	at java.base/java.util.concurrent.ForkJoinPool.scan(ForkJoinPool.java:1655)
	at java.base/java.util.concurrent.ForkJoinPool.runWorker(ForkJoinPool.java:1622)
	at java.base/java.util.concurrent.ForkJoinWorkerThread.run(ForkJoinWorkerThread.java:165)
Caused by: java.lang.reflect.InvocationTargetException
	at java.base/jdk.internal.reflect.NativeConstructorAccessorImpl.newInstance0(Native Method)
	at java.base/jdk.internal.reflect.NativeConstructorAccessorImpl.newInstance(NativeConstructorAccessorImpl.java:77)
	at java.base/jdk.internal.reflect.DelegatingConstructorAccessorImpl.newInstance(DelegatingConstructorAccessorImpl.java:45)
	at java.base/java.lang.reflect.Constructor.newInstanceWithCaller(Constructor.java:499)
	at java.base/java.lang.reflect.Constructor.newInstance(Constructor.java:480)
	at org.eclipse.core.internal.registry.osgi.RegistryStrategyOSGI.createExecutableExtension(RegistryStrategyOSGI.java:204)
	... 12 more
Caused by: java.lang.NullPointerException: Cannot invoke "java.io.File.getAbsolutePath()" because the return value of "org.eclipse.wildwebdeveloper.embedder.node.NodeJSManager.getNodeJsLocation()" is null
	at org.eclipse.wildwebdeveloper.angular.AngularLanguageServer.<init>(AngularLanguageServer.java:43)
	... 18 more
!SUBENTRY 1 org.eclipse.equinox.registry 4 1 2025-02-15 22:10:17.438
!MESSAGE プラグイン "org.eclipse.wildwebdeveloper" は、クラス "org.eclipse.wildwebdeveloper.angular.AngularLanguageServer" をインスタンス化できませんでした。
!STACK 0
java.lang.reflect.InvocationTargetException
	at java.base/jdk.internal.reflect.NativeConstructorAccessorImpl.newInstance0(Native Method)
	at java.base/jdk.internal.reflect.NativeConstructorAccessorImpl.newInstance(NativeConstructorAccessorImpl.java:77)
	at java.base/jdk.internal.reflect.DelegatingConstructorAccessorImpl.newInstance(DelegatingConstructorAccessorImpl.java:45)
	at java.base/java.lang.reflect.Constructor.newInstanceWithCaller(Constructor.java:499)
	at java.base/java.lang.reflect.Constructor.newInstance(Constructor.java:480)
	at org.eclipse.core.internal.registry.osgi.RegistryStrategyOSGI.createExecutableExtension(RegistryStrategyOSGI.java:204)
	at org.eclipse.core.internal.registry.ExtensionRegistry.createExecutableExtension(ExtensionRegistry.java:920)
	at org.eclipse.core.internal.registry.ConfigurationElement.createExecutableExtension(ConfigurationElement.java:246)
	at org.eclipse.core.internal.registry.ConfigurationElementHandle.createExecutableExtension(ConfigurationElementHandle.java:63)
	at org.eclipse.lsp4e.LanguageServersRegistry$ExtensionLanguageServerDefinition.createConnectionProvider(LanguageServersRegistry.java:161)
	at org.eclipse.lsp4e.LanguageServerWrapper.lambda$0(LanguageServerWrapper.java:233)
	at java.base/java.util.concurrent.CompletableFuture$AsyncSupply.run(CompletableFuture.java:1768)
	at java.base/java.util.concurrent.CompletableFuture$AsyncSupply.exec(CompletableFuture.java:1760)
	at java.base/java.util.concurrent.ForkJoinTask.doExec(ForkJoinTask.java:373)
	at java.base/java.util.concurrent.ForkJoinPool$WorkQueue.topLevelExec(ForkJoinPool.java:1182)
	at java.base/java.util.concurrent.ForkJoinPool.scan(ForkJoinPool.java:1655)
	at java.base/java.util.concurrent.ForkJoinPool.runWorker(ForkJoinPool.java:1622)
	at java.base/java.util.concurrent.ForkJoinWorkerThread.run(ForkJoinWorkerThread.java:165)
Caused by: java.lang.NullPointerException: Cannot invoke "java.io.File.getAbsolutePath()" because the return value of "org.eclipse.wildwebdeveloper.embedder.node.NodeJSManager.getNodeJsLocation()" is null
	at org.eclipse.wildwebdeveloper.angular.AngularLanguageServer.<init>(AngularLanguageServer.java:43)
	... 18 more
Root exception:
java.lang.NullPointerException: Cannot invoke "java.io.File.getAbsolutePath()" because the return value of "org.eclipse.wildwebdeveloper.embedder.node.NodeJSManager.getNodeJsLocation()" is null
	at org.eclipse.wildwebdeveloper.angular.AngularLanguageServer.<init>(AngularLanguageServer.java:43)
	at java.base/jdk.internal.reflect.NativeConstructorAccessorImpl.newInstance0(Native Method)
	at java.base/jdk.internal.reflect.NativeConstructorAccessorImpl.newInstance(NativeConstructorAccessorImpl.java:77)
	at java.base/jdk.internal.reflect.DelegatingConstructorAccessorImpl.newInstance(DelegatingConstructorAccessorImpl.java:45)
	at java.base/java.lang.reflect.Constructor.newInstanceWithCaller(Constructor.java:499)
	at java.base/java.lang.reflect.Constructor.newInstance(Constructor.java:480)
	at org.eclipse.core.internal.registry.osgi.RegistryStrategyOSGI.createExecutableExtension(RegistryStrategyOSGI.java:204)
	at org.eclipse.core.internal.registry.ExtensionRegistry.createExecutableExtension(ExtensionRegistry.java:920)
	at org.eclipse.core.internal.registry.ConfigurationElement.createExecutableExtension(ConfigurationElement.java:246)
	at org.eclipse.core.internal.registry.ConfigurationElementHandle.createExecutableExtension(ConfigurationElementHandle.java:63)
	at org.eclipse.lsp4e.LanguageServersRegistry$ExtensionLanguageServerDefinition.createConnectionProvider(LanguageServersRegistry.java:161)
	at org.eclipse.lsp4e.LanguageServerWrapper.lambda$0(LanguageServerWrapper.java:233)
	at java.base/java.util.concurrent.CompletableFuture$AsyncSupply.run(CompletableFuture.java:1768)
	at java.base/java.util.concurrent.CompletableFuture$AsyncSupply.exec(CompletableFuture.java:1760)
	at java.base/java.util.concurrent.ForkJoinTask.doExec(ForkJoinTask.java:373)
	at java.base/java.util.concurrent.ForkJoinPool$WorkQueue.topLevelExec(ForkJoinPool.java:1182)
	at java.base/java.util.concurrent.ForkJoinPool.scan(ForkJoinPool.java:1655)
	at java.base/java.util.concurrent.ForkJoinPool.runWorker(ForkJoinPool.java:1622)
	at java.base/java.util.concurrent.ForkJoinWorkerThread.run(ForkJoinWorkerThread.java:165)

!ENTRY org.eclipse.lsp4e 4 0 2025-02-15 22:10:17.439
!MESSAGE Exception occurred while creating an instance of the stream connection provider
!STACK 0
java.lang.RuntimeException: Exception occurred while creating an instance of the stream connection provider
	at org.eclipse.lsp4e.LanguageServersRegistry$ExtensionLanguageServerDefinition.createConnectionProvider(LanguageServersRegistry.java:164)
	at org.eclipse.lsp4e.LanguageServerWrapper.lambda$0(LanguageServerWrapper.java:233)
	at java.base/java.util.concurrent.CompletableFuture$AsyncSupply.run(CompletableFuture.java:1768)
	at java.base/java.util.concurrent.CompletableFuture$AsyncSupply.exec(CompletableFuture.java:1760)
	at java.base/java.util.concurrent.ForkJoinTask.doExec(ForkJoinTask.java:373)
	at java.base/java.util.concurrent.ForkJoinPool$WorkQueue.topLevelExec(ForkJoinPool.java:1182)
	at java.base/java.util.concurrent.ForkJoinPool.scan(ForkJoinPool.java:1655)
	at java.base/java.util.concurrent.ForkJoinPool.runWorker(ForkJoinPool.java:1622)
	at java.base/java.util.concurrent.ForkJoinWorkerThread.run(ForkJoinWorkerThread.java:165)
Caused by: org.eclipse.core.runtime.CoreException: プラグイン "org.eclipse.wildwebdeveloper" は、クラス "org.eclipse.wildwebdeveloper.angular.AngularLanguageServer" をインスタンス化できませんでした。
	at org.eclipse.core.internal.registry.osgi.RegistryStrategyOSGI.throwException(RegistryStrategyOSGI.java:212)
	at org.eclipse.core.internal.registry.osgi.RegistryStrategyOSGI.createExecutableExtension(RegistryStrategyOSGI.java:206)
	at org.eclipse.core.internal.registry.ExtensionRegistry.createExecutableExtension(ExtensionRegistry.java:920)
	at org.eclipse.core.internal.registry.ConfigurationElement.createExecutableExtension(ConfigurationElement.java:246)
	at org.eclipse.core.internal.registry.ConfigurationElementHandle.createExecutableExtension(ConfigurationElementHandle.java:63)
	at org.eclipse.lsp4e.LanguageServersRegistry$ExtensionLanguageServerDefinition.createConnectionProvider(LanguageServersRegistry.java:161)
	... 8 more
Caused by: java.lang.reflect.InvocationTargetException
	at java.base/jdk.internal.reflect.NativeConstructorAccessorImpl.newInstance0(Native Method)
	at java.base/jdk.internal.reflect.NativeConstructorAccessorImpl.newInstance(NativeConstructorAccessorImpl.java:77)
	at java.base/jdk.internal.reflect.DelegatingConstructorAccessorImpl.newInstance(DelegatingConstructorAccessorImpl.java:45)
	at java.base/java.lang.reflect.Constructor.newInstanceWithCaller(Constructor.java:499)
	at java.base/java.lang.reflect.Constructor.newInstance(Constructor.java:480)
	at org.eclipse.core.internal.registry.osgi.RegistryStrategyOSGI.createExecutableExtension(RegistryStrategyOSGI.java:204)
	... 12 more
Caused by: java.lang.NullPointerException: Cannot invoke "java.io.File.getAbsolutePath()" because the return value of "org.eclipse.wildwebdeveloper.embedder.node.NodeJSManager.getNodeJsLocation()" is null
	at org.eclipse.wildwebdeveloper.angular.AngularLanguageServer.<init>(AngularLanguageServer.java:43)
	... 18 more

!ENTRY org.eclipse.lsp4e 4 0 2025-02-15 22:10:17.441
!MESSAGE Cannot invoke "org.eclipse.lsp4e.server.StreamConnectionProvider.getInputStream()" because "this.lspStreamProvider" is null
!STACK 0
java.lang.NullPointerException: Cannot invoke "org.eclipse.lsp4e.server.StreamConnectionProvider.getInputStream()" because "this.lspStreamProvider" is null
	at org.eclipse.lsp4e.LanguageServerWrapper.lambda$1(LanguageServerWrapper.java:284)
	at java.base/java.util.concurrent.CompletableFuture$UniApply.tryFire(CompletableFuture.java:646)
	at java.base/java.util.concurrent.CompletableFuture.postComplete(CompletableFuture.java:510)
	at java.base/java.util.concurrent.CompletableFuture$AsyncSupply.run(CompletableFuture.java:1773)
	at java.base/java.util.concurrent.CompletableFuture$AsyncSupply.exec(CompletableFuture.java:1760)
	at java.base/java.util.concurrent.ForkJoinTask.doExec(ForkJoinTask.java:373)
	at java.base/java.util.concurrent.ForkJoinPool$WorkQueue.topLevelExec(ForkJoinPool.java:1182)
	at java.base/java.util.concurrent.ForkJoinPool.scan(ForkJoinPool.java:1655)
	at java.base/java.util.concurrent.ForkJoinPool.runWorker(ForkJoinPool.java:1622)
	at java.base/java.util.concurrent.ForkJoinWorkerThread.run(ForkJoinWorkerThread.java:165)

!ENTRY org.eclipse.lsp4e 4 0 2025-02-15 22:10:17.480
!MESSAGE プラグイン "org.eclipse.wildwebdeveloper" は、クラス "org.eclipse.wildwebdeveloper.angular.AngularLanguageServer" をインスタンス化できませんでした。
!STACK 1
org.eclipse.core.runtime.CoreException: プラグイン "org.eclipse.wildwebdeveloper" は、クラス "org.eclipse.wildwebdeveloper.angular.AngularLanguageServer" をインスタンス化できませんでした。
	at org.eclipse.core.internal.registry.osgi.RegistryStrategyOSGI.throwException(RegistryStrategyOSGI.java:212)
	at org.eclipse.core.internal.registry.osgi.RegistryStrategyOSGI.createExecutableExtension(RegistryStrategyOSGI.java:206)
	at org.eclipse.core.internal.registry.ExtensionRegistry.createExecutableExtension(ExtensionRegistry.java:920)
	at org.eclipse.core.internal.registry.ConfigurationElement.createExecutableExtension(ConfigurationElement.java:246)
	at org.eclipse.core.internal.registry.ConfigurationElementHandle.createExecutableExtension(ConfigurationElementHandle.java:63)
	at org.eclipse.lsp4e.LanguageServersRegistry$ExtensionLanguageServerDefinition.createConnectionProvider(LanguageServersRegistry.java:161)
	at org.eclipse.lsp4e.LanguageServerWrapper.lambda$0(LanguageServerWrapper.java:233)
	at java.base/java.util.concurrent.CompletableFuture$AsyncSupply.run(CompletableFuture.java:1768)
	at java.base/java.util.concurrent.CompletableFuture$AsyncSupply.exec(CompletableFuture.java:1760)
	at java.base/java.util.concurrent.ForkJoinTask.doExec(ForkJoinTask.java:373)
	at java.base/java.util.concurrent.ForkJoinPool$WorkQueue.topLevelExec(ForkJoinPool.java:1182)
	at java.base/java.util.concurrent.ForkJoinPool.scan(ForkJoinPool.java:1655)
	at java.base/java.util.concurrent.ForkJoinPool.runWorker(ForkJoinPool.java:1622)
	at java.base/java.util.concurrent.ForkJoinWorkerThread.run(ForkJoinWorkerThread.java:165)
Caused by: java.lang.reflect.InvocationTargetException
	at java.base/jdk.internal.reflect.NativeConstructorAccessorImpl.newInstance0(Native Method)
	at java.base/jdk.internal.reflect.NativeConstructorAccessorImpl.newInstance(NativeConstructorAccessorImpl.java:77)
	at java.base/jdk.internal.reflect.DelegatingConstructorAccessorImpl.newInstance(DelegatingConstructorAccessorImpl.java:45)
	at java.base/java.lang.reflect.Constructor.newInstanceWithCaller(Constructor.java:499)
	at java.base/java.lang.reflect.Constructor.newInstance(Constructor.java:480)
	at org.eclipse.core.internal.registry.osgi.RegistryStrategyOSGI.createExecutableExtension(RegistryStrategyOSGI.java:204)
	... 12 more
Caused by: java.lang.NullPointerException: Cannot invoke "java.io.File.getAbsolutePath()" because the return value of "org.eclipse.wildwebdeveloper.embedder.node.NodeJSManager.getNodeJsLocation()" is null
	at org.eclipse.wildwebdeveloper.angular.AngularLanguageServer.<init>(AngularLanguageServer.java:43)
	... 18 more
!SUBENTRY 1 org.eclipse.equinox.registry 4 1 2025-02-15 22:10:17.480
!MESSAGE プラグイン "org.eclipse.wildwebdeveloper" は、クラス "org.eclipse.wildwebdeveloper.angular.AngularLanguageServer" をインスタンス化できませんでした。
!STACK 0
java.lang.reflect.InvocationTargetException
	at java.base/jdk.internal.reflect.NativeConstructorAccessorImpl.newInstance0(Native Method)
	at java.base/jdk.internal.reflect.NativeConstructorAccessorImpl.newInstance(NativeConstructorAccessorImpl.java:77)
	at java.base/jdk.internal.reflect.DelegatingConstructorAccessorImpl.newInstance(DelegatingConstructorAccessorImpl.java:45)
	at java.base/java.lang.reflect.Constructor.newInstanceWithCaller(Constructor.java:499)
	at java.base/java.lang.reflect.Constructor.newInstance(Constructor.java:480)
	at org.eclipse.core.internal.registry.osgi.RegistryStrategyOSGI.createExecutableExtension(RegistryStrategyOSGI.java:204)
	at org.eclipse.core.internal.registry.ExtensionRegistry.createExecutableExtension(ExtensionRegistry.java:920)
	at org.eclipse.core.internal.registry.ConfigurationElement.createExecutableExtension(ConfigurationElement.java:246)
	at org.eclipse.core.internal.registry.ConfigurationElementHandle.createExecutableExtension(ConfigurationElementHandle.java:63)
	at org.eclipse.lsp4e.LanguageServersRegistry$ExtensionLanguageServerDefinition.createConnectionProvider(LanguageServersRegistry.java:161)
	at org.eclipse.lsp4e.LanguageServerWrapper.lambda$0(LanguageServerWrapper.java:233)
	at java.base/java.util.concurrent.CompletableFuture$AsyncSupply.run(CompletableFuture.java:1768)
	at java.base/java.util.concurrent.CompletableFuture$AsyncSupply.exec(CompletableFuture.java:1760)
	at java.base/java.util.concurrent.ForkJoinTask.doExec(ForkJoinTask.java:373)
	at java.base/java.util.concurrent.ForkJoinPool$WorkQueue.topLevelExec(ForkJoinPool.java:1182)
	at java.base/java.util.concurrent.ForkJoinPool.scan(ForkJoinPool.java:1655)
	at java.base/java.util.concurrent.ForkJoinPool.runWorker(ForkJoinPool.java:1622)
	at java.base/java.util.concurrent.ForkJoinWorkerThread.run(ForkJoinWorkerThread.java:165)
Caused by: java.lang.NullPointerException: Cannot invoke "java.io.File.getAbsolutePath()" because the return value of "org.eclipse.wildwebdeveloper.embedder.node.NodeJSManager.getNodeJsLocation()" is null
	at org.eclipse.wildwebdeveloper.angular.AngularLanguageServer.<init>(AngularLanguageServer.java:43)
	... 18 more
Root exception:
java.lang.NullPointerException: Cannot invoke "java.io.File.getAbsolutePath()" because the return value of "org.eclipse.wildwebdeveloper.embedder.node.NodeJSManager.getNodeJsLocation()" is null
	at org.eclipse.wildwebdeveloper.angular.AngularLanguageServer.<init>(AngularLanguageServer.java:43)
	at java.base/jdk.internal.reflect.NativeConstructorAccessorImpl.newInstance0(Native Method)
	at java.base/jdk.internal.reflect.NativeConstructorAccessorImpl.newInstance(NativeConstructorAccessorImpl.java:77)
	at java.base/jdk.internal.reflect.DelegatingConstructorAccessorImpl.newInstance(DelegatingConstructorAccessorImpl.java:45)
	at java.base/java.lang.reflect.Constructor.newInstanceWithCaller(Constructor.java:499)
	at java.base/java.lang.reflect.Constructor.newInstance(Constructor.java:480)
	at org.eclipse.core.internal.registry.osgi.RegistryStrategyOSGI.createExecutableExtension(RegistryStrategyOSGI.java:204)
	at org.eclipse.core.internal.registry.ExtensionRegistry.createExecutableExtension(ExtensionRegistry.java:920)
	at org.eclipse.core.internal.registry.ConfigurationElement.createExecutableExtension(ConfigurationElement.java:246)
	at org.eclipse.core.internal.registry.ConfigurationElementHandle.createExecutableExtension(ConfigurationElementHandle.java:63)
	at org.eclipse.lsp4e.LanguageServersRegistry$ExtensionLanguageServerDefinition.createConnectionProvider(LanguageServersRegistry.java:161)
	at org.eclipse.lsp4e.LanguageServerWrapper.lambda$0(LanguageServerWrapper.java:233)
	at java.base/java.util.concurrent.CompletableFuture$AsyncSupply.run(CompletableFuture.java:1768)
	at java.base/java.util.concurrent.CompletableFuture$AsyncSupply.exec(CompletableFuture.java:1760)
	at java.base/java.util.concurrent.ForkJoinTask.doExec(ForkJoinTask.java:373)
	at java.base/java.util.concurrent.ForkJoinPool$WorkQueue.topLevelExec(ForkJoinPool.java:1182)
	at java.base/java.util.concurrent.ForkJoinPool.scan(ForkJoinPool.java:1655)
	at java.base/java.util.concurrent.ForkJoinPool.runWorker(ForkJoinPool.java:1622)
	at java.base/java.util.concurrent.ForkJoinWorkerThread.run(ForkJoinWorkerThread.java:165)

!ENTRY org.eclipse.lsp4e 4 0 2025-02-15 22:10:17.480
!MESSAGE Exception occurred while creating an instance of the stream connection provider
!STACK 0
java.lang.RuntimeException: Exception occurred while creating an instance of the stream connection provider
	at org.eclipse.lsp4e.LanguageServersRegistry$ExtensionLanguageServerDefinition.createConnectionProvider(LanguageServersRegistry.java:164)
	at org.eclipse.lsp4e.LanguageServerWrapper.lambda$0(LanguageServerWrapper.java:233)
	at java.base/java.util.concurrent.CompletableFuture$AsyncSupply.run(CompletableFuture.java:1768)
	at java.base/java.util.concurrent.CompletableFuture$AsyncSupply.exec(CompletableFuture.java:1760)
	at java.base/java.util.concurrent.ForkJoinTask.doExec(ForkJoinTask.java:373)
	at java.base/java.util.concurrent.ForkJoinPool$WorkQueue.topLevelExec(ForkJoinPool.java:1182)
	at java.base/java.util.concurrent.ForkJoinPool.scan(ForkJoinPool.java:1655)
	at java.base/java.util.concurrent.ForkJoinPool.runWorker(ForkJoinPool.java:1622)
	at java.base/java.util.concurrent.ForkJoinWorkerThread.run(ForkJoinWorkerThread.java:165)
Caused by: org.eclipse.core.runtime.CoreException: プラグイン "org.eclipse.wildwebdeveloper" は、クラス "org.eclipse.wildwebdeveloper.angular.AngularLanguageServer" をインスタンス化できませんでした。
	at org.eclipse.core.internal.registry.osgi.RegistryStrategyOSGI.throwException(RegistryStrategyOSGI.java:212)
	at org.eclipse.core.internal.registry.osgi.RegistryStrategyOSGI.createExecutableExtension(RegistryStrategyOSGI.java:206)
	at org.eclipse.core.internal.registry.ExtensionRegistry.createExecutableExtension(ExtensionRegistry.java:920)
	at org.eclipse.core.internal.registry.ConfigurationElement.createExecutableExtension(ConfigurationElement.java:246)
	at org.eclipse.core.internal.registry.ConfigurationElementHandle.createExecutableExtension(ConfigurationElementHandle.java:63)
	at org.eclipse.lsp4e.LanguageServersRegistry$ExtensionLanguageServerDefinition.createConnectionProvider(LanguageServersRegistry.java:161)
	... 8 more
Caused by: java.lang.reflect.InvocationTargetException
	at java.base/jdk.internal.reflect.NativeConstructorAccessorImpl.newInstance0(Native Method)
	at java.base/jdk.internal.reflect.NativeConstructorAccessorImpl.newInstance(NativeConstructorAccessorImpl.java:77)
	at java.base/jdk.internal.reflect.DelegatingConstructorAccessorImpl.newInstance(DelegatingConstructorAccessorImpl.java:45)
	at java.base/java.lang.reflect.Constructor.newInstanceWithCaller(Constructor.java:499)
	at java.base/java.lang.reflect.Constructor.newInstance(Constructor.java:480)
	at org.eclipse.core.internal.registry.osgi.RegistryStrategyOSGI.createExecutableExtension(RegistryStrategyOSGI.java:204)
	... 12 more
Caused by: java.lang.NullPointerException: Cannot invoke "java.io.File.getAbsolutePath()" because the return value of "org.eclipse.wildwebdeveloper.embedder.node.NodeJSManager.getNodeJsLocation()" is null
	at org.eclipse.wildwebdeveloper.angular.AngularLanguageServer.<init>(AngularLanguageServer.java:43)
	... 18 more

!ENTRY org.eclipse.lsp4e 4 0 2025-02-15 22:10:17.638
!MESSAGE プラグイン "org.eclipse.wildwebdeveloper" は、クラス "org.eclipse.wildwebdeveloper.angular.AngularLanguageServer" をインスタンス化できませんでした。
!STACK 1
org.eclipse.core.runtime.CoreException: プラグイン "org.eclipse.wildwebdeveloper" は、クラス "org.eclipse.wildwebdeveloper.angular.AngularLanguageServer" をインスタンス化できませんでした。
	at org.eclipse.core.internal.registry.osgi.RegistryStrategyOSGI.throwException(RegistryStrategyOSGI.java:212)
	at org.eclipse.core.internal.registry.osgi.RegistryStrategyOSGI.createExecutableExtension(RegistryStrategyOSGI.java:206)
	at org.eclipse.core.internal.registry.ExtensionRegistry.createExecutableExtension(ExtensionRegistry.java:920)
	at org.eclipse.core.internal.registry.ConfigurationElement.createExecutableExtension(ConfigurationElement.java:246)
	at org.eclipse.core.internal.registry.ConfigurationElementHandle.createExecutableExtension(ConfigurationElementHandle.java:63)
	at org.eclipse.lsp4e.LanguageServersRegistry$ExtensionLanguageServerDefinition.createConnectionProvider(LanguageServersRegistry.java:161)
	at org.eclipse.lsp4e.LanguageServerWrapper.lambda$0(LanguageServerWrapper.java:233)
	at java.base/java.util.concurrent.CompletableFuture$AsyncSupply.run(CompletableFuture.java:1768)
	at java.base/java.util.concurrent.CompletableFuture$AsyncSupply.exec(CompletableFuture.java:1760)
	at java.base/java.util.concurrent.ForkJoinTask.doExec(ForkJoinTask.java:373)
	at java.base/java.util.concurrent.ForkJoinPool$WorkQueue.topLevelExec(ForkJoinPool.java:1182)
	at java.base/java.util.concurrent.ForkJoinPool.scan(ForkJoinPool.java:1655)
	at java.base/java.util.concurrent.ForkJoinPool.runWorker(ForkJoinPool.java:1622)
	at java.base/java.util.concurrent.ForkJoinWorkerThread.run(ForkJoinWorkerThread.java:165)
Caused by: java.lang.reflect.InvocationTargetException
	at java.base/jdk.internal.reflect.NativeConstructorAccessorImpl.newInstance0(Native Method)
	at java.base/jdk.internal.reflect.NativeConstructorAccessorImpl.newInstance(NativeConstructorAccessorImpl.java:77)
	at java.base/jdk.internal.reflect.DelegatingConstructorAccessorImpl.newInstance(DelegatingConstructorAccessorImpl.java:45)
	at java.base/java.lang.reflect.Constructor.newInstanceWithCaller(Constructor.java:499)
	at java.base/java.lang.reflect.Constructor.newInstance(Constructor.java:480)
	at org.eclipse.core.internal.registry.osgi.RegistryStrategyOSGI.createExecutableExtension(RegistryStrategyOSGI.java:204)
	... 12 more
Caused by: java.lang.NullPointerException: Cannot invoke "java.io.File.getAbsolutePath()" because the return value of "org.eclipse.wildwebdeveloper.embedder.node.NodeJSManager.getNodeJsLocation()" is null
	at org.eclipse.wildwebdeveloper.angular.AngularLanguageServer.<init>(AngularLanguageServer.java:43)
	... 18 more
!SUBENTRY 1 org.eclipse.equinox.registry 4 1 2025-02-15 22:10:17.638
!MESSAGE プラグイン "org.eclipse.wildwebdeveloper" は、クラス "org.eclipse.wildwebdeveloper.angular.AngularLanguageServer" をインスタンス化できませんでした。
!STACK 0
java.lang.reflect.InvocationTargetException
	at java.base/jdk.internal.reflect.NativeConstructorAccessorImpl.newInstance0(Native Method)
	at java.base/jdk.internal.reflect.NativeConstructorAccessorImpl.newInstance(NativeConstructorAccessorImpl.java:77)
	at java.base/jdk.internal.reflect.DelegatingConstructorAccessorImpl.newInstance(DelegatingConstructorAccessorImpl.java:45)
	at java.base/java.lang.reflect.Constructor.newInstanceWithCaller(Constructor.java:499)
	at java.base/java.lang.reflect.Constructor.newInstance(Constructor.java:480)
	at org.eclipse.core.internal.registry.osgi.RegistryStrategyOSGI.createExecutableExtension(RegistryStrategyOSGI.java:204)
	at org.eclipse.core.internal.registry.ExtensionRegistry.createExecutableExtension(ExtensionRegistry.java:920)
	at org.eclipse.core.internal.registry.ConfigurationElement.createExecutableExtension(ConfigurationElement.java:246)
	at org.eclipse.core.internal.registry.ConfigurationElementHandle.createExecutableExtension(ConfigurationElementHandle.java:63)
	at org.eclipse.lsp4e.LanguageServersRegistry$ExtensionLanguageServerDefinition.createConnectionProvider(LanguageServersRegistry.java:161)
	at org.eclipse.lsp4e.LanguageServerWrapper.lambda$0(LanguageServerWrapper.java:233)
	at java.base/java.util.concurrent.CompletableFuture$AsyncSupply.run(CompletableFuture.java:1768)
	at java.base/java.util.concurrent.CompletableFuture$AsyncSupply.exec(CompletableFuture.java:1760)
	at java.base/java.util.concurrent.ForkJoinTask.doExec(ForkJoinTask.java:373)
	at java.base/java.util.concurrent.ForkJoinPool$WorkQueue.topLevelExec(ForkJoinPool.java:1182)
	at java.base/java.util.concurrent.ForkJoinPool.scan(ForkJoinPool.java:1655)
	at java.base/java.util.concurrent.ForkJoinPool.runWorker(ForkJoinPool.java:1622)
	at java.base/java.util.concurrent.ForkJoinWorkerThread.run(ForkJoinWorkerThread.java:165)
Caused by: java.lang.NullPointerException: Cannot invoke "java.io.File.getAbsolutePath()" because the return value of "org.eclipse.wildwebdeveloper.embedder.node.NodeJSManager.getNodeJsLocation()" is null
	at org.eclipse.wildwebdeveloper.angular.AngularLanguageServer.<init>(AngularLanguageServer.java:43)
	... 18 more
Root exception:
java.lang.NullPointerException: Cannot invoke "java.io.File.getAbsolutePath()" because the return value of "org.eclipse.wildwebdeveloper.embedder.node.NodeJSManager.getNodeJsLocation()" is null
	at org.eclipse.wildwebdeveloper.angular.AngularLanguageServer.<init>(AngularLanguageServer.java:43)
	at java.base/jdk.internal.reflect.NativeConstructorAccessorImpl.newInstance0(Native Method)
	at java.base/jdk.internal.reflect.NativeConstructorAccessorImpl.newInstance(NativeConstructorAccessorImpl.java:77)
	at java.base/jdk.internal.reflect.DelegatingConstructorAccessorImpl.newInstance(DelegatingConstructorAccessorImpl.java:45)
	at java.base/java.lang.reflect.Constructor.newInstanceWithCaller(Constructor.java:499)
	at java.base/java.lang.reflect.Constructor.newInstance(Constructor.java:480)
	at org.eclipse.core.internal.registry.osgi.RegistryStrategyOSGI.createExecutableExtension(RegistryStrategyOSGI.java:204)
	at org.eclipse.core.internal.registry.ExtensionRegistry.createExecutableExtension(ExtensionRegistry.java:920)
	at org.eclipse.core.internal.registry.ConfigurationElement.createExecutableExtension(ConfigurationElement.java:246)
	at org.eclipse.core.internal.registry.ConfigurationElementHandle.createExecutableExtension(ConfigurationElementHandle.java:63)
	at org.eclipse.lsp4e.LanguageServersRegistry$ExtensionLanguageServerDefinition.createConnectionProvider(LanguageServersRegistry.java:161)
	at org.eclipse.lsp4e.LanguageServerWrapper.lambda$0(LanguageServerWrapper.java:233)
	at java.base/java.util.concurrent.CompletableFuture$AsyncSupply.run(CompletableFuture.java:1768)
	at java.base/java.util.concurrent.CompletableFuture$AsyncSupply.exec(CompletableFuture.java:1760)
	at java.base/java.util.concurrent.ForkJoinTask.doExec(ForkJoinTask.java:373)
	at java.base/java.util.concurrent.ForkJoinPool$WorkQueue.topLevelExec(ForkJoinPool.java:1182)
	at java.base/java.util.concurrent.ForkJoinPool.scan(ForkJoinPool.java:1655)
	at java.base/java.util.concurrent.ForkJoinPool.runWorker(ForkJoinPool.java:1622)
	at java.base/java.util.concurrent.ForkJoinWorkerThread.run(ForkJoinWorkerThread.java:165)

!ENTRY org.eclipse.lsp4e 4 0 2025-02-15 22:10:17.638
!MESSAGE Exception occurred while creating an instance of the stream connection provider
!STACK 0
java.lang.RuntimeException: Exception occurred while creating an instance of the stream connection provider
	at org.eclipse.lsp4e.LanguageServersRegistry$ExtensionLanguageServerDefinition.createConnectionProvider(LanguageServersRegistry.java:164)
	at org.eclipse.lsp4e.LanguageServerWrapper.lambda$0(LanguageServerWrapper.java:233)
	at java.base/java.util.concurrent.CompletableFuture$AsyncSupply.run(CompletableFuture.java:1768)
	at java.base/java.util.concurrent.CompletableFuture$AsyncSupply.exec(CompletableFuture.java:1760)
	at java.base/java.util.concurrent.ForkJoinTask.doExec(ForkJoinTask.java:373)
	at java.base/java.util.concurrent.ForkJoinPool$WorkQueue.topLevelExec(ForkJoinPool.java:1182)
	at java.base/java.util.concurrent.ForkJoinPool.scan(ForkJoinPool.java:1655)
	at java.base/java.util.concurrent.ForkJoinPool.runWorker(ForkJoinPool.java:1622)
	at java.base/java.util.concurrent.ForkJoinWorkerThread.run(ForkJoinWorkerThread.java:165)
Caused by: org.eclipse.core.runtime.CoreException: プラグイン "org.eclipse.wildwebdeveloper" は、クラス "org.eclipse.wildwebdeveloper.angular.AngularLanguageServer" をインスタンス化できませんでした。
	at org.eclipse.core.internal.registry.osgi.RegistryStrategyOSGI.throwException(RegistryStrategyOSGI.java:212)
	at org.eclipse.core.internal.registry.osgi.RegistryStrategyOSGI.createExecutableExtension(RegistryStrategyOSGI.java:206)
	at org.eclipse.core.internal.registry.ExtensionRegistry.createExecutableExtension(ExtensionRegistry.java:920)
	at org.eclipse.core.internal.registry.ConfigurationElement.createExecutableExtension(ConfigurationElement.java:246)
	at org.eclipse.core.internal.registry.ConfigurationElementHandle.createExecutableExtension(ConfigurationElementHandle.java:63)
	at org.eclipse.lsp4e.LanguageServersRegistry$ExtensionLanguageServerDefinition.createConnectionProvider(LanguageServersRegistry.java:161)
	... 8 more
Caused by: java.lang.reflect.InvocationTargetException
	at java.base/jdk.internal.reflect.NativeConstructorAccessorImpl.newInstance0(Native Method)
	at java.base/jdk.internal.reflect.NativeConstructorAccessorImpl.newInstance(NativeConstructorAccessorImpl.java:77)
	at java.base/jdk.internal.reflect.DelegatingConstructorAccessorImpl.newInstance(DelegatingConstructorAccessorImpl.java:45)
	at java.base/java.lang.reflect.Constructor.newInstanceWithCaller(Constructor.java:499)
	at java.base/java.lang.reflect.Constructor.newInstance(Constructor.java:480)
	at org.eclipse.core.internal.registry.osgi.RegistryStrategyOSGI.createExecutableExtension(RegistryStrategyOSGI.java:204)
	... 12 more
Caused by: java.lang.NullPointerException: Cannot invoke "java.io.File.getAbsolutePath()" because the return value of "org.eclipse.wildwebdeveloper.embedder.node.NodeJSManager.getNodeJsLocation()" is null
	at org.eclipse.wildwebdeveloper.angular.AngularLanguageServer.<init>(AngularLanguageServer.java:43)
	... 18 more

!ENTRY org.eclipse.lsp4e 4 0 2025-02-15 22:10:17.641
!MESSAGE Cannot invoke "org.eclipse.lsp4e.server.StreamConnectionProvider.getInputStream()" because "this.lspStreamProvider" is null
!STACK 0
java.lang.NullPointerException: Cannot invoke "org.eclipse.lsp4e.server.StreamConnectionProvider.getInputStream()" because "this.lspStreamProvider" is null
	at org.eclipse.lsp4e.LanguageServerWrapper.lambda$1(LanguageServerWrapper.java:284)
	at java.base/java.util.concurrent.CompletableFuture$UniApply.tryFire(CompletableFuture.java:646)
	at java.base/java.util.concurrent.CompletableFuture.postComplete(CompletableFuture.java:510)
	at java.base/java.util.concurrent.CompletableFuture$AsyncSupply.run(CompletableFuture.java:1773)
	at java.base/java.util.concurrent.CompletableFuture$AsyncSupply.exec(CompletableFuture.java:1760)
	at java.base/java.util.concurrent.ForkJoinTask.doExec(ForkJoinTask.java:373)
	at java.base/java.util.concurrent.ForkJoinPool$WorkQueue.topLevelExec(ForkJoinPool.java:1182)
	at java.base/java.util.concurrent.ForkJoinPool.scan(ForkJoinPool.java:1655)
	at java.base/java.util.concurrent.ForkJoinPool.runWorker(ForkJoinPool.java:1622)
	at java.base/java.util.concurrent.ForkJoinWorkerThread.run(ForkJoinWorkerThread.java:165)

!ENTRY org.eclipse.lsp4e 4 0 2025-02-15 22:10:17.645
!MESSAGE プラグイン "org.eclipse.wildwebdeveloper" は、クラス "org.eclipse.wildwebdeveloper.html.HTMLLanguageServer" をインスタンス化できませんでした。
!STACK 1
org.eclipse.core.runtime.CoreException: プラグイン "org.eclipse.wildwebdeveloper" は、クラス "org.eclipse.wildwebdeveloper.html.HTMLLanguageServer" をインスタンス化できませんでした。
	at org.eclipse.core.internal.registry.osgi.RegistryStrategyOSGI.throwException(RegistryStrategyOSGI.java:212)
	at org.eclipse.core.internal.registry.osgi.RegistryStrategyOSGI.createExecutableExtension(RegistryStrategyOSGI.java:206)
	at org.eclipse.core.internal.registry.ExtensionRegistry.createExecutableExtension(ExtensionRegistry.java:920)
	at org.eclipse.core.internal.registry.ConfigurationElement.createExecutableExtension(ConfigurationElement.java:246)
	at org.eclipse.core.internal.registry.ConfigurationElementHandle.createExecutableExtension(ConfigurationElementHandle.java:63)
	at org.eclipse.lsp4e.LanguageServersRegistry$ExtensionLanguageServerDefinition.createConnectionProvider(LanguageServersRegistry.java:161)
	at org.eclipse.lsp4e.LanguageServerWrapper.lambda$0(LanguageServerWrapper.java:233)
	at java.base/java.util.concurrent.CompletableFuture$AsyncSupply.run(CompletableFuture.java:1768)
	at java.base/java.util.concurrent.CompletableFuture$AsyncSupply.exec(CompletableFuture.java:1760)
	at java.base/java.util.concurrent.ForkJoinTask.doExec(ForkJoinTask.java:373)
	at java.base/java.util.concurrent.ForkJoinPool$WorkQueue.topLevelExec(ForkJoinPool.java:1182)
	at java.base/java.util.concurrent.ForkJoinPool.scan(ForkJoinPool.java:1655)
	at java.base/java.util.concurrent.ForkJoinPool.runWorker(ForkJoinPool.java:1622)
	at java.base/java.util.concurrent.ForkJoinWorkerThread.run(ForkJoinWorkerThread.java:165)
Caused by: java.lang.reflect.InvocationTargetException
	at java.base/jdk.internal.reflect.NativeConstructorAccessorImpl.newInstance0(Native Method)
	at java.base/jdk.internal.reflect.NativeConstructorAccessorImpl.newInstance(NativeConstructorAccessorImpl.java:77)
	at java.base/jdk.internal.reflect.DelegatingConstructorAccessorImpl.newInstance(DelegatingConstructorAccessorImpl.java:45)
	at java.base/java.lang.reflect.Constructor.newInstanceWithCaller(Constructor.java:499)
	at java.base/java.lang.reflect.Constructor.newInstance(Constructor.java:480)
	at org.eclipse.core.internal.registry.osgi.RegistryStrategyOSGI.createExecutableExtension(RegistryStrategyOSGI.java:204)
	... 12 more
Caused by: java.lang.NullPointerException: Cannot invoke "java.io.File.getAbsolutePath()" because the return value of "org.eclipse.wildwebdeveloper.embedder.node.NodeJSManager.getNodeJsLocation()" is null
	at org.eclipse.wildwebdeveloper.html.HTMLLanguageServer.<init>(HTMLLanguageServer.java:40)
	... 18 more
!SUBENTRY 1 org.eclipse.equinox.registry 4 1 2025-02-15 22:10:17.645
!MESSAGE プラグイン "org.eclipse.wildwebdeveloper" は、クラス "org.eclipse.wildwebdeveloper.html.HTMLLanguageServer" をインスタンス化できませんでした。
!STACK 0
java.lang.reflect.InvocationTargetException
	at java.base/jdk.internal.reflect.NativeConstructorAccessorImpl.newInstance0(Native Method)
	at java.base/jdk.internal.reflect.NativeConstructorAccessorImpl.newInstance(NativeConstructorAccessorImpl.java:77)
	at java.base/jdk.internal.reflect.DelegatingConstructorAccessorImpl.newInstance(DelegatingConstructorAccessorImpl.java:45)
	at java.base/java.lang.reflect.Constructor.newInstanceWithCaller(Constructor.java:499)
	at java.base/java.lang.reflect.Constructor.newInstance(Constructor.java:480)
	at org.eclipse.core.internal.registry.osgi.RegistryStrategyOSGI.createExecutableExtension(RegistryStrategyOSGI.java:204)
	at org.eclipse.core.internal.registry.ExtensionRegistry.createExecutableExtension(ExtensionRegistry.java:920)
	at org.eclipse.core.internal.registry.ConfigurationElement.createExecutableExtension(ConfigurationElement.java:246)
	at org.eclipse.core.internal.registry.ConfigurationElementHandle.createExecutableExtension(ConfigurationElementHandle.java:63)
	at org.eclipse.lsp4e.LanguageServersRegistry$ExtensionLanguageServerDefinition.createConnectionProvider(LanguageServersRegistry.java:161)
	at org.eclipse.lsp4e.LanguageServerWrapper.lambda$0(LanguageServerWrapper.java:233)
	at java.base/java.util.concurrent.CompletableFuture$AsyncSupply.run(CompletableFuture.java:1768)
	at java.base/java.util.concurrent.CompletableFuture$AsyncSupply.exec(CompletableFuture.java:1760)
	at java.base/java.util.concurrent.ForkJoinTask.doExec(ForkJoinTask.java:373)
	at java.base/java.util.concurrent.ForkJoinPool$WorkQueue.topLevelExec(ForkJoinPool.java:1182)
	at java.base/java.util.concurrent.ForkJoinPool.scan(ForkJoinPool.java:1655)
	at java.base/java.util.concurrent.ForkJoinPool.runWorker(ForkJoinPool.java:1622)
	at java.base/java.util.concurrent.ForkJoinWorkerThread.run(ForkJoinWorkerThread.java:165)
Caused by: java.lang.NullPointerException: Cannot invoke "java.io.File.getAbsolutePath()" because the return value of "org.eclipse.wildwebdeveloper.embedder.node.NodeJSManager.getNodeJsLocation()" is null
	at org.eclipse.wildwebdeveloper.html.HTMLLanguageServer.<init>(HTMLLanguageServer.java:40)
	... 18 more
Root exception:
java.lang.NullPointerException: Cannot invoke "java.io.File.getAbsolutePath()" because the return value of "org.eclipse.wildwebdeveloper.embedder.node.NodeJSManager.getNodeJsLocation()" is null
	at org.eclipse.wildwebdeveloper.html.HTMLLanguageServer.<init>(HTMLLanguageServer.java:40)
	at java.base/jdk.internal.reflect.NativeConstructorAccessorImpl.newInstance0(Native Method)
	at java.base/jdk.internal.reflect.NativeConstructorAccessorImpl.newInstance(NativeConstructorAccessorImpl.java:77)
	at java.base/jdk.internal.reflect.DelegatingConstructorAccessorImpl.newInstance(DelegatingConstructorAccessorImpl.java:45)
	at java.base/java.lang.reflect.Constructor.newInstanceWithCaller(Constructor.java:499)
	at java.base/java.lang.reflect.Constructor.newInstance(Constructor.java:480)
	at org.eclipse.core.internal.registry.osgi.RegistryStrategyOSGI.createExecutableExtension(RegistryStrategyOSGI.java:204)
	at org.eclipse.core.internal.registry.ExtensionRegistry.createExecutableExtension(ExtensionRegistry.java:920)
	at org.eclipse.core.internal.registry.ConfigurationElement.createExecutableExtension(ConfigurationElement.java:246)
	at org.eclipse.core.internal.registry.ConfigurationElementHandle.createExecutableExtension(ConfigurationElementHandle.java:63)
	at org.eclipse.lsp4e.LanguageServersRegistry$ExtensionLanguageServerDefinition.createConnectionProvider(LanguageServersRegistry.java:161)
	at org.eclipse.lsp4e.LanguageServerWrapper.lambda$0(LanguageServerWrapper.java:233)
	at java.base/java.util.concurrent.CompletableFuture$AsyncSupply.run(CompletableFuture.java:1768)
	at java.base/java.util.concurrent.CompletableFuture$AsyncSupply.exec(CompletableFuture.java:1760)
	at java.base/java.util.concurrent.ForkJoinTask.doExec(ForkJoinTask.java:373)
	at java.base/java.util.concurrent.ForkJoinPool$WorkQueue.topLevelExec(ForkJoinPool.java:1182)
	at java.base/java.util.concurrent.ForkJoinPool.scan(ForkJoinPool.java:1655)
	at java.base/java.util.concurrent.ForkJoinPool.runWorker(ForkJoinPool.java:1622)
	at java.base/java.util.concurrent.ForkJoinWorkerThread.run(ForkJoinWorkerThread.java:165)

!ENTRY org.eclipse.lsp4e 4 0 2025-02-15 22:10:17.646
!MESSAGE Exception occurred while creating an instance of the stream connection provider
!STACK 0
java.lang.RuntimeException: Exception occurred while creating an instance of the stream connection provider
	at org.eclipse.lsp4e.LanguageServersRegistry$ExtensionLanguageServerDefinition.createConnectionProvider(LanguageServersRegistry.java:164)
	at org.eclipse.lsp4e.LanguageServerWrapper.lambda$0(LanguageServerWrapper.java:233)
	at java.base/java.util.concurrent.CompletableFuture$AsyncSupply.run(CompletableFuture.java:1768)
	at java.base/java.util.concurrent.CompletableFuture$AsyncSupply.exec(CompletableFuture.java:1760)
	at java.base/java.util.concurrent.ForkJoinTask.doExec(ForkJoinTask.java:373)
	at java.base/java.util.concurrent.ForkJoinPool$WorkQueue.topLevelExec(ForkJoinPool.java:1182)
	at java.base/java.util.concurrent.ForkJoinPool.scan(ForkJoinPool.java:1655)
	at java.base/java.util.concurrent.ForkJoinPool.runWorker(ForkJoinPool.java:1622)
	at java.base/java.util.concurrent.ForkJoinWorkerThread.run(ForkJoinWorkerThread.java:165)
Caused by: org.eclipse.core.runtime.CoreException: プラグイン "org.eclipse.wildwebdeveloper" は、クラス "org.eclipse.wildwebdeveloper.html.HTMLLanguageServer" をインスタンス化できませんでした。
	at org.eclipse.core.internal.registry.osgi.RegistryStrategyOSGI.throwException(RegistryStrategyOSGI.java:212)
	at org.eclipse.core.internal.registry.osgi.RegistryStrategyOSGI.createExecutableExtension(RegistryStrategyOSGI.java:206)
	at org.eclipse.core.internal.registry.ExtensionRegistry.createExecutableExtension(ExtensionRegistry.java:920)
	at org.eclipse.core.internal.registry.ConfigurationElement.createExecutableExtension(ConfigurationElement.java:246)
	at org.eclipse.core.internal.registry.ConfigurationElementHandle.createExecutableExtension(ConfigurationElementHandle.java:63)
	at org.eclipse.lsp4e.LanguageServersRegistry$ExtensionLanguageServerDefinition.createConnectionProvider(LanguageServersRegistry.java:161)
	... 8 more
Caused by: java.lang.reflect.InvocationTargetException
	at java.base/jdk.internal.reflect.NativeConstructorAccessorImpl.newInstance0(Native Method)
	at java.base/jdk.internal.reflect.NativeConstructorAccessorImpl.newInstance(NativeConstructorAccessorImpl.java:77)
	at java.base/jdk.internal.reflect.DelegatingConstructorAccessorImpl.newInstance(DelegatingConstructorAccessorImpl.java:45)
	at java.base/java.lang.reflect.Constructor.newInstanceWithCaller(Constructor.java:499)
	at java.base/java.lang.reflect.Constructor.newInstance(Constructor.java:480)
	at org.eclipse.core.internal.registry.osgi.RegistryStrategyOSGI.createExecutableExtension(RegistryStrategyOSGI.java:204)
	... 12 more
Caused by: java.lang.NullPointerException: Cannot invoke "java.io.File.getAbsolutePath()" because the return value of "org.eclipse.wildwebdeveloper.embedder.node.NodeJSManager.getNodeJsLocation()" is null
	at org.eclipse.wildwebdeveloper.html.HTMLLanguageServer.<init>(HTMLLanguageServer.java:40)
	... 18 more

!ENTRY org.eclipse.lsp4e 4 0 2025-02-15 22:10:17.648
!MESSAGE Cannot invoke "org.eclipse.lsp4e.server.StreamConnectionProvider.getInputStream()" because "this.lspStreamProvider" is null
!STACK 0
java.lang.NullPointerException: Cannot invoke "org.eclipse.lsp4e.server.StreamConnectionProvider.getInputStream()" because "this.lspStreamProvider" is null
	at org.eclipse.lsp4e.LanguageServerWrapper.lambda$1(LanguageServerWrapper.java:284)
	at java.base/java.util.concurrent.CompletableFuture$UniApply.tryFire(CompletableFuture.java:646)
	at java.base/java.util.concurrent.CompletableFuture.postComplete(CompletableFuture.java:510)
	at java.base/java.util.concurrent.CompletableFuture$AsyncSupply.run(CompletableFuture.java:1773)
	at java.base/java.util.concurrent.CompletableFuture$AsyncSupply.exec(CompletableFuture.java:1760)
	at java.base/java.util.concurrent.ForkJoinTask.doExec(ForkJoinTask.java:373)
	at java.base/java.util.concurrent.ForkJoinPool$WorkQueue.topLevelExec(ForkJoinPool.java:1182)
	at java.base/java.util.concurrent.ForkJoinPool.scan(ForkJoinPool.java:1655)
	at java.base/java.util.concurrent.ForkJoinPool.runWorker(ForkJoinPool.java:1622)
	at java.base/java.util.concurrent.ForkJoinWorkerThread.run(ForkJoinWorkerThread.java:165)

!ENTRY org.eclipse.lsp4e 4 0 2025-02-15 22:10:17.747
!MESSAGE プラグイン "org.eclipse.wildwebdeveloper" は、クラス "org.eclipse.wildwebdeveloper.angular.AngularLanguageServer" をインスタンス化できませんでした。
!STACK 1
org.eclipse.core.runtime.CoreException: プラグイン "org.eclipse.wildwebdeveloper" は、クラス "org.eclipse.wildwebdeveloper.angular.AngularLanguageServer" をインスタンス化できませんでした。
	at org.eclipse.core.internal.registry.osgi.RegistryStrategyOSGI.throwException(RegistryStrategyOSGI.java:212)
	at org.eclipse.core.internal.registry.osgi.RegistryStrategyOSGI.createExecutableExtension(RegistryStrategyOSGI.java:206)
	at org.eclipse.core.internal.registry.ExtensionRegistry.createExecutableExtension(ExtensionRegistry.java:920)
	at org.eclipse.core.internal.registry.ConfigurationElement.createExecutableExtension(ConfigurationElement.java:246)
	at org.eclipse.core.internal.registry.ConfigurationElementHandle.createExecutableExtension(ConfigurationElementHandle.java:63)
	at org.eclipse.lsp4e.LanguageServersRegistry$ExtensionLanguageServerDefinition.createConnectionProvider(LanguageServersRegistry.java:161)
	at org.eclipse.lsp4e.LanguageServerWrapper.lambda$0(LanguageServerWrapper.java:233)
	at java.base/java.util.concurrent.CompletableFuture$AsyncSupply.run(CompletableFuture.java:1768)
	at java.base/java.util.concurrent.CompletableFuture$AsyncSupply.exec(CompletableFuture.java:1760)
	at java.base/java.util.concurrent.ForkJoinTask.doExec(ForkJoinTask.java:373)
	at java.base/java.util.concurrent.ForkJoinPool$WorkQueue.topLevelExec(ForkJoinPool.java:1182)
	at java.base/java.util.concurrent.ForkJoinPool.scan(ForkJoinPool.java:1655)
	at java.base/java.util.concurrent.ForkJoinPool.runWorker(ForkJoinPool.java:1622)
	at java.base/java.util.concurrent.ForkJoinWorkerThread.run(ForkJoinWorkerThread.java:165)
Caused by: java.lang.reflect.InvocationTargetException
	at java.base/jdk.internal.reflect.NativeConstructorAccessorImpl.newInstance0(Native Method)
	at java.base/jdk.internal.reflect.NativeConstructorAccessorImpl.newInstance(NativeConstructorAccessorImpl.java:77)
	at java.base/jdk.internal.reflect.DelegatingConstructorAccessorImpl.newInstance(DelegatingConstructorAccessorImpl.java:45)
	at java.base/java.lang.reflect.Constructor.newInstanceWithCaller(Constructor.java:499)
	at java.base/java.lang.reflect.Constructor.newInstance(Constructor.java:480)
	at org.eclipse.core.internal.registry.osgi.RegistryStrategyOSGI.createExecutableExtension(RegistryStrategyOSGI.java:204)
	... 12 more
Caused by: java.lang.NullPointerException: Cannot invoke "java.io.File.getAbsolutePath()" because the return value of "org.eclipse.wildwebdeveloper.embedder.node.NodeJSManager.getNodeJsLocation()" is null
	at org.eclipse.wildwebdeveloper.angular.AngularLanguageServer.<init>(AngularLanguageServer.java:43)
	... 18 more
!SUBENTRY 1 org.eclipse.equinox.registry 4 1 2025-02-15 22:10:17.747
!MESSAGE プラグイン "org.eclipse.wildwebdeveloper" は、クラス "org.eclipse.wildwebdeveloper.angular.AngularLanguageServer" をインスタンス化できませんでした。
!STACK 0
java.lang.reflect.InvocationTargetException
	at java.base/jdk.internal.reflect.NativeConstructorAccessorImpl.newInstance0(Native Method)
	at java.base/jdk.internal.reflect.NativeConstructorAccessorImpl.newInstance(NativeConstructorAccessorImpl.java:77)
	at java.base/jdk.internal.reflect.DelegatingConstructorAccessorImpl.newInstance(DelegatingConstructorAccessorImpl.java:45)
	at java.base/java.lang.reflect.Constructor.newInstanceWithCaller(Constructor.java:499)
	at java.base/java.lang.reflect.Constructor.newInstance(Constructor.java:480)
	at org.eclipse.core.internal.registry.osgi.RegistryStrategyOSGI.createExecutableExtension(RegistryStrategyOSGI.java:204)
	at org.eclipse.core.internal.registry.ExtensionRegistry.createExecutableExtension(ExtensionRegistry.java:920)
	at org.eclipse.core.internal.registry.ConfigurationElement.createExecutableExtension(ConfigurationElement.java:246)
	at org.eclipse.core.internal.registry.ConfigurationElementHandle.createExecutableExtension(ConfigurationElementHandle.java:63)
	at org.eclipse.lsp4e.LanguageServersRegistry$ExtensionLanguageServerDefinition.createConnectionProvider(LanguageServersRegistry.java:161)
	at org.eclipse.lsp4e.LanguageServerWrapper.lambda$0(LanguageServerWrapper.java:233)
	at java.base/java.util.concurrent.CompletableFuture$AsyncSupply.run(CompletableFuture.java:1768)
	at java.base/java.util.concurrent.CompletableFuture$AsyncSupply.exec(CompletableFuture.java:1760)
	at java.base/java.util.concurrent.ForkJoinTask.doExec(ForkJoinTask.java:373)
	at java.base/java.util.concurrent.ForkJoinPool$WorkQueue.topLevelExec(ForkJoinPool.java:1182)
	at java.base/java.util.concurrent.ForkJoinPool.scan(ForkJoinPool.java:1655)
	at java.base/java.util.concurrent.ForkJoinPool.runWorker(ForkJoinPool.java:1622)
	at java.base/java.util.concurrent.ForkJoinWorkerThread.run(ForkJoinWorkerThread.java:165)
Caused by: java.lang.NullPointerException: Cannot invoke "java.io.File.getAbsolutePath()" because the return value of "org.eclipse.wildwebdeveloper.embedder.node.NodeJSManager.getNodeJsLocation()" is null
	at org.eclipse.wildwebdeveloper.angular.AngularLanguageServer.<init>(AngularLanguageServer.java:43)
	... 18 more
Root exception:
java.lang.NullPointerException: Cannot invoke "java.io.File.getAbsolutePath()" because the return value of "org.eclipse.wildwebdeveloper.embedder.node.NodeJSManager.getNodeJsLocation()" is null
	at org.eclipse.wildwebdeveloper.angular.AngularLanguageServer.<init>(AngularLanguageServer.java:43)
	at java.base/jdk.internal.reflect.NativeConstructorAccessorImpl.newInstance0(Native Method)
	at java.base/jdk.internal.reflect.NativeConstructorAccessorImpl.newInstance(NativeConstructorAccessorImpl.java:77)
	at java.base/jdk.internal.reflect.DelegatingConstructorAccessorImpl.newInstance(DelegatingConstructorAccessorImpl.java:45)
	at java.base/java.lang.reflect.Constructor.newInstanceWithCaller(Constructor.java:499)
	at java.base/java.lang.reflect.Constructor.newInstance(Constructor.java:480)
	at org.eclipse.core.internal.registry.osgi.RegistryStrategyOSGI.createExecutableExtension(RegistryStrategyOSGI.java:204)
	at org.eclipse.core.internal.registry.ExtensionRegistry.createExecutableExtension(ExtensionRegistry.java:920)
	at org.eclipse.core.internal.registry.ConfigurationElement.createExecutableExtension(ConfigurationElement.java:246)
	at org.eclipse.core.internal.registry.ConfigurationElementHandle.createExecutableExtension(ConfigurationElementHandle.java:63)
	at org.eclipse.lsp4e.LanguageServersRegistry$ExtensionLanguageServerDefinition.createConnectionProvider(LanguageServersRegistry.java:161)
	at org.eclipse.lsp4e.LanguageServerWrapper.lambda$0(LanguageServerWrapper.java:233)
	at java.base/java.util.concurrent.CompletableFuture$AsyncSupply.run(CompletableFuture.java:1768)
	at java.base/java.util.concurrent.CompletableFuture$AsyncSupply.exec(CompletableFuture.java:1760)
	at java.base/java.util.concurrent.ForkJoinTask.doExec(ForkJoinTask.java:373)
	at java.base/java.util.concurrent.ForkJoinPool$WorkQueue.topLevelExec(ForkJoinPool.java:1182)
	at java.base/java.util.concurrent.ForkJoinPool.scan(ForkJoinPool.java:1655)
	at java.base/java.util.concurrent.ForkJoinPool.runWorker(ForkJoinPool.java:1622)
	at java.base/java.util.concurrent.ForkJoinWorkerThread.run(ForkJoinWorkerThread.java:165)

!ENTRY org.eclipse.lsp4e 4 0 2025-02-15 22:10:17.748
!MESSAGE Exception occurred while creating an instance of the stream connection provider
!STACK 0
java.lang.RuntimeException: Exception occurred while creating an instance of the stream connection provider
	at org.eclipse.lsp4e.LanguageServersRegistry$ExtensionLanguageServerDefinition.createConnectionProvider(LanguageServersRegistry.java:164)
	at org.eclipse.lsp4e.LanguageServerWrapper.lambda$0(LanguageServerWrapper.java:233)
	at java.base/java.util.concurrent.CompletableFuture$AsyncSupply.run(CompletableFuture.java:1768)
	at java.base/java.util.concurrent.CompletableFuture$AsyncSupply.exec(CompletableFuture.java:1760)
	at java.base/java.util.concurrent.ForkJoinTask.doExec(ForkJoinTask.java:373)
	at java.base/java.util.concurrent.ForkJoinPool$WorkQueue.topLevelExec(ForkJoinPool.java:1182)
	at java.base/java.util.concurrent.ForkJoinPool.scan(ForkJoinPool.java:1655)
	at java.base/java.util.concurrent.ForkJoinPool.runWorker(ForkJoinPool.java:1622)
	at java.base/java.util.concurrent.ForkJoinWorkerThread.run(ForkJoinWorkerThread.java:165)
Caused by: org.eclipse.core.runtime.CoreException: プラグイン "org.eclipse.wildwebdeveloper" は、クラス "org.eclipse.wildwebdeveloper.angular.AngularLanguageServer" をインスタンス化できませんでした。
	at org.eclipse.core.internal.registry.osgi.RegistryStrategyOSGI.throwException(RegistryStrategyOSGI.java:212)
	at org.eclipse.core.internal.registry.osgi.RegistryStrategyOSGI.createExecutableExtension(RegistryStrategyOSGI.java:206)
	at org.eclipse.core.internal.registry.ExtensionRegistry.createExecutableExtension(ExtensionRegistry.java:920)
	at org.eclipse.core.internal.registry.ConfigurationElement.createExecutableExtension(ConfigurationElement.java:246)
	at org.eclipse.core.internal.registry.ConfigurationElementHandle.createExecutableExtension(ConfigurationElementHandle.java:63)
	at org.eclipse.lsp4e.LanguageServersRegistry$ExtensionLanguageServerDefinition.createConnectionProvider(LanguageServersRegistry.java:161)
	... 8 more
Caused by: java.lang.reflect.InvocationTargetException
	at java.base/jdk.internal.reflect.NativeConstructorAccessorImpl.newInstance0(Native Method)
	at java.base/jdk.internal.reflect.NativeConstructorAccessorImpl.newInstance(NativeConstructorAccessorImpl.java:77)
	at java.base/jdk.internal.reflect.DelegatingConstructorAccessorImpl.newInstance(DelegatingConstructorAccessorImpl.java:45)
	at java.base/java.lang.reflect.Constructor.newInstanceWithCaller(Constructor.java:499)
	at java.base/java.lang.reflect.Constructor.newInstance(Constructor.java:480)
	at org.eclipse.core.internal.registry.osgi.RegistryStrategyOSGI.createExecutableExtension(RegistryStrategyOSGI.java:204)
	... 12 more
Caused by: java.lang.NullPointerException: Cannot invoke "java.io.File.getAbsolutePath()" because the return value of "org.eclipse.wildwebdeveloper.embedder.node.NodeJSManager.getNodeJsLocation()" is null
	at org.eclipse.wildwebdeveloper.angular.AngularLanguageServer.<init>(AngularLanguageServer.java:43)
	... 18 more

!ENTRY org.eclipse.lsp4e 4 0 2025-02-15 22:10:17.751
!MESSAGE Cannot invoke "org.eclipse.lsp4e.server.StreamConnectionProvider.getInputStream()" because "this.lspStreamProvider" is null
!STACK 0
java.lang.NullPointerException: Cannot invoke "org.eclipse.lsp4e.server.StreamConnectionProvider.getInputStream()" because "this.lspStreamProvider" is null
	at org.eclipse.lsp4e.LanguageServerWrapper.lambda$1(LanguageServerWrapper.java:284)
	at java.base/java.util.concurrent.CompletableFuture$UniApply.tryFire(CompletableFuture.java:646)
	at java.base/java.util.concurrent.CompletableFuture.postComplete(CompletableFuture.java:510)
	at java.base/java.util.concurrent.CompletableFuture$AsyncSupply.run(CompletableFuture.java:1773)
	at java.base/java.util.concurrent.CompletableFuture$AsyncSupply.exec(CompletableFuture.java:1760)
	at java.base/java.util.concurrent.ForkJoinTask.doExec(ForkJoinTask.java:373)
	at java.base/java.util.concurrent.ForkJoinPool$WorkQueue.topLevelExec(ForkJoinPool.java:1182)
	at java.base/java.util.concurrent.ForkJoinPool.scan(ForkJoinPool.java:1655)
	at java.base/java.util.concurrent.ForkJoinPool.runWorker(ForkJoinPool.java:1622)
	at java.base/java.util.concurrent.ForkJoinWorkerThread.run(ForkJoinWorkerThread.java:165)

!ENTRY org.eclipse.lsp4e 4 0 2025-02-15 22:10:46.794
!MESSAGE プラグイン "org.eclipse.wildwebdeveloper" は、クラス "org.eclipse.wildwebdeveloper.angular.AngularLanguageServer" をインスタンス化できませんでした。
!STACK 1
org.eclipse.core.runtime.CoreException: プラグイン "org.eclipse.wildwebdeveloper" は、クラス "org.eclipse.wildwebdeveloper.angular.AngularLanguageServer" をインスタンス化できませんでした。
	at org.eclipse.core.internal.registry.osgi.RegistryStrategyOSGI.throwException(RegistryStrategyOSGI.java:212)
	at org.eclipse.core.internal.registry.osgi.RegistryStrategyOSGI.createExecutableExtension(RegistryStrategyOSGI.java:206)
	at org.eclipse.core.internal.registry.ExtensionRegistry.createExecutableExtension(ExtensionRegistry.java:920)
	at org.eclipse.core.internal.registry.ConfigurationElement.createExecutableExtension(ConfigurationElement.java:246)
	at org.eclipse.core.internal.registry.ConfigurationElementHandle.createExecutableExtension(ConfigurationElementHandle.java:63)
	at org.eclipse.lsp4e.LanguageServersRegistry$ExtensionLanguageServerDefinition.createConnectionProvider(LanguageServersRegistry.java:161)
	at org.eclipse.lsp4e.LanguageServerWrapper.lambda$0(LanguageServerWrapper.java:233)
	at java.base/java.util.concurrent.CompletableFuture$AsyncSupply.run(CompletableFuture.java:1768)
	at java.base/java.util.concurrent.CompletableFuture$AsyncSupply.exec(CompletableFuture.java:1760)
	at java.base/java.util.concurrent.ForkJoinTask.doExec(ForkJoinTask.java:373)
	at java.base/java.util.concurrent.ForkJoinPool$WorkQueue.topLevelExec(ForkJoinPool.java:1182)
	at java.base/java.util.concurrent.ForkJoinPool.scan(ForkJoinPool.java:1655)
	at java.base/java.util.concurrent.ForkJoinPool.runWorker(ForkJoinPool.java:1622)
	at java.base/java.util.concurrent.ForkJoinWorkerThread.run(ForkJoinWorkerThread.java:165)
Caused by: java.lang.reflect.InvocationTargetException
	at java.base/jdk.internal.reflect.NativeConstructorAccessorImpl.newInstance0(Native Method)
	at java.base/jdk.internal.reflect.NativeConstructorAccessorImpl.newInstance(NativeConstructorAccessorImpl.java:77)
	at java.base/jdk.internal.reflect.DelegatingConstructorAccessorImpl.newInstance(DelegatingConstructorAccessorImpl.java:45)
	at java.base/java.lang.reflect.Constructor.newInstanceWithCaller(Constructor.java:499)
	at java.base/java.lang.reflect.Constructor.newInstance(Constructor.java:480)
	at org.eclipse.core.internal.registry.osgi.RegistryStrategyOSGI.createExecutableExtension(RegistryStrategyOSGI.java:204)
	... 12 more
Caused by: java.lang.NullPointerException: Cannot invoke "java.io.File.getAbsolutePath()" because the return value of "org.eclipse.wildwebdeveloper.embedder.node.NodeJSManager.getNodeJsLocation()" is null
	at org.eclipse.wildwebdeveloper.angular.AngularLanguageServer.<init>(AngularLanguageServer.java:43)
	... 18 more
!SUBENTRY 1 org.eclipse.equinox.registry 4 1 2025-02-15 22:10:46.794
!MESSAGE プラグイン "org.eclipse.wildwebdeveloper" は、クラス "org.eclipse.wildwebdeveloper.angular.AngularLanguageServer" をインスタンス化できませんでした。
!STACK 0
java.lang.reflect.InvocationTargetException
	at java.base/jdk.internal.reflect.NativeConstructorAccessorImpl.newInstance0(Native Method)
	at java.base/jdk.internal.reflect.NativeConstructorAccessorImpl.newInstance(NativeConstructorAccessorImpl.java:77)
	at java.base/jdk.internal.reflect.DelegatingConstructorAccessorImpl.newInstance(DelegatingConstructorAccessorImpl.java:45)
	at java.base/java.lang.reflect.Constructor.newInstanceWithCaller(Constructor.java:499)
	at java.base/java.lang.reflect.Constructor.newInstance(Constructor.java:480)
	at org.eclipse.core.internal.registry.osgi.RegistryStrategyOSGI.createExecutableExtension(RegistryStrategyOSGI.java:204)
	at org.eclipse.core.internal.registry.ExtensionRegistry.createExecutableExtension(ExtensionRegistry.java:920)
	at org.eclipse.core.internal.registry.ConfigurationElement.createExecutableExtension(ConfigurationElement.java:246)
	at org.eclipse.core.internal.registry.ConfigurationElementHandle.createExecutableExtension(ConfigurationElementHandle.java:63)
	at org.eclipse.lsp4e.LanguageServersRegistry$ExtensionLanguageServerDefinition.createConnectionProvider(LanguageServersRegistry.java:161)
	at org.eclipse.lsp4e.LanguageServerWrapper.lambda$0(LanguageServerWrapper.java:233)
	at java.base/java.util.concurrent.CompletableFuture$AsyncSupply.run(CompletableFuture.java:1768)
	at java.base/java.util.concurrent.CompletableFuture$AsyncSupply.exec(CompletableFuture.java:1760)
	at java.base/java.util.concurrent.ForkJoinTask.doExec(ForkJoinTask.java:373)
	at java.base/java.util.concurrent.ForkJoinPool$WorkQueue.topLevelExec(ForkJoinPool.java:1182)
	at java.base/java.util.concurrent.ForkJoinPool.scan(ForkJoinPool.java:1655)
	at java.base/java.util.concurrent.ForkJoinPool.runWorker(ForkJoinPool.java:1622)
	at java.base/java.util.concurrent.ForkJoinWorkerThread.run(ForkJoinWorkerThread.java:165)
Caused by: java.lang.NullPointerException: Cannot invoke "java.io.File.getAbsolutePath()" because the return value of "org.eclipse.wildwebdeveloper.embedder.node.NodeJSManager.getNodeJsLocation()" is null
	at org.eclipse.wildwebdeveloper.angular.AngularLanguageServer.<init>(AngularLanguageServer.java:43)
	... 18 more
Root exception:
java.lang.NullPointerException: Cannot invoke "java.io.File.getAbsolutePath()" because the return value of "org.eclipse.wildwebdeveloper.embedder.node.NodeJSManager.getNodeJsLocation()" is null
	at org.eclipse.wildwebdeveloper.angular.AngularLanguageServer.<init>(AngularLanguageServer.java:43)
	at java.base/jdk.internal.reflect.NativeConstructorAccessorImpl.newInstance0(Native Method)
	at java.base/jdk.internal.reflect.NativeConstructorAccessorImpl.newInstance(NativeConstructorAccessorImpl.java:77)
	at java.base/jdk.internal.reflect.DelegatingConstructorAccessorImpl.newInstance(DelegatingConstructorAccessorImpl.java:45)
	at java.base/java.lang.reflect.Constructor.newInstanceWithCaller(Constructor.java:499)
	at java.base/java.lang.reflect.Constructor.newInstance(Constructor.java:480)
	at org.eclipse.core.internal.registry.osgi.RegistryStrategyOSGI.createExecutableExtension(RegistryStrategyOSGI.java:204)
	at org.eclipse.core.internal.registry.ExtensionRegistry.createExecutableExtension(ExtensionRegistry.java:920)
	at org.eclipse.core.internal.registry.ConfigurationElement.createExecutableExtension(ConfigurationElement.java:246)
	at org.eclipse.core.internal.registry.ConfigurationElementHandle.createExecutableExtension(ConfigurationElementHandle.java:63)
	at org.eclipse.lsp4e.LanguageServersRegistry$ExtensionLanguageServerDefinition.createConnectionProvider(LanguageServersRegistry.java:161)
	at org.eclipse.lsp4e.LanguageServerWrapper.lambda$0(LanguageServerWrapper.java:233)
	at java.base/java.util.concurrent.CompletableFuture$AsyncSupply.run(CompletableFuture.java:1768)
	at java.base/java.util.concurrent.CompletableFuture$AsyncSupply.exec(CompletableFuture.java:1760)
	at java.base/java.util.concurrent.ForkJoinTask.doExec(ForkJoinTask.java:373)
	at java.base/java.util.concurrent.ForkJoinPool$WorkQueue.topLevelExec(ForkJoinPool.java:1182)
	at java.base/java.util.concurrent.ForkJoinPool.scan(ForkJoinPool.java:1655)
	at java.base/java.util.concurrent.ForkJoinPool.runWorker(ForkJoinPool.java:1622)
	at java.base/java.util.concurrent.ForkJoinWorkerThread.run(ForkJoinWorkerThread.java:165)

!ENTRY org.eclipse.lsp4e 4 0 2025-02-15 22:10:46.795
!MESSAGE Exception occurred while creating an instance of the stream connection provider
!STACK 0
java.lang.RuntimeException: Exception occurred while creating an instance of the stream connection provider
	at org.eclipse.lsp4e.LanguageServersRegistry$ExtensionLanguageServerDefinition.createConnectionProvider(LanguageServersRegistry.java:164)
	at org.eclipse.lsp4e.LanguageServerWrapper.lambda$0(LanguageServerWrapper.java:233)
	at java.base/java.util.concurrent.CompletableFuture$AsyncSupply.run(CompletableFuture.java:1768)
	at java.base/java.util.concurrent.CompletableFuture$AsyncSupply.exec(CompletableFuture.java:1760)
	at java.base/java.util.concurrent.ForkJoinTask.doExec(ForkJoinTask.java:373)
	at java.base/java.util.concurrent.ForkJoinPool$WorkQueue.topLevelExec(ForkJoinPool.java:1182)
	at java.base/java.util.concurrent.ForkJoinPool.scan(ForkJoinPool.java:1655)
	at java.base/java.util.concurrent.ForkJoinPool.runWorker(ForkJoinPool.java:1622)
	at java.base/java.util.concurrent.ForkJoinWorkerThread.run(ForkJoinWorkerThread.java:165)
Caused by: org.eclipse.core.runtime.CoreException: プラグイン "org.eclipse.wildwebdeveloper" は、クラス "org.eclipse.wildwebdeveloper.angular.AngularLanguageServer" をインスタンス化できませんでした。
	at org.eclipse.core.internal.registry.osgi.RegistryStrategyOSGI.throwException(RegistryStrategyOSGI.java:212)
	at org.eclipse.core.internal.registry.osgi.RegistryStrategyOSGI.createExecutableExtension(RegistryStrategyOSGI.java:206)
	at org.eclipse.core.internal.registry.ExtensionRegistry.createExecutableExtension(ExtensionRegistry.java:920)
	at org.eclipse.core.internal.registry.ConfigurationElement.createExecutableExtension(ConfigurationElement.java:246)
	at org.eclipse.core.internal.registry.ConfigurationElementHandle.createExecutableExtension(ConfigurationElementHandle.java:63)
	at org.eclipse.lsp4e.LanguageServersRegistry$ExtensionLanguageServerDefinition.createConnectionProvider(LanguageServersRegistry.java:161)
	... 8 more
Caused by: java.lang.reflect.InvocationTargetException
	at java.base/jdk.internal.reflect.NativeConstructorAccessorImpl.newInstance0(Native Method)
	at java.base/jdk.internal.reflect.NativeConstructorAccessorImpl.newInstance(NativeConstructorAccessorImpl.java:77)
	at java.base/jdk.internal.reflect.DelegatingConstructorAccessorImpl.newInstance(DelegatingConstructorAccessorImpl.java:45)
	at java.base/java.lang.reflect.Constructor.newInstanceWithCaller(Constructor.java:499)
	at java.base/java.lang.reflect.Constructor.newInstance(Constructor.java:480)
	at org.eclipse.core.internal.registry.osgi.RegistryStrategyOSGI.createExecutableExtension(RegistryStrategyOSGI.java:204)
	... 12 more
Caused by: java.lang.NullPointerException: Cannot invoke "java.io.File.getAbsolutePath()" because the return value of "org.eclipse.wildwebdeveloper.embedder.node.NodeJSManager.getNodeJsLocation()" is null
	at org.eclipse.wildwebdeveloper.angular.AngularLanguageServer.<init>(AngularLanguageServer.java:43)
	... 18 more

!ENTRY org.eclipse.lsp4e 4 0 2025-02-15 22:10:46.796
!MESSAGE Cannot invoke "org.eclipse.lsp4e.server.StreamConnectionProvider.getInputStream()" because "this.lspStreamProvider" is null
!STACK 0
java.lang.NullPointerException: Cannot invoke "org.eclipse.lsp4e.server.StreamConnectionProvider.getInputStream()" because "this.lspStreamProvider" is null
	at org.eclipse.lsp4e.LanguageServerWrapper.lambda$1(LanguageServerWrapper.java:284)
	at java.base/java.util.concurrent.CompletableFuture$UniApply.tryFire(CompletableFuture.java:646)
	at java.base/java.util.concurrent.CompletableFuture.postComplete(CompletableFuture.java:510)
	at java.base/java.util.concurrent.CompletableFuture$AsyncSupply.run(CompletableFuture.java:1773)
	at java.base/java.util.concurrent.CompletableFuture$AsyncSupply.exec(CompletableFuture.java:1760)
	at java.base/java.util.concurrent.ForkJoinTask.doExec(ForkJoinTask.java:373)
	at java.base/java.util.concurrent.ForkJoinPool$WorkQueue.topLevelExec(ForkJoinPool.java:1182)
	at java.base/java.util.concurrent.ForkJoinPool.scan(ForkJoinPool.java:1655)
	at java.base/java.util.concurrent.ForkJoinPool.runWorker(ForkJoinPool.java:1622)
	at java.base/java.util.concurrent.ForkJoinWorkerThread.run(ForkJoinWorkerThread.java:165)

!ENTRY org.eclipse.lsp4e 4 0 2025-02-15 22:10:46.807
!MESSAGE プラグイン "org.eclipse.wildwebdeveloper" は、クラス "org.eclipse.wildwebdeveloper.html.HTMLLanguageServer" をインスタンス化できませんでした。
!STACK 1
org.eclipse.core.runtime.CoreException: プラグイン "org.eclipse.wildwebdeveloper" は、クラス "org.eclipse.wildwebdeveloper.html.HTMLLanguageServer" をインスタンス化できませんでした。
	at org.eclipse.core.internal.registry.osgi.RegistryStrategyOSGI.throwException(RegistryStrategyOSGI.java:212)
	at org.eclipse.core.internal.registry.osgi.RegistryStrategyOSGI.createExecutableExtension(RegistryStrategyOSGI.java:206)
	at org.eclipse.core.internal.registry.ExtensionRegistry.createExecutableExtension(ExtensionRegistry.java:920)
	at org.eclipse.core.internal.registry.ConfigurationElement.createExecutableExtension(ConfigurationElement.java:246)
	at org.eclipse.core.internal.registry.ConfigurationElementHandle.createExecutableExtension(ConfigurationElementHandle.java:63)
	at org.eclipse.lsp4e.LanguageServersRegistry$ExtensionLanguageServerDefinition.createConnectionProvider(LanguageServersRegistry.java:161)
	at org.eclipse.lsp4e.LanguageServerWrapper.lambda$0(LanguageServerWrapper.java:233)
	at java.base/java.util.concurrent.CompletableFuture$AsyncSupply.run(CompletableFuture.java:1768)
	at java.base/java.util.concurrent.CompletableFuture$AsyncSupply.exec(CompletableFuture.java:1760)
	at java.base/java.util.concurrent.ForkJoinTask.doExec(ForkJoinTask.java:373)
	at java.base/java.util.concurrent.ForkJoinPool$WorkQueue.topLevelExec(ForkJoinPool.java:1182)
	at java.base/java.util.concurrent.ForkJoinPool.scan(ForkJoinPool.java:1655)
	at java.base/java.util.concurrent.ForkJoinPool.runWorker(ForkJoinPool.java:1622)
	at java.base/java.util.concurrent.ForkJoinWorkerThread.run(ForkJoinWorkerThread.java:165)
Caused by: java.lang.reflect.InvocationTargetException
	at java.base/jdk.internal.reflect.NativeConstructorAccessorImpl.newInstance0(Native Method)
	at java.base/jdk.internal.reflect.NativeConstructorAccessorImpl.newInstance(NativeConstructorAccessorImpl.java:77)
	at java.base/jdk.internal.reflect.DelegatingConstructorAccessorImpl.newInstance(DelegatingConstructorAccessorImpl.java:45)
	at java.base/java.lang.reflect.Constructor.newInstanceWithCaller(Constructor.java:499)
	at java.base/java.lang.reflect.Constructor.newInstance(Constructor.java:480)
	at org.eclipse.core.internal.registry.osgi.RegistryStrategyOSGI.createExecutableExtension(RegistryStrategyOSGI.java:204)
	... 12 more
Caused by: java.lang.NullPointerException: Cannot invoke "java.io.File.getAbsolutePath()" because the return value of "org.eclipse.wildwebdeveloper.embedder.node.NodeJSManager.getNodeJsLocation()" is null
	at org.eclipse.wildwebdeveloper.html.HTMLLanguageServer.<init>(HTMLLanguageServer.java:40)
	... 18 more
!SUBENTRY 1 org.eclipse.equinox.registry 4 1 2025-02-15 22:10:46.807
!MESSAGE プラグイン "org.eclipse.wildwebdeveloper" は、クラス "org.eclipse.wildwebdeveloper.html.HTMLLanguageServer" をインスタンス化できませんでした。
!STACK 0
java.lang.reflect.InvocationTargetException
	at java.base/jdk.internal.reflect.NativeConstructorAccessorImpl.newInstance0(Native Method)
	at java.base/jdk.internal.reflect.NativeConstructorAccessorImpl.newInstance(NativeConstructorAccessorImpl.java:77)
	at java.base/jdk.internal.reflect.DelegatingConstructorAccessorImpl.newInstance(DelegatingConstructorAccessorImpl.java:45)
	at java.base/java.lang.reflect.Constructor.newInstanceWithCaller(Constructor.java:499)
	at java.base/java.lang.reflect.Constructor.newInstance(Constructor.java:480)
	at org.eclipse.core.internal.registry.osgi.RegistryStrategyOSGI.createExecutableExtension(RegistryStrategyOSGI.java:204)
	at org.eclipse.core.internal.registry.ExtensionRegistry.createExecutableExtension(ExtensionRegistry.java:920)
	at org.eclipse.core.internal.registry.ConfigurationElement.createExecutableExtension(ConfigurationElement.java:246)
	at org.eclipse.core.internal.registry.ConfigurationElementHandle.createExecutableExtension(ConfigurationElementHandle.java:63)
	at org.eclipse.lsp4e.LanguageServersRegistry$ExtensionLanguageServerDefinition.createConnectionProvider(LanguageServersRegistry.java:161)
	at org.eclipse.lsp4e.LanguageServerWrapper.lambda$0(LanguageServerWrapper.java:233)
	at java.base/java.util.concurrent.CompletableFuture$AsyncSupply.run(CompletableFuture.java:1768)
	at java.base/java.util.concurrent.CompletableFuture$AsyncSupply.exec(CompletableFuture.java:1760)
	at java.base/java.util.concurrent.ForkJoinTask.doExec(ForkJoinTask.java:373)
	at java.base/java.util.concurrent.ForkJoinPool$WorkQueue.topLevelExec(ForkJoinPool.java:1182)
	at java.base/java.util.concurrent.ForkJoinPool.scan(ForkJoinPool.java:1655)
	at java.base/java.util.concurrent.ForkJoinPool.runWorker(ForkJoinPool.java:1622)
	at java.base/java.util.concurrent.ForkJoinWorkerThread.run(ForkJoinWorkerThread.java:165)
Caused by: java.lang.NullPointerException: Cannot invoke "java.io.File.getAbsolutePath()" because the return value of "org.eclipse.wildwebdeveloper.embedder.node.NodeJSManager.getNodeJsLocation()" is null
	at org.eclipse.wildwebdeveloper.html.HTMLLanguageServer.<init>(HTMLLanguageServer.java:40)
	... 18 more
Root exception:
java.lang.NullPointerException: Cannot invoke "java.io.File.getAbsolutePath()" because the return value of "org.eclipse.wildwebdeveloper.embedder.node.NodeJSManager.getNodeJsLocation()" is null
	at org.eclipse.wildwebdeveloper.html.HTMLLanguageServer.<init>(HTMLLanguageServer.java:40)
	at java.base/jdk.internal.reflect.NativeConstructorAccessorImpl.newInstance0(Native Method)
	at java.base/jdk.internal.reflect.NativeConstructorAccessorImpl.newInstance(NativeConstructorAccessorImpl.java:77)
	at java.base/jdk.internal.reflect.DelegatingConstructorAccessorImpl.newInstance(DelegatingConstructorAccessorImpl.java:45)
	at java.base/java.lang.reflect.Constructor.newInstanceWithCaller(Constructor.java:499)
	at java.base/java.lang.reflect.Constructor.newInstance(Constructor.java:480)
	at org.eclipse.core.internal.registry.osgi.RegistryStrategyOSGI.createExecutableExtension(RegistryStrategyOSGI.java:204)
	at org.eclipse.core.internal.registry.ExtensionRegistry.createExecutableExtension(ExtensionRegistry.java:920)
	at org.eclipse.core.internal.registry.ConfigurationElement.createExecutableExtension(ConfigurationElement.java:246)
	at org.eclipse.core.internal.registry.ConfigurationElementHandle.createExecutableExtension(ConfigurationElementHandle.java:63)
	at org.eclipse.lsp4e.LanguageServersRegistry$ExtensionLanguageServerDefinition.createConnectionProvider(LanguageServersRegistry.java:161)
	at org.eclipse.lsp4e.LanguageServerWrapper.lambda$0(LanguageServerWrapper.java:233)
	at java.base/java.util.concurrent.CompletableFuture$AsyncSupply.run(CompletableFuture.java:1768)
	at java.base/java.util.concurrent.CompletableFuture$AsyncSupply.exec(CompletableFuture.java:1760)
	at java.base/java.util.concurrent.ForkJoinTask.doExec(ForkJoinTask.java:373)
	at java.base/java.util.concurrent.ForkJoinPool$WorkQueue.topLevelExec(ForkJoinPool.java:1182)
	at java.base/java.util.concurrent.ForkJoinPool.scan(ForkJoinPool.java:1655)
	at java.base/java.util.concurrent.ForkJoinPool.runWorker(ForkJoinPool.java:1622)
	at java.base/java.util.concurrent.ForkJoinWorkerThread.run(ForkJoinWorkerThread.java:165)

!ENTRY org.eclipse.lsp4e 4 0 2025-02-15 22:10:46.807
!MESSAGE Exception occurred while creating an instance of the stream connection provider
!STACK 0
java.lang.RuntimeException: Exception occurred while creating an instance of the stream connection provider
	at org.eclipse.lsp4e.LanguageServersRegistry$ExtensionLanguageServerDefinition.createConnectionProvider(LanguageServersRegistry.java:164)
	at org.eclipse.lsp4e.LanguageServerWrapper.lambda$0(LanguageServerWrapper.java:233)
	at java.base/java.util.concurrent.CompletableFuture$AsyncSupply.run(CompletableFuture.java:1768)
	at java.base/java.util.concurrent.CompletableFuture$AsyncSupply.exec(CompletableFuture.java:1760)
	at java.base/java.util.concurrent.ForkJoinTask.doExec(ForkJoinTask.java:373)
	at java.base/java.util.concurrent.ForkJoinPool$WorkQueue.topLevelExec(ForkJoinPool.java:1182)
	at java.base/java.util.concurrent.ForkJoinPool.scan(ForkJoinPool.java:1655)
	at java.base/java.util.concurrent.ForkJoinPool.runWorker(ForkJoinPool.java:1622)
	at java.base/java.util.concurrent.ForkJoinWorkerThread.run(ForkJoinWorkerThread.java:165)
Caused by: org.eclipse.core.runtime.CoreException: プラグイン "org.eclipse.wildwebdeveloper" は、クラス "org.eclipse.wildwebdeveloper.html.HTMLLanguageServer" をインスタンス化できませんでした。
	at org.eclipse.core.internal.registry.osgi.RegistryStrategyOSGI.throwException(RegistryStrategyOSGI.java:212)
	at org.eclipse.core.internal.registry.osgi.RegistryStrategyOSGI.createExecutableExtension(RegistryStrategyOSGI.java:206)
	at org.eclipse.core.internal.registry.ExtensionRegistry.createExecutableExtension(ExtensionRegistry.java:920)
	at org.eclipse.core.internal.registry.ConfigurationElement.createExecutableExtension(ConfigurationElement.java:246)
	at org.eclipse.core.internal.registry.ConfigurationElementHandle.createExecutableExtension(ConfigurationElementHandle.java:63)
	at org.eclipse.lsp4e.LanguageServersRegistry$ExtensionLanguageServerDefinition.createConnectionProvider(LanguageServersRegistry.java:161)
	... 8 more
Caused by: java.lang.reflect.InvocationTargetException
	at java.base/jdk.internal.reflect.NativeConstructorAccessorImpl.newInstance0(Native Method)
	at java.base/jdk.internal.reflect.NativeConstructorAccessorImpl.newInstance(NativeConstructorAccessorImpl.java:77)
	at java.base/jdk.internal.reflect.DelegatingConstructorAccessorImpl.newInstance(DelegatingConstructorAccessorImpl.java:45)
	at java.base/java.lang.reflect.Constructor.newInstanceWithCaller(Constructor.java:499)
	at java.base/java.lang.reflect.Constructor.newInstance(Constructor.java:480)
	at org.eclipse.core.internal.registry.osgi.RegistryStrategyOSGI.createExecutableExtension(RegistryStrategyOSGI.java:204)
	... 12 more
Caused by: java.lang.NullPointerException: Cannot invoke "java.io.File.getAbsolutePath()" because the return value of "org.eclipse.wildwebdeveloper.embedder.node.NodeJSManager.getNodeJsLocation()" is null
	at org.eclipse.wildwebdeveloper.html.HTMLLanguageServer.<init>(HTMLLanguageServer.java:40)
	... 18 more

!ENTRY org.eclipse.lsp4e 4 0 2025-02-15 22:10:46.809
!MESSAGE Cannot invoke "org.eclipse.lsp4e.server.StreamConnectionProvider.getInputStream()" because "this.lspStreamProvider" is null
!STACK 0
java.lang.NullPointerException: Cannot invoke "org.eclipse.lsp4e.server.StreamConnectionProvider.getInputStream()" because "this.lspStreamProvider" is null
	at org.eclipse.lsp4e.LanguageServerWrapper.lambda$1(LanguageServerWrapper.java:284)
	at java.base/java.util.concurrent.CompletableFuture$UniApply.tryFire(CompletableFuture.java:646)
	at java.base/java.util.concurrent.CompletableFuture.postComplete(CompletableFuture.java:510)
	at java.base/java.util.concurrent.CompletableFuture$AsyncSupply.run(CompletableFuture.java:1773)
	at java.base/java.util.concurrent.CompletableFuture$AsyncSupply.exec(CompletableFuture.java:1760)
	at java.base/java.util.concurrent.ForkJoinTask.doExec(ForkJoinTask.java:373)
	at java.base/java.util.concurrent.ForkJoinPool$WorkQueue.topLevelExec(ForkJoinPool.java:1182)
	at java.base/java.util.concurrent.ForkJoinPool.scan(ForkJoinPool.java:1655)
	at java.base/java.util.concurrent.ForkJoinPool.runWorker(ForkJoinPool.java:1622)
	at java.base/java.util.concurrent.ForkJoinWorkerThread.run(ForkJoinWorkerThread.java:165)

!ENTRY org.eclipse.lsp4e 4 0 2025-02-15 22:10:46.910
!MESSAGE プラグイン "org.eclipse.wildwebdeveloper" は、クラス "org.eclipse.wildwebdeveloper.angular.AngularLanguageServer" をインスタンス化できませんでした。
!STACK 1
org.eclipse.core.runtime.CoreException: プラグイン "org.eclipse.wildwebdeveloper" は、クラス "org.eclipse.wildwebdeveloper.angular.AngularLanguageServer" をインスタンス化できませんでした。
	at org.eclipse.core.internal.registry.osgi.RegistryStrategyOSGI.throwException(RegistryStrategyOSGI.java:212)
	at org.eclipse.core.internal.registry.osgi.RegistryStrategyOSGI.createExecutableExtension(RegistryStrategyOSGI.java:206)
	at org.eclipse.core.internal.registry.ExtensionRegistry.createExecutableExtension(ExtensionRegistry.java:920)
	at org.eclipse.core.internal.registry.ConfigurationElement.createExecutableExtension(ConfigurationElement.java:246)
	at org.eclipse.core.internal.registry.ConfigurationElementHandle.createExecutableExtension(ConfigurationElementHandle.java:63)
	at org.eclipse.lsp4e.LanguageServersRegistry$ExtensionLanguageServerDefinition.createConnectionProvider(LanguageServersRegistry.java:161)
	at org.eclipse.lsp4e.LanguageServerWrapper.lambda$0(LanguageServerWrapper.java:233)
	at java.base/java.util.concurrent.CompletableFuture$AsyncSupply.run(CompletableFuture.java:1768)
	at java.base/java.util.concurrent.CompletableFuture$AsyncSupply.exec(CompletableFuture.java:1760)
	at java.base/java.util.concurrent.ForkJoinTask.doExec(ForkJoinTask.java:373)
	at java.base/java.util.concurrent.ForkJoinPool$WorkQueue.topLevelExec(ForkJoinPool.java:1182)
	at java.base/java.util.concurrent.ForkJoinPool.scan(ForkJoinPool.java:1655)
	at java.base/java.util.concurrent.ForkJoinPool.runWorker(ForkJoinPool.java:1622)
	at java.base/java.util.concurrent.ForkJoinWorkerThread.run(ForkJoinWorkerThread.java:165)
Caused by: java.lang.reflect.InvocationTargetException
	at java.base/jdk.internal.reflect.NativeConstructorAccessorImpl.newInstance0(Native Method)
	at java.base/jdk.internal.reflect.NativeConstructorAccessorImpl.newInstance(NativeConstructorAccessorImpl.java:77)
	at java.base/jdk.internal.reflect.DelegatingConstructorAccessorImpl.newInstance(DelegatingConstructorAccessorImpl.java:45)
	at java.base/java.lang.reflect.Constructor.newInstanceWithCaller(Constructor.java:499)
	at java.base/java.lang.reflect.Constructor.newInstance(Constructor.java:480)
	at org.eclipse.core.internal.registry.osgi.RegistryStrategyOSGI.createExecutableExtension(RegistryStrategyOSGI.java:204)
	... 12 more
Caused by: java.lang.NullPointerException: Cannot invoke "java.io.File.getAbsolutePath()" because the return value of "org.eclipse.wildwebdeveloper.embedder.node.NodeJSManager.getNodeJsLocation()" is null
	at org.eclipse.wildwebdeveloper.angular.AngularLanguageServer.<init>(AngularLanguageServer.java:43)
	... 18 more
!SUBENTRY 1 org.eclipse.equinox.registry 4 1 2025-02-15 22:10:46.911
!MESSAGE プラグイン "org.eclipse.wildwebdeveloper" は、クラス "org.eclipse.wildwebdeveloper.angular.AngularLanguageServer" をインスタンス化できませんでした。
!STACK 0
java.lang.reflect.InvocationTargetException
	at java.base/jdk.internal.reflect.NativeConstructorAccessorImpl.newInstance0(Native Method)
	at java.base/jdk.internal.reflect.NativeConstructorAccessorImpl.newInstance(NativeConstructorAccessorImpl.java:77)
	at java.base/jdk.internal.reflect.DelegatingConstructorAccessorImpl.newInstance(DelegatingConstructorAccessorImpl.java:45)
	at java.base/java.lang.reflect.Constructor.newInstanceWithCaller(Constructor.java:499)
	at java.base/java.lang.reflect.Constructor.newInstance(Constructor.java:480)
	at org.eclipse.core.internal.registry.osgi.RegistryStrategyOSGI.createExecutableExtension(RegistryStrategyOSGI.java:204)
	at org.eclipse.core.internal.registry.ExtensionRegistry.createExecutableExtension(ExtensionRegistry.java:920)
	at org.eclipse.core.internal.registry.ConfigurationElement.createExecutableExtension(ConfigurationElement.java:246)
	at org.eclipse.core.internal.registry.ConfigurationElementHandle.createExecutableExtension(ConfigurationElementHandle.java:63)
	at org.eclipse.lsp4e.LanguageServersRegistry$ExtensionLanguageServerDefinition.createConnectionProvider(LanguageServersRegistry.java:161)
	at org.eclipse.lsp4e.LanguageServerWrapper.lambda$0(LanguageServerWrapper.java:233)
	at java.base/java.util.concurrent.CompletableFuture$AsyncSupply.run(CompletableFuture.java:1768)
	at java.base/java.util.concurrent.CompletableFuture$AsyncSupply.exec(CompletableFuture.java:1760)
	at java.base/java.util.concurrent.ForkJoinTask.doExec(ForkJoinTask.java:373)
	at java.base/java.util.concurrent.ForkJoinPool$WorkQueue.topLevelExec(ForkJoinPool.java:1182)
	at java.base/java.util.concurrent.ForkJoinPool.scan(ForkJoinPool.java:1655)
	at java.base/java.util.concurrent.ForkJoinPool.runWorker(ForkJoinPool.java:1622)
	at java.base/java.util.concurrent.ForkJoinWorkerThread.run(ForkJoinWorkerThread.java:165)
Caused by: java.lang.NullPointerException: Cannot invoke "java.io.File.getAbsolutePath()" because the return value of "org.eclipse.wildwebdeveloper.embedder.node.NodeJSManager.getNodeJsLocation()" is null
	at org.eclipse.wildwebdeveloper.angular.AngularLanguageServer.<init>(AngularLanguageServer.java:43)
	... 18 more
Root exception:
java.lang.NullPointerException: Cannot invoke "java.io.File.getAbsolutePath()" because the return value of "org.eclipse.wildwebdeveloper.embedder.node.NodeJSManager.getNodeJsLocation()" is null
	at org.eclipse.wildwebdeveloper.angular.AngularLanguageServer.<init>(AngularLanguageServer.java:43)
	at java.base/jdk.internal.reflect.NativeConstructorAccessorImpl.newInstance0(Native Method)
	at java.base/jdk.internal.reflect.NativeConstructorAccessorImpl.newInstance(NativeConstructorAccessorImpl.java:77)
	at java.base/jdk.internal.reflect.DelegatingConstructorAccessorImpl.newInstance(DelegatingConstructorAccessorImpl.java:45)
	at java.base/java.lang.reflect.Constructor.newInstanceWithCaller(Constructor.java:499)
	at java.base/java.lang.reflect.Constructor.newInstance(Constructor.java:480)
	at org.eclipse.core.internal.registry.osgi.RegistryStrategyOSGI.createExecutableExtension(RegistryStrategyOSGI.java:204)
	at org.eclipse.core.internal.registry.ExtensionRegistry.createExecutableExtension(ExtensionRegistry.java:920)
	at org.eclipse.core.internal.registry.ConfigurationElement.createExecutableExtension(ConfigurationElement.java:246)
	at org.eclipse.core.internal.registry.ConfigurationElementHandle.createExecutableExtension(ConfigurationElementHandle.java:63)
	at org.eclipse.lsp4e.LanguageServersRegistry$ExtensionLanguageServerDefinition.createConnectionProvider(LanguageServersRegistry.java:161)
	at org.eclipse.lsp4e.LanguageServerWrapper.lambda$0(LanguageServerWrapper.java:233)
	at java.base/java.util.concurrent.CompletableFuture$AsyncSupply.run(CompletableFuture.java:1768)
	at java.base/java.util.concurrent.CompletableFuture$AsyncSupply.exec(CompletableFuture.java:1760)
	at java.base/java.util.concurrent.ForkJoinTask.doExec(ForkJoinTask.java:373)
	at java.base/java.util.concurrent.ForkJoinPool$WorkQueue.topLevelExec(ForkJoinPool.java:1182)
	at java.base/java.util.concurrent.ForkJoinPool.scan(ForkJoinPool.java:1655)
	at java.base/java.util.concurrent.ForkJoinPool.runWorker(ForkJoinPool.java:1622)
	at java.base/java.util.concurrent.ForkJoinWorkerThread.run(ForkJoinWorkerThread.java:165)

!ENTRY org.eclipse.lsp4e 4 0 2025-02-15 22:10:46.912
!MESSAGE Exception occurred while creating an instance of the stream connection provider
!STACK 0
java.lang.RuntimeException: Exception occurred while creating an instance of the stream connection provider
	at org.eclipse.lsp4e.LanguageServersRegistry$ExtensionLanguageServerDefinition.createConnectionProvider(LanguageServersRegistry.java:164)
	at org.eclipse.lsp4e.LanguageServerWrapper.lambda$0(LanguageServerWrapper.java:233)
	at java.base/java.util.concurrent.CompletableFuture$AsyncSupply.run(CompletableFuture.java:1768)
	at java.base/java.util.concurrent.CompletableFuture$AsyncSupply.exec(CompletableFuture.java:1760)
	at java.base/java.util.concurrent.ForkJoinTask.doExec(ForkJoinTask.java:373)
	at java.base/java.util.concurrent.ForkJoinPool$WorkQueue.topLevelExec(ForkJoinPool.java:1182)
	at java.base/java.util.concurrent.ForkJoinPool.scan(ForkJoinPool.java:1655)
	at java.base/java.util.concurrent.ForkJoinPool.runWorker(ForkJoinPool.java:1622)
	at java.base/java.util.concurrent.ForkJoinWorkerThread.run(ForkJoinWorkerThread.java:165)
Caused by: org.eclipse.core.runtime.CoreException: プラグイン "org.eclipse.wildwebdeveloper" は、クラス "org.eclipse.wildwebdeveloper.angular.AngularLanguageServer" をインスタンス化できませんでした。
	at org.eclipse.core.internal.registry.osgi.RegistryStrategyOSGI.throwException(RegistryStrategyOSGI.java:212)
	at org.eclipse.core.internal.registry.osgi.RegistryStrategyOSGI.createExecutableExtension(RegistryStrategyOSGI.java:206)
	at org.eclipse.core.internal.registry.ExtensionRegistry.createExecutableExtension(ExtensionRegistry.java:920)
	at org.eclipse.core.internal.registry.ConfigurationElement.createExecutableExtension(ConfigurationElement.java:246)
	at org.eclipse.core.internal.registry.ConfigurationElementHandle.createExecutableExtension(ConfigurationElementHandle.java:63)
	at org.eclipse.lsp4e.LanguageServersRegistry$ExtensionLanguageServerDefinition.createConnectionProvider(LanguageServersRegistry.java:161)
	... 8 more
Caused by: java.lang.reflect.InvocationTargetException
	at java.base/jdk.internal.reflect.NativeConstructorAccessorImpl.newInstance0(Native Method)
	at java.base/jdk.internal.reflect.NativeConstructorAccessorImpl.newInstance(NativeConstructorAccessorImpl.java:77)
	at java.base/jdk.internal.reflect.DelegatingConstructorAccessorImpl.newInstance(DelegatingConstructorAccessorImpl.java:45)
	at java.base/java.lang.reflect.Constructor.newInstanceWithCaller(Constructor.java:499)
	at java.base/java.lang.reflect.Constructor.newInstance(Constructor.java:480)
	at org.eclipse.core.internal.registry.osgi.RegistryStrategyOSGI.createExecutableExtension(RegistryStrategyOSGI.java:204)
	... 12 more
Caused by: java.lang.NullPointerException: Cannot invoke "java.io.File.getAbsolutePath()" because the return value of "org.eclipse.wildwebdeveloper.embedder.node.NodeJSManager.getNodeJsLocation()" is null
	at org.eclipse.wildwebdeveloper.angular.AngularLanguageServer.<init>(AngularLanguageServer.java:43)
	... 18 more

!ENTRY org.eclipse.lsp4e 4 0 2025-02-15 22:10:46.913
!MESSAGE Cannot invoke "org.eclipse.lsp4e.server.StreamConnectionProvider.getInputStream()" because "this.lspStreamProvider" is null
!STACK 0
java.lang.NullPointerException: Cannot invoke "org.eclipse.lsp4e.server.StreamConnectionProvider.getInputStream()" because "this.lspStreamProvider" is null
	at org.eclipse.lsp4e.LanguageServerWrapper.lambda$1(LanguageServerWrapper.java:284)
	at java.base/java.util.concurrent.CompletableFuture$UniApply.tryFire(CompletableFuture.java:646)
	at java.base/java.util.concurrent.CompletableFuture.postComplete(CompletableFuture.java:510)
	at java.base/java.util.concurrent.CompletableFuture$AsyncSupply.run(CompletableFuture.java:1773)
	at java.base/java.util.concurrent.CompletableFuture$AsyncSupply.exec(CompletableFuture.java:1760)
	at java.base/java.util.concurrent.ForkJoinTask.doExec(ForkJoinTask.java:373)
	at java.base/java.util.concurrent.ForkJoinPool$WorkQueue.topLevelExec(ForkJoinPool.java:1182)
	at java.base/java.util.concurrent.ForkJoinPool.scan(ForkJoinPool.java:1655)
	at java.base/java.util.concurrent.ForkJoinPool.runWorker(ForkJoinPool.java:1622)
	at java.base/java.util.concurrent.ForkJoinWorkerThread.run(ForkJoinWorkerThread.java:165)

!ENTRY org.eclipse.lsp4e 4 0 2025-02-15 22:11:19.072
!MESSAGE プラグイン "org.eclipse.wildwebdeveloper" は、クラス "org.eclipse.wildwebdeveloper.html.HTMLLanguageServer" をインスタンス化できませんでした。
!STACK 1
org.eclipse.core.runtime.CoreException: プラグイン "org.eclipse.wildwebdeveloper" は、クラス "org.eclipse.wildwebdeveloper.html.HTMLLanguageServer" をインスタンス化できませんでした。
	at org.eclipse.core.internal.registry.osgi.RegistryStrategyOSGI.throwException(RegistryStrategyOSGI.java:212)
	at org.eclipse.core.internal.registry.osgi.RegistryStrategyOSGI.createExecutableExtension(RegistryStrategyOSGI.java:206)
	at org.eclipse.core.internal.registry.ExtensionRegistry.createExecutableExtension(ExtensionRegistry.java:920)
	at org.eclipse.core.internal.registry.ConfigurationElement.createExecutableExtension(ConfigurationElement.java:246)
	at org.eclipse.core.internal.registry.ConfigurationElementHandle.createExecutableExtension(ConfigurationElementHandle.java:63)
	at org.eclipse.lsp4e.LanguageServersRegistry$ExtensionLanguageServerDefinition.createConnectionProvider(LanguageServersRegistry.java:161)
	at org.eclipse.lsp4e.LanguageServerWrapper.lambda$0(LanguageServerWrapper.java:233)
	at java.base/java.util.concurrent.CompletableFuture$AsyncSupply.run(CompletableFuture.java:1768)
	at java.base/java.util.concurrent.CompletableFuture$AsyncSupply.exec(CompletableFuture.java:1760)
	at java.base/java.util.concurrent.ForkJoinTask.doExec(ForkJoinTask.java:373)
	at java.base/java.util.concurrent.ForkJoinPool$WorkQueue.topLevelExec(ForkJoinPool.java:1182)
	at java.base/java.util.concurrent.ForkJoinPool.scan(ForkJoinPool.java:1655)
	at java.base/java.util.concurrent.ForkJoinPool.runWorker(ForkJoinPool.java:1622)
	at java.base/java.util.concurrent.ForkJoinWorkerThread.run(ForkJoinWorkerThread.java:165)
Caused by: java.lang.reflect.InvocationTargetException
	at java.base/jdk.internal.reflect.NativeConstructorAccessorImpl.newInstance0(Native Method)
	at java.base/jdk.internal.reflect.NativeConstructorAccessorImpl.newInstance(NativeConstructorAccessorImpl.java:77)
	at java.base/jdk.internal.reflect.DelegatingConstructorAccessorImpl.newInstance(DelegatingConstructorAccessorImpl.java:45)
	at java.base/java.lang.reflect.Constructor.newInstanceWithCaller(Constructor.java:499)
	at java.base/java.lang.reflect.Constructor.newInstance(Constructor.java:480)
	at org.eclipse.core.internal.registry.osgi.RegistryStrategyOSGI.createExecutableExtension(RegistryStrategyOSGI.java:204)
	... 12 more
Caused by: java.lang.NullPointerException: Cannot invoke "java.io.File.getAbsolutePath()" because the return value of "org.eclipse.wildwebdeveloper.embedder.node.NodeJSManager.getNodeJsLocation()" is null
	at org.eclipse.wildwebdeveloper.html.HTMLLanguageServer.<init>(HTMLLanguageServer.java:40)
	... 18 more
!SUBENTRY 1 org.eclipse.equinox.registry 4 1 2025-02-15 22:11:19.072
!MESSAGE プラグイン "org.eclipse.wildwebdeveloper" は、クラス "org.eclipse.wildwebdeveloper.html.HTMLLanguageServer" をインスタンス化できませんでした。
!STACK 0
java.lang.reflect.InvocationTargetException
	at java.base/jdk.internal.reflect.NativeConstructorAccessorImpl.newInstance0(Native Method)
	at java.base/jdk.internal.reflect.NativeConstructorAccessorImpl.newInstance(NativeConstructorAccessorImpl.java:77)
	at java.base/jdk.internal.reflect.DelegatingConstructorAccessorImpl.newInstance(DelegatingConstructorAccessorImpl.java:45)
	at java.base/java.lang.reflect.Constructor.newInstanceWithCaller(Constructor.java:499)
	at java.base/java.lang.reflect.Constructor.newInstance(Constructor.java:480)
	at org.eclipse.core.internal.registry.osgi.RegistryStrategyOSGI.createExecutableExtension(RegistryStrategyOSGI.java:204)
	at org.eclipse.core.internal.registry.ExtensionRegistry.createExecutableExtension(ExtensionRegistry.java:920)
	at org.eclipse.core.internal.registry.ConfigurationElement.createExecutableExtension(ConfigurationElement.java:246)
	at org.eclipse.core.internal.registry.ConfigurationElementHandle.createExecutableExtension(ConfigurationElementHandle.java:63)
	at org.eclipse.lsp4e.LanguageServersRegistry$ExtensionLanguageServerDefinition.createConnectionProvider(LanguageServersRegistry.java:161)
	at org.eclipse.lsp4e.LanguageServerWrapper.lambda$0(LanguageServerWrapper.java:233)
	at java.base/java.util.concurrent.CompletableFuture$AsyncSupply.run(CompletableFuture.java:1768)
	at java.base/java.util.concurrent.CompletableFuture$AsyncSupply.exec(CompletableFuture.java:1760)
	at java.base/java.util.concurrent.ForkJoinTask.doExec(ForkJoinTask.java:373)
	at java.base/java.util.concurrent.ForkJoinPool$WorkQueue.topLevelExec(ForkJoinPool.java:1182)
	at java.base/java.util.concurrent.ForkJoinPool.scan(ForkJoinPool.java:1655)
	at java.base/java.util.concurrent.ForkJoinPool.runWorker(ForkJoinPool.java:1622)
	at java.base/java.util.concurrent.ForkJoinWorkerThread.run(ForkJoinWorkerThread.java:165)
Caused by: java.lang.NullPointerException: Cannot invoke "java.io.File.getAbsolutePath()" because the return value of "org.eclipse.wildwebdeveloper.embedder.node.NodeJSManager.getNodeJsLocation()" is null
	at org.eclipse.wildwebdeveloper.html.HTMLLanguageServer.<init>(HTMLLanguageServer.java:40)
	... 18 more
Root exception:
java.lang.NullPointerException: Cannot invoke "java.io.File.getAbsolutePath()" because the return value of "org.eclipse.wildwebdeveloper.embedder.node.NodeJSManager.getNodeJsLocation()" is null
	at org.eclipse.wildwebdeveloper.html.HTMLLanguageServer.<init>(HTMLLanguageServer.java:40)
	at java.base/jdk.internal.reflect.NativeConstructorAccessorImpl.newInstance0(Native Method)
	at java.base/jdk.internal.reflect.NativeConstructorAccessorImpl.newInstance(NativeConstructorAccessorImpl.java:77)
	at java.base/jdk.internal.reflect.DelegatingConstructorAccessorImpl.newInstance(DelegatingConstructorAccessorImpl.java:45)
	at java.base/java.lang.reflect.Constructor.newInstanceWithCaller(Constructor.java:499)
	at java.base/java.lang.reflect.Constructor.newInstance(Constructor.java:480)
	at org.eclipse.core.internal.registry.osgi.RegistryStrategyOSGI.createExecutableExtension(RegistryStrategyOSGI.java:204)
	at org.eclipse.core.internal.registry.ExtensionRegistry.createExecutableExtension(ExtensionRegistry.java:920)
	at org.eclipse.core.internal.registry.ConfigurationElement.createExecutableExtension(ConfigurationElement.java:246)
	at org.eclipse.core.internal.registry.ConfigurationElementHandle.createExecutableExtension(ConfigurationElementHandle.java:63)
	at org.eclipse.lsp4e.LanguageServersRegistry$ExtensionLanguageServerDefinition.createConnectionProvider(LanguageServersRegistry.java:161)
	at org.eclipse.lsp4e.LanguageServerWrapper.lambda$0(LanguageServerWrapper.java:233)
	at java.base/java.util.concurrent.CompletableFuture$AsyncSupply.run(CompletableFuture.java:1768)
	at java.base/java.util.concurrent.CompletableFuture$AsyncSupply.exec(CompletableFuture.java:1760)
	at java.base/java.util.concurrent.ForkJoinTask.doExec(ForkJoinTask.java:373)
	at java.base/java.util.concurrent.ForkJoinPool$WorkQueue.topLevelExec(ForkJoinPool.java:1182)
	at java.base/java.util.concurrent.ForkJoinPool.scan(ForkJoinPool.java:1655)
	at java.base/java.util.concurrent.ForkJoinPool.runWorker(ForkJoinPool.java:1622)
	at java.base/java.util.concurrent.ForkJoinWorkerThread.run(ForkJoinWorkerThread.java:165)

!ENTRY org.eclipse.lsp4e 4 0 2025-02-15 22:11:19.073
!MESSAGE Exception occurred while creating an instance of the stream connection provider
!STACK 0
java.lang.RuntimeException: Exception occurred while creating an instance of the stream connection provider
	at org.eclipse.lsp4e.LanguageServersRegistry$ExtensionLanguageServerDefinition.createConnectionProvider(LanguageServersRegistry.java:164)
	at org.eclipse.lsp4e.LanguageServerWrapper.lambda$0(LanguageServerWrapper.java:233)
	at java.base/java.util.concurrent.CompletableFuture$AsyncSupply.run(CompletableFuture.java:1768)
	at java.base/java.util.concurrent.CompletableFuture$AsyncSupply.exec(CompletableFuture.java:1760)
	at java.base/java.util.concurrent.ForkJoinTask.doExec(ForkJoinTask.java:373)
	at java.base/java.util.concurrent.ForkJoinPool$WorkQueue.topLevelExec(ForkJoinPool.java:1182)
	at java.base/java.util.concurrent.ForkJoinPool.scan(ForkJoinPool.java:1655)
	at java.base/java.util.concurrent.ForkJoinPool.runWorker(ForkJoinPool.java:1622)
	at java.base/java.util.concurrent.ForkJoinWorkerThread.run(ForkJoinWorkerThread.java:165)
Caused by: org.eclipse.core.runtime.CoreException: プラグイン "org.eclipse.wildwebdeveloper" は、クラス "org.eclipse.wildwebdeveloper.html.HTMLLanguageServer" をインスタンス化できませんでした。
	at org.eclipse.core.internal.registry.osgi.RegistryStrategyOSGI.throwException(RegistryStrategyOSGI.java:212)
	at org.eclipse.core.internal.registry.osgi.RegistryStrategyOSGI.createExecutableExtension(RegistryStrategyOSGI.java:206)
	at org.eclipse.core.internal.registry.ExtensionRegistry.createExecutableExtension(ExtensionRegistry.java:920)
	at org.eclipse.core.internal.registry.ConfigurationElement.createExecutableExtension(ConfigurationElement.java:246)
	at org.eclipse.core.internal.registry.ConfigurationElementHandle.createExecutableExtension(ConfigurationElementHandle.java:63)
	at org.eclipse.lsp4e.LanguageServersRegistry$ExtensionLanguageServerDefinition.createConnectionProvider(LanguageServersRegistry.java:161)
	... 8 more
Caused by: java.lang.reflect.InvocationTargetException
	at java.base/jdk.internal.reflect.NativeConstructorAccessorImpl.newInstance0(Native Method)
	at java.base/jdk.internal.reflect.NativeConstructorAccessorImpl.newInstance(NativeConstructorAccessorImpl.java:77)
	at java.base/jdk.internal.reflect.DelegatingConstructorAccessorImpl.newInstance(DelegatingConstructorAccessorImpl.java:45)
	at java.base/java.lang.reflect.Constructor.newInstanceWithCaller(Constructor.java:499)
	at java.base/java.lang.reflect.Constructor.newInstance(Constructor.java:480)
	at org.eclipse.core.internal.registry.osgi.RegistryStrategyOSGI.createExecutableExtension(RegistryStrategyOSGI.java:204)
	... 12 more
Caused by: java.lang.NullPointerException: Cannot invoke "java.io.File.getAbsolutePath()" because the return value of "org.eclipse.wildwebdeveloper.embedder.node.NodeJSManager.getNodeJsLocation()" is null
	at org.eclipse.wildwebdeveloper.html.HTMLLanguageServer.<init>(HTMLLanguageServer.java:40)
	... 18 more

!ENTRY org.eclipse.lsp4e 4 0 2025-02-15 22:11:19.074
!MESSAGE Cannot invoke "org.eclipse.lsp4e.server.StreamConnectionProvider.getInputStream()" because "this.lspStreamProvider" is null
!STACK 0
java.lang.NullPointerException: Cannot invoke "org.eclipse.lsp4e.server.StreamConnectionProvider.getInputStream()" because "this.lspStreamProvider" is null
	at org.eclipse.lsp4e.LanguageServerWrapper.lambda$1(LanguageServerWrapper.java:284)
	at java.base/java.util.concurrent.CompletableFuture$UniApply.tryFire(CompletableFuture.java:646)
	at java.base/java.util.concurrent.CompletableFuture.postComplete(CompletableFuture.java:510)
	at java.base/java.util.concurrent.CompletableFuture$AsyncSupply.run(CompletableFuture.java:1773)
	at java.base/java.util.concurrent.CompletableFuture$AsyncSupply.exec(CompletableFuture.java:1760)
	at java.base/java.util.concurrent.ForkJoinTask.doExec(ForkJoinTask.java:373)
	at java.base/java.util.concurrent.ForkJoinPool$WorkQueue.topLevelExec(ForkJoinPool.java:1182)
	at java.base/java.util.concurrent.ForkJoinPool.scan(ForkJoinPool.java:1655)
	at java.base/java.util.concurrent.ForkJoinPool.runWorker(ForkJoinPool.java:1622)
	at java.base/java.util.concurrent.ForkJoinWorkerThread.run(ForkJoinWorkerThread.java:165)

!ENTRY org.eclipse.lsp4e 4 0 2025-02-15 22:11:19.079
!MESSAGE プラグイン "org.eclipse.wildwebdeveloper" は、クラス "org.eclipse.wildwebdeveloper.angular.AngularLanguageServer" をインスタンス化できませんでした。
!STACK 1
org.eclipse.core.runtime.CoreException: プラグイン "org.eclipse.wildwebdeveloper" は、クラス "org.eclipse.wildwebdeveloper.angular.AngularLanguageServer" をインスタンス化できませんでした。
	at org.eclipse.core.internal.registry.osgi.RegistryStrategyOSGI.throwException(RegistryStrategyOSGI.java:212)
	at org.eclipse.core.internal.registry.osgi.RegistryStrategyOSGI.createExecutableExtension(RegistryStrategyOSGI.java:206)
	at org.eclipse.core.internal.registry.ExtensionRegistry.createExecutableExtension(ExtensionRegistry.java:920)
	at org.eclipse.core.internal.registry.ConfigurationElement.createExecutableExtension(ConfigurationElement.java:246)
	at org.eclipse.core.internal.registry.ConfigurationElementHandle.createExecutableExtension(ConfigurationElementHandle.java:63)
	at org.eclipse.lsp4e.LanguageServersRegistry$ExtensionLanguageServerDefinition.createConnectionProvider(LanguageServersRegistry.java:161)
	at org.eclipse.lsp4e.LanguageServerWrapper.lambda$0(LanguageServerWrapper.java:233)
	at java.base/java.util.concurrent.CompletableFuture$AsyncSupply.run(CompletableFuture.java:1768)
	at java.base/java.util.concurrent.CompletableFuture$AsyncSupply.exec(CompletableFuture.java:1760)
	at java.base/java.util.concurrent.ForkJoinTask.doExec(ForkJoinTask.java:373)
	at java.base/java.util.concurrent.ForkJoinPool$WorkQueue.topLevelExec(ForkJoinPool.java:1182)
	at java.base/java.util.concurrent.ForkJoinPool.scan(ForkJoinPool.java:1655)
	at java.base/java.util.concurrent.ForkJoinPool.runWorker(ForkJoinPool.java:1622)
	at java.base/java.util.concurrent.ForkJoinWorkerThread.run(ForkJoinWorkerThread.java:165)
Caused by: java.lang.reflect.InvocationTargetException
	at java.base/jdk.internal.reflect.NativeConstructorAccessorImpl.newInstance0(Native Method)
	at java.base/jdk.internal.reflect.NativeConstructorAccessorImpl.newInstance(NativeConstructorAccessorImpl.java:77)
	at java.base/jdk.internal.reflect.DelegatingConstructorAccessorImpl.newInstance(DelegatingConstructorAccessorImpl.java:45)
	at java.base/java.lang.reflect.Constructor.newInstanceWithCaller(Constructor.java:499)
	at java.base/java.lang.reflect.Constructor.newInstance(Constructor.java:480)
	at org.eclipse.core.internal.registry.osgi.RegistryStrategyOSGI.createExecutableExtension(RegistryStrategyOSGI.java:204)
	... 12 more
Caused by: java.lang.NullPointerException: Cannot invoke "java.io.File.getAbsolutePath()" because the return value of "org.eclipse.wildwebdeveloper.embedder.node.NodeJSManager.getNodeJsLocation()" is null
	at org.eclipse.wildwebdeveloper.angular.AngularLanguageServer.<init>(AngularLanguageServer.java:43)
	... 18 more
!SUBENTRY 1 org.eclipse.equinox.registry 4 1 2025-02-15 22:11:19.079
!MESSAGE プラグイン "org.eclipse.wildwebdeveloper" は、クラス "org.eclipse.wildwebdeveloper.angular.AngularLanguageServer" をインスタンス化できませんでした。
!STACK 0
java.lang.reflect.InvocationTargetException
	at java.base/jdk.internal.reflect.NativeConstructorAccessorImpl.newInstance0(Native Method)
	at java.base/jdk.internal.reflect.NativeConstructorAccessorImpl.newInstance(NativeConstructorAccessorImpl.java:77)
	at java.base/jdk.internal.reflect.DelegatingConstructorAccessorImpl.newInstance(DelegatingConstructorAccessorImpl.java:45)
	at java.base/java.lang.reflect.Constructor.newInstanceWithCaller(Constructor.java:499)
	at java.base/java.lang.reflect.Constructor.newInstance(Constructor.java:480)
	at org.eclipse.core.internal.registry.osgi.RegistryStrategyOSGI.createExecutableExtension(RegistryStrategyOSGI.java:204)
	at org.eclipse.core.internal.registry.ExtensionRegistry.createExecutableExtension(ExtensionRegistry.java:920)
	at org.eclipse.core.internal.registry.ConfigurationElement.createExecutableExtension(ConfigurationElement.java:246)
	at org.eclipse.core.internal.registry.ConfigurationElementHandle.createExecutableExtension(ConfigurationElementHandle.java:63)
	at org.eclipse.lsp4e.LanguageServersRegistry$ExtensionLanguageServerDefinition.createConnectionProvider(LanguageServersRegistry.java:161)
	at org.eclipse.lsp4e.LanguageServerWrapper.lambda$0(LanguageServerWrapper.java:233)
	at java.base/java.util.concurrent.CompletableFuture$AsyncSupply.run(CompletableFuture.java:1768)
	at java.base/java.util.concurrent.CompletableFuture$AsyncSupply.exec(CompletableFuture.java:1760)
	at java.base/java.util.concurrent.ForkJoinTask.doExec(ForkJoinTask.java:373)
	at java.base/java.util.concurrent.ForkJoinPool$WorkQueue.topLevelExec(ForkJoinPool.java:1182)
	at java.base/java.util.concurrent.ForkJoinPool.scan(ForkJoinPool.java:1655)
	at java.base/java.util.concurrent.ForkJoinPool.runWorker(ForkJoinPool.java:1622)
	at java.base/java.util.concurrent.ForkJoinWorkerThread.run(ForkJoinWorkerThread.java:165)
Caused by: java.lang.NullPointerException: Cannot invoke "java.io.File.getAbsolutePath()" because the return value of "org.eclipse.wildwebdeveloper.embedder.node.NodeJSManager.getNodeJsLocation()" is null
	at org.eclipse.wildwebdeveloper.angular.AngularLanguageServer.<init>(AngularLanguageServer.java:43)
	... 18 more
Root exception:
java.lang.NullPointerException: Cannot invoke "java.io.File.getAbsolutePath()" because the return value of "org.eclipse.wildwebdeveloper.embedder.node.NodeJSManager.getNodeJsLocation()" is null
	at org.eclipse.wildwebdeveloper.angular.AngularLanguageServer.<init>(AngularLanguageServer.java:43)
	at java.base/jdk.internal.reflect.NativeConstructorAccessorImpl.newInstance0(Native Method)
	at java.base/jdk.internal.reflect.NativeConstructorAccessorImpl.newInstance(NativeConstructorAccessorImpl.java:77)
	at java.base/jdk.internal.reflect.DelegatingConstructorAccessorImpl.newInstance(DelegatingConstructorAccessorImpl.java:45)
	at java.base/java.lang.reflect.Constructor.newInstanceWithCaller(Constructor.java:499)
	at java.base/java.lang.reflect.Constructor.newInstance(Constructor.java:480)
	at org.eclipse.core.internal.registry.osgi.RegistryStrategyOSGI.createExecutableExtension(RegistryStrategyOSGI.java:204)
	at org.eclipse.core.internal.registry.ExtensionRegistry.createExecutableExtension(ExtensionRegistry.java:920)
	at org.eclipse.core.internal.registry.ConfigurationElement.createExecutableExtension(ConfigurationElement.java:246)
	at org.eclipse.core.internal.registry.ConfigurationElementHandle.createExecutableExtension(ConfigurationElementHandle.java:63)
	at org.eclipse.lsp4e.LanguageServersRegistry$ExtensionLanguageServerDefinition.createConnectionProvider(LanguageServersRegistry.java:161)
	at org.eclipse.lsp4e.LanguageServerWrapper.lambda$0(LanguageServerWrapper.java:233)
	at java.base/java.util.concurrent.CompletableFuture$AsyncSupply.run(CompletableFuture.java:1768)
	at java.base/java.util.concurrent.CompletableFuture$AsyncSupply.exec(CompletableFuture.java:1760)
	at java.base/java.util.concurrent.ForkJoinTask.doExec(ForkJoinTask.java:373)
	at java.base/java.util.concurrent.ForkJoinPool$WorkQueue.topLevelExec(ForkJoinPool.java:1182)
	at java.base/java.util.concurrent.ForkJoinPool.scan(ForkJoinPool.java:1655)
	at java.base/java.util.concurrent.ForkJoinPool.runWorker(ForkJoinPool.java:1622)
	at java.base/java.util.concurrent.ForkJoinWorkerThread.run(ForkJoinWorkerThread.java:165)

!ENTRY org.eclipse.lsp4e 4 0 2025-02-15 22:11:19.080
!MESSAGE Exception occurred while creating an instance of the stream connection provider
!STACK 0
java.lang.RuntimeException: Exception occurred while creating an instance of the stream connection provider
	at org.eclipse.lsp4e.LanguageServersRegistry$ExtensionLanguageServerDefinition.createConnectionProvider(LanguageServersRegistry.java:164)
	at org.eclipse.lsp4e.LanguageServerWrapper.lambda$0(LanguageServerWrapper.java:233)
	at java.base/java.util.concurrent.CompletableFuture$AsyncSupply.run(CompletableFuture.java:1768)
	at java.base/java.util.concurrent.CompletableFuture$AsyncSupply.exec(CompletableFuture.java:1760)
	at java.base/java.util.concurrent.ForkJoinTask.doExec(ForkJoinTask.java:373)
	at java.base/java.util.concurrent.ForkJoinPool$WorkQueue.topLevelExec(ForkJoinPool.java:1182)
	at java.base/java.util.concurrent.ForkJoinPool.scan(ForkJoinPool.java:1655)
	at java.base/java.util.concurrent.ForkJoinPool.runWorker(ForkJoinPool.java:1622)
	at java.base/java.util.concurrent.ForkJoinWorkerThread.run(ForkJoinWorkerThread.java:165)
Caused by: org.eclipse.core.runtime.CoreException: プラグイン "org.eclipse.wildwebdeveloper" は、クラス "org.eclipse.wildwebdeveloper.angular.AngularLanguageServer" をインスタンス化できませんでした。
	at org.eclipse.core.internal.registry.osgi.RegistryStrategyOSGI.throwException(RegistryStrategyOSGI.java:212)
	at org.eclipse.core.internal.registry.osgi.RegistryStrategyOSGI.createExecutableExtension(RegistryStrategyOSGI.java:206)
	at org.eclipse.core.internal.registry.ExtensionRegistry.createExecutableExtension(ExtensionRegistry.java:920)
	at org.eclipse.core.internal.registry.ConfigurationElement.createExecutableExtension(ConfigurationElement.java:246)
	at org.eclipse.core.internal.registry.ConfigurationElementHandle.createExecutableExtension(ConfigurationElementHandle.java:63)
	at org.eclipse.lsp4e.LanguageServersRegistry$ExtensionLanguageServerDefinition.createConnectionProvider(LanguageServersRegistry.java:161)
	... 8 more
Caused by: java.lang.reflect.InvocationTargetException
	at java.base/jdk.internal.reflect.NativeConstructorAccessorImpl.newInstance0(Native Method)
	at java.base/jdk.internal.reflect.NativeConstructorAccessorImpl.newInstance(NativeConstructorAccessorImpl.java:77)
	at java.base/jdk.internal.reflect.DelegatingConstructorAccessorImpl.newInstance(DelegatingConstructorAccessorImpl.java:45)
	at java.base/java.lang.reflect.Constructor.newInstanceWithCaller(Constructor.java:499)
	at java.base/java.lang.reflect.Constructor.newInstance(Constructor.java:480)
	at org.eclipse.core.internal.registry.osgi.RegistryStrategyOSGI.createExecutableExtension(RegistryStrategyOSGI.java:204)
	... 12 more
Caused by: java.lang.NullPointerException: Cannot invoke "java.io.File.getAbsolutePath()" because the return value of "org.eclipse.wildwebdeveloper.embedder.node.NodeJSManager.getNodeJsLocation()" is null
	at org.eclipse.wildwebdeveloper.angular.AngularLanguageServer.<init>(AngularLanguageServer.java:43)
	... 18 more

!ENTRY org.eclipse.lsp4e 4 0 2025-02-15 22:11:19.081
!MESSAGE Cannot invoke "org.eclipse.lsp4e.server.StreamConnectionProvider.getInputStream()" because "this.lspStreamProvider" is null
!STACK 0
java.lang.NullPointerException: Cannot invoke "org.eclipse.lsp4e.server.StreamConnectionProvider.getInputStream()" because "this.lspStreamProvider" is null
	at org.eclipse.lsp4e.LanguageServerWrapper.lambda$1(LanguageServerWrapper.java:284)
	at java.base/java.util.concurrent.CompletableFuture$UniApply.tryFire(CompletableFuture.java:646)
	at java.base/java.util.concurrent.CompletableFuture.postComplete(CompletableFuture.java:510)
	at java.base/java.util.concurrent.CompletableFuture$AsyncSupply.run(CompletableFuture.java:1773)
	at java.base/java.util.concurrent.CompletableFuture$AsyncSupply.exec(CompletableFuture.java:1760)
	at java.base/java.util.concurrent.ForkJoinTask.doExec(ForkJoinTask.java:373)
	at java.base/java.util.concurrent.ForkJoinPool$WorkQueue.topLevelExec(ForkJoinPool.java:1182)
	at java.base/java.util.concurrent.ForkJoinPool.scan(ForkJoinPool.java:1655)
	at java.base/java.util.concurrent.ForkJoinPool.runWorker(ForkJoinPool.java:1622)
	at java.base/java.util.concurrent.ForkJoinWorkerThread.run(ForkJoinWorkerThread.java:165)

!ENTRY org.eclipse.lsp4e 4 0 2025-02-15 22:11:19.194
!MESSAGE プラグイン "org.eclipse.wildwebdeveloper" は、クラス "org.eclipse.wildwebdeveloper.html.HTMLLanguageServer" をインスタンス化できませんでした。
!STACK 1
org.eclipse.core.runtime.CoreException: プラグイン "org.eclipse.wildwebdeveloper" は、クラス "org.eclipse.wildwebdeveloper.html.HTMLLanguageServer" をインスタンス化できませんでした。
	at org.eclipse.core.internal.registry.osgi.RegistryStrategyOSGI.throwException(RegistryStrategyOSGI.java:212)
	at org.eclipse.core.internal.registry.osgi.RegistryStrategyOSGI.createExecutableExtension(RegistryStrategyOSGI.java:206)
	at org.eclipse.core.internal.registry.ExtensionRegistry.createExecutableExtension(ExtensionRegistry.java:920)
	at org.eclipse.core.internal.registry.ConfigurationElement.createExecutableExtension(ConfigurationElement.java:246)
	at org.eclipse.core.internal.registry.ConfigurationElementHandle.createExecutableExtension(ConfigurationElementHandle.java:63)
	at org.eclipse.lsp4e.LanguageServersRegistry$ExtensionLanguageServerDefinition.createConnectionProvider(LanguageServersRegistry.java:161)
	at org.eclipse.lsp4e.LanguageServerWrapper.lambda$0(LanguageServerWrapper.java:233)
	at java.base/java.util.concurrent.CompletableFuture$AsyncSupply.run(CompletableFuture.java:1768)
	at java.base/java.util.concurrent.CompletableFuture$AsyncSupply.exec(CompletableFuture.java:1760)
	at java.base/java.util.concurrent.ForkJoinTask.doExec(ForkJoinTask.java:373)
	at java.base/java.util.concurrent.ForkJoinPool$WorkQueue.topLevelExec(ForkJoinPool.java:1182)
	at java.base/java.util.concurrent.ForkJoinPool.scan(ForkJoinPool.java:1655)
	at java.base/java.util.concurrent.ForkJoinPool.runWorker(ForkJoinPool.java:1622)
	at java.base/java.util.concurrent.ForkJoinWorkerThread.run(ForkJoinWorkerThread.java:165)
Caused by: java.lang.reflect.InvocationTargetException
	at java.base/jdk.internal.reflect.NativeConstructorAccessorImpl.newInstance0(Native Method)
	at java.base/jdk.internal.reflect.NativeConstructorAccessorImpl.newInstance(NativeConstructorAccessorImpl.java:77)
	at java.base/jdk.internal.reflect.DelegatingConstructorAccessorImpl.newInstance(DelegatingConstructorAccessorImpl.java:45)
	at java.base/java.lang.reflect.Constructor.newInstanceWithCaller(Constructor.java:499)
	at java.base/java.lang.reflect.Constructor.newInstance(Constructor.java:480)
	at org.eclipse.core.internal.registry.osgi.RegistryStrategyOSGI.createExecutableExtension(RegistryStrategyOSGI.java:204)
	... 12 more
Caused by: java.lang.NullPointerException: Cannot invoke "java.io.File.getAbsolutePath()" because the return value of "org.eclipse.wildwebdeveloper.embedder.node.NodeJSManager.getNodeJsLocation()" is null
	at org.eclipse.wildwebdeveloper.html.HTMLLanguageServer.<init>(HTMLLanguageServer.java:40)
	... 18 more
!SUBENTRY 1 org.eclipse.equinox.registry 4 1 2025-02-15 22:11:19.194
!MESSAGE プラグイン "org.eclipse.wildwebdeveloper" は、クラス "org.eclipse.wildwebdeveloper.html.HTMLLanguageServer" をインスタンス化できませんでした。
!STACK 0
java.lang.reflect.InvocationTargetException
	at java.base/jdk.internal.reflect.NativeConstructorAccessorImpl.newInstance0(Native Method)
	at java.base/jdk.internal.reflect.NativeConstructorAccessorImpl.newInstance(NativeConstructorAccessorImpl.java:77)
	at java.base/jdk.internal.reflect.DelegatingConstructorAccessorImpl.newInstance(DelegatingConstructorAccessorImpl.java:45)
	at java.base/java.lang.reflect.Constructor.newInstanceWithCaller(Constructor.java:499)
	at java.base/java.lang.reflect.Constructor.newInstance(Constructor.java:480)
	at org.eclipse.core.internal.registry.osgi.RegistryStrategyOSGI.createExecutableExtension(RegistryStrategyOSGI.java:204)
	at org.eclipse.core.internal.registry.ExtensionRegistry.createExecutableExtension(ExtensionRegistry.java:920)
	at org.eclipse.core.internal.registry.ConfigurationElement.createExecutableExtension(ConfigurationElement.java:246)
	at org.eclipse.core.internal.registry.ConfigurationElementHandle.createExecutableExtension(ConfigurationElementHandle.java:63)
	at org.eclipse.lsp4e.LanguageServersRegistry$ExtensionLanguageServerDefinition.createConnectionProvider(LanguageServersRegistry.java:161)
	at org.eclipse.lsp4e.LanguageServerWrapper.lambda$0(LanguageServerWrapper.java:233)
	at java.base/java.util.concurrent.CompletableFuture$AsyncSupply.run(CompletableFuture.java:1768)
	at java.base/java.util.concurrent.CompletableFuture$AsyncSupply.exec(CompletableFuture.java:1760)
	at java.base/java.util.concurrent.ForkJoinTask.doExec(ForkJoinTask.java:373)
	at java.base/java.util.concurrent.ForkJoinPool$WorkQueue.topLevelExec(ForkJoinPool.java:1182)
	at java.base/java.util.concurrent.ForkJoinPool.scan(ForkJoinPool.java:1655)
	at java.base/java.util.concurrent.ForkJoinPool.runWorker(ForkJoinPool.java:1622)
	at java.base/java.util.concurrent.ForkJoinWorkerThread.run(ForkJoinWorkerThread.java:165)
Caused by: java.lang.NullPointerException: Cannot invoke "java.io.File.getAbsolutePath()" because the return value of "org.eclipse.wildwebdeveloper.embedder.node.NodeJSManager.getNodeJsLocation()" is null
	at org.eclipse.wildwebdeveloper.html.HTMLLanguageServer.<init>(HTMLLanguageServer.java:40)
	... 18 more
Root exception:
java.lang.NullPointerException: Cannot invoke "java.io.File.getAbsolutePath()" because the return value of "org.eclipse.wildwebdeveloper.embedder.node.NodeJSManager.getNodeJsLocation()" is null
	at org.eclipse.wildwebdeveloper.html.HTMLLanguageServer.<init>(HTMLLanguageServer.java:40)
	at java.base/jdk.internal.reflect.NativeConstructorAccessorImpl.newInstance0(Native Method)
	at java.base/jdk.internal.reflect.NativeConstructorAccessorImpl.newInstance(NativeConstructorAccessorImpl.java:77)
	at java.base/jdk.internal.reflect.DelegatingConstructorAccessorImpl.newInstance(DelegatingConstructorAccessorImpl.java:45)
	at java.base/java.lang.reflect.Constructor.newInstanceWithCaller(Constructor.java:499)
	at java.base/java.lang.reflect.Constructor.newInstance(Constructor.java:480)
	at org.eclipse.core.internal.registry.osgi.RegistryStrategyOSGI.createExecutableExtension(RegistryStrategyOSGI.java:204)
	at org.eclipse.core.internal.registry.ExtensionRegistry.createExecutableExtension(ExtensionRegistry.java:920)
	at org.eclipse.core.internal.registry.ConfigurationElement.createExecutableExtension(ConfigurationElement.java:246)
	at org.eclipse.core.internal.registry.ConfigurationElementHandle.createExecutableExtension(ConfigurationElementHandle.java:63)
	at org.eclipse.lsp4e.LanguageServersRegistry$ExtensionLanguageServerDefinition.createConnectionProvider(LanguageServersRegistry.java:161)
	at org.eclipse.lsp4e.LanguageServerWrapper.lambda$0(LanguageServerWrapper.java:233)
	at java.base/java.util.concurrent.CompletableFuture$AsyncSupply.run(CompletableFuture.java:1768)
	at java.base/java.util.concurrent.CompletableFuture$AsyncSupply.exec(CompletableFuture.java:1760)
	at java.base/java.util.concurrent.ForkJoinTask.doExec(ForkJoinTask.java:373)
	at java.base/java.util.concurrent.ForkJoinPool$WorkQueue.topLevelExec(ForkJoinPool.java:1182)
	at java.base/java.util.concurrent.ForkJoinPool.scan(ForkJoinPool.java:1655)
	at java.base/java.util.concurrent.ForkJoinPool.runWorker(ForkJoinPool.java:1622)
	at java.base/java.util.concurrent.ForkJoinWorkerThread.run(ForkJoinWorkerThread.java:165)

!ENTRY org.eclipse.lsp4e 4 0 2025-02-15 22:11:19.194
!MESSAGE Exception occurred while creating an instance of the stream connection provider
!STACK 0
java.lang.RuntimeException: Exception occurred while creating an instance of the stream connection provider
	at org.eclipse.lsp4e.LanguageServersRegistry$ExtensionLanguageServerDefinition.createConnectionProvider(LanguageServersRegistry.java:164)
	at org.eclipse.lsp4e.LanguageServerWrapper.lambda$0(LanguageServerWrapper.java:233)
	at java.base/java.util.concurrent.CompletableFuture$AsyncSupply.run(CompletableFuture.java:1768)
	at java.base/java.util.concurrent.CompletableFuture$AsyncSupply.exec(CompletableFuture.java:1760)
	at java.base/java.util.concurrent.ForkJoinTask.doExec(ForkJoinTask.java:373)
	at java.base/java.util.concurrent.ForkJoinPool$WorkQueue.topLevelExec(ForkJoinPool.java:1182)
	at java.base/java.util.concurrent.ForkJoinPool.scan(ForkJoinPool.java:1655)
	at java.base/java.util.concurrent.ForkJoinPool.runWorker(ForkJoinPool.java:1622)
	at java.base/java.util.concurrent.ForkJoinWorkerThread.run(ForkJoinWorkerThread.java:165)
Caused by: org.eclipse.core.runtime.CoreException: プラグイン "org.eclipse.wildwebdeveloper" は、クラス "org.eclipse.wildwebdeveloper.html.HTMLLanguageServer" をインスタンス化できませんでした。
	at org.eclipse.core.internal.registry.osgi.RegistryStrategyOSGI.throwException(RegistryStrategyOSGI.java:212)
	at org.eclipse.core.internal.registry.osgi.RegistryStrategyOSGI.createExecutableExtension(RegistryStrategyOSGI.java:206)
	at org.eclipse.core.internal.registry.ExtensionRegistry.createExecutableExtension(ExtensionRegistry.java:920)
	at org.eclipse.core.internal.registry.ConfigurationElement.createExecutableExtension(ConfigurationElement.java:246)
	at org.eclipse.core.internal.registry.ConfigurationElementHandle.createExecutableExtension(ConfigurationElementHandle.java:63)
	at org.eclipse.lsp4e.LanguageServersRegistry$ExtensionLanguageServerDefinition.createConnectionProvider(LanguageServersRegistry.java:161)
	... 8 more
Caused by: java.lang.reflect.InvocationTargetException
	at java.base/jdk.internal.reflect.NativeConstructorAccessorImpl.newInstance0(Native Method)
	at java.base/jdk.internal.reflect.NativeConstructorAccessorImpl.newInstance(NativeConstructorAccessorImpl.java:77)
	at java.base/jdk.internal.reflect.DelegatingConstructorAccessorImpl.newInstance(DelegatingConstructorAccessorImpl.java:45)
	at java.base/java.lang.reflect.Constructor.newInstanceWithCaller(Constructor.java:499)
	at java.base/java.lang.reflect.Constructor.newInstance(Constructor.java:480)
	at org.eclipse.core.internal.registry.osgi.RegistryStrategyOSGI.createExecutableExtension(RegistryStrategyOSGI.java:204)
	... 12 more
Caused by: java.lang.NullPointerException: Cannot invoke "java.io.File.getAbsolutePath()" because the return value of "org.eclipse.wildwebdeveloper.embedder.node.NodeJSManager.getNodeJsLocation()" is null
	at org.eclipse.wildwebdeveloper.html.HTMLLanguageServer.<init>(HTMLLanguageServer.java:40)
	... 18 more

!ENTRY org.eclipse.lsp4e 4 0 2025-02-15 22:11:19.196
!MESSAGE Cannot invoke "org.eclipse.lsp4e.server.StreamConnectionProvider.getInputStream()" because "this.lspStreamProvider" is null
!STACK 0
java.lang.NullPointerException: Cannot invoke "org.eclipse.lsp4e.server.StreamConnectionProvider.getInputStream()" because "this.lspStreamProvider" is null
	at org.eclipse.lsp4e.LanguageServerWrapper.lambda$1(LanguageServerWrapper.java:284)
	at java.base/java.util.concurrent.CompletableFuture$UniApply.tryFire(CompletableFuture.java:646)
	at java.base/java.util.concurrent.CompletableFuture.postComplete(CompletableFuture.java:510)
	at java.base/java.util.concurrent.CompletableFuture$AsyncSupply.run(CompletableFuture.java:1773)
	at java.base/java.util.concurrent.CompletableFuture$AsyncSupply.exec(CompletableFuture.java:1760)
	at java.base/java.util.concurrent.ForkJoinTask.doExec(ForkJoinTask.java:373)
	at java.base/java.util.concurrent.ForkJoinPool$WorkQueue.topLevelExec(ForkJoinPool.java:1182)
	at java.base/java.util.concurrent.ForkJoinPool.scan(ForkJoinPool.java:1655)
	at java.base/java.util.concurrent.ForkJoinPool.runWorker(ForkJoinPool.java:1622)
	at java.base/java.util.concurrent.ForkJoinWorkerThread.run(ForkJoinWorkerThread.java:165)

!ENTRY org.eclipse.lsp4e 4 0 2025-02-15 22:11:20.287
!MESSAGE プラグイン "org.eclipse.wildwebdeveloper" は、クラス "org.eclipse.wildwebdeveloper.html.HTMLLanguageServer" をインスタンス化できませんでした。
!STACK 1
org.eclipse.core.runtime.CoreException: プラグイン "org.eclipse.wildwebdeveloper" は、クラス "org.eclipse.wildwebdeveloper.html.HTMLLanguageServer" をインスタンス化できませんでした。
	at org.eclipse.core.internal.registry.osgi.RegistryStrategyOSGI.throwException(RegistryStrategyOSGI.java:212)
	at org.eclipse.core.internal.registry.osgi.RegistryStrategyOSGI.createExecutableExtension(RegistryStrategyOSGI.java:206)
	at org.eclipse.core.internal.registry.ExtensionRegistry.createExecutableExtension(ExtensionRegistry.java:920)
	at org.eclipse.core.internal.registry.ConfigurationElement.createExecutableExtension(ConfigurationElement.java:246)
	at org.eclipse.core.internal.registry.ConfigurationElementHandle.createExecutableExtension(ConfigurationElementHandle.java:63)
	at org.eclipse.lsp4e.LanguageServersRegistry$ExtensionLanguageServerDefinition.createConnectionProvider(LanguageServersRegistry.java:161)
	at org.eclipse.lsp4e.LanguageServerWrapper.lambda$0(LanguageServerWrapper.java:233)
	at java.base/java.util.concurrent.CompletableFuture$AsyncSupply.run(CompletableFuture.java:1768)
	at java.base/java.util.concurrent.CompletableFuture$AsyncSupply.exec(CompletableFuture.java:1760)
	at java.base/java.util.concurrent.ForkJoinTask.doExec(ForkJoinTask.java:373)
	at java.base/java.util.concurrent.ForkJoinPool$WorkQueue.topLevelExec(ForkJoinPool.java:1182)
	at java.base/java.util.concurrent.ForkJoinPool.scan(ForkJoinPool.java:1655)
	at java.base/java.util.concurrent.ForkJoinPool.runWorker(ForkJoinPool.java:1622)
	at java.base/java.util.concurrent.ForkJoinWorkerThread.run(ForkJoinWorkerThread.java:165)
Caused by: java.lang.reflect.InvocationTargetException
	at java.base/jdk.internal.reflect.NativeConstructorAccessorImpl.newInstance0(Native Method)
	at java.base/jdk.internal.reflect.NativeConstructorAccessorImpl.newInstance(NativeConstructorAccessorImpl.java:77)
	at java.base/jdk.internal.reflect.DelegatingConstructorAccessorImpl.newInstance(DelegatingConstructorAccessorImpl.java:45)
	at java.base/java.lang.reflect.Constructor.newInstanceWithCaller(Constructor.java:499)
	at java.base/java.lang.reflect.Constructor.newInstance(Constructor.java:480)
	at org.eclipse.core.internal.registry.osgi.RegistryStrategyOSGI.createExecutableExtension(RegistryStrategyOSGI.java:204)
	... 12 more
Caused by: java.lang.NullPointerException: Cannot invoke "java.io.File.getAbsolutePath()" because the return value of "org.eclipse.wildwebdeveloper.embedder.node.NodeJSManager.getNodeJsLocation()" is null
	at org.eclipse.wildwebdeveloper.html.HTMLLanguageServer.<init>(HTMLLanguageServer.java:40)
	... 18 more
!SUBENTRY 1 org.eclipse.equinox.registry 4 1 2025-02-15 22:11:20.287
!MESSAGE プラグイン "org.eclipse.wildwebdeveloper" は、クラス "org.eclipse.wildwebdeveloper.html.HTMLLanguageServer" をインスタンス化できませんでした。
!STACK 0
java.lang.reflect.InvocationTargetException
	at java.base/jdk.internal.reflect.NativeConstructorAccessorImpl.newInstance0(Native Method)
	at java.base/jdk.internal.reflect.NativeConstructorAccessorImpl.newInstance(NativeConstructorAccessorImpl.java:77)
	at java.base/jdk.internal.reflect.DelegatingConstructorAccessorImpl.newInstance(DelegatingConstructorAccessorImpl.java:45)
	at java.base/java.lang.reflect.Constructor.newInstanceWithCaller(Constructor.java:499)
	at java.base/java.lang.reflect.Constructor.newInstance(Constructor.java:480)
	at org.eclipse.core.internal.registry.osgi.RegistryStrategyOSGI.createExecutableExtension(RegistryStrategyOSGI.java:204)
	at org.eclipse.core.internal.registry.ExtensionRegistry.createExecutableExtension(ExtensionRegistry.java:920)
	at org.eclipse.core.internal.registry.ConfigurationElement.createExecutableExtension(ConfigurationElement.java:246)
	at org.eclipse.core.internal.registry.ConfigurationElementHandle.createExecutableExtension(ConfigurationElementHandle.java:63)
	at org.eclipse.lsp4e.LanguageServersRegistry$ExtensionLanguageServerDefinition.createConnectionProvider(LanguageServersRegistry.java:161)
	at org.eclipse.lsp4e.LanguageServerWrapper.lambda$0(LanguageServerWrapper.java:233)
	at java.base/java.util.concurrent.CompletableFuture$AsyncSupply.run(CompletableFuture.java:1768)
	at java.base/java.util.concurrent.CompletableFuture$AsyncSupply.exec(CompletableFuture.java:1760)
	at java.base/java.util.concurrent.ForkJoinTask.doExec(ForkJoinTask.java:373)
	at java.base/java.util.concurrent.ForkJoinPool$WorkQueue.topLevelExec(ForkJoinPool.java:1182)
	at java.base/java.util.concurrent.ForkJoinPool.scan(ForkJoinPool.java:1655)
	at java.base/java.util.concurrent.ForkJoinPool.runWorker(ForkJoinPool.java:1622)
	at java.base/java.util.concurrent.ForkJoinWorkerThread.run(ForkJoinWorkerThread.java:165)
Caused by: java.lang.NullPointerException: Cannot invoke "java.io.File.getAbsolutePath()" because the return value of "org.eclipse.wildwebdeveloper.embedder.node.NodeJSManager.getNodeJsLocation()" is null
	at org.eclipse.wildwebdeveloper.html.HTMLLanguageServer.<init>(HTMLLanguageServer.java:40)
	... 18 more
Root exception:
java.lang.NullPointerException: Cannot invoke "java.io.File.getAbsolutePath()" because the return value of "org.eclipse.wildwebdeveloper.embedder.node.NodeJSManager.getNodeJsLocation()" is null
	at org.eclipse.wildwebdeveloper.html.HTMLLanguageServer.<init>(HTMLLanguageServer.java:40)
	at java.base/jdk.internal.reflect.NativeConstructorAccessorImpl.newInstance0(Native Method)
	at java.base/jdk.internal.reflect.NativeConstructorAccessorImpl.newInstance(NativeConstructorAccessorImpl.java:77)
	at java.base/jdk.internal.reflect.DelegatingConstructorAccessorImpl.newInstance(DelegatingConstructorAccessorImpl.java:45)
	at java.base/java.lang.reflect.Constructor.newInstanceWithCaller(Constructor.java:499)
	at java.base/java.lang.reflect.Constructor.newInstance(Constructor.java:480)
	at org.eclipse.core.internal.registry.osgi.RegistryStrategyOSGI.createExecutableExtension(RegistryStrategyOSGI.java:204)
	at org.eclipse.core.internal.registry.ExtensionRegistry.createExecutableExtension(ExtensionRegistry.java:920)
	at org.eclipse.core.internal.registry.ConfigurationElement.createExecutableExtension(ConfigurationElement.java:246)
	at org.eclipse.core.internal.registry.ConfigurationElementHandle.createExecutableExtension(ConfigurationElementHandle.java:63)
	at org.eclipse.lsp4e.LanguageServersRegistry$ExtensionLanguageServerDefinition.createConnectionProvider(LanguageServersRegistry.java:161)
	at org.eclipse.lsp4e.LanguageServerWrapper.lambda$0(LanguageServerWrapper.java:233)
	at java.base/java.util.concurrent.CompletableFuture$AsyncSupply.run(CompletableFuture.java:1768)
	at java.base/java.util.concurrent.CompletableFuture$AsyncSupply.exec(CompletableFuture.java:1760)
	at java.base/java.util.concurrent.ForkJoinTask.doExec(ForkJoinTask.java:373)
	at java.base/java.util.concurrent.ForkJoinPool$WorkQueue.topLevelExec(ForkJoinPool.java:1182)
	at java.base/java.util.concurrent.ForkJoinPool.scan(ForkJoinPool.java:1655)
	at java.base/java.util.concurrent.ForkJoinPool.runWorker(ForkJoinPool.java:1622)
	at java.base/java.util.concurrent.ForkJoinWorkerThread.run(ForkJoinWorkerThread.java:165)

!ENTRY org.eclipse.lsp4e 4 0 2025-02-15 22:11:20.288
!MESSAGE Exception occurred while creating an instance of the stream connection provider
!STACK 0
java.lang.RuntimeException: Exception occurred while creating an instance of the stream connection provider
	at org.eclipse.lsp4e.LanguageServersRegistry$ExtensionLanguageServerDefinition.createConnectionProvider(LanguageServersRegistry.java:164)
	at org.eclipse.lsp4e.LanguageServerWrapper.lambda$0(LanguageServerWrapper.java:233)
	at java.base/java.util.concurrent.CompletableFuture$AsyncSupply.run(CompletableFuture.java:1768)
	at java.base/java.util.concurrent.CompletableFuture$AsyncSupply.exec(CompletableFuture.java:1760)
	at java.base/java.util.concurrent.ForkJoinTask.doExec(ForkJoinTask.java:373)
	at java.base/java.util.concurrent.ForkJoinPool$WorkQueue.topLevelExec(ForkJoinPool.java:1182)
	at java.base/java.util.concurrent.ForkJoinPool.scan(ForkJoinPool.java:1655)
	at java.base/java.util.concurrent.ForkJoinPool.runWorker(ForkJoinPool.java:1622)
	at java.base/java.util.concurrent.ForkJoinWorkerThread.run(ForkJoinWorkerThread.java:165)
Caused by: org.eclipse.core.runtime.CoreException: プラグイン "org.eclipse.wildwebdeveloper" は、クラス "org.eclipse.wildwebdeveloper.html.HTMLLanguageServer" をインスタンス化できませんでした。
	at org.eclipse.core.internal.registry.osgi.RegistryStrategyOSGI.throwException(RegistryStrategyOSGI.java:212)
	at org.eclipse.core.internal.registry.osgi.RegistryStrategyOSGI.createExecutableExtension(RegistryStrategyOSGI.java:206)
	at org.eclipse.core.internal.registry.ExtensionRegistry.createExecutableExtension(ExtensionRegistry.java:920)
	at org.eclipse.core.internal.registry.ConfigurationElement.createExecutableExtension(ConfigurationElement.java:246)
	at org.eclipse.core.internal.registry.ConfigurationElementHandle.createExecutableExtension(ConfigurationElementHandle.java:63)
	at org.eclipse.lsp4e.LanguageServersRegistry$ExtensionLanguageServerDefinition.createConnectionProvider(LanguageServersRegistry.java:161)
	... 8 more
Caused by: java.lang.reflect.InvocationTargetException
	at java.base/jdk.internal.reflect.NativeConstructorAccessorImpl.newInstance0(Native Method)
	at java.base/jdk.internal.reflect.NativeConstructorAccessorImpl.newInstance(NativeConstructorAccessorImpl.java:77)
	at java.base/jdk.internal.reflect.DelegatingConstructorAccessorImpl.newInstance(DelegatingConstructorAccessorImpl.java:45)
	at java.base/java.lang.reflect.Constructor.newInstanceWithCaller(Constructor.java:499)
	at java.base/java.lang.reflect.Constructor.newInstance(Constructor.java:480)
	at org.eclipse.core.internal.registry.osgi.RegistryStrategyOSGI.createExecutableExtension(RegistryStrategyOSGI.java:204)
	... 12 more
Caused by: java.lang.NullPointerException: Cannot invoke "java.io.File.getAbsolutePath()" because the return value of "org.eclipse.wildwebdeveloper.embedder.node.NodeJSManager.getNodeJsLocation()" is null
	at org.eclipse.wildwebdeveloper.html.HTMLLanguageServer.<init>(HTMLLanguageServer.java:40)
	... 18 more

!ENTRY org.eclipse.lsp4e 4 0 2025-02-15 22:11:20.289
!MESSAGE Cannot invoke "org.eclipse.lsp4e.server.StreamConnectionProvider.getInputStream()" because "this.lspStreamProvider" is null
!STACK 0
java.lang.NullPointerException: Cannot invoke "org.eclipse.lsp4e.server.StreamConnectionProvider.getInputStream()" because "this.lspStreamProvider" is null
	at org.eclipse.lsp4e.LanguageServerWrapper.lambda$1(LanguageServerWrapper.java:284)
	at java.base/java.util.concurrent.CompletableFuture$UniApply.tryFire(CompletableFuture.java:646)
	at java.base/java.util.concurrent.CompletableFuture.postComplete(CompletableFuture.java:510)
	at java.base/java.util.concurrent.CompletableFuture$AsyncSupply.run(CompletableFuture.java:1773)
	at java.base/java.util.concurrent.CompletableFuture$AsyncSupply.exec(CompletableFuture.java:1760)
	at java.base/java.util.concurrent.ForkJoinTask.doExec(ForkJoinTask.java:373)
	at java.base/java.util.concurrent.ForkJoinPool$WorkQueue.topLevelExec(ForkJoinPool.java:1182)
	at java.base/java.util.concurrent.ForkJoinPool.scan(ForkJoinPool.java:1655)
	at java.base/java.util.concurrent.ForkJoinPool.runWorker(ForkJoinPool.java:1622)
	at java.base/java.util.concurrent.ForkJoinWorkerThread.run(ForkJoinWorkerThread.java:165)

!ENTRY org.eclipse.lsp4e 4 0 2025-02-15 22:11:20.291
!MESSAGE プラグイン "org.eclipse.wildwebdeveloper" は、クラス "org.eclipse.wildwebdeveloper.angular.AngularLanguageServer" をインスタンス化できませんでした。
!STACK 1
org.eclipse.core.runtime.CoreException: プラグイン "org.eclipse.wildwebdeveloper" は、クラス "org.eclipse.wildwebdeveloper.angular.AngularLanguageServer" をインスタンス化できませんでした。
	at org.eclipse.core.internal.registry.osgi.RegistryStrategyOSGI.throwException(RegistryStrategyOSGI.java:212)
	at org.eclipse.core.internal.registry.osgi.RegistryStrategyOSGI.createExecutableExtension(RegistryStrategyOSGI.java:206)
	at org.eclipse.core.internal.registry.ExtensionRegistry.createExecutableExtension(ExtensionRegistry.java:920)
	at org.eclipse.core.internal.registry.ConfigurationElement.createExecutableExtension(ConfigurationElement.java:246)
	at org.eclipse.core.internal.registry.ConfigurationElementHandle.createExecutableExtension(ConfigurationElementHandle.java:63)
	at org.eclipse.lsp4e.LanguageServersRegistry$ExtensionLanguageServerDefinition.createConnectionProvider(LanguageServersRegistry.java:161)
	at org.eclipse.lsp4e.LanguageServerWrapper.lambda$0(LanguageServerWrapper.java:233)
	at java.base/java.util.concurrent.CompletableFuture$AsyncSupply.run(CompletableFuture.java:1768)
	at java.base/java.util.concurrent.CompletableFuture$AsyncSupply.exec(CompletableFuture.java:1760)
	at java.base/java.util.concurrent.ForkJoinTask.doExec(ForkJoinTask.java:373)
	at java.base/java.util.concurrent.ForkJoinPool$WorkQueue.topLevelExec(ForkJoinPool.java:1182)
	at java.base/java.util.concurrent.ForkJoinPool.scan(ForkJoinPool.java:1655)
	at java.base/java.util.concurrent.ForkJoinPool.runWorker(ForkJoinPool.java:1622)
	at java.base/java.util.concurrent.ForkJoinWorkerThread.run(ForkJoinWorkerThread.java:165)
Caused by: java.lang.reflect.InvocationTargetException
	at java.base/jdk.internal.reflect.NativeConstructorAccessorImpl.newInstance0(Native Method)
	at java.base/jdk.internal.reflect.NativeConstructorAccessorImpl.newInstance(NativeConstructorAccessorImpl.java:77)
	at java.base/jdk.internal.reflect.DelegatingConstructorAccessorImpl.newInstance(DelegatingConstructorAccessorImpl.java:45)
	at java.base/java.lang.reflect.Constructor.newInstanceWithCaller(Constructor.java:499)
	at java.base/java.lang.reflect.Constructor.newInstance(Constructor.java:480)
	at org.eclipse.core.internal.registry.osgi.RegistryStrategyOSGI.createExecutableExtension(RegistryStrategyOSGI.java:204)
	... 12 more
Caused by: java.lang.NullPointerException: Cannot invoke "java.io.File.getAbsolutePath()" because the return value of "org.eclipse.wildwebdeveloper.embedder.node.NodeJSManager.getNodeJsLocation()" is null
	at org.eclipse.wildwebdeveloper.angular.AngularLanguageServer.<init>(AngularLanguageServer.java:43)
	... 18 more
!SUBENTRY 1 org.eclipse.equinox.registry 4 1 2025-02-15 22:11:20.291
!MESSAGE プラグイン "org.eclipse.wildwebdeveloper" は、クラス "org.eclipse.wildwebdeveloper.angular.AngularLanguageServer" をインスタンス化できませんでした。
!STACK 0
java.lang.reflect.InvocationTargetException
	at java.base/jdk.internal.reflect.NativeConstructorAccessorImpl.newInstance0(Native Method)
	at java.base/jdk.internal.reflect.NativeConstructorAccessorImpl.newInstance(NativeConstructorAccessorImpl.java:77)
	at java.base/jdk.internal.reflect.DelegatingConstructorAccessorImpl.newInstance(DelegatingConstructorAccessorImpl.java:45)
	at java.base/java.lang.reflect.Constructor.newInstanceWithCaller(Constructor.java:499)
	at java.base/java.lang.reflect.Constructor.newInstance(Constructor.java:480)
	at org.eclipse.core.internal.registry.osgi.RegistryStrategyOSGI.createExecutableExtension(RegistryStrategyOSGI.java:204)
	at org.eclipse.core.internal.registry.ExtensionRegistry.createExecutableExtension(ExtensionRegistry.java:920)
	at org.eclipse.core.internal.registry.ConfigurationElement.createExecutableExtension(ConfigurationElement.java:246)
	at org.eclipse.core.internal.registry.ConfigurationElementHandle.createExecutableExtension(ConfigurationElementHandle.java:63)
	at org.eclipse.lsp4e.LanguageServersRegistry$ExtensionLanguageServerDefinition.createConnectionProvider(LanguageServersRegistry.java:161)
	at org.eclipse.lsp4e.LanguageServerWrapper.lambda$0(LanguageServerWrapper.java:233)
	at java.base/java.util.concurrent.CompletableFuture$AsyncSupply.run(CompletableFuture.java:1768)
	at java.base/java.util.concurrent.CompletableFuture$AsyncSupply.exec(CompletableFuture.java:1760)
	at java.base/java.util.concurrent.ForkJoinTask.doExec(ForkJoinTask.java:373)
	at java.base/java.util.concurrent.ForkJoinPool$WorkQueue.topLevelExec(ForkJoinPool.java:1182)
	at java.base/java.util.concurrent.ForkJoinPool.scan(ForkJoinPool.java:1655)
	at java.base/java.util.concurrent.ForkJoinPool.runWorker(ForkJoinPool.java:1622)
	at java.base/java.util.concurrent.ForkJoinWorkerThread.run(ForkJoinWorkerThread.java:165)
Caused by: java.lang.NullPointerException: Cannot invoke "java.io.File.getAbsolutePath()" because the return value of "org.eclipse.wildwebdeveloper.embedder.node.NodeJSManager.getNodeJsLocation()" is null
	at org.eclipse.wildwebdeveloper.angular.AngularLanguageServer.<init>(AngularLanguageServer.java:43)
	... 18 more
Root exception:
java.lang.NullPointerException: Cannot invoke "java.io.File.getAbsolutePath()" because the return value of "org.eclipse.wildwebdeveloper.embedder.node.NodeJSManager.getNodeJsLocation()" is null
	at org.eclipse.wildwebdeveloper.angular.AngularLanguageServer.<init>(AngularLanguageServer.java:43)
	at java.base/jdk.internal.reflect.NativeConstructorAccessorImpl.newInstance0(Native Method)
	at java.base/jdk.internal.reflect.NativeConstructorAccessorImpl.newInstance(NativeConstructorAccessorImpl.java:77)
	at java.base/jdk.internal.reflect.DelegatingConstructorAccessorImpl.newInstance(DelegatingConstructorAccessorImpl.java:45)
	at java.base/java.lang.reflect.Constructor.newInstanceWithCaller(Constructor.java:499)
	at java.base/java.lang.reflect.Constructor.newInstance(Constructor.java:480)
	at org.eclipse.core.internal.registry.osgi.RegistryStrategyOSGI.createExecutableExtension(RegistryStrategyOSGI.java:204)
	at org.eclipse.core.internal.registry.ExtensionRegistry.createExecutableExtension(ExtensionRegistry.java:920)
	at org.eclipse.core.internal.registry.ConfigurationElement.createExecutableExtension(ConfigurationElement.java:246)
	at org.eclipse.core.internal.registry.ConfigurationElementHandle.createExecutableExtension(ConfigurationElementHandle.java:63)
	at org.eclipse.lsp4e.LanguageServersRegistry$ExtensionLanguageServerDefinition.createConnectionProvider(LanguageServersRegistry.java:161)
	at org.eclipse.lsp4e.LanguageServerWrapper.lambda$0(LanguageServerWrapper.java:233)
	at java.base/java.util.concurrent.CompletableFuture$AsyncSupply.run(CompletableFuture.java:1768)
	at java.base/java.util.concurrent.CompletableFuture$AsyncSupply.exec(CompletableFuture.java:1760)
	at java.base/java.util.concurrent.ForkJoinTask.doExec(ForkJoinTask.java:373)
	at java.base/java.util.concurrent.ForkJoinPool$WorkQueue.topLevelExec(ForkJoinPool.java:1182)
	at java.base/java.util.concurrent.ForkJoinPool.scan(ForkJoinPool.java:1655)
	at java.base/java.util.concurrent.ForkJoinPool.runWorker(ForkJoinPool.java:1622)
	at java.base/java.util.concurrent.ForkJoinWorkerThread.run(ForkJoinWorkerThread.java:165)

!ENTRY org.eclipse.lsp4e 4 0 2025-02-15 22:11:20.293
!MESSAGE Exception occurred while creating an instance of the stream connection provider
!STACK 0
java.lang.RuntimeException: Exception occurred while creating an instance of the stream connection provider
	at org.eclipse.lsp4e.LanguageServersRegistry$ExtensionLanguageServerDefinition.createConnectionProvider(LanguageServersRegistry.java:164)
	at org.eclipse.lsp4e.LanguageServerWrapper.lambda$0(LanguageServerWrapper.java:233)
	at java.base/java.util.concurrent.CompletableFuture$AsyncSupply.run(CompletableFuture.java:1768)
	at java.base/java.util.concurrent.CompletableFuture$AsyncSupply.exec(CompletableFuture.java:1760)
	at java.base/java.util.concurrent.ForkJoinTask.doExec(ForkJoinTask.java:373)
	at java.base/java.util.concurrent.ForkJoinPool$WorkQueue.topLevelExec(ForkJoinPool.java:1182)
	at java.base/java.util.concurrent.ForkJoinPool.scan(ForkJoinPool.java:1655)
	at java.base/java.util.concurrent.ForkJoinPool.runWorker(ForkJoinPool.java:1622)
	at java.base/java.util.concurrent.ForkJoinWorkerThread.run(ForkJoinWorkerThread.java:165)
Caused by: org.eclipse.core.runtime.CoreException: プラグイン "org.eclipse.wildwebdeveloper" は、クラス "org.eclipse.wildwebdeveloper.angular.AngularLanguageServer" をインスタンス化できませんでした。
	at org.eclipse.core.internal.registry.osgi.RegistryStrategyOSGI.throwException(RegistryStrategyOSGI.java:212)
	at org.eclipse.core.internal.registry.osgi.RegistryStrategyOSGI.createExecutableExtension(RegistryStrategyOSGI.java:206)
	at org.eclipse.core.internal.registry.ExtensionRegistry.createExecutableExtension(ExtensionRegistry.java:920)
	at org.eclipse.core.internal.registry.ConfigurationElement.createExecutableExtension(ConfigurationElement.java:246)
	at org.eclipse.core.internal.registry.ConfigurationElementHandle.createExecutableExtension(ConfigurationElementHandle.java:63)
	at org.eclipse.lsp4e.LanguageServersRegistry$ExtensionLanguageServerDefinition.createConnectionProvider(LanguageServersRegistry.java:161)
	... 8 more
Caused by: java.lang.reflect.InvocationTargetException
	at java.base/jdk.internal.reflect.NativeConstructorAccessorImpl.newInstance0(Native Method)
	at java.base/jdk.internal.reflect.NativeConstructorAccessorImpl.newInstance(NativeConstructorAccessorImpl.java:77)
	at java.base/jdk.internal.reflect.DelegatingConstructorAccessorImpl.newInstance(DelegatingConstructorAccessorImpl.java:45)
	at java.base/java.lang.reflect.Constructor.newInstanceWithCaller(Constructor.java:499)
	at java.base/java.lang.reflect.Constructor.newInstance(Constructor.java:480)
	at org.eclipse.core.internal.registry.osgi.RegistryStrategyOSGI.createExecutableExtension(RegistryStrategyOSGI.java:204)
	... 12 more
Caused by: java.lang.NullPointerException: Cannot invoke "java.io.File.getAbsolutePath()" because the return value of "org.eclipse.wildwebdeveloper.embedder.node.NodeJSManager.getNodeJsLocation()" is null
	at org.eclipse.wildwebdeveloper.angular.AngularLanguageServer.<init>(AngularLanguageServer.java:43)
	... 18 more

!ENTRY org.eclipse.lsp4e 4 0 2025-02-15 22:11:20.294
!MESSAGE java.lang.RuntimeException: Exception occurred while creating an instance of the stream connection provider
!STACK 0
java.util.concurrent.ExecutionException: java.lang.RuntimeException: Exception occurred while creating an instance of the stream connection provider
	at java.base/java.util.concurrent.CompletableFuture.reportGet(CompletableFuture.java:396)
	at java.base/java.util.concurrent.CompletableFuture.get(CompletableFuture.java:2096)
	at org.eclipse.lsp4e.operations.declaration.OpenDeclarationHyperlinkDetector.detectHyperlinks(OpenDeclarationHyperlinkDetector.java:94)
	at org.eclipse.ui.texteditor.HyperlinkDetectorRegistry$HyperlinkDetectorDelegate.detectHyperlinks(HyperlinkDetectorRegistry.java:81)
	at org.eclipse.jface.text.hyperlink.HyperlinkManager.findHyperlinks(HyperlinkManager.java:289)
	at org.eclipse.jface.text.hyperlink.HyperlinkManager.findHyperlinks(HyperlinkManager.java:262)
	at org.eclipse.jface.text.hyperlink.HyperlinkManager.mouseMove(HyperlinkManager.java:457)
	at org.eclipse.swt.widgets.TypedListener.handleEvent(TypedListener.java:216)
	at org.eclipse.swt.widgets.EventTable.sendEvent(EventTable.java:89)
	at org.eclipse.swt.widgets.Display.sendEvent(Display.java:4251)
	at org.eclipse.swt.widgets.Widget.sendEvent(Widget.java:1066)
	at org.eclipse.swt.widgets.Display.runDeferredEvents(Display.java:4068)
	at org.eclipse.swt.widgets.Display.readAndDispatch(Display.java:3645)
	at org.eclipse.e4.ui.internal.workbench.swt.PartRenderingEngine$5.run(PartRenderingEngine.java:1155)
	at org.eclipse.core.databinding.observable.Realm.runWithDefault(Realm.java:338)
	at org.eclipse.e4.ui.internal.workbench.swt.PartRenderingEngine.run(PartRenderingEngine.java:1046)
	at org.eclipse.e4.ui.internal.workbench.E4Workbench.createAndRunUI(E4Workbench.java:155)
	at org.eclipse.ui.internal.Workbench.lambda$3(Workbench.java:644)
	at org.eclipse.core.databinding.observable.Realm.runWithDefault(Realm.java:338)
	at org.eclipse.ui.internal.Workbench.createAndRunWorkbench(Workbench.java:551)
	at org.eclipse.ui.PlatformUI.createAndRunWorkbench(PlatformUI.java:156)
	at org.eclipse.ui.internal.ide.application.IDEApplication.start(IDEApplication.java:152)
	at org.eclipse.equinox.internal.app.EclipseAppHandle.run(EclipseAppHandle.java:203)
	at org.eclipse.core.runtime.internal.adaptor.EclipseAppLauncher.runApplication(EclipseAppLauncher.java:136)
	at org.eclipse.core.runtime.internal.adaptor.EclipseAppLauncher.start(EclipseAppLauncher.java:104)
	at org.eclipse.core.runtime.adaptor.EclipseStarter.run(EclipseStarter.java:402)
	at org.eclipse.core.runtime.adaptor.EclipseStarter.run(EclipseStarter.java:255)
	at java.base/jdk.internal.reflect.NativeMethodAccessorImpl.invoke0(Native Method)
	at java.base/jdk.internal.reflect.NativeMethodAccessorImpl.invoke(NativeMethodAccessorImpl.java:77)
	at java.base/jdk.internal.reflect.DelegatingMethodAccessorImpl.invoke(DelegatingMethodAccessorImpl.java:43)
	at java.base/java.lang.reflect.Method.invoke(Method.java:568)
	at org.eclipse.equinox.launcher.Main.invokeFramework(Main.java:659)
	at org.eclipse.equinox.launcher.Main.basicRun(Main.java:596)
	at org.eclipse.equinox.launcher.Main.run(Main.java:1467)
Caused by: java.lang.RuntimeException: Exception occurred while creating an instance of the stream connection provider
	at org.eclipse.lsp4e.LanguageServersRegistry$ExtensionLanguageServerDefinition.createConnectionProvider(LanguageServersRegistry.java:164)
	at org.eclipse.lsp4e.LanguageServerWrapper.lambda$0(LanguageServerWrapper.java:233)
	at java.base/java.util.concurrent.CompletableFuture$AsyncSupply.run(CompletableFuture.java:1768)
	at java.base/java.util.concurrent.CompletableFuture$AsyncSupply.exec(CompletableFuture.java:1760)
	at java.base/java.util.concurrent.ForkJoinTask.doExec(ForkJoinTask.java:373)
	at java.base/java.util.concurrent.ForkJoinPool$WorkQueue.topLevelExec(ForkJoinPool.java:1182)
	at java.base/java.util.concurrent.ForkJoinPool.scan(ForkJoinPool.java:1655)
	at java.base/java.util.concurrent.ForkJoinPool.runWorker(ForkJoinPool.java:1622)
	at java.base/java.util.concurrent.ForkJoinWorkerThread.run(ForkJoinWorkerThread.java:165)
Caused by: org.eclipse.core.runtime.CoreException: プラグイン "org.eclipse.wildwebdeveloper" は、クラス "org.eclipse.wildwebdeveloper.angular.AngularLanguageServer" をインスタンス化できませんでした。
	at org.eclipse.core.internal.registry.osgi.RegistryStrategyOSGI.throwException(RegistryStrategyOSGI.java:212)
	at org.eclipse.core.internal.registry.osgi.RegistryStrategyOSGI.createExecutableExtension(RegistryStrategyOSGI.java:206)
	at org.eclipse.core.internal.registry.ExtensionRegistry.createExecutableExtension(ExtensionRegistry.java:920)
	at org.eclipse.core.internal.registry.ConfigurationElement.createExecutableExtension(ConfigurationElement.java:246)
	at org.eclipse.core.internal.registry.ConfigurationElementHandle.createExecutableExtension(ConfigurationElementHandle.java:63)
	at org.eclipse.lsp4e.LanguageServersRegistry$ExtensionLanguageServerDefinition.createConnectionProvider(LanguageServersRegistry.java:161)
	... 8 more
Caused by: java.lang.reflect.InvocationTargetException
	at java.base/jdk.internal.reflect.NativeConstructorAccessorImpl.newInstance0(Native Method)
	at java.base/jdk.internal.reflect.NativeConstructorAccessorImpl.newInstance(NativeConstructorAccessorImpl.java:77)
	at java.base/jdk.internal.reflect.DelegatingConstructorAccessorImpl.newInstance(DelegatingConstructorAccessorImpl.java:45)
	at java.base/java.lang.reflect.Constructor.newInstanceWithCaller(Constructor.java:499)
	at java.base/java.lang.reflect.Constructor.newInstance(Constructor.java:480)
	at org.eclipse.core.internal.registry.osgi.RegistryStrategyOSGI.createExecutableExtension(RegistryStrategyOSGI.java:204)
	... 12 more
Caused by: java.lang.NullPointerException: Cannot invoke "java.io.File.getAbsolutePath()" because the return value of "org.eclipse.wildwebdeveloper.embedder.node.NodeJSManager.getNodeJsLocation()" is null
	at org.eclipse.wildwebdeveloper.angular.AngularLanguageServer.<init>(AngularLanguageServer.java:43)
	... 18 more

!ENTRY org.eclipse.lsp4e 4 0 2025-02-15 22:11:20.295
!MESSAGE Cannot invoke "org.eclipse.lsp4e.server.StreamConnectionProvider.getInputStream()" because "this.lspStreamProvider" is null
!STACK 0
java.lang.NullPointerException: Cannot invoke "org.eclipse.lsp4e.server.StreamConnectionProvider.getInputStream()" because "this.lspStreamProvider" is null
	at org.eclipse.lsp4e.LanguageServerWrapper.lambda$1(LanguageServerWrapper.java:284)
	at java.base/java.util.concurrent.CompletableFuture$UniApply.tryFire(CompletableFuture.java:646)
	at java.base/java.util.concurrent.CompletableFuture.postComplete(CompletableFuture.java:510)
	at java.base/java.util.concurrent.CompletableFuture$AsyncSupply.run(CompletableFuture.java:1773)
	at java.base/java.util.concurrent.CompletableFuture$AsyncSupply.exec(CompletableFuture.java:1760)
	at java.base/java.util.concurrent.ForkJoinTask.doExec(ForkJoinTask.java:373)
	at java.base/java.util.concurrent.ForkJoinPool$WorkQueue.topLevelExec(ForkJoinPool.java:1182)
	at java.base/java.util.concurrent.ForkJoinPool.scan(ForkJoinPool.java:1655)
	at java.base/java.util.concurrent.ForkJoinPool.runWorker(ForkJoinPool.java:1622)
	at java.base/java.util.concurrent.ForkJoinWorkerThread.run(ForkJoinWorkerThread.java:165)

!ENTRY org.eclipse.lsp4e 4 0 2025-02-15 22:11:20.404
!MESSAGE プラグイン "org.eclipse.wildwebdeveloper" は、クラス "org.eclipse.wildwebdeveloper.html.HTMLLanguageServer" をインスタンス化できませんでした。
!STACK 1
org.eclipse.core.runtime.CoreException: プラグイン "org.eclipse.wildwebdeveloper" は、クラス "org.eclipse.wildwebdeveloper.html.HTMLLanguageServer" をインスタンス化できませんでした。
	at org.eclipse.core.internal.registry.osgi.RegistryStrategyOSGI.throwException(RegistryStrategyOSGI.java:212)
	at org.eclipse.core.internal.registry.osgi.RegistryStrategyOSGI.createExecutableExtension(RegistryStrategyOSGI.java:206)
	at org.eclipse.core.internal.registry.ExtensionRegistry.createExecutableExtension(ExtensionRegistry.java:920)
	at org.eclipse.core.internal.registry.ConfigurationElement.createExecutableExtension(ConfigurationElement.java:246)
	at org.eclipse.core.internal.registry.ConfigurationElementHandle.createExecutableExtension(ConfigurationElementHandle.java:63)
	at org.eclipse.lsp4e.LanguageServersRegistry$ExtensionLanguageServerDefinition.createConnectionProvider(LanguageServersRegistry.java:161)
	at org.eclipse.lsp4e.LanguageServerWrapper.lambda$0(LanguageServerWrapper.java:233)
	at java.base/java.util.concurrent.CompletableFuture$AsyncSupply.run(CompletableFuture.java:1768)
	at java.base/java.util.concurrent.CompletableFuture$AsyncSupply.exec(CompletableFuture.java:1760)
	at java.base/java.util.concurrent.ForkJoinTask.doExec(ForkJoinTask.java:373)
	at java.base/java.util.concurrent.ForkJoinPool$WorkQueue.topLevelExec(ForkJoinPool.java:1182)
	at java.base/java.util.concurrent.ForkJoinPool.scan(ForkJoinPool.java:1655)
	at java.base/java.util.concurrent.ForkJoinPool.runWorker(ForkJoinPool.java:1622)
	at java.base/java.util.concurrent.ForkJoinWorkerThread.run(ForkJoinWorkerThread.java:165)
Caused by: java.lang.reflect.InvocationTargetException
	at java.base/jdk.internal.reflect.NativeConstructorAccessorImpl.newInstance0(Native Method)
	at java.base/jdk.internal.reflect.NativeConstructorAccessorImpl.newInstance(NativeConstructorAccessorImpl.java:77)
	at java.base/jdk.internal.reflect.DelegatingConstructorAccessorImpl.newInstance(DelegatingConstructorAccessorImpl.java:45)
	at java.base/java.lang.reflect.Constructor.newInstanceWithCaller(Constructor.java:499)
	at java.base/java.lang.reflect.Constructor.newInstance(Constructor.java:480)
	at org.eclipse.core.internal.registry.osgi.RegistryStrategyOSGI.createExecutableExtension(RegistryStrategyOSGI.java:204)
	... 12 more
Caused by: java.lang.NullPointerException: Cannot invoke "java.io.File.getAbsolutePath()" because the return value of "org.eclipse.wildwebdeveloper.embedder.node.NodeJSManager.getNodeJsLocation()" is null
	at org.eclipse.wildwebdeveloper.html.HTMLLanguageServer.<init>(HTMLLanguageServer.java:40)
	... 18 more
!SUBENTRY 1 org.eclipse.equinox.registry 4 1 2025-02-15 22:11:20.404
!MESSAGE プラグイン "org.eclipse.wildwebdeveloper" は、クラス "org.eclipse.wildwebdeveloper.html.HTMLLanguageServer" をインスタンス化できませんでした。
!STACK 0
java.lang.reflect.InvocationTargetException
	at java.base/jdk.internal.reflect.NativeConstructorAccessorImpl.newInstance0(Native Method)
	at java.base/jdk.internal.reflect.NativeConstructorAccessorImpl.newInstance(NativeConstructorAccessorImpl.java:77)
	at java.base/jdk.internal.reflect.DelegatingConstructorAccessorImpl.newInstance(DelegatingConstructorAccessorImpl.java:45)
	at java.base/java.lang.reflect.Constructor.newInstanceWithCaller(Constructor.java:499)
	at java.base/java.lang.reflect.Constructor.newInstance(Constructor.java:480)
	at org.eclipse.core.internal.registry.osgi.RegistryStrategyOSGI.createExecutableExtension(RegistryStrategyOSGI.java:204)
	at org.eclipse.core.internal.registry.ExtensionRegistry.createExecutableExtension(ExtensionRegistry.java:920)
	at org.eclipse.core.internal.registry.ConfigurationElement.createExecutableExtension(ConfigurationElement.java:246)
	at org.eclipse.core.internal.registry.ConfigurationElementHandle.createExecutableExtension(ConfigurationElementHandle.java:63)
	at org.eclipse.lsp4e.LanguageServersRegistry$ExtensionLanguageServerDefinition.createConnectionProvider(LanguageServersRegistry.java:161)
	at org.eclipse.lsp4e.LanguageServerWrapper.lambda$0(LanguageServerWrapper.java:233)
	at java.base/java.util.concurrent.CompletableFuture$AsyncSupply.run(CompletableFuture.java:1768)
	at java.base/java.util.concurrent.CompletableFuture$AsyncSupply.exec(CompletableFuture.java:1760)
	at java.base/java.util.concurrent.ForkJoinTask.doExec(ForkJoinTask.java:373)
	at java.base/java.util.concurrent.ForkJoinPool$WorkQueue.topLevelExec(ForkJoinPool.java:1182)
	at java.base/java.util.concurrent.ForkJoinPool.scan(ForkJoinPool.java:1655)
	at java.base/java.util.concurrent.ForkJoinPool.runWorker(ForkJoinPool.java:1622)
	at java.base/java.util.concurrent.ForkJoinWorkerThread.run(ForkJoinWorkerThread.java:165)
Caused by: java.lang.NullPointerException: Cannot invoke "java.io.File.getAbsolutePath()" because the return value of "org.eclipse.wildwebdeveloper.embedder.node.NodeJSManager.getNodeJsLocation()" is null
	at org.eclipse.wildwebdeveloper.html.HTMLLanguageServer.<init>(HTMLLanguageServer.java:40)
	... 18 more
Root exception:
java.lang.NullPointerException: Cannot invoke "java.io.File.getAbsolutePath()" because the return value of "org.eclipse.wildwebdeveloper.embedder.node.NodeJSManager.getNodeJsLocation()" is null
	at org.eclipse.wildwebdeveloper.html.HTMLLanguageServer.<init>(HTMLLanguageServer.java:40)
	at java.base/jdk.internal.reflect.NativeConstructorAccessorImpl.newInstance0(Native Method)
	at java.base/jdk.internal.reflect.NativeConstructorAccessorImpl.newInstance(NativeConstructorAccessorImpl.java:77)
	at java.base/jdk.internal.reflect.DelegatingConstructorAccessorImpl.newInstance(DelegatingConstructorAccessorImpl.java:45)
	at java.base/java.lang.reflect.Constructor.newInstanceWithCaller(Constructor.java:499)
	at java.base/java.lang.reflect.Constructor.newInstance(Constructor.java:480)
	at org.eclipse.core.internal.registry.osgi.RegistryStrategyOSGI.createExecutableExtension(RegistryStrategyOSGI.java:204)
	at org.eclipse.core.internal.registry.ExtensionRegistry.createExecutableExtension(ExtensionRegistry.java:920)
	at org.eclipse.core.internal.registry.ConfigurationElement.createExecutableExtension(ConfigurationElement.java:246)
	at org.eclipse.core.internal.registry.ConfigurationElementHandle.createExecutableExtension(ConfigurationElementHandle.java:63)
	at org.eclipse.lsp4e.LanguageServersRegistry$ExtensionLanguageServerDefinition.createConnectionProvider(LanguageServersRegistry.java:161)
	at org.eclipse.lsp4e.LanguageServerWrapper.lambda$0(LanguageServerWrapper.java:233)
	at java.base/java.util.concurrent.CompletableFuture$AsyncSupply.run(CompletableFuture.java:1768)
	at java.base/java.util.concurrent.CompletableFuture$AsyncSupply.exec(CompletableFuture.java:1760)
	at java.base/java.util.concurrent.ForkJoinTask.doExec(ForkJoinTask.java:373)
	at java.base/java.util.concurrent.ForkJoinPool$WorkQueue.topLevelExec(ForkJoinPool.java:1182)
	at java.base/java.util.concurrent.ForkJoinPool.scan(ForkJoinPool.java:1655)
	at java.base/java.util.concurrent.ForkJoinPool.runWorker(ForkJoinPool.java:1622)
	at java.base/java.util.concurrent.ForkJoinWorkerThread.run(ForkJoinWorkerThread.java:165)

!ENTRY org.eclipse.lsp4e 4 0 2025-02-15 22:11:20.404
!MESSAGE Exception occurred while creating an instance of the stream connection provider
!STACK 0
java.lang.RuntimeException: Exception occurred while creating an instance of the stream connection provider
	at org.eclipse.lsp4e.LanguageServersRegistry$ExtensionLanguageServerDefinition.createConnectionProvider(LanguageServersRegistry.java:164)
	at org.eclipse.lsp4e.LanguageServerWrapper.lambda$0(LanguageServerWrapper.java:233)
	at java.base/java.util.concurrent.CompletableFuture$AsyncSupply.run(CompletableFuture.java:1768)
	at java.base/java.util.concurrent.CompletableFuture$AsyncSupply.exec(CompletableFuture.java:1760)
	at java.base/java.util.concurrent.ForkJoinTask.doExec(ForkJoinTask.java:373)
	at java.base/java.util.concurrent.ForkJoinPool$WorkQueue.topLevelExec(ForkJoinPool.java:1182)
	at java.base/java.util.concurrent.ForkJoinPool.scan(ForkJoinPool.java:1655)
	at java.base/java.util.concurrent.ForkJoinPool.runWorker(ForkJoinPool.java:1622)
	at java.base/java.util.concurrent.ForkJoinWorkerThread.run(ForkJoinWorkerThread.java:165)
Caused by: org.eclipse.core.runtime.CoreException: プラグイン "org.eclipse.wildwebdeveloper" は、クラス "org.eclipse.wildwebdeveloper.html.HTMLLanguageServer" をインスタンス化できませんでした。
	at org.eclipse.core.internal.registry.osgi.RegistryStrategyOSGI.throwException(RegistryStrategyOSGI.java:212)
	at org.eclipse.core.internal.registry.osgi.RegistryStrategyOSGI.createExecutableExtension(RegistryStrategyOSGI.java:206)
	at org.eclipse.core.internal.registry.ExtensionRegistry.createExecutableExtension(ExtensionRegistry.java:920)
	at org.eclipse.core.internal.registry.ConfigurationElement.createExecutableExtension(ConfigurationElement.java:246)
	at org.eclipse.core.internal.registry.ConfigurationElementHandle.createExecutableExtension(ConfigurationElementHandle.java:63)
	at org.eclipse.lsp4e.LanguageServersRegistry$ExtensionLanguageServerDefinition.createConnectionProvider(LanguageServersRegistry.java:161)
	... 8 more
Caused by: java.lang.reflect.InvocationTargetException
	at java.base/jdk.internal.reflect.NativeConstructorAccessorImpl.newInstance0(Native Method)
	at java.base/jdk.internal.reflect.NativeConstructorAccessorImpl.newInstance(NativeConstructorAccessorImpl.java:77)
	at java.base/jdk.internal.reflect.DelegatingConstructorAccessorImpl.newInstance(DelegatingConstructorAccessorImpl.java:45)
	at java.base/java.lang.reflect.Constructor.newInstanceWithCaller(Constructor.java:499)
	at java.base/java.lang.reflect.Constructor.newInstance(Constructor.java:480)
	at org.eclipse.core.internal.registry.osgi.RegistryStrategyOSGI.createExecutableExtension(RegistryStrategyOSGI.java:204)
	... 12 more
Caused by: java.lang.NullPointerException: Cannot invoke "java.io.File.getAbsolutePath()" because the return value of "org.eclipse.wildwebdeveloper.embedder.node.NodeJSManager.getNodeJsLocation()" is null
	at org.eclipse.wildwebdeveloper.html.HTMLLanguageServer.<init>(HTMLLanguageServer.java:40)
	... 18 more

!ENTRY org.eclipse.lsp4e 4 0 2025-02-15 22:11:20.405
!MESSAGE Cannot invoke "org.eclipse.lsp4e.server.StreamConnectionProvider.getInputStream()" because "this.lspStreamProvider" is null
!STACK 0
java.lang.NullPointerException: Cannot invoke "org.eclipse.lsp4e.server.StreamConnectionProvider.getInputStream()" because "this.lspStreamProvider" is null
	at org.eclipse.lsp4e.LanguageServerWrapper.lambda$1(LanguageServerWrapper.java:284)
	at java.base/java.util.concurrent.CompletableFuture$UniApply.tryFire(CompletableFuture.java:646)
	at java.base/java.util.concurrent.CompletableFuture.postComplete(CompletableFuture.java:510)
	at java.base/java.util.concurrent.CompletableFuture$AsyncSupply.run(CompletableFuture.java:1773)
	at java.base/java.util.concurrent.CompletableFuture$AsyncSupply.exec(CompletableFuture.java:1760)
	at java.base/java.util.concurrent.ForkJoinTask.doExec(ForkJoinTask.java:373)
	at java.base/java.util.concurrent.ForkJoinPool$WorkQueue.topLevelExec(ForkJoinPool.java:1182)
	at java.base/java.util.concurrent.ForkJoinPool.scan(ForkJoinPool.java:1655)
	at java.base/java.util.concurrent.ForkJoinPool.runWorker(ForkJoinPool.java:1622)
	at java.base/java.util.concurrent.ForkJoinWorkerThread.run(ForkJoinWorkerThread.java:165)

!ENTRY org.eclipse.lsp4e 4 0 2025-02-15 22:11:20.411
!MESSAGE プラグイン "org.eclipse.wildwebdeveloper" は、クラス "org.eclipse.wildwebdeveloper.angular.AngularLanguageServer" をインスタンス化できませんでした。
!STACK 1
org.eclipse.core.runtime.CoreException: プラグイン "org.eclipse.wildwebdeveloper" は、クラス "org.eclipse.wildwebdeveloper.angular.AngularLanguageServer" をインスタンス化できませんでした。
	at org.eclipse.core.internal.registry.osgi.RegistryStrategyOSGI.throwException(RegistryStrategyOSGI.java:212)
	at org.eclipse.core.internal.registry.osgi.RegistryStrategyOSGI.createExecutableExtension(RegistryStrategyOSGI.java:206)
	at org.eclipse.core.internal.registry.ExtensionRegistry.createExecutableExtension(ExtensionRegistry.java:920)
	at org.eclipse.core.internal.registry.ConfigurationElement.createExecutableExtension(ConfigurationElement.java:246)
	at org.eclipse.core.internal.registry.ConfigurationElementHandle.createExecutableExtension(ConfigurationElementHandle.java:63)
	at org.eclipse.lsp4e.LanguageServersRegistry$ExtensionLanguageServerDefinition.createConnectionProvider(LanguageServersRegistry.java:161)
	at org.eclipse.lsp4e.LanguageServerWrapper.lambda$0(LanguageServerWrapper.java:233)
	at java.base/java.util.concurrent.CompletableFuture$AsyncSupply.run(CompletableFuture.java:1768)
	at java.base/java.util.concurrent.CompletableFuture$AsyncSupply.exec(CompletableFuture.java:1760)
	at java.base/java.util.concurrent.ForkJoinTask.doExec(ForkJoinTask.java:373)
	at java.base/java.util.concurrent.ForkJoinPool$WorkQueue.topLevelExec(ForkJoinPool.java:1182)
	at java.base/java.util.concurrent.ForkJoinPool.scan(ForkJoinPool.java:1655)
	at java.base/java.util.concurrent.ForkJoinPool.runWorker(ForkJoinPool.java:1622)
	at java.base/java.util.concurrent.ForkJoinWorkerThread.run(ForkJoinWorkerThread.java:165)
Caused by: java.lang.reflect.InvocationTargetException
	at jdk.internal.reflect.GeneratedConstructorAccessor99.newInstance(Unknown Source)
	at java.base/jdk.internal.reflect.DelegatingConstructorAccessorImpl.newInstance(DelegatingConstructorAccessorImpl.java:45)
	at java.base/java.lang.reflect.Constructor.newInstanceWithCaller(Constructor.java:499)
	at java.base/java.lang.reflect.Constructor.newInstance(Constructor.java:480)
	at org.eclipse.core.internal.registry.osgi.RegistryStrategyOSGI.createExecutableExtension(RegistryStrategyOSGI.java:204)
	... 12 more
Caused by: java.lang.NullPointerException: Cannot invoke "java.io.File.getAbsolutePath()" because the return value of "org.eclipse.wildwebdeveloper.embedder.node.NodeJSManager.getNodeJsLocation()" is null
	at org.eclipse.wildwebdeveloper.angular.AngularLanguageServer.<init>(AngularLanguageServer.java:43)
	... 17 more
!SUBENTRY 1 org.eclipse.equinox.registry 4 1 2025-02-15 22:11:20.411
!MESSAGE プラグイン "org.eclipse.wildwebdeveloper" は、クラス "org.eclipse.wildwebdeveloper.angular.AngularLanguageServer" をインスタンス化できませんでした。
!STACK 0
java.lang.reflect.InvocationTargetException
	at jdk.internal.reflect.GeneratedConstructorAccessor99.newInstance(Unknown Source)
	at java.base/jdk.internal.reflect.DelegatingConstructorAccessorImpl.newInstance(DelegatingConstructorAccessorImpl.java:45)
	at java.base/java.lang.reflect.Constructor.newInstanceWithCaller(Constructor.java:499)
	at java.base/java.lang.reflect.Constructor.newInstance(Constructor.java:480)
	at org.eclipse.core.internal.registry.osgi.RegistryStrategyOSGI.createExecutableExtension(RegistryStrategyOSGI.java:204)
	at org.eclipse.core.internal.registry.ExtensionRegistry.createExecutableExtension(ExtensionRegistry.java:920)
	at org.eclipse.core.internal.registry.ConfigurationElement.createExecutableExtension(ConfigurationElement.java:246)
	at org.eclipse.core.internal.registry.ConfigurationElementHandle.createExecutableExtension(ConfigurationElementHandle.java:63)
	at org.eclipse.lsp4e.LanguageServersRegistry$ExtensionLanguageServerDefinition.createConnectionProvider(LanguageServersRegistry.java:161)
	at org.eclipse.lsp4e.LanguageServerWrapper.lambda$0(LanguageServerWrapper.java:233)
	at java.base/java.util.concurrent.CompletableFuture$AsyncSupply.run(CompletableFuture.java:1768)
	at java.base/java.util.concurrent.CompletableFuture$AsyncSupply.exec(CompletableFuture.java:1760)
	at java.base/java.util.concurrent.ForkJoinTask.doExec(ForkJoinTask.java:373)
	at java.base/java.util.concurrent.ForkJoinPool$WorkQueue.topLevelExec(ForkJoinPool.java:1182)
	at java.base/java.util.concurrent.ForkJoinPool.scan(ForkJoinPool.java:1655)
	at java.base/java.util.concurrent.ForkJoinPool.runWorker(ForkJoinPool.java:1622)
	at java.base/java.util.concurrent.ForkJoinWorkerThread.run(ForkJoinWorkerThread.java:165)
Caused by: java.lang.NullPointerException: Cannot invoke "java.io.File.getAbsolutePath()" because the return value of "org.eclipse.wildwebdeveloper.embedder.node.NodeJSManager.getNodeJsLocation()" is null
	at org.eclipse.wildwebdeveloper.angular.AngularLanguageServer.<init>(AngularLanguageServer.java:43)
	... 17 more
Root exception:
java.lang.NullPointerException: Cannot invoke "java.io.File.getAbsolutePath()" because the return value of "org.eclipse.wildwebdeveloper.embedder.node.NodeJSManager.getNodeJsLocation()" is null
	at org.eclipse.wildwebdeveloper.angular.AngularLanguageServer.<init>(AngularLanguageServer.java:43)
	at jdk.internal.reflect.GeneratedConstructorAccessor99.newInstance(Unknown Source)
	at java.base/jdk.internal.reflect.DelegatingConstructorAccessorImpl.newInstance(DelegatingConstructorAccessorImpl.java:45)
	at java.base/java.lang.reflect.Constructor.newInstanceWithCaller(Constructor.java:499)
	at java.base/java.lang.reflect.Constructor.newInstance(Constructor.java:480)
	at org.eclipse.core.internal.registry.osgi.RegistryStrategyOSGI.createExecutableExtension(RegistryStrategyOSGI.java:204)
	at org.eclipse.core.internal.registry.ExtensionRegistry.createExecutableExtension(ExtensionRegistry.java:920)
	at org.eclipse.core.internal.registry.ConfigurationElement.createExecutableExtension(ConfigurationElement.java:246)
	at org.eclipse.core.internal.registry.ConfigurationElementHandle.createExecutableExtension(ConfigurationElementHandle.java:63)
	at org.eclipse.lsp4e.LanguageServersRegistry$ExtensionLanguageServerDefinition.createConnectionProvider(LanguageServersRegistry.java:161)
	at org.eclipse.lsp4e.LanguageServerWrapper.lambda$0(LanguageServerWrapper.java:233)
	at java.base/java.util.concurrent.CompletableFuture$AsyncSupply.run(CompletableFuture.java:1768)
	at java.base/java.util.concurrent.CompletableFuture$AsyncSupply.exec(CompletableFuture.java:1760)
	at java.base/java.util.concurrent.ForkJoinTask.doExec(ForkJoinTask.java:373)
	at java.base/java.util.concurrent.ForkJoinPool$WorkQueue.topLevelExec(ForkJoinPool.java:1182)
	at java.base/java.util.concurrent.ForkJoinPool.scan(ForkJoinPool.java:1655)
	at java.base/java.util.concurrent.ForkJoinPool.runWorker(ForkJoinPool.java:1622)
	at java.base/java.util.concurrent.ForkJoinWorkerThread.run(ForkJoinWorkerThread.java:165)

!ENTRY org.eclipse.lsp4e 4 0 2025-02-15 22:11:20.411
!MESSAGE Exception occurred while creating an instance of the stream connection provider
!STACK 0
java.lang.RuntimeException: Exception occurred while creating an instance of the stream connection provider
	at org.eclipse.lsp4e.LanguageServersRegistry$ExtensionLanguageServerDefinition.createConnectionProvider(LanguageServersRegistry.java:164)
	at org.eclipse.lsp4e.LanguageServerWrapper.lambda$0(LanguageServerWrapper.java:233)
	at java.base/java.util.concurrent.CompletableFuture$AsyncSupply.run(CompletableFuture.java:1768)
	at java.base/java.util.concurrent.CompletableFuture$AsyncSupply.exec(CompletableFuture.java:1760)
	at java.base/java.util.concurrent.ForkJoinTask.doExec(ForkJoinTask.java:373)
	at java.base/java.util.concurrent.ForkJoinPool$WorkQueue.topLevelExec(ForkJoinPool.java:1182)
	at java.base/java.util.concurrent.ForkJoinPool.scan(ForkJoinPool.java:1655)
	at java.base/java.util.concurrent.ForkJoinPool.runWorker(ForkJoinPool.java:1622)
	at java.base/java.util.concurrent.ForkJoinWorkerThread.run(ForkJoinWorkerThread.java:165)
Caused by: org.eclipse.core.runtime.CoreException: プラグイン "org.eclipse.wildwebdeveloper" は、クラス "org.eclipse.wildwebdeveloper.angular.AngularLanguageServer" をインスタンス化できませんでした。
	at org.eclipse.core.internal.registry.osgi.RegistryStrategyOSGI.throwException(RegistryStrategyOSGI.java:212)
	at org.eclipse.core.internal.registry.osgi.RegistryStrategyOSGI.createExecutableExtension(RegistryStrategyOSGI.java:206)
	at org.eclipse.core.internal.registry.ExtensionRegistry.createExecutableExtension(ExtensionRegistry.java:920)
	at org.eclipse.core.internal.registry.ConfigurationElement.createExecutableExtension(ConfigurationElement.java:246)
	at org.eclipse.core.internal.registry.ConfigurationElementHandle.createExecutableExtension(ConfigurationElementHandle.java:63)
	at org.eclipse.lsp4e.LanguageServersRegistry$ExtensionLanguageServerDefinition.createConnectionProvider(LanguageServersRegistry.java:161)
	... 8 more
Caused by: java.lang.reflect.InvocationTargetException
	at jdk.internal.reflect.GeneratedConstructorAccessor99.newInstance(Unknown Source)
	at java.base/jdk.internal.reflect.DelegatingConstructorAccessorImpl.newInstance(DelegatingConstructorAccessorImpl.java:45)
	at java.base/java.lang.reflect.Constructor.newInstanceWithCaller(Constructor.java:499)
	at java.base/java.lang.reflect.Constructor.newInstance(Constructor.java:480)
	at org.eclipse.core.internal.registry.osgi.RegistryStrategyOSGI.createExecutableExtension(RegistryStrategyOSGI.java:204)
	... 12 more
Caused by: java.lang.NullPointerException: Cannot invoke "java.io.File.getAbsolutePath()" because the return value of "org.eclipse.wildwebdeveloper.embedder.node.NodeJSManager.getNodeJsLocation()" is null
	at org.eclipse.wildwebdeveloper.angular.AngularLanguageServer.<init>(AngularLanguageServer.java:43)
	... 17 more

!ENTRY org.eclipse.lsp4e 4 0 2025-02-15 22:11:20.412
!MESSAGE java.lang.RuntimeException: Exception occurred while creating an instance of the stream connection provider
!STACK 0
java.util.concurrent.ExecutionException: java.lang.RuntimeException: Exception occurred while creating an instance of the stream connection provider
	at java.base/java.util.concurrent.CompletableFuture.reportGet(CompletableFuture.java:396)
	at java.base/java.util.concurrent.CompletableFuture.get(CompletableFuture.java:2096)
	at org.eclipse.lsp4e.operations.documentLink.DocumentLinkDetector.detectHyperlinks(DocumentLinkDetector.java:119)
	at org.eclipse.ui.texteditor.HyperlinkDetectorRegistry$HyperlinkDetectorDelegate.detectHyperlinks(HyperlinkDetectorRegistry.java:81)
	at org.eclipse.jface.text.hyperlink.HyperlinkManager.findHyperlinks(HyperlinkManager.java:289)
	at org.eclipse.jface.text.hyperlink.HyperlinkManager.findHyperlinks(HyperlinkManager.java:262)
	at org.eclipse.jface.text.hyperlink.HyperlinkManager.mouseMove(HyperlinkManager.java:457)
	at org.eclipse.swt.widgets.TypedListener.handleEvent(TypedListener.java:216)
	at org.eclipse.swt.widgets.EventTable.sendEvent(EventTable.java:89)
	at org.eclipse.swt.widgets.Display.sendEvent(Display.java:4251)
	at org.eclipse.swt.widgets.Widget.sendEvent(Widget.java:1066)
	at org.eclipse.swt.widgets.Display.runDeferredEvents(Display.java:4068)
	at org.eclipse.swt.widgets.Display.readAndDispatch(Display.java:3645)
	at org.eclipse.e4.ui.internal.workbench.swt.PartRenderingEngine$5.run(PartRenderingEngine.java:1155)
	at org.eclipse.core.databinding.observable.Realm.runWithDefault(Realm.java:338)
	at org.eclipse.e4.ui.internal.workbench.swt.PartRenderingEngine.run(PartRenderingEngine.java:1046)
	at org.eclipse.e4.ui.internal.workbench.E4Workbench.createAndRunUI(E4Workbench.java:155)
	at org.eclipse.ui.internal.Workbench.lambda$3(Workbench.java:644)
	at org.eclipse.core.databinding.observable.Realm.runWithDefault(Realm.java:338)
	at org.eclipse.ui.internal.Workbench.createAndRunWorkbench(Workbench.java:551)
	at org.eclipse.ui.PlatformUI.createAndRunWorkbench(PlatformUI.java:156)
	at org.eclipse.ui.internal.ide.application.IDEApplication.start(IDEApplication.java:152)
	at org.eclipse.equinox.internal.app.EclipseAppHandle.run(EclipseAppHandle.java:203)
	at org.eclipse.core.runtime.internal.adaptor.EclipseAppLauncher.runApplication(EclipseAppLauncher.java:136)
	at org.eclipse.core.runtime.internal.adaptor.EclipseAppLauncher.start(EclipseAppLauncher.java:104)
	at org.eclipse.core.runtime.adaptor.EclipseStarter.run(EclipseStarter.java:402)
	at org.eclipse.core.runtime.adaptor.EclipseStarter.run(EclipseStarter.java:255)
	at java.base/jdk.internal.reflect.NativeMethodAccessorImpl.invoke0(Native Method)
	at java.base/jdk.internal.reflect.NativeMethodAccessorImpl.invoke(NativeMethodAccessorImpl.java:77)
	at java.base/jdk.internal.reflect.DelegatingMethodAccessorImpl.invoke(DelegatingMethodAccessorImpl.java:43)
	at java.base/java.lang.reflect.Method.invoke(Method.java:568)
	at org.eclipse.equinox.launcher.Main.invokeFramework(Main.java:659)
	at org.eclipse.equinox.launcher.Main.basicRun(Main.java:596)
	at org.eclipse.equinox.launcher.Main.run(Main.java:1467)
Caused by: java.lang.RuntimeException: Exception occurred while creating an instance of the stream connection provider
	at org.eclipse.lsp4e.LanguageServersRegistry$ExtensionLanguageServerDefinition.createConnectionProvider(LanguageServersRegistry.java:164)
	at org.eclipse.lsp4e.LanguageServerWrapper.lambda$0(LanguageServerWrapper.java:233)
	at java.base/java.util.concurrent.CompletableFuture$AsyncSupply.run(CompletableFuture.java:1768)
	at java.base/java.util.concurrent.CompletableFuture$AsyncSupply.exec(CompletableFuture.java:1760)
	at java.base/java.util.concurrent.ForkJoinTask.doExec(ForkJoinTask.java:373)
	at java.base/java.util.concurrent.ForkJoinPool$WorkQueue.topLevelExec(ForkJoinPool.java:1182)
	at java.base/java.util.concurrent.ForkJoinPool.scan(ForkJoinPool.java:1655)
	at java.base/java.util.concurrent.ForkJoinPool.runWorker(ForkJoinPool.java:1622)
	at java.base/java.util.concurrent.ForkJoinWorkerThread.run(ForkJoinWorkerThread.java:165)
Caused by: org.eclipse.core.runtime.CoreException: プラグイン "org.eclipse.wildwebdeveloper" は、クラス "org.eclipse.wildwebdeveloper.angular.AngularLanguageServer" をインスタンス化できませんでした。
	at org.eclipse.core.internal.registry.osgi.RegistryStrategyOSGI.throwException(RegistryStrategyOSGI.java:212)
	at org.eclipse.core.internal.registry.osgi.RegistryStrategyOSGI.createExecutableExtension(RegistryStrategyOSGI.java:206)
	at org.eclipse.core.internal.registry.ExtensionRegistry.createExecutableExtension(ExtensionRegistry.java:920)
	at org.eclipse.core.internal.registry.ConfigurationElement.createExecutableExtension(ConfigurationElement.java:246)
	at org.eclipse.core.internal.registry.ConfigurationElementHandle.createExecutableExtension(ConfigurationElementHandle.java:63)
	at org.eclipse.lsp4e.LanguageServersRegistry$ExtensionLanguageServerDefinition.createConnectionProvider(LanguageServersRegistry.java:161)
	... 8 more
Caused by: java.lang.reflect.InvocationTargetException
	at jdk.internal.reflect.GeneratedConstructorAccessor99.newInstance(Unknown Source)
	at java.base/jdk.internal.reflect.DelegatingConstructorAccessorImpl.newInstance(DelegatingConstructorAccessorImpl.java:45)
	at java.base/java.lang.reflect.Constructor.newInstanceWithCaller(Constructor.java:499)
	at java.base/java.lang.reflect.Constructor.newInstance(Constructor.java:480)
	at org.eclipse.core.internal.registry.osgi.RegistryStrategyOSGI.createExecutableExtension(RegistryStrategyOSGI.java:204)
	... 12 more
Caused by: java.lang.NullPointerException: Cannot invoke "java.io.File.getAbsolutePath()" because the return value of "org.eclipse.wildwebdeveloper.embedder.node.NodeJSManager.getNodeJsLocation()" is null
	at org.eclipse.wildwebdeveloper.angular.AngularLanguageServer.<init>(AngularLanguageServer.java:43)
	... 17 more

!ENTRY org.eclipse.lsp4e 4 0 2025-02-15 22:11:20.413
!MESSAGE Cannot invoke "org.eclipse.lsp4e.server.StreamConnectionProvider.getInputStream()" because "this.lspStreamProvider" is null
!STACK 0
java.lang.NullPointerException: Cannot invoke "org.eclipse.lsp4e.server.StreamConnectionProvider.getInputStream()" because "this.lspStreamProvider" is null
	at org.eclipse.lsp4e.LanguageServerWrapper.lambda$1(LanguageServerWrapper.java:284)
	at java.base/java.util.concurrent.CompletableFuture$UniApply.tryFire(CompletableFuture.java:646)
	at java.base/java.util.concurrent.CompletableFuture.postComplete(CompletableFuture.java:510)
	at java.base/java.util.concurrent.CompletableFuture$AsyncSupply.run(CompletableFuture.java:1773)
	at java.base/java.util.concurrent.CompletableFuture$AsyncSupply.exec(CompletableFuture.java:1760)
	at java.base/java.util.concurrent.ForkJoinTask.doExec(ForkJoinTask.java:373)
	at java.base/java.util.concurrent.ForkJoinPool$WorkQueue.topLevelExec(ForkJoinPool.java:1182)
	at java.base/java.util.concurrent.ForkJoinPool.scan(ForkJoinPool.java:1655)
	at java.base/java.util.concurrent.ForkJoinPool.runWorker(ForkJoinPool.java:1622)
	at java.base/java.util.concurrent.ForkJoinWorkerThread.run(ForkJoinWorkerThread.java:165)

!ENTRY org.eclipse.lsp4e 4 0 2025-02-15 22:11:33.004
!MESSAGE プラグイン "org.eclipse.wildwebdeveloper" は、クラス "org.eclipse.wildwebdeveloper.angular.AngularLanguageServer" をインスタンス化できませんでした。
!STACK 1
org.eclipse.core.runtime.CoreException: プラグイン "org.eclipse.wildwebdeveloper" は、クラス "org.eclipse.wildwebdeveloper.angular.AngularLanguageServer" をインスタンス化できませんでした。
	at org.eclipse.core.internal.registry.osgi.RegistryStrategyOSGI.throwException(RegistryStrategyOSGI.java:212)
	at org.eclipse.core.internal.registry.osgi.RegistryStrategyOSGI.createExecutableExtension(RegistryStrategyOSGI.java:206)
	at org.eclipse.core.internal.registry.ExtensionRegistry.createExecutableExtension(ExtensionRegistry.java:920)
	at org.eclipse.core.internal.registry.ConfigurationElement.createExecutableExtension(ConfigurationElement.java:246)
	at org.eclipse.core.internal.registry.ConfigurationElementHandle.createExecutableExtension(ConfigurationElementHandle.java:63)
	at org.eclipse.lsp4e.LanguageServersRegistry$ExtensionLanguageServerDefinition.createConnectionProvider(LanguageServersRegistry.java:161)
	at org.eclipse.lsp4e.LanguageServerWrapper.lambda$0(LanguageServerWrapper.java:233)
	at java.base/java.util.concurrent.CompletableFuture$AsyncSupply.run(CompletableFuture.java:1768)
	at java.base/java.util.concurrent.CompletableFuture$AsyncSupply.exec(CompletableFuture.java:1760)
	at java.base/java.util.concurrent.ForkJoinTask.doExec(ForkJoinTask.java:373)
	at java.base/java.util.concurrent.ForkJoinPool$WorkQueue.topLevelExec(ForkJoinPool.java:1182)
	at java.base/java.util.concurrent.ForkJoinPool.scan(ForkJoinPool.java:1655)
	at java.base/java.util.concurrent.ForkJoinPool.runWorker(ForkJoinPool.java:1622)
	at java.base/java.util.concurrent.ForkJoinWorkerThread.run(ForkJoinWorkerThread.java:165)
Caused by: java.lang.reflect.InvocationTargetException
	at jdk.internal.reflect.GeneratedConstructorAccessor99.newInstance(Unknown Source)
	at java.base/jdk.internal.reflect.DelegatingConstructorAccessorImpl.newInstance(DelegatingConstructorAccessorImpl.java:45)
	at java.base/java.lang.reflect.Constructor.newInstanceWithCaller(Constructor.java:499)
	at java.base/java.lang.reflect.Constructor.newInstance(Constructor.java:480)
	at org.eclipse.core.internal.registry.osgi.RegistryStrategyOSGI.createExecutableExtension(RegistryStrategyOSGI.java:204)
	... 12 more
Caused by: java.lang.NullPointerException: Cannot invoke "java.io.File.getAbsolutePath()" because the return value of "org.eclipse.wildwebdeveloper.embedder.node.NodeJSManager.getNodeJsLocation()" is null
	at org.eclipse.wildwebdeveloper.angular.AngularLanguageServer.<init>(AngularLanguageServer.java:43)
	... 17 more
!SUBENTRY 1 org.eclipse.equinox.registry 4 1 2025-02-15 22:11:33.004
!MESSAGE プラグイン "org.eclipse.wildwebdeveloper" は、クラス "org.eclipse.wildwebdeveloper.angular.AngularLanguageServer" をインスタンス化できませんでした。
!STACK 0
java.lang.reflect.InvocationTargetException
	at jdk.internal.reflect.GeneratedConstructorAccessor99.newInstance(Unknown Source)
	at java.base/jdk.internal.reflect.DelegatingConstructorAccessorImpl.newInstance(DelegatingConstructorAccessorImpl.java:45)
	at java.base/java.lang.reflect.Constructor.newInstanceWithCaller(Constructor.java:499)
	at java.base/java.lang.reflect.Constructor.newInstance(Constructor.java:480)
	at org.eclipse.core.internal.registry.osgi.RegistryStrategyOSGI.createExecutableExtension(RegistryStrategyOSGI.java:204)
	at org.eclipse.core.internal.registry.ExtensionRegistry.createExecutableExtension(ExtensionRegistry.java:920)
	at org.eclipse.core.internal.registry.ConfigurationElement.createExecutableExtension(ConfigurationElement.java:246)
	at org.eclipse.core.internal.registry.ConfigurationElementHandle.createExecutableExtension(ConfigurationElementHandle.java:63)
	at org.eclipse.lsp4e.LanguageServersRegistry$ExtensionLanguageServerDefinition.createConnectionProvider(LanguageServersRegistry.java:161)
	at org.eclipse.lsp4e.LanguageServerWrapper.lambda$0(LanguageServerWrapper.java:233)
	at java.base/java.util.concurrent.CompletableFuture$AsyncSupply.run(CompletableFuture.java:1768)
	at java.base/java.util.concurrent.CompletableFuture$AsyncSupply.exec(CompletableFuture.java:1760)
	at java.base/java.util.concurrent.ForkJoinTask.doExec(ForkJoinTask.java:373)
	at java.base/java.util.concurrent.ForkJoinPool$WorkQueue.topLevelExec(ForkJoinPool.java:1182)
	at java.base/java.util.concurrent.ForkJoinPool.scan(ForkJoinPool.java:1655)
	at java.base/java.util.concurrent.ForkJoinPool.runWorker(ForkJoinPool.java:1622)
	at java.base/java.util.concurrent.ForkJoinWorkerThread.run(ForkJoinWorkerThread.java:165)
Caused by: java.lang.NullPointerException: Cannot invoke "java.io.File.getAbsolutePath()" because the return value of "org.eclipse.wildwebdeveloper.embedder.node.NodeJSManager.getNodeJsLocation()" is null
	at org.eclipse.wildwebdeveloper.angular.AngularLanguageServer.<init>(AngularLanguageServer.java:43)
	... 17 more
Root exception:
java.lang.NullPointerException: Cannot invoke "java.io.File.getAbsolutePath()" because the return value of "org.eclipse.wildwebdeveloper.embedder.node.NodeJSManager.getNodeJsLocation()" is null
	at org.eclipse.wildwebdeveloper.angular.AngularLanguageServer.<init>(AngularLanguageServer.java:43)
	at jdk.internal.reflect.GeneratedConstructorAccessor99.newInstance(Unknown Source)
	at java.base/jdk.internal.reflect.DelegatingConstructorAccessorImpl.newInstance(DelegatingConstructorAccessorImpl.java:45)
	at java.base/java.lang.reflect.Constructor.newInstanceWithCaller(Constructor.java:499)
	at java.base/java.lang.reflect.Constructor.newInstance(Constructor.java:480)
	at org.eclipse.core.internal.registry.osgi.RegistryStrategyOSGI.createExecutableExtension(RegistryStrategyOSGI.java:204)
	at org.eclipse.core.internal.registry.ExtensionRegistry.createExecutableExtension(ExtensionRegistry.java:920)
	at org.eclipse.core.internal.registry.ConfigurationElement.createExecutableExtension(ConfigurationElement.java:246)
	at org.eclipse.core.internal.registry.ConfigurationElementHandle.createExecutableExtension(ConfigurationElementHandle.java:63)
	at org.eclipse.lsp4e.LanguageServersRegistry$ExtensionLanguageServerDefinition.createConnectionProvider(LanguageServersRegistry.java:161)
	at org.eclipse.lsp4e.LanguageServerWrapper.lambda$0(LanguageServerWrapper.java:233)
	at java.base/java.util.concurrent.CompletableFuture$AsyncSupply.run(CompletableFuture.java:1768)
	at java.base/java.util.concurrent.CompletableFuture$AsyncSupply.exec(CompletableFuture.java:1760)
	at java.base/java.util.concurrent.ForkJoinTask.doExec(ForkJoinTask.java:373)
	at java.base/java.util.concurrent.ForkJoinPool$WorkQueue.topLevelExec(ForkJoinPool.java:1182)
	at java.base/java.util.concurrent.ForkJoinPool.scan(ForkJoinPool.java:1655)
	at java.base/java.util.concurrent.ForkJoinPool.runWorker(ForkJoinPool.java:1622)
	at java.base/java.util.concurrent.ForkJoinWorkerThread.run(ForkJoinWorkerThread.java:165)

!ENTRY org.eclipse.lsp4e 4 0 2025-02-15 22:11:33.005
!MESSAGE Exception occurred while creating an instance of the stream connection provider
!STACK 0
java.lang.RuntimeException: Exception occurred while creating an instance of the stream connection provider
	at org.eclipse.lsp4e.LanguageServersRegistry$ExtensionLanguageServerDefinition.createConnectionProvider(LanguageServersRegistry.java:164)
	at org.eclipse.lsp4e.LanguageServerWrapper.lambda$0(LanguageServerWrapper.java:233)
	at java.base/java.util.concurrent.CompletableFuture$AsyncSupply.run(CompletableFuture.java:1768)
	at java.base/java.util.concurrent.CompletableFuture$AsyncSupply.exec(CompletableFuture.java:1760)
	at java.base/java.util.concurrent.ForkJoinTask.doExec(ForkJoinTask.java:373)
	at java.base/java.util.concurrent.ForkJoinPool$WorkQueue.topLevelExec(ForkJoinPool.java:1182)
	at java.base/java.util.concurrent.ForkJoinPool.scan(ForkJoinPool.java:1655)
	at java.base/java.util.concurrent.ForkJoinPool.runWorker(ForkJoinPool.java:1622)
	at java.base/java.util.concurrent.ForkJoinWorkerThread.run(ForkJoinWorkerThread.java:165)
Caused by: org.eclipse.core.runtime.CoreException: プラグイン "org.eclipse.wildwebdeveloper" は、クラス "org.eclipse.wildwebdeveloper.angular.AngularLanguageServer" をインスタンス化できませんでした。
	at org.eclipse.core.internal.registry.osgi.RegistryStrategyOSGI.throwException(RegistryStrategyOSGI.java:212)
	at org.eclipse.core.internal.registry.osgi.RegistryStrategyOSGI.createExecutableExtension(RegistryStrategyOSGI.java:206)
	at org.eclipse.core.internal.registry.ExtensionRegistry.createExecutableExtension(ExtensionRegistry.java:920)
	at org.eclipse.core.internal.registry.ConfigurationElement.createExecutableExtension(ConfigurationElement.java:246)
	at org.eclipse.core.internal.registry.ConfigurationElementHandle.createExecutableExtension(ConfigurationElementHandle.java:63)
	at org.eclipse.lsp4e.LanguageServersRegistry$ExtensionLanguageServerDefinition.createConnectionProvider(LanguageServersRegistry.java:161)
	... 8 more
Caused by: java.lang.reflect.InvocationTargetException
	at jdk.internal.reflect.GeneratedConstructorAccessor99.newInstance(Unknown Source)
	at java.base/jdk.internal.reflect.DelegatingConstructorAccessorImpl.newInstance(DelegatingConstructorAccessorImpl.java:45)
	at java.base/java.lang.reflect.Constructor.newInstanceWithCaller(Constructor.java:499)
	at java.base/java.lang.reflect.Constructor.newInstance(Constructor.java:480)
	at org.eclipse.core.internal.registry.osgi.RegistryStrategyOSGI.createExecutableExtension(RegistryStrategyOSGI.java:204)
	... 12 more
Caused by: java.lang.NullPointerException: Cannot invoke "java.io.File.getAbsolutePath()" because the return value of "org.eclipse.wildwebdeveloper.embedder.node.NodeJSManager.getNodeJsLocation()" is null
	at org.eclipse.wildwebdeveloper.angular.AngularLanguageServer.<init>(AngularLanguageServer.java:43)
	... 17 more

!ENTRY org.eclipse.lsp4e 4 0 2025-02-15 22:11:33.006
!MESSAGE Cannot invoke "org.eclipse.lsp4e.server.StreamConnectionProvider.getInputStream()" because "this.lspStreamProvider" is null
!STACK 0
java.lang.NullPointerException: Cannot invoke "org.eclipse.lsp4e.server.StreamConnectionProvider.getInputStream()" because "this.lspStreamProvider" is null
	at org.eclipse.lsp4e.LanguageServerWrapper.lambda$1(LanguageServerWrapper.java:284)
	at java.base/java.util.concurrent.CompletableFuture$UniApply.tryFire(CompletableFuture.java:646)
	at java.base/java.util.concurrent.CompletableFuture.postComplete(CompletableFuture.java:510)
	at java.base/java.util.concurrent.CompletableFuture$AsyncSupply.run(CompletableFuture.java:1773)
	at java.base/java.util.concurrent.CompletableFuture$AsyncSupply.exec(CompletableFuture.java:1760)
	at java.base/java.util.concurrent.ForkJoinTask.doExec(ForkJoinTask.java:373)
	at java.base/java.util.concurrent.ForkJoinPool$WorkQueue.topLevelExec(ForkJoinPool.java:1182)
	at java.base/java.util.concurrent.ForkJoinPool.scan(ForkJoinPool.java:1655)
	at java.base/java.util.concurrent.ForkJoinPool.runWorker(ForkJoinPool.java:1622)
	at java.base/java.util.concurrent.ForkJoinWorkerThread.run(ForkJoinWorkerThread.java:165)

!ENTRY org.eclipse.lsp4e 4 0 2025-02-15 22:11:33.013
!MESSAGE プラグイン "org.eclipse.wildwebdeveloper" は、クラス "org.eclipse.wildwebdeveloper.html.HTMLLanguageServer" をインスタンス化できませんでした。
!STACK 1
org.eclipse.core.runtime.CoreException: プラグイン "org.eclipse.wildwebdeveloper" は、クラス "org.eclipse.wildwebdeveloper.html.HTMLLanguageServer" をインスタンス化できませんでした。
	at org.eclipse.core.internal.registry.osgi.RegistryStrategyOSGI.throwException(RegistryStrategyOSGI.java:212)
	at org.eclipse.core.internal.registry.osgi.RegistryStrategyOSGI.createExecutableExtension(RegistryStrategyOSGI.java:206)
	at org.eclipse.core.internal.registry.ExtensionRegistry.createExecutableExtension(ExtensionRegistry.java:920)
	at org.eclipse.core.internal.registry.ConfigurationElement.createExecutableExtension(ConfigurationElement.java:246)
	at org.eclipse.core.internal.registry.ConfigurationElementHandle.createExecutableExtension(ConfigurationElementHandle.java:63)
	at org.eclipse.lsp4e.LanguageServersRegistry$ExtensionLanguageServerDefinition.createConnectionProvider(LanguageServersRegistry.java:161)
	at org.eclipse.lsp4e.LanguageServerWrapper.lambda$0(LanguageServerWrapper.java:233)
	at java.base/java.util.concurrent.CompletableFuture$AsyncSupply.run(CompletableFuture.java:1768)
	at java.base/java.util.concurrent.CompletableFuture$AsyncSupply.exec(CompletableFuture.java:1760)
	at java.base/java.util.concurrent.ForkJoinTask.doExec(ForkJoinTask.java:373)
	at java.base/java.util.concurrent.ForkJoinPool$WorkQueue.topLevelExec(ForkJoinPool.java:1182)
	at java.base/java.util.concurrent.ForkJoinPool.scan(ForkJoinPool.java:1655)
	at java.base/java.util.concurrent.ForkJoinPool.runWorker(ForkJoinPool.java:1622)
	at java.base/java.util.concurrent.ForkJoinWorkerThread.run(ForkJoinWorkerThread.java:165)
Caused by: java.lang.reflect.InvocationTargetException
	at java.base/jdk.internal.reflect.NativeConstructorAccessorImpl.newInstance0(Native Method)
	at java.base/jdk.internal.reflect.NativeConstructorAccessorImpl.newInstance(NativeConstructorAccessorImpl.java:77)
	at java.base/jdk.internal.reflect.DelegatingConstructorAccessorImpl.newInstance(DelegatingConstructorAccessorImpl.java:45)
	at java.base/java.lang.reflect.Constructor.newInstanceWithCaller(Constructor.java:499)
	at java.base/java.lang.reflect.Constructor.newInstance(Constructor.java:480)
	at org.eclipse.core.internal.registry.osgi.RegistryStrategyOSGI.createExecutableExtension(RegistryStrategyOSGI.java:204)
	... 12 more
Caused by: java.lang.NullPointerException: Cannot invoke "java.io.File.getAbsolutePath()" because the return value of "org.eclipse.wildwebdeveloper.embedder.node.NodeJSManager.getNodeJsLocation()" is null
	at org.eclipse.wildwebdeveloper.html.HTMLLanguageServer.<init>(HTMLLanguageServer.java:40)
	... 18 more
!SUBENTRY 1 org.eclipse.equinox.registry 4 1 2025-02-15 22:11:33.013
!MESSAGE プラグイン "org.eclipse.wildwebdeveloper" は、クラス "org.eclipse.wildwebdeveloper.html.HTMLLanguageServer" をインスタンス化できませんでした。
!STACK 0
java.lang.reflect.InvocationTargetException
	at java.base/jdk.internal.reflect.NativeConstructorAccessorImpl.newInstance0(Native Method)
	at java.base/jdk.internal.reflect.NativeConstructorAccessorImpl.newInstance(NativeConstructorAccessorImpl.java:77)
	at java.base/jdk.internal.reflect.DelegatingConstructorAccessorImpl.newInstance(DelegatingConstructorAccessorImpl.java:45)
	at java.base/java.lang.reflect.Constructor.newInstanceWithCaller(Constructor.java:499)
	at java.base/java.lang.reflect.Constructor.newInstance(Constructor.java:480)
	at org.eclipse.core.internal.registry.osgi.RegistryStrategyOSGI.createExecutableExtension(RegistryStrategyOSGI.java:204)
	at org.eclipse.core.internal.registry.ExtensionRegistry.createExecutableExtension(ExtensionRegistry.java:920)
	at org.eclipse.core.internal.registry.ConfigurationElement.createExecutableExtension(ConfigurationElement.java:246)
	at org.eclipse.core.internal.registry.ConfigurationElementHandle.createExecutableExtension(ConfigurationElementHandle.java:63)
	at org.eclipse.lsp4e.LanguageServersRegistry$ExtensionLanguageServerDefinition.createConnectionProvider(LanguageServersRegistry.java:161)
	at org.eclipse.lsp4e.LanguageServerWrapper.lambda$0(LanguageServerWrapper.java:233)
	at java.base/java.util.concurrent.CompletableFuture$AsyncSupply.run(CompletableFuture.java:1768)
	at java.base/java.util.concurrent.CompletableFuture$AsyncSupply.exec(CompletableFuture.java:1760)
	at java.base/java.util.concurrent.ForkJoinTask.doExec(ForkJoinTask.java:373)
	at java.base/java.util.concurrent.ForkJoinPool$WorkQueue.topLevelExec(ForkJoinPool.java:1182)
	at java.base/java.util.concurrent.ForkJoinPool.scan(ForkJoinPool.java:1655)
	at java.base/java.util.concurrent.ForkJoinPool.runWorker(ForkJoinPool.java:1622)
	at java.base/java.util.concurrent.ForkJoinWorkerThread.run(ForkJoinWorkerThread.java:165)
Caused by: java.lang.NullPointerException: Cannot invoke "java.io.File.getAbsolutePath()" because the return value of "org.eclipse.wildwebdeveloper.embedder.node.NodeJSManager.getNodeJsLocation()" is null
	at org.eclipse.wildwebdeveloper.html.HTMLLanguageServer.<init>(HTMLLanguageServer.java:40)
	... 18 more
Root exception:
java.lang.NullPointerException: Cannot invoke "java.io.File.getAbsolutePath()" because the return value of "org.eclipse.wildwebdeveloper.embedder.node.NodeJSManager.getNodeJsLocation()" is null
	at org.eclipse.wildwebdeveloper.html.HTMLLanguageServer.<init>(HTMLLanguageServer.java:40)
	at java.base/jdk.internal.reflect.NativeConstructorAccessorImpl.newInstance0(Native Method)
	at java.base/jdk.internal.reflect.NativeConstructorAccessorImpl.newInstance(NativeConstructorAccessorImpl.java:77)
	at java.base/jdk.internal.reflect.DelegatingConstructorAccessorImpl.newInstance(DelegatingConstructorAccessorImpl.java:45)
	at java.base/java.lang.reflect.Constructor.newInstanceWithCaller(Constructor.java:499)
	at java.base/java.lang.reflect.Constructor.newInstance(Constructor.java:480)
	at org.eclipse.core.internal.registry.osgi.RegistryStrategyOSGI.createExecutableExtension(RegistryStrategyOSGI.java:204)
	at org.eclipse.core.internal.registry.ExtensionRegistry.createExecutableExtension(ExtensionRegistry.java:920)
	at org.eclipse.core.internal.registry.ConfigurationElement.createExecutableExtension(ConfigurationElement.java:246)
	at org.eclipse.core.internal.registry.ConfigurationElementHandle.createExecutableExtension(ConfigurationElementHandle.java:63)
	at org.eclipse.lsp4e.LanguageServersRegistry$ExtensionLanguageServerDefinition.createConnectionProvider(LanguageServersRegistry.java:161)
	at org.eclipse.lsp4e.LanguageServerWrapper.lambda$0(LanguageServerWrapper.java:233)
	at java.base/java.util.concurrent.CompletableFuture$AsyncSupply.run(CompletableFuture.java:1768)
	at java.base/java.util.concurrent.CompletableFuture$AsyncSupply.exec(CompletableFuture.java:1760)
	at java.base/java.util.concurrent.ForkJoinTask.doExec(ForkJoinTask.java:373)
	at java.base/java.util.concurrent.ForkJoinPool$WorkQueue.topLevelExec(ForkJoinPool.java:1182)
	at java.base/java.util.concurrent.ForkJoinPool.scan(ForkJoinPool.java:1655)
	at java.base/java.util.concurrent.ForkJoinPool.runWorker(ForkJoinPool.java:1622)
	at java.base/java.util.concurrent.ForkJoinWorkerThread.run(ForkJoinWorkerThread.java:165)

!ENTRY org.eclipse.lsp4e 4 0 2025-02-15 22:11:33.013
!MESSAGE Exception occurred while creating an instance of the stream connection provider
!STACK 0
java.lang.RuntimeException: Exception occurred while creating an instance of the stream connection provider
	at org.eclipse.lsp4e.LanguageServersRegistry$ExtensionLanguageServerDefinition.createConnectionProvider(LanguageServersRegistry.java:164)
	at org.eclipse.lsp4e.LanguageServerWrapper.lambda$0(LanguageServerWrapper.java:233)
	at java.base/java.util.concurrent.CompletableFuture$AsyncSupply.run(CompletableFuture.java:1768)
	at java.base/java.util.concurrent.CompletableFuture$AsyncSupply.exec(CompletableFuture.java:1760)
	at java.base/java.util.concurrent.ForkJoinTask.doExec(ForkJoinTask.java:373)
	at java.base/java.util.concurrent.ForkJoinPool$WorkQueue.topLevelExec(ForkJoinPool.java:1182)
	at java.base/java.util.concurrent.ForkJoinPool.scan(ForkJoinPool.java:1655)
	at java.base/java.util.concurrent.ForkJoinPool.runWorker(ForkJoinPool.java:1622)
	at java.base/java.util.concurrent.ForkJoinWorkerThread.run(ForkJoinWorkerThread.java:165)
Caused by: org.eclipse.core.runtime.CoreException: プラグイン "org.eclipse.wildwebdeveloper" は、クラス "org.eclipse.wildwebdeveloper.html.HTMLLanguageServer" をインスタンス化できませんでした。
	at org.eclipse.core.internal.registry.osgi.RegistryStrategyOSGI.throwException(RegistryStrategyOSGI.java:212)
	at org.eclipse.core.internal.registry.osgi.RegistryStrategyOSGI.createExecutableExtension(RegistryStrategyOSGI.java:206)
	at org.eclipse.core.internal.registry.ExtensionRegistry.createExecutableExtension(ExtensionRegistry.java:920)
	at org.eclipse.core.internal.registry.ConfigurationElement.createExecutableExtension(ConfigurationElement.java:246)
	at org.eclipse.core.internal.registry.ConfigurationElementHandle.createExecutableExtension(ConfigurationElementHandle.java:63)
	at org.eclipse.lsp4e.LanguageServersRegistry$ExtensionLanguageServerDefinition.createConnectionProvider(LanguageServersRegistry.java:161)
	... 8 more
Caused by: java.lang.reflect.InvocationTargetException
	at java.base/jdk.internal.reflect.NativeConstructorAccessorImpl.newInstance0(Native Method)
	at java.base/jdk.internal.reflect.NativeConstructorAccessorImpl.newInstance(NativeConstructorAccessorImpl.java:77)
	at java.base/jdk.internal.reflect.DelegatingConstructorAccessorImpl.newInstance(DelegatingConstructorAccessorImpl.java:45)
	at java.base/java.lang.reflect.Constructor.newInstanceWithCaller(Constructor.java:499)
	at java.base/java.lang.reflect.Constructor.newInstance(Constructor.java:480)
	at org.eclipse.core.internal.registry.osgi.RegistryStrategyOSGI.createExecutableExtension(RegistryStrategyOSGI.java:204)
	... 12 more
Caused by: java.lang.NullPointerException: Cannot invoke "java.io.File.getAbsolutePath()" because the return value of "org.eclipse.wildwebdeveloper.embedder.node.NodeJSManager.getNodeJsLocation()" is null
	at org.eclipse.wildwebdeveloper.html.HTMLLanguageServer.<init>(HTMLLanguageServer.java:40)
	... 18 more

!ENTRY org.eclipse.lsp4e 4 0 2025-02-15 22:11:33.015
!MESSAGE Cannot invoke "org.eclipse.lsp4e.server.StreamConnectionProvider.getInputStream()" because "this.lspStreamProvider" is null
!STACK 0
java.lang.NullPointerException: Cannot invoke "org.eclipse.lsp4e.server.StreamConnectionProvider.getInputStream()" because "this.lspStreamProvider" is null
	at org.eclipse.lsp4e.LanguageServerWrapper.lambda$1(LanguageServerWrapper.java:284)
	at java.base/java.util.concurrent.CompletableFuture$UniApply.tryFire(CompletableFuture.java:646)
	at java.base/java.util.concurrent.CompletableFuture.postComplete(CompletableFuture.java:510)
	at java.base/java.util.concurrent.CompletableFuture$AsyncSupply.run(CompletableFuture.java:1773)
	at java.base/java.util.concurrent.CompletableFuture$AsyncSupply.exec(CompletableFuture.java:1760)
	at java.base/java.util.concurrent.ForkJoinTask.doExec(ForkJoinTask.java:373)
	at java.base/java.util.concurrent.ForkJoinPool$WorkQueue.topLevelExec(ForkJoinPool.java:1182)
	at java.base/java.util.concurrent.ForkJoinPool.scan(ForkJoinPool.java:1655)
	at java.base/java.util.concurrent.ForkJoinPool.runWorker(ForkJoinPool.java:1622)
	at java.base/java.util.concurrent.ForkJoinWorkerThread.run(ForkJoinWorkerThread.java:165)

!ENTRY org.eclipse.lsp4e 4 0 2025-02-15 22:11:56.049
!MESSAGE プラグイン "org.eclipse.wildwebdeveloper" は、クラス "org.eclipse.wildwebdeveloper.angular.AngularLanguageServer" をインスタンス化できませんでした。
!STACK 1
org.eclipse.core.runtime.CoreException: プラグイン "org.eclipse.wildwebdeveloper" は、クラス "org.eclipse.wildwebdeveloper.angular.AngularLanguageServer" をインスタンス化できませんでした。
	at org.eclipse.core.internal.registry.osgi.RegistryStrategyOSGI.throwException(RegistryStrategyOSGI.java:212)
	at org.eclipse.core.internal.registry.osgi.RegistryStrategyOSGI.createExecutableExtension(RegistryStrategyOSGI.java:206)
	at org.eclipse.core.internal.registry.ExtensionRegistry.createExecutableExtension(ExtensionRegistry.java:920)
	at org.eclipse.core.internal.registry.ConfigurationElement.createExecutableExtension(ConfigurationElement.java:246)
	at org.eclipse.core.internal.registry.ConfigurationElementHandle.createExecutableExtension(ConfigurationElementHandle.java:63)
	at org.eclipse.lsp4e.LanguageServersRegistry$ExtensionLanguageServerDefinition.createConnectionProvider(LanguageServersRegistry.java:161)
	at org.eclipse.lsp4e.LanguageServerWrapper.lambda$0(LanguageServerWrapper.java:233)
	at java.base/java.util.concurrent.CompletableFuture$AsyncSupply.run(CompletableFuture.java:1768)
	at java.base/java.util.concurrent.CompletableFuture$AsyncSupply.exec(CompletableFuture.java:1760)
	at java.base/java.util.concurrent.ForkJoinTask.doExec(ForkJoinTask.java:373)
	at java.base/java.util.concurrent.ForkJoinPool$WorkQueue.topLevelExec(ForkJoinPool.java:1182)
	at java.base/java.util.concurrent.ForkJoinPool.scan(ForkJoinPool.java:1655)
	at java.base/java.util.concurrent.ForkJoinPool.runWorker(ForkJoinPool.java:1622)
	at java.base/java.util.concurrent.ForkJoinWorkerThread.run(ForkJoinWorkerThread.java:165)
Caused by: java.lang.reflect.InvocationTargetException
	at jdk.internal.reflect.GeneratedConstructorAccessor99.newInstance(Unknown Source)
	at java.base/jdk.internal.reflect.DelegatingConstructorAccessorImpl.newInstance(DelegatingConstructorAccessorImpl.java:45)
	at java.base/java.lang.reflect.Constructor.newInstanceWithCaller(Constructor.java:499)
	at java.base/java.lang.reflect.Constructor.newInstance(Constructor.java:480)
	at org.eclipse.core.internal.registry.osgi.RegistryStrategyOSGI.createExecutableExtension(RegistryStrategyOSGI.java:204)
	... 12 more
Caused by: java.lang.NullPointerException: Cannot invoke "java.io.File.getAbsolutePath()" because the return value of "org.eclipse.wildwebdeveloper.embedder.node.NodeJSManager.getNodeJsLocation()" is null
	at org.eclipse.wildwebdeveloper.angular.AngularLanguageServer.<init>(AngularLanguageServer.java:43)
	... 17 more
!SUBENTRY 1 org.eclipse.equinox.registry 4 1 2025-02-15 22:11:56.049
!MESSAGE プラグイン "org.eclipse.wildwebdeveloper" は、クラス "org.eclipse.wildwebdeveloper.angular.AngularLanguageServer" をインスタンス化できませんでした。
!STACK 0
java.lang.reflect.InvocationTargetException
	at jdk.internal.reflect.GeneratedConstructorAccessor99.newInstance(Unknown Source)
	at java.base/jdk.internal.reflect.DelegatingConstructorAccessorImpl.newInstance(DelegatingConstructorAccessorImpl.java:45)
	at java.base/java.lang.reflect.Constructor.newInstanceWithCaller(Constructor.java:499)
	at java.base/java.lang.reflect.Constructor.newInstance(Constructor.java:480)
	at org.eclipse.core.internal.registry.osgi.RegistryStrategyOSGI.createExecutableExtension(RegistryStrategyOSGI.java:204)
	at org.eclipse.core.internal.registry.ExtensionRegistry.createExecutableExtension(ExtensionRegistry.java:920)
	at org.eclipse.core.internal.registry.ConfigurationElement.createExecutableExtension(ConfigurationElement.java:246)
	at org.eclipse.core.internal.registry.ConfigurationElementHandle.createExecutableExtension(ConfigurationElementHandle.java:63)
	at org.eclipse.lsp4e.LanguageServersRegistry$ExtensionLanguageServerDefinition.createConnectionProvider(LanguageServersRegistry.java:161)
	at org.eclipse.lsp4e.LanguageServerWrapper.lambda$0(LanguageServerWrapper.java:233)
	at java.base/java.util.concurrent.CompletableFuture$AsyncSupply.run(CompletableFuture.java:1768)
	at java.base/java.util.concurrent.CompletableFuture$AsyncSupply.exec(CompletableFuture.java:1760)
	at java.base/java.util.concurrent.ForkJoinTask.doExec(ForkJoinTask.java:373)
	at java.base/java.util.concurrent.ForkJoinPool$WorkQueue.topLevelExec(ForkJoinPool.java:1182)
	at java.base/java.util.concurrent.ForkJoinPool.scan(ForkJoinPool.java:1655)
	at java.base/java.util.concurrent.ForkJoinPool.runWorker(ForkJoinPool.java:1622)
	at java.base/java.util.concurrent.ForkJoinWorkerThread.run(ForkJoinWorkerThread.java:165)
Caused by: java.lang.NullPointerException: Cannot invoke "java.io.File.getAbsolutePath()" because the return value of "org.eclipse.wildwebdeveloper.embedder.node.NodeJSManager.getNodeJsLocation()" is null
	at org.eclipse.wildwebdeveloper.angular.AngularLanguageServer.<init>(AngularLanguageServer.java:43)
	... 17 more
Root exception:
java.lang.NullPointerException: Cannot invoke "java.io.File.getAbsolutePath()" because the return value of "org.eclipse.wildwebdeveloper.embedder.node.NodeJSManager.getNodeJsLocation()" is null
	at org.eclipse.wildwebdeveloper.angular.AngularLanguageServer.<init>(AngularLanguageServer.java:43)
	at jdk.internal.reflect.GeneratedConstructorAccessor99.newInstance(Unknown Source)
	at java.base/jdk.internal.reflect.DelegatingConstructorAccessorImpl.newInstance(DelegatingConstructorAccessorImpl.java:45)
	at java.base/java.lang.reflect.Constructor.newInstanceWithCaller(Constructor.java:499)
	at java.base/java.lang.reflect.Constructor.newInstance(Constructor.java:480)
	at org.eclipse.core.internal.registry.osgi.RegistryStrategyOSGI.createExecutableExtension(RegistryStrategyOSGI.java:204)
	at org.eclipse.core.internal.registry.ExtensionRegistry.createExecutableExtension(ExtensionRegistry.java:920)
	at org.eclipse.core.internal.registry.ConfigurationElement.createExecutableExtension(ConfigurationElement.java:246)
	at org.eclipse.core.internal.registry.ConfigurationElementHandle.createExecutableExtension(ConfigurationElementHandle.java:63)
	at org.eclipse.lsp4e.LanguageServersRegistry$ExtensionLanguageServerDefinition.createConnectionProvider(LanguageServersRegistry.java:161)
	at org.eclipse.lsp4e.LanguageServerWrapper.lambda$0(LanguageServerWrapper.java:233)
	at java.base/java.util.concurrent.CompletableFuture$AsyncSupply.run(CompletableFuture.java:1768)
	at java.base/java.util.concurrent.CompletableFuture$AsyncSupply.exec(CompletableFuture.java:1760)
	at java.base/java.util.concurrent.ForkJoinTask.doExec(ForkJoinTask.java:373)
	at java.base/java.util.concurrent.ForkJoinPool$WorkQueue.topLevelExec(ForkJoinPool.java:1182)
	at java.base/java.util.concurrent.ForkJoinPool.scan(ForkJoinPool.java:1655)
	at java.base/java.util.concurrent.ForkJoinPool.runWorker(ForkJoinPool.java:1622)
	at java.base/java.util.concurrent.ForkJoinWorkerThread.run(ForkJoinWorkerThread.java:165)

!ENTRY org.eclipse.lsp4e 4 0 2025-02-15 22:11:56.050
!MESSAGE Exception occurred while creating an instance of the stream connection provider
!STACK 0
java.lang.RuntimeException: Exception occurred while creating an instance of the stream connection provider
	at org.eclipse.lsp4e.LanguageServersRegistry$ExtensionLanguageServerDefinition.createConnectionProvider(LanguageServersRegistry.java:164)
	at org.eclipse.lsp4e.LanguageServerWrapper.lambda$0(LanguageServerWrapper.java:233)
	at java.base/java.util.concurrent.CompletableFuture$AsyncSupply.run(CompletableFuture.java:1768)
	at java.base/java.util.concurrent.CompletableFuture$AsyncSupply.exec(CompletableFuture.java:1760)
	at java.base/java.util.concurrent.ForkJoinTask.doExec(ForkJoinTask.java:373)
	at java.base/java.util.concurrent.ForkJoinPool$WorkQueue.topLevelExec(ForkJoinPool.java:1182)
	at java.base/java.util.concurrent.ForkJoinPool.scan(ForkJoinPool.java:1655)
	at java.base/java.util.concurrent.ForkJoinPool.runWorker(ForkJoinPool.java:1622)
	at java.base/java.util.concurrent.ForkJoinWorkerThread.run(ForkJoinWorkerThread.java:165)
Caused by: org.eclipse.core.runtime.CoreException: プラグイン "org.eclipse.wildwebdeveloper" は、クラス "org.eclipse.wildwebdeveloper.angular.AngularLanguageServer" をインスタンス化できませんでした。
	at org.eclipse.core.internal.registry.osgi.RegistryStrategyOSGI.throwException(RegistryStrategyOSGI.java:212)
	at org.eclipse.core.internal.registry.osgi.RegistryStrategyOSGI.createExecutableExtension(RegistryStrategyOSGI.java:206)
	at org.eclipse.core.internal.registry.ExtensionRegistry.createExecutableExtension(ExtensionRegistry.java:920)
	at org.eclipse.core.internal.registry.ConfigurationElement.createExecutableExtension(ConfigurationElement.java:246)
	at org.eclipse.core.internal.registry.ConfigurationElementHandle.createExecutableExtension(ConfigurationElementHandle.java:63)
	at org.eclipse.lsp4e.LanguageServersRegistry$ExtensionLanguageServerDefinition.createConnectionProvider(LanguageServersRegistry.java:161)
	... 8 more
Caused by: java.lang.reflect.InvocationTargetException
	at jdk.internal.reflect.GeneratedConstructorAccessor99.newInstance(Unknown Source)
	at java.base/jdk.internal.reflect.DelegatingConstructorAccessorImpl.newInstance(DelegatingConstructorAccessorImpl.java:45)
	at java.base/java.lang.reflect.Constructor.newInstanceWithCaller(Constructor.java:499)
	at java.base/java.lang.reflect.Constructor.newInstance(Constructor.java:480)
	at org.eclipse.core.internal.registry.osgi.RegistryStrategyOSGI.createExecutableExtension(RegistryStrategyOSGI.java:204)
	... 12 more
Caused by: java.lang.NullPointerException: Cannot invoke "java.io.File.getAbsolutePath()" because the return value of "org.eclipse.wildwebdeveloper.embedder.node.NodeJSManager.getNodeJsLocation()" is null
	at org.eclipse.wildwebdeveloper.angular.AngularLanguageServer.<init>(AngularLanguageServer.java:43)
	... 17 more

!ENTRY org.eclipse.lsp4e 4 0 2025-02-15 22:11:56.051
!MESSAGE Cannot invoke "org.eclipse.lsp4e.server.StreamConnectionProvider.getInputStream()" because "this.lspStreamProvider" is null
!STACK 0
java.lang.NullPointerException: Cannot invoke "org.eclipse.lsp4e.server.StreamConnectionProvider.getInputStream()" because "this.lspStreamProvider" is null
	at org.eclipse.lsp4e.LanguageServerWrapper.lambda$1(LanguageServerWrapper.java:284)
	at java.base/java.util.concurrent.CompletableFuture$UniApply.tryFire(CompletableFuture.java:646)
	at java.base/java.util.concurrent.CompletableFuture.postComplete(CompletableFuture.java:510)
	at java.base/java.util.concurrent.CompletableFuture$AsyncSupply.run(CompletableFuture.java:1773)
	at java.base/java.util.concurrent.CompletableFuture$AsyncSupply.exec(CompletableFuture.java:1760)
	at java.base/java.util.concurrent.ForkJoinTask.doExec(ForkJoinTask.java:373)
	at java.base/java.util.concurrent.ForkJoinPool$WorkQueue.topLevelExec(ForkJoinPool.java:1182)
	at java.base/java.util.concurrent.ForkJoinPool.scan(ForkJoinPool.java:1655)
	at java.base/java.util.concurrent.ForkJoinPool.runWorker(ForkJoinPool.java:1622)
	at java.base/java.util.concurrent.ForkJoinWorkerThread.run(ForkJoinWorkerThread.java:165)

!ENTRY org.eclipse.lsp4e 4 0 2025-02-15 22:11:56.061
!MESSAGE プラグイン "org.eclipse.wildwebdeveloper" は、クラス "org.eclipse.wildwebdeveloper.html.HTMLLanguageServer" をインスタンス化できませんでした。
!STACK 1
org.eclipse.core.runtime.CoreException: プラグイン "org.eclipse.wildwebdeveloper" は、クラス "org.eclipse.wildwebdeveloper.html.HTMLLanguageServer" をインスタンス化できませんでした。
	at org.eclipse.core.internal.registry.osgi.RegistryStrategyOSGI.throwException(RegistryStrategyOSGI.java:212)
	at org.eclipse.core.internal.registry.osgi.RegistryStrategyOSGI.createExecutableExtension(RegistryStrategyOSGI.java:206)
	at org.eclipse.core.internal.registry.ExtensionRegistry.createExecutableExtension(ExtensionRegistry.java:920)
	at org.eclipse.core.internal.registry.ConfigurationElement.createExecutableExtension(ConfigurationElement.java:246)
	at org.eclipse.core.internal.registry.ConfigurationElementHandle.createExecutableExtension(ConfigurationElementHandle.java:63)
	at org.eclipse.lsp4e.LanguageServersRegistry$ExtensionLanguageServerDefinition.createConnectionProvider(LanguageServersRegistry.java:161)
	at org.eclipse.lsp4e.LanguageServerWrapper.lambda$0(LanguageServerWrapper.java:233)
	at java.base/java.util.concurrent.CompletableFuture$AsyncSupply.run(CompletableFuture.java:1768)
	at java.base/java.util.concurrent.CompletableFuture$AsyncSupply.exec(CompletableFuture.java:1760)
	at java.base/java.util.concurrent.ForkJoinTask.doExec(ForkJoinTask.java:373)
	at java.base/java.util.concurrent.ForkJoinPool$WorkQueue.topLevelExec(ForkJoinPool.java:1182)
	at java.base/java.util.concurrent.ForkJoinPool.scan(ForkJoinPool.java:1655)
	at java.base/java.util.concurrent.ForkJoinPool.runWorker(ForkJoinPool.java:1622)
	at java.base/java.util.concurrent.ForkJoinWorkerThread.run(ForkJoinWorkerThread.java:165)
Caused by: java.lang.reflect.InvocationTargetException
	at jdk.internal.reflect.GeneratedConstructorAccessor101.newInstance(Unknown Source)
	at java.base/jdk.internal.reflect.DelegatingConstructorAccessorImpl.newInstance(DelegatingConstructorAccessorImpl.java:45)
	at java.base/java.lang.reflect.Constructor.newInstanceWithCaller(Constructor.java:499)
	at java.base/java.lang.reflect.Constructor.newInstance(Constructor.java:480)
	at org.eclipse.core.internal.registry.osgi.RegistryStrategyOSGI.createExecutableExtension(RegistryStrategyOSGI.java:204)
	... 12 more
Caused by: java.lang.NullPointerException: Cannot invoke "java.io.File.getAbsolutePath()" because the return value of "org.eclipse.wildwebdeveloper.embedder.node.NodeJSManager.getNodeJsLocation()" is null
	at org.eclipse.wildwebdeveloper.html.HTMLLanguageServer.<init>(HTMLLanguageServer.java:40)
	... 17 more
!SUBENTRY 1 org.eclipse.equinox.registry 4 1 2025-02-15 22:11:56.061
!MESSAGE プラグイン "org.eclipse.wildwebdeveloper" は、クラス "org.eclipse.wildwebdeveloper.html.HTMLLanguageServer" をインスタンス化できませんでした。
!STACK 0
java.lang.reflect.InvocationTargetException
	at jdk.internal.reflect.GeneratedConstructorAccessor101.newInstance(Unknown Source)
	at java.base/jdk.internal.reflect.DelegatingConstructorAccessorImpl.newInstance(DelegatingConstructorAccessorImpl.java:45)
	at java.base/java.lang.reflect.Constructor.newInstanceWithCaller(Constructor.java:499)
	at java.base/java.lang.reflect.Constructor.newInstance(Constructor.java:480)
	at org.eclipse.core.internal.registry.osgi.RegistryStrategyOSGI.createExecutableExtension(RegistryStrategyOSGI.java:204)
	at org.eclipse.core.internal.registry.ExtensionRegistry.createExecutableExtension(ExtensionRegistry.java:920)
	at org.eclipse.core.internal.registry.ConfigurationElement.createExecutableExtension(ConfigurationElement.java:246)
	at org.eclipse.core.internal.registry.ConfigurationElementHandle.createExecutableExtension(ConfigurationElementHandle.java:63)
	at org.eclipse.lsp4e.LanguageServersRegistry$ExtensionLanguageServerDefinition.createConnectionProvider(LanguageServersRegistry.java:161)
	at org.eclipse.lsp4e.LanguageServerWrapper.lambda$0(LanguageServerWrapper.java:233)
	at java.base/java.util.concurrent.CompletableFuture$AsyncSupply.run(CompletableFuture.java:1768)
	at java.base/java.util.concurrent.CompletableFuture$AsyncSupply.exec(CompletableFuture.java:1760)
	at java.base/java.util.concurrent.ForkJoinTask.doExec(ForkJoinTask.java:373)
	at java.base/java.util.concurrent.ForkJoinPool$WorkQueue.topLevelExec(ForkJoinPool.java:1182)
	at java.base/java.util.concurrent.ForkJoinPool.scan(ForkJoinPool.java:1655)
	at java.base/java.util.concurrent.ForkJoinPool.runWorker(ForkJoinPool.java:1622)
	at java.base/java.util.concurrent.ForkJoinWorkerThread.run(ForkJoinWorkerThread.java:165)
Caused by: java.lang.NullPointerException: Cannot invoke "java.io.File.getAbsolutePath()" because the return value of "org.eclipse.wildwebdeveloper.embedder.node.NodeJSManager.getNodeJsLocation()" is null
	at org.eclipse.wildwebdeveloper.html.HTMLLanguageServer.<init>(HTMLLanguageServer.java:40)
	... 17 more
Root exception:
java.lang.NullPointerException: Cannot invoke "java.io.File.getAbsolutePath()" because the return value of "org.eclipse.wildwebdeveloper.embedder.node.NodeJSManager.getNodeJsLocation()" is null
	at org.eclipse.wildwebdeveloper.html.HTMLLanguageServer.<init>(HTMLLanguageServer.java:40)
	at jdk.internal.reflect.GeneratedConstructorAccessor101.newInstance(Unknown Source)
	at java.base/jdk.internal.reflect.DelegatingConstructorAccessorImpl.newInstance(DelegatingConstructorAccessorImpl.java:45)
	at java.base/java.lang.reflect.Constructor.newInstanceWithCaller(Constructor.java:499)
	at java.base/java.lang.reflect.Constructor.newInstance(Constructor.java:480)
	at org.eclipse.core.internal.registry.osgi.RegistryStrategyOSGI.createExecutableExtension(RegistryStrategyOSGI.java:204)
	at org.eclipse.core.internal.registry.ExtensionRegistry.createExecutableExtension(ExtensionRegistry.java:920)
	at org.eclipse.core.internal.registry.ConfigurationElement.createExecutableExtension(ConfigurationElement.java:246)
	at org.eclipse.core.internal.registry.ConfigurationElementHandle.createExecutableExtension(ConfigurationElementHandle.java:63)
	at org.eclipse.lsp4e.LanguageServersRegistry$ExtensionLanguageServerDefinition.createConnectionProvider(LanguageServersRegistry.java:161)
	at org.eclipse.lsp4e.LanguageServerWrapper.lambda$0(LanguageServerWrapper.java:233)
	at java.base/java.util.concurrent.CompletableFuture$AsyncSupply.run(CompletableFuture.java:1768)
	at java.base/java.util.concurrent.CompletableFuture$AsyncSupply.exec(CompletableFuture.java:1760)
	at java.base/java.util.concurrent.ForkJoinTask.doExec(ForkJoinTask.java:373)
	at java.base/java.util.concurrent.ForkJoinPool$WorkQueue.topLevelExec(ForkJoinPool.java:1182)
	at java.base/java.util.concurrent.ForkJoinPool.scan(ForkJoinPool.java:1655)
	at java.base/java.util.concurrent.ForkJoinPool.runWorker(ForkJoinPool.java:1622)
	at java.base/java.util.concurrent.ForkJoinWorkerThread.run(ForkJoinWorkerThread.java:165)

!ENTRY org.eclipse.lsp4e 4 0 2025-02-15 22:11:56.062
!MESSAGE Exception occurred while creating an instance of the stream connection provider
!STACK 0
java.lang.RuntimeException: Exception occurred while creating an instance of the stream connection provider
	at org.eclipse.lsp4e.LanguageServersRegistry$ExtensionLanguageServerDefinition.createConnectionProvider(LanguageServersRegistry.java:164)
	at org.eclipse.lsp4e.LanguageServerWrapper.lambda$0(LanguageServerWrapper.java:233)
	at java.base/java.util.concurrent.CompletableFuture$AsyncSupply.run(CompletableFuture.java:1768)
	at java.base/java.util.concurrent.CompletableFuture$AsyncSupply.exec(CompletableFuture.java:1760)
	at java.base/java.util.concurrent.ForkJoinTask.doExec(ForkJoinTask.java:373)
	at java.base/java.util.concurrent.ForkJoinPool$WorkQueue.topLevelExec(ForkJoinPool.java:1182)
	at java.base/java.util.concurrent.ForkJoinPool.scan(ForkJoinPool.java:1655)
	at java.base/java.util.concurrent.ForkJoinPool.runWorker(ForkJoinPool.java:1622)
	at java.base/java.util.concurrent.ForkJoinWorkerThread.run(ForkJoinWorkerThread.java:165)
Caused by: org.eclipse.core.runtime.CoreException: プラグイン "org.eclipse.wildwebdeveloper" は、クラス "org.eclipse.wildwebdeveloper.html.HTMLLanguageServer" をインスタンス化できませんでした。
	at org.eclipse.core.internal.registry.osgi.RegistryStrategyOSGI.throwException(RegistryStrategyOSGI.java:212)
	at org.eclipse.core.internal.registry.osgi.RegistryStrategyOSGI.createExecutableExtension(RegistryStrategyOSGI.java:206)
	at org.eclipse.core.internal.registry.ExtensionRegistry.createExecutableExtension(ExtensionRegistry.java:920)
	at org.eclipse.core.internal.registry.ConfigurationElement.createExecutableExtension(ConfigurationElement.java:246)
	at org.eclipse.core.internal.registry.ConfigurationElementHandle.createExecutableExtension(ConfigurationElementHandle.java:63)
	at org.eclipse.lsp4e.LanguageServersRegistry$ExtensionLanguageServerDefinition.createConnectionProvider(LanguageServersRegistry.java:161)
	... 8 more
Caused by: java.lang.reflect.InvocationTargetException
	at jdk.internal.reflect.GeneratedConstructorAccessor101.newInstance(Unknown Source)
	at java.base/jdk.internal.reflect.DelegatingConstructorAccessorImpl.newInstance(DelegatingConstructorAccessorImpl.java:45)
	at java.base/java.lang.reflect.Constructor.newInstanceWithCaller(Constructor.java:499)
	at java.base/java.lang.reflect.Constructor.newInstance(Constructor.java:480)
	at org.eclipse.core.internal.registry.osgi.RegistryStrategyOSGI.createExecutableExtension(RegistryStrategyOSGI.java:204)
	... 12 more
Caused by: java.lang.NullPointerException: Cannot invoke "java.io.File.getAbsolutePath()" because the return value of "org.eclipse.wildwebdeveloper.embedder.node.NodeJSManager.getNodeJsLocation()" is null
	at org.eclipse.wildwebdeveloper.html.HTMLLanguageServer.<init>(HTMLLanguageServer.java:40)
	... 17 more

!ENTRY org.eclipse.lsp4e 4 0 2025-02-15 22:11:56.063
!MESSAGE Cannot invoke "org.eclipse.lsp4e.server.StreamConnectionProvider.getInputStream()" because "this.lspStreamProvider" is null
!STACK 0
java.lang.NullPointerException: Cannot invoke "org.eclipse.lsp4e.server.StreamConnectionProvider.getInputStream()" because "this.lspStreamProvider" is null
	at org.eclipse.lsp4e.LanguageServerWrapper.lambda$1(LanguageServerWrapper.java:284)
	at java.base/java.util.concurrent.CompletableFuture$UniApply.tryFire(CompletableFuture.java:646)
	at java.base/java.util.concurrent.CompletableFuture.postComplete(CompletableFuture.java:510)
	at java.base/java.util.concurrent.CompletableFuture$AsyncSupply.run(CompletableFuture.java:1773)
	at java.base/java.util.concurrent.CompletableFuture$AsyncSupply.exec(CompletableFuture.java:1760)
	at java.base/java.util.concurrent.ForkJoinTask.doExec(ForkJoinTask.java:373)
	at java.base/java.util.concurrent.ForkJoinPool$WorkQueue.topLevelExec(ForkJoinPool.java:1182)
	at java.base/java.util.concurrent.ForkJoinPool.scan(ForkJoinPool.java:1655)
	at java.base/java.util.concurrent.ForkJoinPool.runWorker(ForkJoinPool.java:1622)
	at java.base/java.util.concurrent.ForkJoinWorkerThread.run(ForkJoinWorkerThread.java:165)

!ENTRY org.eclipse.lsp4e 4 0 2025-02-15 22:11:56.180
!MESSAGE プラグイン "org.eclipse.wildwebdeveloper" は、クラス "org.eclipse.wildwebdeveloper.angular.AngularLanguageServer" をインスタンス化できませんでした。
!STACK 1
org.eclipse.core.runtime.CoreException: プラグイン "org.eclipse.wildwebdeveloper" は、クラス "org.eclipse.wildwebdeveloper.angular.AngularLanguageServer" をインスタンス化できませんでした。
	at org.eclipse.core.internal.registry.osgi.RegistryStrategyOSGI.throwException(RegistryStrategyOSGI.java:212)
	at org.eclipse.core.internal.registry.osgi.RegistryStrategyOSGI.createExecutableExtension(RegistryStrategyOSGI.java:206)
	at org.eclipse.core.internal.registry.ExtensionRegistry.createExecutableExtension(ExtensionRegistry.java:920)
	at org.eclipse.core.internal.registry.ConfigurationElement.createExecutableExtension(ConfigurationElement.java:246)
	at org.eclipse.core.internal.registry.ConfigurationElementHandle.createExecutableExtension(ConfigurationElementHandle.java:63)
	at org.eclipse.lsp4e.LanguageServersRegistry$ExtensionLanguageServerDefinition.createConnectionProvider(LanguageServersRegistry.java:161)
	at org.eclipse.lsp4e.LanguageServerWrapper.lambda$0(LanguageServerWrapper.java:233)
	at java.base/java.util.concurrent.CompletableFuture$AsyncSupply.run(CompletableFuture.java:1768)
	at java.base/java.util.concurrent.CompletableFuture$AsyncSupply.exec(CompletableFuture.java:1760)
	at java.base/java.util.concurrent.ForkJoinTask.doExec(ForkJoinTask.java:373)
	at java.base/java.util.concurrent.ForkJoinPool$WorkQueue.topLevelExec(ForkJoinPool.java:1182)
	at java.base/java.util.concurrent.ForkJoinPool.scan(ForkJoinPool.java:1655)
	at java.base/java.util.concurrent.ForkJoinPool.runWorker(ForkJoinPool.java:1622)
	at java.base/java.util.concurrent.ForkJoinWorkerThread.run(ForkJoinWorkerThread.java:165)
Caused by: java.lang.reflect.InvocationTargetException
	at jdk.internal.reflect.GeneratedConstructorAccessor99.newInstance(Unknown Source)
	at java.base/jdk.internal.reflect.DelegatingConstructorAccessorImpl.newInstance(DelegatingConstructorAccessorImpl.java:45)
	at java.base/java.lang.reflect.Constructor.newInstanceWithCaller(Constructor.java:499)
	at java.base/java.lang.reflect.Constructor.newInstance(Constructor.java:480)
	at org.eclipse.core.internal.registry.osgi.RegistryStrategyOSGI.createExecutableExtension(RegistryStrategyOSGI.java:204)
	... 12 more
Caused by: java.lang.NullPointerException: Cannot invoke "java.io.File.getAbsolutePath()" because the return value of "org.eclipse.wildwebdeveloper.embedder.node.NodeJSManager.getNodeJsLocation()" is null
	at org.eclipse.wildwebdeveloper.angular.AngularLanguageServer.<init>(AngularLanguageServer.java:43)
	... 17 more
!SUBENTRY 1 org.eclipse.equinox.registry 4 1 2025-02-15 22:11:56.180
!MESSAGE プラグイン "org.eclipse.wildwebdeveloper" は、クラス "org.eclipse.wildwebdeveloper.angular.AngularLanguageServer" をインスタンス化できませんでした。
!STACK 0
java.lang.reflect.InvocationTargetException
	at jdk.internal.reflect.GeneratedConstructorAccessor99.newInstance(Unknown Source)
	at java.base/jdk.internal.reflect.DelegatingConstructorAccessorImpl.newInstance(DelegatingConstructorAccessorImpl.java:45)
	at java.base/java.lang.reflect.Constructor.newInstanceWithCaller(Constructor.java:499)
	at java.base/java.lang.reflect.Constructor.newInstance(Constructor.java:480)
	at org.eclipse.core.internal.registry.osgi.RegistryStrategyOSGI.createExecutableExtension(RegistryStrategyOSGI.java:204)
	at org.eclipse.core.internal.registry.ExtensionRegistry.createExecutableExtension(ExtensionRegistry.java:920)
	at org.eclipse.core.internal.registry.ConfigurationElement.createExecutableExtension(ConfigurationElement.java:246)
	at org.eclipse.core.internal.registry.ConfigurationElementHandle.createExecutableExtension(ConfigurationElementHandle.java:63)
	at org.eclipse.lsp4e.LanguageServersRegistry$ExtensionLanguageServerDefinition.createConnectionProvider(LanguageServersRegistry.java:161)
	at org.eclipse.lsp4e.LanguageServerWrapper.lambda$0(LanguageServerWrapper.java:233)
	at java.base/java.util.concurrent.CompletableFuture$AsyncSupply.run(CompletableFuture.java:1768)
	at java.base/java.util.concurrent.CompletableFuture$AsyncSupply.exec(CompletableFuture.java:1760)
	at java.base/java.util.concurrent.ForkJoinTask.doExec(ForkJoinTask.java:373)
	at java.base/java.util.concurrent.ForkJoinPool$WorkQueue.topLevelExec(ForkJoinPool.java:1182)
	at java.base/java.util.concurrent.ForkJoinPool.scan(ForkJoinPool.java:1655)
	at java.base/java.util.concurrent.ForkJoinPool.runWorker(ForkJoinPool.java:1622)
	at java.base/java.util.concurrent.ForkJoinWorkerThread.run(ForkJoinWorkerThread.java:165)
Caused by: java.lang.NullPointerException: Cannot invoke "java.io.File.getAbsolutePath()" because the return value of "org.eclipse.wildwebdeveloper.embedder.node.NodeJSManager.getNodeJsLocation()" is null
	at org.eclipse.wildwebdeveloper.angular.AngularLanguageServer.<init>(AngularLanguageServer.java:43)
	... 17 more
Root exception:
java.lang.NullPointerException: Cannot invoke "java.io.File.getAbsolutePath()" because the return value of "org.eclipse.wildwebdeveloper.embedder.node.NodeJSManager.getNodeJsLocation()" is null
	at org.eclipse.wildwebdeveloper.angular.AngularLanguageServer.<init>(AngularLanguageServer.java:43)
	at jdk.internal.reflect.GeneratedConstructorAccessor99.newInstance(Unknown Source)
	at java.base/jdk.internal.reflect.DelegatingConstructorAccessorImpl.newInstance(DelegatingConstructorAccessorImpl.java:45)
	at java.base/java.lang.reflect.Constructor.newInstanceWithCaller(Constructor.java:499)
	at java.base/java.lang.reflect.Constructor.newInstance(Constructor.java:480)
	at org.eclipse.core.internal.registry.osgi.RegistryStrategyOSGI.createExecutableExtension(RegistryStrategyOSGI.java:204)
	at org.eclipse.core.internal.registry.ExtensionRegistry.createExecutableExtension(ExtensionRegistry.java:920)
	at org.eclipse.core.internal.registry.ConfigurationElement.createExecutableExtension(ConfigurationElement.java:246)
	at org.eclipse.core.internal.registry.ConfigurationElementHandle.createExecutableExtension(ConfigurationElementHandle.java:63)
	at org.eclipse.lsp4e.LanguageServersRegistry$ExtensionLanguageServerDefinition.createConnectionProvider(LanguageServersRegistry.java:161)
	at org.eclipse.lsp4e.LanguageServerWrapper.lambda$0(LanguageServerWrapper.java:233)
	at java.base/java.util.concurrent.CompletableFuture$AsyncSupply.run(CompletableFuture.java:1768)
	at java.base/java.util.concurrent.CompletableFuture$AsyncSupply.exec(CompletableFuture.java:1760)
	at java.base/java.util.concurrent.ForkJoinTask.doExec(ForkJoinTask.java:373)
	at java.base/java.util.concurrent.ForkJoinPool$WorkQueue.topLevelExec(ForkJoinPool.java:1182)
	at java.base/java.util.concurrent.ForkJoinPool.scan(ForkJoinPool.java:1655)
	at java.base/java.util.concurrent.ForkJoinPool.runWorker(ForkJoinPool.java:1622)
	at java.base/java.util.concurrent.ForkJoinWorkerThread.run(ForkJoinWorkerThread.java:165)

!ENTRY org.eclipse.lsp4e 4 0 2025-02-15 22:11:56.181
!MESSAGE Exception occurred while creating an instance of the stream connection provider
!STACK 0
java.lang.RuntimeException: Exception occurred while creating an instance of the stream connection provider
	at org.eclipse.lsp4e.LanguageServersRegistry$ExtensionLanguageServerDefinition.createConnectionProvider(LanguageServersRegistry.java:164)
	at org.eclipse.lsp4e.LanguageServerWrapper.lambda$0(LanguageServerWrapper.java:233)
	at java.base/java.util.concurrent.CompletableFuture$AsyncSupply.run(CompletableFuture.java:1768)
	at java.base/java.util.concurrent.CompletableFuture$AsyncSupply.exec(CompletableFuture.java:1760)
	at java.base/java.util.concurrent.ForkJoinTask.doExec(ForkJoinTask.java:373)
	at java.base/java.util.concurrent.ForkJoinPool$WorkQueue.topLevelExec(ForkJoinPool.java:1182)
	at java.base/java.util.concurrent.ForkJoinPool.scan(ForkJoinPool.java:1655)
	at java.base/java.util.concurrent.ForkJoinPool.runWorker(ForkJoinPool.java:1622)
	at java.base/java.util.concurrent.ForkJoinWorkerThread.run(ForkJoinWorkerThread.java:165)
Caused by: org.eclipse.core.runtime.CoreException: プラグイン "org.eclipse.wildwebdeveloper" は、クラス "org.eclipse.wildwebdeveloper.angular.AngularLanguageServer" をインスタンス化できませんでした。
	at org.eclipse.core.internal.registry.osgi.RegistryStrategyOSGI.throwException(RegistryStrategyOSGI.java:212)
	at org.eclipse.core.internal.registry.osgi.RegistryStrategyOSGI.createExecutableExtension(RegistryStrategyOSGI.java:206)
	at org.eclipse.core.internal.registry.ExtensionRegistry.createExecutableExtension(ExtensionRegistry.java:920)
	at org.eclipse.core.internal.registry.ConfigurationElement.createExecutableExtension(ConfigurationElement.java:246)
	at org.eclipse.core.internal.registry.ConfigurationElementHandle.createExecutableExtension(ConfigurationElementHandle.java:63)
	at org.eclipse.lsp4e.LanguageServersRegistry$ExtensionLanguageServerDefinition.createConnectionProvider(LanguageServersRegistry.java:161)
	... 8 more
Caused by: java.lang.reflect.InvocationTargetException
	at jdk.internal.reflect.GeneratedConstructorAccessor99.newInstance(Unknown Source)
	at java.base/jdk.internal.reflect.DelegatingConstructorAccessorImpl.newInstance(DelegatingConstructorAccessorImpl.java:45)
	at java.base/java.lang.reflect.Constructor.newInstanceWithCaller(Constructor.java:499)
	at java.base/java.lang.reflect.Constructor.newInstance(Constructor.java:480)
	at org.eclipse.core.internal.registry.osgi.RegistryStrategyOSGI.createExecutableExtension(RegistryStrategyOSGI.java:204)
	... 12 more
Caused by: java.lang.NullPointerException: Cannot invoke "java.io.File.getAbsolutePath()" because the return value of "org.eclipse.wildwebdeveloper.embedder.node.NodeJSManager.getNodeJsLocation()" is null
	at org.eclipse.wildwebdeveloper.angular.AngularLanguageServer.<init>(AngularLanguageServer.java:43)
	... 17 more

!ENTRY org.eclipse.lsp4e 4 0 2025-02-15 22:11:56.182
!MESSAGE Cannot invoke "org.eclipse.lsp4e.server.StreamConnectionProvider.getInputStream()" because "this.lspStreamProvider" is null
!STACK 0
java.lang.NullPointerException: Cannot invoke "org.eclipse.lsp4e.server.StreamConnectionProvider.getInputStream()" because "this.lspStreamProvider" is null
	at org.eclipse.lsp4e.LanguageServerWrapper.lambda$1(LanguageServerWrapper.java:284)
	at java.base/java.util.concurrent.CompletableFuture$UniApply.tryFire(CompletableFuture.java:646)
	at java.base/java.util.concurrent.CompletableFuture.postComplete(CompletableFuture.java:510)
	at java.base/java.util.concurrent.CompletableFuture$AsyncSupply.run(CompletableFuture.java:1773)
	at java.base/java.util.concurrent.CompletableFuture$AsyncSupply.exec(CompletableFuture.java:1760)
	at java.base/java.util.concurrent.ForkJoinTask.doExec(ForkJoinTask.java:373)
	at java.base/java.util.concurrent.ForkJoinPool$WorkQueue.topLevelExec(ForkJoinPool.java:1182)
	at java.base/java.util.concurrent.ForkJoinPool.scan(ForkJoinPool.java:1655)
	at java.base/java.util.concurrent.ForkJoinPool.runWorker(ForkJoinPool.java:1622)
	at java.base/java.util.concurrent.ForkJoinWorkerThread.run(ForkJoinWorkerThread.java:165)

!ENTRY org.eclipse.lsp4e 4 0 2025-02-15 22:12:04.134
!MESSAGE プラグイン "org.eclipse.wildwebdeveloper" は、クラス "org.eclipse.wildwebdeveloper.html.HTMLLanguageServer" をインスタンス化できませんでした。
!STACK 1
org.eclipse.core.runtime.CoreException: プラグイン "org.eclipse.wildwebdeveloper" は、クラス "org.eclipse.wildwebdeveloper.html.HTMLLanguageServer" をインスタンス化できませんでした。
	at org.eclipse.core.internal.registry.osgi.RegistryStrategyOSGI.throwException(RegistryStrategyOSGI.java:212)
	at org.eclipse.core.internal.registry.osgi.RegistryStrategyOSGI.createExecutableExtension(RegistryStrategyOSGI.java:206)
	at org.eclipse.core.internal.registry.ExtensionRegistry.createExecutableExtension(ExtensionRegistry.java:920)
	at org.eclipse.core.internal.registry.ConfigurationElement.createExecutableExtension(ConfigurationElement.java:246)
	at org.eclipse.core.internal.registry.ConfigurationElementHandle.createExecutableExtension(ConfigurationElementHandle.java:63)
	at org.eclipse.lsp4e.LanguageServersRegistry$ExtensionLanguageServerDefinition.createConnectionProvider(LanguageServersRegistry.java:161)
	at org.eclipse.lsp4e.LanguageServerWrapper.lambda$0(LanguageServerWrapper.java:233)
	at java.base/java.util.concurrent.CompletableFuture$AsyncSupply.run(CompletableFuture.java:1768)
	at java.base/java.util.concurrent.CompletableFuture$AsyncSupply.exec(CompletableFuture.java:1760)
	at java.base/java.util.concurrent.ForkJoinTask.doExec(ForkJoinTask.java:373)
	at java.base/java.util.concurrent.ForkJoinPool$WorkQueue.topLevelExec(ForkJoinPool.java:1182)
	at java.base/java.util.concurrent.ForkJoinPool.scan(ForkJoinPool.java:1655)
	at java.base/java.util.concurrent.ForkJoinPool.runWorker(ForkJoinPool.java:1622)
	at java.base/java.util.concurrent.ForkJoinWorkerThread.run(ForkJoinWorkerThread.java:165)
Caused by: java.lang.reflect.InvocationTargetException
	at jdk.internal.reflect.GeneratedConstructorAccessor101.newInstance(Unknown Source)
	at java.base/jdk.internal.reflect.DelegatingConstructorAccessorImpl.newInstance(DelegatingConstructorAccessorImpl.java:45)
	at java.base/java.lang.reflect.Constructor.newInstanceWithCaller(Constructor.java:499)
	at java.base/java.lang.reflect.Constructor.newInstance(Constructor.java:480)
	at org.eclipse.core.internal.registry.osgi.RegistryStrategyOSGI.createExecutableExtension(RegistryStrategyOSGI.java:204)
	... 12 more
Caused by: java.lang.NullPointerException: Cannot invoke "java.io.File.getAbsolutePath()" because the return value of "org.eclipse.wildwebdeveloper.embedder.node.NodeJSManager.getNodeJsLocation()" is null
	at org.eclipse.wildwebdeveloper.html.HTMLLanguageServer.<init>(HTMLLanguageServer.java:40)
	... 17 more
!SUBENTRY 1 org.eclipse.equinox.registry 4 1 2025-02-15 22:12:04.134
!MESSAGE プラグイン "org.eclipse.wildwebdeveloper" は、クラス "org.eclipse.wildwebdeveloper.html.HTMLLanguageServer" をインスタンス化できませんでした。
!STACK 0
java.lang.reflect.InvocationTargetException
	at jdk.internal.reflect.GeneratedConstructorAccessor101.newInstance(Unknown Source)
	at java.base/jdk.internal.reflect.DelegatingConstructorAccessorImpl.newInstance(DelegatingConstructorAccessorImpl.java:45)
	at java.base/java.lang.reflect.Constructor.newInstanceWithCaller(Constructor.java:499)
	at java.base/java.lang.reflect.Constructor.newInstance(Constructor.java:480)
	at org.eclipse.core.internal.registry.osgi.RegistryStrategyOSGI.createExecutableExtension(RegistryStrategyOSGI.java:204)
	at org.eclipse.core.internal.registry.ExtensionRegistry.createExecutableExtension(ExtensionRegistry.java:920)
	at org.eclipse.core.internal.registry.ConfigurationElement.createExecutableExtension(ConfigurationElement.java:246)
	at org.eclipse.core.internal.registry.ConfigurationElementHandle.createExecutableExtension(ConfigurationElementHandle.java:63)
	at org.eclipse.lsp4e.LanguageServersRegistry$ExtensionLanguageServerDefinition.createConnectionProvider(LanguageServersRegistry.java:161)
	at org.eclipse.lsp4e.LanguageServerWrapper.lambda$0(LanguageServerWrapper.java:233)
	at java.base/java.util.concurrent.CompletableFuture$AsyncSupply.run(CompletableFuture.java:1768)
	at java.base/java.util.concurrent.CompletableFuture$AsyncSupply.exec(CompletableFuture.java:1760)
	at java.base/java.util.concurrent.ForkJoinTask.doExec(ForkJoinTask.java:373)
	at java.base/java.util.concurrent.ForkJoinPool$WorkQueue.topLevelExec(ForkJoinPool.java:1182)
	at java.base/java.util.concurrent.ForkJoinPool.scan(ForkJoinPool.java:1655)
	at java.base/java.util.concurrent.ForkJoinPool.runWorker(ForkJoinPool.java:1622)
	at java.base/java.util.concurrent.ForkJoinWorkerThread.run(ForkJoinWorkerThread.java:165)
Caused by: java.lang.NullPointerException: Cannot invoke "java.io.File.getAbsolutePath()" because the return value of "org.eclipse.wildwebdeveloper.embedder.node.NodeJSManager.getNodeJsLocation()" is null
	at org.eclipse.wildwebdeveloper.html.HTMLLanguageServer.<init>(HTMLLanguageServer.java:40)
	... 17 more
Root exception:
java.lang.NullPointerException: Cannot invoke "java.io.File.getAbsolutePath()" because the return value of "org.eclipse.wildwebdeveloper.embedder.node.NodeJSManager.getNodeJsLocation()" is null
	at org.eclipse.wildwebdeveloper.html.HTMLLanguageServer.<init>(HTMLLanguageServer.java:40)
	at jdk.internal.reflect.GeneratedConstructorAccessor101.newInstance(Unknown Source)
	at java.base/jdk.internal.reflect.DelegatingConstructorAccessorImpl.newInstance(DelegatingConstructorAccessorImpl.java:45)
	at java.base/java.lang.reflect.Constructor.newInstanceWithCaller(Constructor.java:499)
	at java.base/java.lang.reflect.Constructor.newInstance(Constructor.java:480)
	at org.eclipse.core.internal.registry.osgi.RegistryStrategyOSGI.createExecutableExtension(RegistryStrategyOSGI.java:204)
	at org.eclipse.core.internal.registry.ExtensionRegistry.createExecutableExtension(ExtensionRegistry.java:920)
	at org.eclipse.core.internal.registry.ConfigurationElement.createExecutableExtension(ConfigurationElement.java:246)
	at org.eclipse.core.internal.registry.ConfigurationElementHandle.createExecutableExtension(ConfigurationElementHandle.java:63)
	at org.eclipse.lsp4e.LanguageServersRegistry$ExtensionLanguageServerDefinition.createConnectionProvider(LanguageServersRegistry.java:161)
	at org.eclipse.lsp4e.LanguageServerWrapper.lambda$0(LanguageServerWrapper.java:233)
	at java.base/java.util.concurrent.CompletableFuture$AsyncSupply.run(CompletableFuture.java:1768)
	at java.base/java.util.concurrent.CompletableFuture$AsyncSupply.exec(CompletableFuture.java:1760)
	at java.base/java.util.concurrent.ForkJoinTask.doExec(ForkJoinTask.java:373)
	at java.base/java.util.concurrent.ForkJoinPool$WorkQueue.topLevelExec(ForkJoinPool.java:1182)
	at java.base/java.util.concurrent.ForkJoinPool.scan(ForkJoinPool.java:1655)
	at java.base/java.util.concurrent.ForkJoinPool.runWorker(ForkJoinPool.java:1622)
	at java.base/java.util.concurrent.ForkJoinWorkerThread.run(ForkJoinWorkerThread.java:165)

!ENTRY org.eclipse.lsp4e 4 0 2025-02-15 22:12:04.136
!MESSAGE Exception occurred while creating an instance of the stream connection provider
!STACK 0
java.lang.RuntimeException: Exception occurred while creating an instance of the stream connection provider
	at org.eclipse.lsp4e.LanguageServersRegistry$ExtensionLanguageServerDefinition.createConnectionProvider(LanguageServersRegistry.java:164)
	at org.eclipse.lsp4e.LanguageServerWrapper.lambda$0(LanguageServerWrapper.java:233)
	at java.base/java.util.concurrent.CompletableFuture$AsyncSupply.run(CompletableFuture.java:1768)
	at java.base/java.util.concurrent.CompletableFuture$AsyncSupply.exec(CompletableFuture.java:1760)
	at java.base/java.util.concurrent.ForkJoinTask.doExec(ForkJoinTask.java:373)
	at java.base/java.util.concurrent.ForkJoinPool$WorkQueue.topLevelExec(ForkJoinPool.java:1182)
	at java.base/java.util.concurrent.ForkJoinPool.scan(ForkJoinPool.java:1655)
	at java.base/java.util.concurrent.ForkJoinPool.runWorker(ForkJoinPool.java:1622)
	at java.base/java.util.concurrent.ForkJoinWorkerThread.run(ForkJoinWorkerThread.java:165)
Caused by: org.eclipse.core.runtime.CoreException: プラグイン "org.eclipse.wildwebdeveloper" は、クラス "org.eclipse.wildwebdeveloper.html.HTMLLanguageServer" をインスタンス化できませんでした。
	at org.eclipse.core.internal.registry.osgi.RegistryStrategyOSGI.throwException(RegistryStrategyOSGI.java:212)
	at org.eclipse.core.internal.registry.osgi.RegistryStrategyOSGI.createExecutableExtension(RegistryStrategyOSGI.java:206)
	at org.eclipse.core.internal.registry.ExtensionRegistry.createExecutableExtension(ExtensionRegistry.java:920)
	at org.eclipse.core.internal.registry.ConfigurationElement.createExecutableExtension(ConfigurationElement.java:246)
	at org.eclipse.core.internal.registry.ConfigurationElementHandle.createExecutableExtension(ConfigurationElementHandle.java:63)
	at org.eclipse.lsp4e.LanguageServersRegistry$ExtensionLanguageServerDefinition.createConnectionProvider(LanguageServersRegistry.java:161)
	... 8 more
Caused by: java.lang.reflect.InvocationTargetException
	at jdk.internal.reflect.GeneratedConstructorAccessor101.newInstance(Unknown Source)
	at java.base/jdk.internal.reflect.DelegatingConstructorAccessorImpl.newInstance(DelegatingConstructorAccessorImpl.java:45)
	at java.base/java.lang.reflect.Constructor.newInstanceWithCaller(Constructor.java:499)
	at java.base/java.lang.reflect.Constructor.newInstance(Constructor.java:480)
	at org.eclipse.core.internal.registry.osgi.RegistryStrategyOSGI.createExecutableExtension(RegistryStrategyOSGI.java:204)
	... 12 more
Caused by: java.lang.NullPointerException: Cannot invoke "java.io.File.getAbsolutePath()" because the return value of "org.eclipse.wildwebdeveloper.embedder.node.NodeJSManager.getNodeJsLocation()" is null
	at org.eclipse.wildwebdeveloper.html.HTMLLanguageServer.<init>(HTMLLanguageServer.java:40)
	... 17 more

!ENTRY org.eclipse.lsp4e 4 0 2025-02-15 22:12:04.137
!MESSAGE Cannot invoke "org.eclipse.lsp4e.server.StreamConnectionProvider.getInputStream()" because "this.lspStreamProvider" is null
!STACK 0
java.lang.NullPointerException: Cannot invoke "org.eclipse.lsp4e.server.StreamConnectionProvider.getInputStream()" because "this.lspStreamProvider" is null
	at org.eclipse.lsp4e.LanguageServerWrapper.lambda$1(LanguageServerWrapper.java:284)
	at java.base/java.util.concurrent.CompletableFuture$UniApply.tryFire(CompletableFuture.java:646)
	at java.base/java.util.concurrent.CompletableFuture.postComplete(CompletableFuture.java:510)
	at java.base/java.util.concurrent.CompletableFuture$AsyncSupply.run(CompletableFuture.java:1773)
	at java.base/java.util.concurrent.CompletableFuture$AsyncSupply.exec(CompletableFuture.java:1760)
	at java.base/java.util.concurrent.ForkJoinTask.doExec(ForkJoinTask.java:373)
	at java.base/java.util.concurrent.ForkJoinPool$WorkQueue.topLevelExec(ForkJoinPool.java:1182)
	at java.base/java.util.concurrent.ForkJoinPool.scan(ForkJoinPool.java:1655)
	at java.base/java.util.concurrent.ForkJoinPool.runWorker(ForkJoinPool.java:1622)
	at java.base/java.util.concurrent.ForkJoinWorkerThread.run(ForkJoinWorkerThread.java:165)

!ENTRY org.eclipse.lsp4e 4 0 2025-02-15 22:12:04.139
!MESSAGE プラグイン "org.eclipse.wildwebdeveloper" は、クラス "org.eclipse.wildwebdeveloper.angular.AngularLanguageServer" をインスタンス化できませんでした。
!STACK 1
org.eclipse.core.runtime.CoreException: プラグイン "org.eclipse.wildwebdeveloper" は、クラス "org.eclipse.wildwebdeveloper.angular.AngularLanguageServer" をインスタンス化できませんでした。
	at org.eclipse.core.internal.registry.osgi.RegistryStrategyOSGI.throwException(RegistryStrategyOSGI.java:212)
	at org.eclipse.core.internal.registry.osgi.RegistryStrategyOSGI.createExecutableExtension(RegistryStrategyOSGI.java:206)
	at org.eclipse.core.internal.registry.ExtensionRegistry.createExecutableExtension(ExtensionRegistry.java:920)
	at org.eclipse.core.internal.registry.ConfigurationElement.createExecutableExtension(ConfigurationElement.java:246)
	at org.eclipse.core.internal.registry.ConfigurationElementHandle.createExecutableExtension(ConfigurationElementHandle.java:63)
	at org.eclipse.lsp4e.LanguageServersRegistry$ExtensionLanguageServerDefinition.createConnectionProvider(LanguageServersRegistry.java:161)
	at org.eclipse.lsp4e.LanguageServerWrapper.lambda$0(LanguageServerWrapper.java:233)
	at java.base/java.util.concurrent.CompletableFuture$AsyncSupply.run(CompletableFuture.java:1768)
	at java.base/java.util.concurrent.CompletableFuture$AsyncSupply.exec(CompletableFuture.java:1760)
	at java.base/java.util.concurrent.ForkJoinTask.doExec(ForkJoinTask.java:373)
	at java.base/java.util.concurrent.ForkJoinPool$WorkQueue.topLevelExec(ForkJoinPool.java:1182)
	at java.base/java.util.concurrent.ForkJoinPool.scan(ForkJoinPool.java:1655)
	at java.base/java.util.concurrent.ForkJoinPool.runWorker(ForkJoinPool.java:1622)
	at java.base/java.util.concurrent.ForkJoinWorkerThread.run(ForkJoinWorkerThread.java:165)
Caused by: java.lang.reflect.InvocationTargetException
	at jdk.internal.reflect.GeneratedConstructorAccessor99.newInstance(Unknown Source)
	at java.base/jdk.internal.reflect.DelegatingConstructorAccessorImpl.newInstance(DelegatingConstructorAccessorImpl.java:45)
	at java.base/java.lang.reflect.Constructor.newInstanceWithCaller(Constructor.java:499)
	at java.base/java.lang.reflect.Constructor.newInstance(Constructor.java:480)
	at org.eclipse.core.internal.registry.osgi.RegistryStrategyOSGI.createExecutableExtension(RegistryStrategyOSGI.java:204)
	... 12 more
Caused by: java.lang.NullPointerException: Cannot invoke "java.io.File.getAbsolutePath()" because the return value of "org.eclipse.wildwebdeveloper.embedder.node.NodeJSManager.getNodeJsLocation()" is null
	at org.eclipse.wildwebdeveloper.angular.AngularLanguageServer.<init>(AngularLanguageServer.java:43)
	... 17 more
!SUBENTRY 1 org.eclipse.equinox.registry 4 1 2025-02-15 22:12:04.139
!MESSAGE プラグイン "org.eclipse.wildwebdeveloper" は、クラス "org.eclipse.wildwebdeveloper.angular.AngularLanguageServer" をインスタンス化できませんでした。
!STACK 0
java.lang.reflect.InvocationTargetException
	at jdk.internal.reflect.GeneratedConstructorAccessor99.newInstance(Unknown Source)
	at java.base/jdk.internal.reflect.DelegatingConstructorAccessorImpl.newInstance(DelegatingConstructorAccessorImpl.java:45)
	at java.base/java.lang.reflect.Constructor.newInstanceWithCaller(Constructor.java:499)
	at java.base/java.lang.reflect.Constructor.newInstance(Constructor.java:480)
	at org.eclipse.core.internal.registry.osgi.RegistryStrategyOSGI.createExecutableExtension(RegistryStrategyOSGI.java:204)
	at org.eclipse.core.internal.registry.ExtensionRegistry.createExecutableExtension(ExtensionRegistry.java:920)
	at org.eclipse.core.internal.registry.ConfigurationElement.createExecutableExtension(ConfigurationElement.java:246)
	at org.eclipse.core.internal.registry.ConfigurationElementHandle.createExecutableExtension(ConfigurationElementHandle.java:63)
	at org.eclipse.lsp4e.LanguageServersRegistry$ExtensionLanguageServerDefinition.createConnectionProvider(LanguageServersRegistry.java:161)
	at org.eclipse.lsp4e.LanguageServerWrapper.lambda$0(LanguageServerWrapper.java:233)
	at java.base/java.util.concurrent.CompletableFuture$AsyncSupply.run(CompletableFuture.java:1768)
	at java.base/java.util.concurrent.CompletableFuture$AsyncSupply.exec(CompletableFuture.java:1760)
	at java.base/java.util.concurrent.ForkJoinTask.doExec(ForkJoinTask.java:373)
	at java.base/java.util.concurrent.ForkJoinPool$WorkQueue.topLevelExec(ForkJoinPool.java:1182)
	at java.base/java.util.concurrent.ForkJoinPool.scan(ForkJoinPool.java:1655)
	at java.base/java.util.concurrent.ForkJoinPool.runWorker(ForkJoinPool.java:1622)
	at java.base/java.util.concurrent.ForkJoinWorkerThread.run(ForkJoinWorkerThread.java:165)
Caused by: java.lang.NullPointerException: Cannot invoke "java.io.File.getAbsolutePath()" because the return value of "org.eclipse.wildwebdeveloper.embedder.node.NodeJSManager.getNodeJsLocation()" is null
	at org.eclipse.wildwebdeveloper.angular.AngularLanguageServer.<init>(AngularLanguageServer.java:43)
	... 17 more
Root exception:
java.lang.NullPointerException: Cannot invoke "java.io.File.getAbsolutePath()" because the return value of "org.eclipse.wildwebdeveloper.embedder.node.NodeJSManager.getNodeJsLocation()" is null
	at org.eclipse.wildwebdeveloper.angular.AngularLanguageServer.<init>(AngularLanguageServer.java:43)
	at jdk.internal.reflect.GeneratedConstructorAccessor99.newInstance(Unknown Source)
	at java.base/jdk.internal.reflect.DelegatingConstructorAccessorImpl.newInstance(DelegatingConstructorAccessorImpl.java:45)
	at java.base/java.lang.reflect.Constructor.newInstanceWithCaller(Constructor.java:499)
	at java.base/java.lang.reflect.Constructor.newInstance(Constructor.java:480)
	at org.eclipse.core.internal.registry.osgi.RegistryStrategyOSGI.createExecutableExtension(RegistryStrategyOSGI.java:204)
	at org.eclipse.core.internal.registry.ExtensionRegistry.createExecutableExtension(ExtensionRegistry.java:920)
	at org.eclipse.core.internal.registry.ConfigurationElement.createExecutableExtension(ConfigurationElement.java:246)
	at org.eclipse.core.internal.registry.ConfigurationElementHandle.createExecutableExtension(ConfigurationElementHandle.java:63)
	at org.eclipse.lsp4e.LanguageServersRegistry$ExtensionLanguageServerDefinition.createConnectionProvider(LanguageServersRegistry.java:161)
	at org.eclipse.lsp4e.LanguageServerWrapper.lambda$0(LanguageServerWrapper.java:233)
	at java.base/java.util.concurrent.CompletableFuture$AsyncSupply.run(CompletableFuture.java:1768)
	at java.base/java.util.concurrent.CompletableFuture$AsyncSupply.exec(CompletableFuture.java:1760)
	at java.base/java.util.concurrent.ForkJoinTask.doExec(ForkJoinTask.java:373)
	at java.base/java.util.concurrent.ForkJoinPool$WorkQueue.topLevelExec(ForkJoinPool.java:1182)
	at java.base/java.util.concurrent.ForkJoinPool.scan(ForkJoinPool.java:1655)
	at java.base/java.util.concurrent.ForkJoinPool.runWorker(ForkJoinPool.java:1622)
	at java.base/java.util.concurrent.ForkJoinWorkerThread.run(ForkJoinWorkerThread.java:165)

!ENTRY org.eclipse.lsp4e 4 0 2025-02-15 22:12:04.140
!MESSAGE Exception occurred while creating an instance of the stream connection provider
!STACK 0
java.lang.RuntimeException: Exception occurred while creating an instance of the stream connection provider
	at org.eclipse.lsp4e.LanguageServersRegistry$ExtensionLanguageServerDefinition.createConnectionProvider(LanguageServersRegistry.java:164)
	at org.eclipse.lsp4e.LanguageServerWrapper.lambda$0(LanguageServerWrapper.java:233)
	at java.base/java.util.concurrent.CompletableFuture$AsyncSupply.run(CompletableFuture.java:1768)
	at java.base/java.util.concurrent.CompletableFuture$AsyncSupply.exec(CompletableFuture.java:1760)
	at java.base/java.util.concurrent.ForkJoinTask.doExec(ForkJoinTask.java:373)
	at java.base/java.util.concurrent.ForkJoinPool$WorkQueue.topLevelExec(ForkJoinPool.java:1182)
	at java.base/java.util.concurrent.ForkJoinPool.scan(ForkJoinPool.java:1655)
	at java.base/java.util.concurrent.ForkJoinPool.runWorker(ForkJoinPool.java:1622)
	at java.base/java.util.concurrent.ForkJoinWorkerThread.run(ForkJoinWorkerThread.java:165)
Caused by: org.eclipse.core.runtime.CoreException: プラグイン "org.eclipse.wildwebdeveloper" は、クラス "org.eclipse.wildwebdeveloper.angular.AngularLanguageServer" をインスタンス化できませんでした。
	at org.eclipse.core.internal.registry.osgi.RegistryStrategyOSGI.throwException(RegistryStrategyOSGI.java:212)
	at org.eclipse.core.internal.registry.osgi.RegistryStrategyOSGI.createExecutableExtension(RegistryStrategyOSGI.java:206)
	at org.eclipse.core.internal.registry.ExtensionRegistry.createExecutableExtension(ExtensionRegistry.java:920)
	at org.eclipse.core.internal.registry.ConfigurationElement.createExecutableExtension(ConfigurationElement.java:246)
	at org.eclipse.core.internal.registry.ConfigurationElementHandle.createExecutableExtension(ConfigurationElementHandle.java:63)
	at org.eclipse.lsp4e.LanguageServersRegistry$ExtensionLanguageServerDefinition.createConnectionProvider(LanguageServersRegistry.java:161)
	... 8 more
Caused by: java.lang.reflect.InvocationTargetException
	at jdk.internal.reflect.GeneratedConstructorAccessor99.newInstance(Unknown Source)
	at java.base/jdk.internal.reflect.DelegatingConstructorAccessorImpl.newInstance(DelegatingConstructorAccessorImpl.java:45)
	at java.base/java.lang.reflect.Constructor.newInstanceWithCaller(Constructor.java:499)
	at java.base/java.lang.reflect.Constructor.newInstance(Constructor.java:480)
	at org.eclipse.core.internal.registry.osgi.RegistryStrategyOSGI.createExecutableExtension(RegistryStrategyOSGI.java:204)
	... 12 more
Caused by: java.lang.NullPointerException: Cannot invoke "java.io.File.getAbsolutePath()" because the return value of "org.eclipse.wildwebdeveloper.embedder.node.NodeJSManager.getNodeJsLocation()" is null
	at org.eclipse.wildwebdeveloper.angular.AngularLanguageServer.<init>(AngularLanguageServer.java:43)
	... 17 more

!ENTRY org.eclipse.lsp4e 4 0 2025-02-15 22:12:04.141
!MESSAGE Cannot invoke "org.eclipse.lsp4e.server.StreamConnectionProvider.getInputStream()" because "this.lspStreamProvider" is null
!STACK 0
java.lang.NullPointerException: Cannot invoke "org.eclipse.lsp4e.server.StreamConnectionProvider.getInputStream()" because "this.lspStreamProvider" is null
	at org.eclipse.lsp4e.LanguageServerWrapper.lambda$1(LanguageServerWrapper.java:284)
	at java.base/java.util.concurrent.CompletableFuture$UniApply.tryFire(CompletableFuture.java:646)
	at java.base/java.util.concurrent.CompletableFuture.postComplete(CompletableFuture.java:510)
	at java.base/java.util.concurrent.CompletableFuture$AsyncSupply.run(CompletableFuture.java:1773)
	at java.base/java.util.concurrent.CompletableFuture$AsyncSupply.exec(CompletableFuture.java:1760)
	at java.base/java.util.concurrent.ForkJoinTask.doExec(ForkJoinTask.java:373)
	at java.base/java.util.concurrent.ForkJoinPool$WorkQueue.topLevelExec(ForkJoinPool.java:1182)
	at java.base/java.util.concurrent.ForkJoinPool.scan(ForkJoinPool.java:1655)
	at java.base/java.util.concurrent.ForkJoinPool.runWorker(ForkJoinPool.java:1622)
	at java.base/java.util.concurrent.ForkJoinWorkerThread.run(ForkJoinWorkerThread.java:165)

!ENTRY org.eclipse.lsp4e 4 0 2025-02-15 22:12:13.000
!MESSAGE プラグイン "org.eclipse.wildwebdeveloper" は、クラス "org.eclipse.wildwebdeveloper.html.HTMLLanguageServer" をインスタンス化できませんでした。
!STACK 1
org.eclipse.core.runtime.CoreException: プラグイン "org.eclipse.wildwebdeveloper" は、クラス "org.eclipse.wildwebdeveloper.html.HTMLLanguageServer" をインスタンス化できませんでした。
	at org.eclipse.core.internal.registry.osgi.RegistryStrategyOSGI.throwException(RegistryStrategyOSGI.java:212)
	at org.eclipse.core.internal.registry.osgi.RegistryStrategyOSGI.createExecutableExtension(RegistryStrategyOSGI.java:206)
	at org.eclipse.core.internal.registry.ExtensionRegistry.createExecutableExtension(ExtensionRegistry.java:920)
	at org.eclipse.core.internal.registry.ConfigurationElement.createExecutableExtension(ConfigurationElement.java:246)
	at org.eclipse.core.internal.registry.ConfigurationElementHandle.createExecutableExtension(ConfigurationElementHandle.java:63)
	at org.eclipse.lsp4e.LanguageServersRegistry$ExtensionLanguageServerDefinition.createConnectionProvider(LanguageServersRegistry.java:161)
	at org.eclipse.lsp4e.LanguageServerWrapper.lambda$0(LanguageServerWrapper.java:233)
	at java.base/java.util.concurrent.CompletableFuture$AsyncSupply.run(CompletableFuture.java:1768)
	at java.base/java.util.concurrent.CompletableFuture$AsyncSupply.exec(CompletableFuture.java:1760)
	at java.base/java.util.concurrent.ForkJoinTask.doExec(ForkJoinTask.java:373)
	at java.base/java.util.concurrent.ForkJoinPool$WorkQueue.topLevelExec(ForkJoinPool.java:1182)
	at java.base/java.util.concurrent.ForkJoinPool.scan(ForkJoinPool.java:1655)
	at java.base/java.util.concurrent.ForkJoinPool.runWorker(ForkJoinPool.java:1622)
	at java.base/java.util.concurrent.ForkJoinWorkerThread.run(ForkJoinWorkerThread.java:165)
Caused by: java.lang.reflect.InvocationTargetException
	at jdk.internal.reflect.GeneratedConstructorAccessor101.newInstance(Unknown Source)
	at java.base/jdk.internal.reflect.DelegatingConstructorAccessorImpl.newInstance(DelegatingConstructorAccessorImpl.java:45)
	at java.base/java.lang.reflect.Constructor.newInstanceWithCaller(Constructor.java:499)
	at java.base/java.lang.reflect.Constructor.newInstance(Constructor.java:480)
	at org.eclipse.core.internal.registry.osgi.RegistryStrategyOSGI.createExecutableExtension(RegistryStrategyOSGI.java:204)
	... 12 more
Caused by: java.lang.NullPointerException: Cannot invoke "java.io.File.getAbsolutePath()" because the return value of "org.eclipse.wildwebdeveloper.embedder.node.NodeJSManager.getNodeJsLocation()" is null
	at org.eclipse.wildwebdeveloper.html.HTMLLanguageServer.<init>(HTMLLanguageServer.java:40)
	... 17 more
!SUBENTRY 1 org.eclipse.equinox.registry 4 1 2025-02-15 22:12:13.000
!MESSAGE プラグイン "org.eclipse.wildwebdeveloper" は、クラス "org.eclipse.wildwebdeveloper.html.HTMLLanguageServer" をインスタンス化できませんでした。
!STACK 0
java.lang.reflect.InvocationTargetException
	at jdk.internal.reflect.GeneratedConstructorAccessor101.newInstance(Unknown Source)
	at java.base/jdk.internal.reflect.DelegatingConstructorAccessorImpl.newInstance(DelegatingConstructorAccessorImpl.java:45)
	at java.base/java.lang.reflect.Constructor.newInstanceWithCaller(Constructor.java:499)
	at java.base/java.lang.reflect.Constructor.newInstance(Constructor.java:480)
	at org.eclipse.core.internal.registry.osgi.RegistryStrategyOSGI.createExecutableExtension(RegistryStrategyOSGI.java:204)
	at org.eclipse.core.internal.registry.ExtensionRegistry.createExecutableExtension(ExtensionRegistry.java:920)
	at org.eclipse.core.internal.registry.ConfigurationElement.createExecutableExtension(ConfigurationElement.java:246)
	at org.eclipse.core.internal.registry.ConfigurationElementHandle.createExecutableExtension(ConfigurationElementHandle.java:63)
	at org.eclipse.lsp4e.LanguageServersRegistry$ExtensionLanguageServerDefinition.createConnectionProvider(LanguageServersRegistry.java:161)
	at org.eclipse.lsp4e.LanguageServerWrapper.lambda$0(LanguageServerWrapper.java:233)
	at java.base/java.util.concurrent.CompletableFuture$AsyncSupply.run(CompletableFuture.java:1768)
	at java.base/java.util.concurrent.CompletableFuture$AsyncSupply.exec(CompletableFuture.java:1760)
	at java.base/java.util.concurrent.ForkJoinTask.doExec(ForkJoinTask.java:373)
	at java.base/java.util.concurrent.ForkJoinPool$WorkQueue.topLevelExec(ForkJoinPool.java:1182)
	at java.base/java.util.concurrent.ForkJoinPool.scan(ForkJoinPool.java:1655)
	at java.base/java.util.concurrent.ForkJoinPool.runWorker(ForkJoinPool.java:1622)
	at java.base/java.util.concurrent.ForkJoinWorkerThread.run(ForkJoinWorkerThread.java:165)
Caused by: java.lang.NullPointerException: Cannot invoke "java.io.File.getAbsolutePath()" because the return value of "org.eclipse.wildwebdeveloper.embedder.node.NodeJSManager.getNodeJsLocation()" is null
	at org.eclipse.wildwebdeveloper.html.HTMLLanguageServer.<init>(HTMLLanguageServer.java:40)
	... 17 more
Root exception:
java.lang.NullPointerException: Cannot invoke "java.io.File.getAbsolutePath()" because the return value of "org.eclipse.wildwebdeveloper.embedder.node.NodeJSManager.getNodeJsLocation()" is null
	at org.eclipse.wildwebdeveloper.html.HTMLLanguageServer.<init>(HTMLLanguageServer.java:40)
	at jdk.internal.reflect.GeneratedConstructorAccessor101.newInstance(Unknown Source)
	at java.base/jdk.internal.reflect.DelegatingConstructorAccessorImpl.newInstance(DelegatingConstructorAccessorImpl.java:45)
	at java.base/java.lang.reflect.Constructor.newInstanceWithCaller(Constructor.java:499)
	at java.base/java.lang.reflect.Constructor.newInstance(Constructor.java:480)
	at org.eclipse.core.internal.registry.osgi.RegistryStrategyOSGI.createExecutableExtension(RegistryStrategyOSGI.java:204)
	at org.eclipse.core.internal.registry.ExtensionRegistry.createExecutableExtension(ExtensionRegistry.java:920)
	at org.eclipse.core.internal.registry.ConfigurationElement.createExecutableExtension(ConfigurationElement.java:246)
	at org.eclipse.core.internal.registry.ConfigurationElementHandle.createExecutableExtension(ConfigurationElementHandle.java:63)
	at org.eclipse.lsp4e.LanguageServersRegistry$ExtensionLanguageServerDefinition.createConnectionProvider(LanguageServersRegistry.java:161)
	at org.eclipse.lsp4e.LanguageServerWrapper.lambda$0(LanguageServerWrapper.java:233)
	at java.base/java.util.concurrent.CompletableFuture$AsyncSupply.run(CompletableFuture.java:1768)
	at java.base/java.util.concurrent.CompletableFuture$AsyncSupply.exec(CompletableFuture.java:1760)
	at java.base/java.util.concurrent.ForkJoinTask.doExec(ForkJoinTask.java:373)
	at java.base/java.util.concurrent.ForkJoinPool$WorkQueue.topLevelExec(ForkJoinPool.java:1182)
	at java.base/java.util.concurrent.ForkJoinPool.scan(ForkJoinPool.java:1655)
	at java.base/java.util.concurrent.ForkJoinPool.runWorker(ForkJoinPool.java:1622)
	at java.base/java.util.concurrent.ForkJoinWorkerThread.run(ForkJoinWorkerThread.java:165)

!ENTRY org.eclipse.lsp4e 4 0 2025-02-15 22:12:13.001
!MESSAGE Exception occurred while creating an instance of the stream connection provider
!STACK 0
java.lang.RuntimeException: Exception occurred while creating an instance of the stream connection provider
	at org.eclipse.lsp4e.LanguageServersRegistry$ExtensionLanguageServerDefinition.createConnectionProvider(LanguageServersRegistry.java:164)
	at org.eclipse.lsp4e.LanguageServerWrapper.lambda$0(LanguageServerWrapper.java:233)
	at java.base/java.util.concurrent.CompletableFuture$AsyncSupply.run(CompletableFuture.java:1768)
	at java.base/java.util.concurrent.CompletableFuture$AsyncSupply.exec(CompletableFuture.java:1760)
	at java.base/java.util.concurrent.ForkJoinTask.doExec(ForkJoinTask.java:373)
	at java.base/java.util.concurrent.ForkJoinPool$WorkQueue.topLevelExec(ForkJoinPool.java:1182)
	at java.base/java.util.concurrent.ForkJoinPool.scan(ForkJoinPool.java:1655)
	at java.base/java.util.concurrent.ForkJoinPool.runWorker(ForkJoinPool.java:1622)
	at java.base/java.util.concurrent.ForkJoinWorkerThread.run(ForkJoinWorkerThread.java:165)
Caused by: org.eclipse.core.runtime.CoreException: プラグイン "org.eclipse.wildwebdeveloper" は、クラス "org.eclipse.wildwebdeveloper.html.HTMLLanguageServer" をインスタンス化できませんでした。
	at org.eclipse.core.internal.registry.osgi.RegistryStrategyOSGI.throwException(RegistryStrategyOSGI.java:212)
	at org.eclipse.core.internal.registry.osgi.RegistryStrategyOSGI.createExecutableExtension(RegistryStrategyOSGI.java:206)
	at org.eclipse.core.internal.registry.ExtensionRegistry.createExecutableExtension(ExtensionRegistry.java:920)
	at org.eclipse.core.internal.registry.ConfigurationElement.createExecutableExtension(ConfigurationElement.java:246)
	at org.eclipse.core.internal.registry.ConfigurationElementHandle.createExecutableExtension(ConfigurationElementHandle.java:63)
	at org.eclipse.lsp4e.LanguageServersRegistry$ExtensionLanguageServerDefinition.createConnectionProvider(LanguageServersRegistry.java:161)
	... 8 more
Caused by: java.lang.reflect.InvocationTargetException
	at jdk.internal.reflect.GeneratedConstructorAccessor101.newInstance(Unknown Source)
	at java.base/jdk.internal.reflect.DelegatingConstructorAccessorImpl.newInstance(DelegatingConstructorAccessorImpl.java:45)
	at java.base/java.lang.reflect.Constructor.newInstanceWithCaller(Constructor.java:499)
	at java.base/java.lang.reflect.Constructor.newInstance(Constructor.java:480)
	at org.eclipse.core.internal.registry.osgi.RegistryStrategyOSGI.createExecutableExtension(RegistryStrategyOSGI.java:204)
	... 12 more
Caused by: java.lang.NullPointerException: Cannot invoke "java.io.File.getAbsolutePath()" because the return value of "org.eclipse.wildwebdeveloper.embedder.node.NodeJSManager.getNodeJsLocation()" is null
	at org.eclipse.wildwebdeveloper.html.HTMLLanguageServer.<init>(HTMLLanguageServer.java:40)
	... 17 more

!ENTRY org.eclipse.lsp4e 4 0 2025-02-15 22:12:13.002
!MESSAGE Cannot invoke "org.eclipse.lsp4e.server.StreamConnectionProvider.getInputStream()" because "this.lspStreamProvider" is null
!STACK 0
java.lang.NullPointerException: Cannot invoke "org.eclipse.lsp4e.server.StreamConnectionProvider.getInputStream()" because "this.lspStreamProvider" is null
	at org.eclipse.lsp4e.LanguageServerWrapper.lambda$1(LanguageServerWrapper.java:284)
	at java.base/java.util.concurrent.CompletableFuture$UniApply.tryFire(CompletableFuture.java:646)
	at java.base/java.util.concurrent.CompletableFuture.postComplete(CompletableFuture.java:510)
	at java.base/java.util.concurrent.CompletableFuture$AsyncSupply.run(CompletableFuture.java:1773)
	at java.base/java.util.concurrent.CompletableFuture$AsyncSupply.exec(CompletableFuture.java:1760)
	at java.base/java.util.concurrent.ForkJoinTask.doExec(ForkJoinTask.java:373)
	at java.base/java.util.concurrent.ForkJoinPool$WorkQueue.topLevelExec(ForkJoinPool.java:1182)
	at java.base/java.util.concurrent.ForkJoinPool.scan(ForkJoinPool.java:1655)
	at java.base/java.util.concurrent.ForkJoinPool.runWorker(ForkJoinPool.java:1622)
	at java.base/java.util.concurrent.ForkJoinWorkerThread.run(ForkJoinWorkerThread.java:165)

!ENTRY org.eclipse.lsp4e 4 0 2025-02-15 22:12:13.008
!MESSAGE プラグイン "org.eclipse.wildwebdeveloper" は、クラス "org.eclipse.wildwebdeveloper.angular.AngularLanguageServer" をインスタンス化できませんでした。
!STACK 1
org.eclipse.core.runtime.CoreException: プラグイン "org.eclipse.wildwebdeveloper" は、クラス "org.eclipse.wildwebdeveloper.angular.AngularLanguageServer" をインスタンス化できませんでした。
	at org.eclipse.core.internal.registry.osgi.RegistryStrategyOSGI.throwException(RegistryStrategyOSGI.java:212)
	at org.eclipse.core.internal.registry.osgi.RegistryStrategyOSGI.createExecutableExtension(RegistryStrategyOSGI.java:206)
	at org.eclipse.core.internal.registry.ExtensionRegistry.createExecutableExtension(ExtensionRegistry.java:920)
	at org.eclipse.core.internal.registry.ConfigurationElement.createExecutableExtension(ConfigurationElement.java:246)
	at org.eclipse.core.internal.registry.ConfigurationElementHandle.createExecutableExtension(ConfigurationElementHandle.java:63)
	at org.eclipse.lsp4e.LanguageServersRegistry$ExtensionLanguageServerDefinition.createConnectionProvider(LanguageServersRegistry.java:161)
	at org.eclipse.lsp4e.LanguageServerWrapper.lambda$0(LanguageServerWrapper.java:233)
	at java.base/java.util.concurrent.CompletableFuture$AsyncSupply.run(CompletableFuture.java:1768)
	at java.base/java.util.concurrent.CompletableFuture$AsyncSupply.exec(CompletableFuture.java:1760)
	at java.base/java.util.concurrent.ForkJoinTask.doExec(ForkJoinTask.java:373)
	at java.base/java.util.concurrent.ForkJoinPool$WorkQueue.topLevelExec(ForkJoinPool.java:1182)
	at java.base/java.util.concurrent.ForkJoinPool.scan(ForkJoinPool.java:1655)
	at java.base/java.util.concurrent.ForkJoinPool.runWorker(ForkJoinPool.java:1622)
	at java.base/java.util.concurrent.ForkJoinWorkerThread.run(ForkJoinWorkerThread.java:165)
Caused by: java.lang.reflect.InvocationTargetException
	at jdk.internal.reflect.GeneratedConstructorAccessor99.newInstance(Unknown Source)
	at java.base/jdk.internal.reflect.DelegatingConstructorAccessorImpl.newInstance(DelegatingConstructorAccessorImpl.java:45)
	at java.base/java.lang.reflect.Constructor.newInstanceWithCaller(Constructor.java:499)
	at java.base/java.lang.reflect.Constructor.newInstance(Constructor.java:480)
	at org.eclipse.core.internal.registry.osgi.RegistryStrategyOSGI.createExecutableExtension(RegistryStrategyOSGI.java:204)
	... 12 more
Caused by: java.lang.NullPointerException: Cannot invoke "java.io.File.getAbsolutePath()" because the return value of "org.eclipse.wildwebdeveloper.embedder.node.NodeJSManager.getNodeJsLocation()" is null
	at org.eclipse.wildwebdeveloper.angular.AngularLanguageServer.<init>(AngularLanguageServer.java:43)
	... 17 more
!SUBENTRY 1 org.eclipse.equinox.registry 4 1 2025-02-15 22:12:13.009
!MESSAGE プラグイン "org.eclipse.wildwebdeveloper" は、クラス "org.eclipse.wildwebdeveloper.angular.AngularLanguageServer" をインスタンス化できませんでした。
!STACK 0
java.lang.reflect.InvocationTargetException
	at jdk.internal.reflect.GeneratedConstructorAccessor99.newInstance(Unknown Source)
	at java.base/jdk.internal.reflect.DelegatingConstructorAccessorImpl.newInstance(DelegatingConstructorAccessorImpl.java:45)
	at java.base/java.lang.reflect.Constructor.newInstanceWithCaller(Constructor.java:499)
	at java.base/java.lang.reflect.Constructor.newInstance(Constructor.java:480)
	at org.eclipse.core.internal.registry.osgi.RegistryStrategyOSGI.createExecutableExtension(RegistryStrategyOSGI.java:204)
	at org.eclipse.core.internal.registry.ExtensionRegistry.createExecutableExtension(ExtensionRegistry.java:920)
	at org.eclipse.core.internal.registry.ConfigurationElement.createExecutableExtension(ConfigurationElement.java:246)
	at org.eclipse.core.internal.registry.ConfigurationElementHandle.createExecutableExtension(ConfigurationElementHandle.java:63)
	at org.eclipse.lsp4e.LanguageServersRegistry$ExtensionLanguageServerDefinition.createConnectionProvider(LanguageServersRegistry.java:161)
	at org.eclipse.lsp4e.LanguageServerWrapper.lambda$0(LanguageServerWrapper.java:233)
	at java.base/java.util.concurrent.CompletableFuture$AsyncSupply.run(CompletableFuture.java:1768)
	at java.base/java.util.concurrent.CompletableFuture$AsyncSupply.exec(CompletableFuture.java:1760)
	at java.base/java.util.concurrent.ForkJoinTask.doExec(ForkJoinTask.java:373)
	at java.base/java.util.concurrent.ForkJoinPool$WorkQueue.topLevelExec(ForkJoinPool.java:1182)
	at java.base/java.util.concurrent.ForkJoinPool.scan(ForkJoinPool.java:1655)
	at java.base/java.util.concurrent.ForkJoinPool.runWorker(ForkJoinPool.java:1622)
	at java.base/java.util.concurrent.ForkJoinWorkerThread.run(ForkJoinWorkerThread.java:165)
Caused by: java.lang.NullPointerException: Cannot invoke "java.io.File.getAbsolutePath()" because the return value of "org.eclipse.wildwebdeveloper.embedder.node.NodeJSManager.getNodeJsLocation()" is null
	at org.eclipse.wildwebdeveloper.angular.AngularLanguageServer.<init>(AngularLanguageServer.java:43)
	... 17 more
Root exception:
java.lang.NullPointerException: Cannot invoke "java.io.File.getAbsolutePath()" because the return value of "org.eclipse.wildwebdeveloper.embedder.node.NodeJSManager.getNodeJsLocation()" is null
	at org.eclipse.wildwebdeveloper.angular.AngularLanguageServer.<init>(AngularLanguageServer.java:43)
	at jdk.internal.reflect.GeneratedConstructorAccessor99.newInstance(Unknown Source)
	at java.base/jdk.internal.reflect.DelegatingConstructorAccessorImpl.newInstance(DelegatingConstructorAccessorImpl.java:45)
	at java.base/java.lang.reflect.Constructor.newInstanceWithCaller(Constructor.java:499)
	at java.base/java.lang.reflect.Constructor.newInstance(Constructor.java:480)
	at org.eclipse.core.internal.registry.osgi.RegistryStrategyOSGI.createExecutableExtension(RegistryStrategyOSGI.java:204)
	at org.eclipse.core.internal.registry.ExtensionRegistry.createExecutableExtension(ExtensionRegistry.java:920)
	at org.eclipse.core.internal.registry.ConfigurationElement.createExecutableExtension(ConfigurationElement.java:246)
	at org.eclipse.core.internal.registry.ConfigurationElementHandle.createExecutableExtension(ConfigurationElementHandle.java:63)
	at org.eclipse.lsp4e.LanguageServersRegistry$ExtensionLanguageServerDefinition.createConnectionProvider(LanguageServersRegistry.java:161)
	at org.eclipse.lsp4e.LanguageServerWrapper.lambda$0(LanguageServerWrapper.java:233)
	at java.base/java.util.concurrent.CompletableFuture$AsyncSupply.run(CompletableFuture.java:1768)
	at java.base/java.util.concurrent.CompletableFuture$AsyncSupply.exec(CompletableFuture.java:1760)
	at java.base/java.util.concurrent.ForkJoinTask.doExec(ForkJoinTask.java:373)
	at java.base/java.util.concurrent.ForkJoinPool$WorkQueue.topLevelExec(ForkJoinPool.java:1182)
	at java.base/java.util.concurrent.ForkJoinPool.scan(ForkJoinPool.java:1655)
	at java.base/java.util.concurrent.ForkJoinPool.runWorker(ForkJoinPool.java:1622)
	at java.base/java.util.concurrent.ForkJoinWorkerThread.run(ForkJoinWorkerThread.java:165)

!ENTRY org.eclipse.lsp4e 4 0 2025-02-15 22:12:13.009
!MESSAGE Exception occurred while creating an instance of the stream connection provider
!STACK 0
java.lang.RuntimeException: Exception occurred while creating an instance of the stream connection provider
	at org.eclipse.lsp4e.LanguageServersRegistry$ExtensionLanguageServerDefinition.createConnectionProvider(LanguageServersRegistry.java:164)
	at org.eclipse.lsp4e.LanguageServerWrapper.lambda$0(LanguageServerWrapper.java:233)
	at java.base/java.util.concurrent.CompletableFuture$AsyncSupply.run(CompletableFuture.java:1768)
	at java.base/java.util.concurrent.CompletableFuture$AsyncSupply.exec(CompletableFuture.java:1760)
	at java.base/java.util.concurrent.ForkJoinTask.doExec(ForkJoinTask.java:373)
	at java.base/java.util.concurrent.ForkJoinPool$WorkQueue.topLevelExec(ForkJoinPool.java:1182)
	at java.base/java.util.concurrent.ForkJoinPool.scan(ForkJoinPool.java:1655)
	at java.base/java.util.concurrent.ForkJoinPool.runWorker(ForkJoinPool.java:1622)
	at java.base/java.util.concurrent.ForkJoinWorkerThread.run(ForkJoinWorkerThread.java:165)
Caused by: org.eclipse.core.runtime.CoreException: プラグイン "org.eclipse.wildwebdeveloper" は、クラス "org.eclipse.wildwebdeveloper.angular.AngularLanguageServer" をインスタンス化できませんでした。
	at org.eclipse.core.internal.registry.osgi.RegistryStrategyOSGI.throwException(RegistryStrategyOSGI.java:212)
	at org.eclipse.core.internal.registry.osgi.RegistryStrategyOSGI.createExecutableExtension(RegistryStrategyOSGI.java:206)
	at org.eclipse.core.internal.registry.ExtensionRegistry.createExecutableExtension(ExtensionRegistry.java:920)
	at org.eclipse.core.internal.registry.ConfigurationElement.createExecutableExtension(ConfigurationElement.java:246)
	at org.eclipse.core.internal.registry.ConfigurationElementHandle.createExecutableExtension(ConfigurationElementHandle.java:63)
	at org.eclipse.lsp4e.LanguageServersRegistry$ExtensionLanguageServerDefinition.createConnectionProvider(LanguageServersRegistry.java:161)
	... 8 more
Caused by: java.lang.reflect.InvocationTargetException
	at jdk.internal.reflect.GeneratedConstructorAccessor99.newInstance(Unknown Source)
	at java.base/jdk.internal.reflect.DelegatingConstructorAccessorImpl.newInstance(DelegatingConstructorAccessorImpl.java:45)
	at java.base/java.lang.reflect.Constructor.newInstanceWithCaller(Constructor.java:499)
	at java.base/java.lang.reflect.Constructor.newInstance(Constructor.java:480)
	at org.eclipse.core.internal.registry.osgi.RegistryStrategyOSGI.createExecutableExtension(RegistryStrategyOSGI.java:204)
	... 12 more
Caused by: java.lang.NullPointerException: Cannot invoke "java.io.File.getAbsolutePath()" because the return value of "org.eclipse.wildwebdeveloper.embedder.node.NodeJSManager.getNodeJsLocation()" is null
	at org.eclipse.wildwebdeveloper.angular.AngularLanguageServer.<init>(AngularLanguageServer.java:43)
	... 17 more

!ENTRY org.eclipse.lsp4e 4 0 2025-02-15 22:12:13.010
!MESSAGE Cannot invoke "org.eclipse.lsp4e.server.StreamConnectionProvider.getInputStream()" because "this.lspStreamProvider" is null
!STACK 0
java.lang.NullPointerException: Cannot invoke "org.eclipse.lsp4e.server.StreamConnectionProvider.getInputStream()" because "this.lspStreamProvider" is null
	at org.eclipse.lsp4e.LanguageServerWrapper.lambda$1(LanguageServerWrapper.java:284)
	at java.base/java.util.concurrent.CompletableFuture$UniApply.tryFire(CompletableFuture.java:646)
	at java.base/java.util.concurrent.CompletableFuture.postComplete(CompletableFuture.java:510)
	at java.base/java.util.concurrent.CompletableFuture$AsyncSupply.run(CompletableFuture.java:1773)
	at java.base/java.util.concurrent.CompletableFuture$AsyncSupply.exec(CompletableFuture.java:1760)
	at java.base/java.util.concurrent.ForkJoinTask.doExec(ForkJoinTask.java:373)
	at java.base/java.util.concurrent.ForkJoinPool$WorkQueue.topLevelExec(ForkJoinPool.java:1182)
	at java.base/java.util.concurrent.ForkJoinPool.scan(ForkJoinPool.java:1655)
	at java.base/java.util.concurrent.ForkJoinPool.runWorker(ForkJoinPool.java:1622)
	at java.base/java.util.concurrent.ForkJoinWorkerThread.run(ForkJoinWorkerThread.java:165)

!ENTRY org.eclipse.lsp4e 4 0 2025-02-15 22:12:13.111
!MESSAGE プラグイン "org.eclipse.wildwebdeveloper" は、クラス "org.eclipse.wildwebdeveloper.html.HTMLLanguageServer" をインスタンス化できませんでした。
!STACK 1
org.eclipse.core.runtime.CoreException: プラグイン "org.eclipse.wildwebdeveloper" は、クラス "org.eclipse.wildwebdeveloper.html.HTMLLanguageServer" をインスタンス化できませんでした。
	at org.eclipse.core.internal.registry.osgi.RegistryStrategyOSGI.throwException(RegistryStrategyOSGI.java:212)
	at org.eclipse.core.internal.registry.osgi.RegistryStrategyOSGI.createExecutableExtension(RegistryStrategyOSGI.java:206)
	at org.eclipse.core.internal.registry.ExtensionRegistry.createExecutableExtension(ExtensionRegistry.java:920)
	at org.eclipse.core.internal.registry.ConfigurationElement.createExecutableExtension(ConfigurationElement.java:246)
	at org.eclipse.core.internal.registry.ConfigurationElementHandle.createExecutableExtension(ConfigurationElementHandle.java:63)
	at org.eclipse.lsp4e.LanguageServersRegistry$ExtensionLanguageServerDefinition.createConnectionProvider(LanguageServersRegistry.java:161)
	at org.eclipse.lsp4e.LanguageServerWrapper.lambda$0(LanguageServerWrapper.java:233)
	at java.base/java.util.concurrent.CompletableFuture$AsyncSupply.run(CompletableFuture.java:1768)
	at java.base/java.util.concurrent.CompletableFuture$AsyncSupply.exec(CompletableFuture.java:1760)
	at java.base/java.util.concurrent.ForkJoinTask.doExec(ForkJoinTask.java:373)
	at java.base/java.util.concurrent.ForkJoinPool$WorkQueue.topLevelExec(ForkJoinPool.java:1182)
	at java.base/java.util.concurrent.ForkJoinPool.scan(ForkJoinPool.java:1655)
	at java.base/java.util.concurrent.ForkJoinPool.runWorker(ForkJoinPool.java:1622)
	at java.base/java.util.concurrent.ForkJoinWorkerThread.run(ForkJoinWorkerThread.java:165)
Caused by: java.lang.reflect.InvocationTargetException
	at jdk.internal.reflect.GeneratedConstructorAccessor101.newInstance(Unknown Source)
	at java.base/jdk.internal.reflect.DelegatingConstructorAccessorImpl.newInstance(DelegatingConstructorAccessorImpl.java:45)
	at java.base/java.lang.reflect.Constructor.newInstanceWithCaller(Constructor.java:499)
	at java.base/java.lang.reflect.Constructor.newInstance(Constructor.java:480)
	at org.eclipse.core.internal.registry.osgi.RegistryStrategyOSGI.createExecutableExtension(RegistryStrategyOSGI.java:204)
	... 12 more
Caused by: java.lang.NullPointerException: Cannot invoke "java.io.File.getAbsolutePath()" because the return value of "org.eclipse.wildwebdeveloper.embedder.node.NodeJSManager.getNodeJsLocation()" is null
	at org.eclipse.wildwebdeveloper.html.HTMLLanguageServer.<init>(HTMLLanguageServer.java:40)
	... 17 more
!SUBENTRY 1 org.eclipse.equinox.registry 4 1 2025-02-15 22:12:13.111
!MESSAGE プラグイン "org.eclipse.wildwebdeveloper" は、クラス "org.eclipse.wildwebdeveloper.html.HTMLLanguageServer" をインスタンス化できませんでした。
!STACK 0
java.lang.reflect.InvocationTargetException
	at jdk.internal.reflect.GeneratedConstructorAccessor101.newInstance(Unknown Source)
	at java.base/jdk.internal.reflect.DelegatingConstructorAccessorImpl.newInstance(DelegatingConstructorAccessorImpl.java:45)
	at java.base/java.lang.reflect.Constructor.newInstanceWithCaller(Constructor.java:499)
	at java.base/java.lang.reflect.Constructor.newInstance(Constructor.java:480)
	at org.eclipse.core.internal.registry.osgi.RegistryStrategyOSGI.createExecutableExtension(RegistryStrategyOSGI.java:204)
	at org.eclipse.core.internal.registry.ExtensionRegistry.createExecutableExtension(ExtensionRegistry.java:920)
	at org.eclipse.core.internal.registry.ConfigurationElement.createExecutableExtension(ConfigurationElement.java:246)
	at org.eclipse.core.internal.registry.ConfigurationElementHandle.createExecutableExtension(ConfigurationElementHandle.java:63)
	at org.eclipse.lsp4e.LanguageServersRegistry$ExtensionLanguageServerDefinition.createConnectionProvider(LanguageServersRegistry.java:161)
	at org.eclipse.lsp4e.LanguageServerWrapper.lambda$0(LanguageServerWrapper.java:233)
	at java.base/java.util.concurrent.CompletableFuture$AsyncSupply.run(CompletableFuture.java:1768)
	at java.base/java.util.concurrent.CompletableFuture$AsyncSupply.exec(CompletableFuture.java:1760)
	at java.base/java.util.concurrent.ForkJoinTask.doExec(ForkJoinTask.java:373)
	at java.base/java.util.concurrent.ForkJoinPool$WorkQueue.topLevelExec(ForkJoinPool.java:1182)
	at java.base/java.util.concurrent.ForkJoinPool.scan(ForkJoinPool.java:1655)
	at java.base/java.util.concurrent.ForkJoinPool.runWorker(ForkJoinPool.java:1622)
	at java.base/java.util.concurrent.ForkJoinWorkerThread.run(ForkJoinWorkerThread.java:165)
Caused by: java.lang.NullPointerException: Cannot invoke "java.io.File.getAbsolutePath()" because the return value of "org.eclipse.wildwebdeveloper.embedder.node.NodeJSManager.getNodeJsLocation()" is null
	at org.eclipse.wildwebdeveloper.html.HTMLLanguageServer.<init>(HTMLLanguageServer.java:40)
	... 17 more
Root exception:
java.lang.NullPointerException: Cannot invoke "java.io.File.getAbsolutePath()" because the return value of "org.eclipse.wildwebdeveloper.embedder.node.NodeJSManager.getNodeJsLocation()" is null
	at org.eclipse.wildwebdeveloper.html.HTMLLanguageServer.<init>(HTMLLanguageServer.java:40)
	at jdk.internal.reflect.GeneratedConstructorAccessor101.newInstance(Unknown Source)
	at java.base/jdk.internal.reflect.DelegatingConstructorAccessorImpl.newInstance(DelegatingConstructorAccessorImpl.java:45)
	at java.base/java.lang.reflect.Constructor.newInstanceWithCaller(Constructor.java:499)
	at java.base/java.lang.reflect.Constructor.newInstance(Constructor.java:480)
	at org.eclipse.core.internal.registry.osgi.RegistryStrategyOSGI.createExecutableExtension(RegistryStrategyOSGI.java:204)
	at org.eclipse.core.internal.registry.ExtensionRegistry.createExecutableExtension(ExtensionRegistry.java:920)
	at org.eclipse.core.internal.registry.ConfigurationElement.createExecutableExtension(ConfigurationElement.java:246)
	at org.eclipse.core.internal.registry.ConfigurationElementHandle.createExecutableExtension(ConfigurationElementHandle.java:63)
	at org.eclipse.lsp4e.LanguageServersRegistry$ExtensionLanguageServerDefinition.createConnectionProvider(LanguageServersRegistry.java:161)
	at org.eclipse.lsp4e.LanguageServerWrapper.lambda$0(LanguageServerWrapper.java:233)
	at java.base/java.util.concurrent.CompletableFuture$AsyncSupply.run(CompletableFuture.java:1768)
	at java.base/java.util.concurrent.CompletableFuture$AsyncSupply.exec(CompletableFuture.java:1760)
	at java.base/java.util.concurrent.ForkJoinTask.doExec(ForkJoinTask.java:373)
	at java.base/java.util.concurrent.ForkJoinPool$WorkQueue.topLevelExec(ForkJoinPool.java:1182)
	at java.base/java.util.concurrent.ForkJoinPool.scan(ForkJoinPool.java:1655)
	at java.base/java.util.concurrent.ForkJoinPool.runWorker(ForkJoinPool.java:1622)
	at java.base/java.util.concurrent.ForkJoinWorkerThread.run(ForkJoinWorkerThread.java:165)

!ENTRY org.eclipse.lsp4e 4 0 2025-02-15 22:12:13.112
!MESSAGE Exception occurred while creating an instance of the stream connection provider
!STACK 0
java.lang.RuntimeException: Exception occurred while creating an instance of the stream connection provider
	at org.eclipse.lsp4e.LanguageServersRegistry$ExtensionLanguageServerDefinition.createConnectionProvider(LanguageServersRegistry.java:164)
	at org.eclipse.lsp4e.LanguageServerWrapper.lambda$0(LanguageServerWrapper.java:233)
	at java.base/java.util.concurrent.CompletableFuture$AsyncSupply.run(CompletableFuture.java:1768)
	at java.base/java.util.concurrent.CompletableFuture$AsyncSupply.exec(CompletableFuture.java:1760)
	at java.base/java.util.concurrent.ForkJoinTask.doExec(ForkJoinTask.java:373)
	at java.base/java.util.concurrent.ForkJoinPool$WorkQueue.topLevelExec(ForkJoinPool.java:1182)
	at java.base/java.util.concurrent.ForkJoinPool.scan(ForkJoinPool.java:1655)
	at java.base/java.util.concurrent.ForkJoinPool.runWorker(ForkJoinPool.java:1622)
	at java.base/java.util.concurrent.ForkJoinWorkerThread.run(ForkJoinWorkerThread.java:165)
Caused by: org.eclipse.core.runtime.CoreException: プラグイン "org.eclipse.wildwebdeveloper" は、クラス "org.eclipse.wildwebdeveloper.html.HTMLLanguageServer" をインスタンス化できませんでした。
	at org.eclipse.core.internal.registry.osgi.RegistryStrategyOSGI.throwException(RegistryStrategyOSGI.java:212)
	at org.eclipse.core.internal.registry.osgi.RegistryStrategyOSGI.createExecutableExtension(RegistryStrategyOSGI.java:206)
	at org.eclipse.core.internal.registry.ExtensionRegistry.createExecutableExtension(ExtensionRegistry.java:920)
	at org.eclipse.core.internal.registry.ConfigurationElement.createExecutableExtension(ConfigurationElement.java:246)
	at org.eclipse.core.internal.registry.ConfigurationElementHandle.createExecutableExtension(ConfigurationElementHandle.java:63)
	at org.eclipse.lsp4e.LanguageServersRegistry$ExtensionLanguageServerDefinition.createConnectionProvider(LanguageServersRegistry.java:161)
	... 8 more
Caused by: java.lang.reflect.InvocationTargetException
	at jdk.internal.reflect.GeneratedConstructorAccessor101.newInstance(Unknown Source)
	at java.base/jdk.internal.reflect.DelegatingConstructorAccessorImpl.newInstance(DelegatingConstructorAccessorImpl.java:45)
	at java.base/java.lang.reflect.Constructor.newInstanceWithCaller(Constructor.java:499)
	at java.base/java.lang.reflect.Constructor.newInstance(Constructor.java:480)
	at org.eclipse.core.internal.registry.osgi.RegistryStrategyOSGI.createExecutableExtension(RegistryStrategyOSGI.java:204)
	... 12 more
Caused by: java.lang.NullPointerException: Cannot invoke "java.io.File.getAbsolutePath()" because the return value of "org.eclipse.wildwebdeveloper.embedder.node.NodeJSManager.getNodeJsLocation()" is null
	at org.eclipse.wildwebdeveloper.html.HTMLLanguageServer.<init>(HTMLLanguageServer.java:40)
	... 17 more

!ENTRY org.eclipse.lsp4e 4 0 2025-02-15 22:12:13.113
!MESSAGE Cannot invoke "org.eclipse.lsp4e.server.StreamConnectionProvider.getInputStream()" because "this.lspStreamProvider" is null
!STACK 0
java.lang.NullPointerException: Cannot invoke "org.eclipse.lsp4e.server.StreamConnectionProvider.getInputStream()" because "this.lspStreamProvider" is null
	at org.eclipse.lsp4e.LanguageServerWrapper.lambda$1(LanguageServerWrapper.java:284)
	at java.base/java.util.concurrent.CompletableFuture$UniApply.tryFire(CompletableFuture.java:646)
	at java.base/java.util.concurrent.CompletableFuture.postComplete(CompletableFuture.java:510)
	at java.base/java.util.concurrent.CompletableFuture$AsyncSupply.run(CompletableFuture.java:1773)
	at java.base/java.util.concurrent.CompletableFuture$AsyncSupply.exec(CompletableFuture.java:1760)
	at java.base/java.util.concurrent.ForkJoinTask.doExec(ForkJoinTask.java:373)
	at java.base/java.util.concurrent.ForkJoinPool$WorkQueue.topLevelExec(ForkJoinPool.java:1182)
	at java.base/java.util.concurrent.ForkJoinPool.scan(ForkJoinPool.java:1655)
	at java.base/java.util.concurrent.ForkJoinPool.runWorker(ForkJoinPool.java:1622)
	at java.base/java.util.concurrent.ForkJoinWorkerThread.run(ForkJoinWorkerThread.java:165)

!ENTRY org.eclipse.lsp4e 4 0 2025-02-15 22:13:17.212
!MESSAGE プラグイン "org.eclipse.wildwebdeveloper" は、クラス "org.eclipse.wildwebdeveloper.angular.AngularLanguageServer" をインスタンス化できませんでした。
!STACK 1
org.eclipse.core.runtime.CoreException: プラグイン "org.eclipse.wildwebdeveloper" は、クラス "org.eclipse.wildwebdeveloper.angular.AngularLanguageServer" をインスタンス化できませんでした。
	at org.eclipse.core.internal.registry.osgi.RegistryStrategyOSGI.throwException(RegistryStrategyOSGI.java:212)
	at org.eclipse.core.internal.registry.osgi.RegistryStrategyOSGI.createExecutableExtension(RegistryStrategyOSGI.java:206)
	at org.eclipse.core.internal.registry.ExtensionRegistry.createExecutableExtension(ExtensionRegistry.java:920)
	at org.eclipse.core.internal.registry.ConfigurationElement.createExecutableExtension(ConfigurationElement.java:246)
	at org.eclipse.core.internal.registry.ConfigurationElementHandle.createExecutableExtension(ConfigurationElementHandle.java:63)
	at org.eclipse.lsp4e.LanguageServersRegistry$ExtensionLanguageServerDefinition.createConnectionProvider(LanguageServersRegistry.java:161)
	at org.eclipse.lsp4e.LanguageServerWrapper.lambda$0(LanguageServerWrapper.java:233)
	at java.base/java.util.concurrent.CompletableFuture$AsyncSupply.run(CompletableFuture.java:1768)
	at java.base/java.util.concurrent.CompletableFuture$AsyncSupply.exec(CompletableFuture.java:1760)
	at java.base/java.util.concurrent.ForkJoinTask.doExec(ForkJoinTask.java:373)
	at java.base/java.util.concurrent.ForkJoinPool$WorkQueue.topLevelExec(ForkJoinPool.java:1182)
	at java.base/java.util.concurrent.ForkJoinPool.scan(ForkJoinPool.java:1655)
	at java.base/java.util.concurrent.ForkJoinPool.runWorker(ForkJoinPool.java:1622)
	at java.base/java.util.concurrent.ForkJoinWorkerThread.run(ForkJoinWorkerThread.java:165)
Caused by: java.lang.reflect.InvocationTargetException
	at jdk.internal.reflect.GeneratedConstructorAccessor99.newInstance(Unknown Source)
	at java.base/jdk.internal.reflect.DelegatingConstructorAccessorImpl.newInstance(DelegatingConstructorAccessorImpl.java:45)
	at java.base/java.lang.reflect.Constructor.newInstanceWithCaller(Constructor.java:499)
	at java.base/java.lang.reflect.Constructor.newInstance(Constructor.java:480)
	at org.eclipse.core.internal.registry.osgi.RegistryStrategyOSGI.createExecutableExtension(RegistryStrategyOSGI.java:204)
	... 12 more
Caused by: java.lang.NullPointerException: Cannot invoke "java.io.File.getAbsolutePath()" because the return value of "org.eclipse.wildwebdeveloper.embedder.node.NodeJSManager.getNodeJsLocation()" is null
	at org.eclipse.wildwebdeveloper.angular.AngularLanguageServer.<init>(AngularLanguageServer.java:43)
	... 17 more
!SUBENTRY 1 org.eclipse.equinox.registry 4 1 2025-02-15 22:13:17.212
!MESSAGE プラグイン "org.eclipse.wildwebdeveloper" は、クラス "org.eclipse.wildwebdeveloper.angular.AngularLanguageServer" をインスタンス化できませんでした。
!STACK 0
java.lang.reflect.InvocationTargetException
	at jdk.internal.reflect.GeneratedConstructorAccessor99.newInstance(Unknown Source)
	at java.base/jdk.internal.reflect.DelegatingConstructorAccessorImpl.newInstance(DelegatingConstructorAccessorImpl.java:45)
	at java.base/java.lang.reflect.Constructor.newInstanceWithCaller(Constructor.java:499)
	at java.base/java.lang.reflect.Constructor.newInstance(Constructor.java:480)
	at org.eclipse.core.internal.registry.osgi.RegistryStrategyOSGI.createExecutableExtension(RegistryStrategyOSGI.java:204)
	at org.eclipse.core.internal.registry.ExtensionRegistry.createExecutableExtension(ExtensionRegistry.java:920)
	at org.eclipse.core.internal.registry.ConfigurationElement.createExecutableExtension(ConfigurationElement.java:246)
	at org.eclipse.core.internal.registry.ConfigurationElementHandle.createExecutableExtension(ConfigurationElementHandle.java:63)
	at org.eclipse.lsp4e.LanguageServersRegistry$ExtensionLanguageServerDefinition.createConnectionProvider(LanguageServersRegistry.java:161)
	at org.eclipse.lsp4e.LanguageServerWrapper.lambda$0(LanguageServerWrapper.java:233)
	at java.base/java.util.concurrent.CompletableFuture$AsyncSupply.run(CompletableFuture.java:1768)
	at java.base/java.util.concurrent.CompletableFuture$AsyncSupply.exec(CompletableFuture.java:1760)
	at java.base/java.util.concurrent.ForkJoinTask.doExec(ForkJoinTask.java:373)
	at java.base/java.util.concurrent.ForkJoinPool$WorkQueue.topLevelExec(ForkJoinPool.java:1182)
	at java.base/java.util.concurrent.ForkJoinPool.scan(ForkJoinPool.java:1655)
	at java.base/java.util.concurrent.ForkJoinPool.runWorker(ForkJoinPool.java:1622)
	at java.base/java.util.concurrent.ForkJoinWorkerThread.run(ForkJoinWorkerThread.java:165)
Caused by: java.lang.NullPointerException: Cannot invoke "java.io.File.getAbsolutePath()" because the return value of "org.eclipse.wildwebdeveloper.embedder.node.NodeJSManager.getNodeJsLocation()" is null
	at org.eclipse.wildwebdeveloper.angular.AngularLanguageServer.<init>(AngularLanguageServer.java:43)
	... 17 more
Root exception:
java.lang.NullPointerException: Cannot invoke "java.io.File.getAbsolutePath()" because the return value of "org.eclipse.wildwebdeveloper.embedder.node.NodeJSManager.getNodeJsLocation()" is null
	at org.eclipse.wildwebdeveloper.angular.AngularLanguageServer.<init>(AngularLanguageServer.java:43)
	at jdk.internal.reflect.GeneratedConstructorAccessor99.newInstance(Unknown Source)
	at java.base/jdk.internal.reflect.DelegatingConstructorAccessorImpl.newInstance(DelegatingConstructorAccessorImpl.java:45)
	at java.base/java.lang.reflect.Constructor.newInstanceWithCaller(Constructor.java:499)
	at java.base/java.lang.reflect.Constructor.newInstance(Constructor.java:480)
	at org.eclipse.core.internal.registry.osgi.RegistryStrategyOSGI.createExecutableExtension(RegistryStrategyOSGI.java:204)
	at org.eclipse.core.internal.registry.ExtensionRegistry.createExecutableExtension(ExtensionRegistry.java:920)
	at org.eclipse.core.internal.registry.ConfigurationElement.createExecutableExtension(ConfigurationElement.java:246)
	at org.eclipse.core.internal.registry.ConfigurationElementHandle.createExecutableExtension(ConfigurationElementHandle.java:63)
	at org.eclipse.lsp4e.LanguageServersRegistry$ExtensionLanguageServerDefinition.createConnectionProvider(LanguageServersRegistry.java:161)
	at org.eclipse.lsp4e.LanguageServerWrapper.lambda$0(LanguageServerWrapper.java:233)
	at java.base/java.util.concurrent.CompletableFuture$AsyncSupply.run(CompletableFuture.java:1768)
	at java.base/java.util.concurrent.CompletableFuture$AsyncSupply.exec(CompletableFuture.java:1760)
	at java.base/java.util.concurrent.ForkJoinTask.doExec(ForkJoinTask.java:373)
	at java.base/java.util.concurrent.ForkJoinPool$WorkQueue.topLevelExec(ForkJoinPool.java:1182)
	at java.base/java.util.concurrent.ForkJoinPool.scan(ForkJoinPool.java:1655)
	at java.base/java.util.concurrent.ForkJoinPool.runWorker(ForkJoinPool.java:1622)
	at java.base/java.util.concurrent.ForkJoinWorkerThread.run(ForkJoinWorkerThread.java:165)

!ENTRY org.eclipse.lsp4e 4 0 2025-02-15 22:13:17.213
!MESSAGE Exception occurred while creating an instance of the stream connection provider
!STACK 0
java.lang.RuntimeException: Exception occurred while creating an instance of the stream connection provider
	at org.eclipse.lsp4e.LanguageServersRegistry$ExtensionLanguageServerDefinition.createConnectionProvider(LanguageServersRegistry.java:164)
	at org.eclipse.lsp4e.LanguageServerWrapper.lambda$0(LanguageServerWrapper.java:233)
	at java.base/java.util.concurrent.CompletableFuture$AsyncSupply.run(CompletableFuture.java:1768)
	at java.base/java.util.concurrent.CompletableFuture$AsyncSupply.exec(CompletableFuture.java:1760)
	at java.base/java.util.concurrent.ForkJoinTask.doExec(ForkJoinTask.java:373)
	at java.base/java.util.concurrent.ForkJoinPool$WorkQueue.topLevelExec(ForkJoinPool.java:1182)
	at java.base/java.util.concurrent.ForkJoinPool.scan(ForkJoinPool.java:1655)
	at java.base/java.util.concurrent.ForkJoinPool.runWorker(ForkJoinPool.java:1622)
	at java.base/java.util.concurrent.ForkJoinWorkerThread.run(ForkJoinWorkerThread.java:165)
Caused by: org.eclipse.core.runtime.CoreException: プラグイン "org.eclipse.wildwebdeveloper" は、クラス "org.eclipse.wildwebdeveloper.angular.AngularLanguageServer" をインスタンス化できませんでした。
	at org.eclipse.core.internal.registry.osgi.RegistryStrategyOSGI.throwException(RegistryStrategyOSGI.java:212)
	at org.eclipse.core.internal.registry.osgi.RegistryStrategyOSGI.createExecutableExtension(RegistryStrategyOSGI.java:206)
	at org.eclipse.core.internal.registry.ExtensionRegistry.createExecutableExtension(ExtensionRegistry.java:920)
	at org.eclipse.core.internal.registry.ConfigurationElement.createExecutableExtension(ConfigurationElement.java:246)
	at org.eclipse.core.internal.registry.ConfigurationElementHandle.createExecutableExtension(ConfigurationElementHandle.java:63)
	at org.eclipse.lsp4e.LanguageServersRegistry$ExtensionLanguageServerDefinition.createConnectionProvider(LanguageServersRegistry.java:161)
	... 8 more
Caused by: java.lang.reflect.InvocationTargetException
	at jdk.internal.reflect.GeneratedConstructorAccessor99.newInstance(Unknown Source)
	at java.base/jdk.internal.reflect.DelegatingConstructorAccessorImpl.newInstance(DelegatingConstructorAccessorImpl.java:45)
	at java.base/java.lang.reflect.Constructor.newInstanceWithCaller(Constructor.java:499)
	at java.base/java.lang.reflect.Constructor.newInstance(Constructor.java:480)
	at org.eclipse.core.internal.registry.osgi.RegistryStrategyOSGI.createExecutableExtension(RegistryStrategyOSGI.java:204)
	... 12 more
Caused by: java.lang.NullPointerException: Cannot invoke "java.io.File.getAbsolutePath()" because the return value of "org.eclipse.wildwebdeveloper.embedder.node.NodeJSManager.getNodeJsLocation()" is null
	at org.eclipse.wildwebdeveloper.angular.AngularLanguageServer.<init>(AngularLanguageServer.java:43)
	... 17 more

!ENTRY org.eclipse.lsp4e 4 0 2025-02-15 22:13:17.214
!MESSAGE Cannot invoke "org.eclipse.lsp4e.server.StreamConnectionProvider.getInputStream()" because "this.lspStreamProvider" is null
!STACK 0
java.lang.NullPointerException: Cannot invoke "org.eclipse.lsp4e.server.StreamConnectionProvider.getInputStream()" because "this.lspStreamProvider" is null
	at org.eclipse.lsp4e.LanguageServerWrapper.lambda$1(LanguageServerWrapper.java:284)
	at java.base/java.util.concurrent.CompletableFuture$UniApply.tryFire(CompletableFuture.java:646)
	at java.base/java.util.concurrent.CompletableFuture.postComplete(CompletableFuture.java:510)
	at java.base/java.util.concurrent.CompletableFuture$AsyncSupply.run(CompletableFuture.java:1773)
	at java.base/java.util.concurrent.CompletableFuture$AsyncSupply.exec(CompletableFuture.java:1760)
	at java.base/java.util.concurrent.ForkJoinTask.doExec(ForkJoinTask.java:373)
	at java.base/java.util.concurrent.ForkJoinPool$WorkQueue.topLevelExec(ForkJoinPool.java:1182)
	at java.base/java.util.concurrent.ForkJoinPool.scan(ForkJoinPool.java:1655)
	at java.base/java.util.concurrent.ForkJoinPool.runWorker(ForkJoinPool.java:1622)
	at java.base/java.util.concurrent.ForkJoinWorkerThread.run(ForkJoinWorkerThread.java:165)

!ENTRY org.eclipse.lsp4e 4 0 2025-02-15 22:13:17.216
!MESSAGE プラグイン "org.eclipse.wildwebdeveloper" は、クラス "org.eclipse.wildwebdeveloper.html.HTMLLanguageServer" をインスタンス化できませんでした。
!STACK 1
org.eclipse.core.runtime.CoreException: プラグイン "org.eclipse.wildwebdeveloper" は、クラス "org.eclipse.wildwebdeveloper.html.HTMLLanguageServer" をインスタンス化できませんでした。
	at org.eclipse.core.internal.registry.osgi.RegistryStrategyOSGI.throwException(RegistryStrategyOSGI.java:212)
	at org.eclipse.core.internal.registry.osgi.RegistryStrategyOSGI.createExecutableExtension(RegistryStrategyOSGI.java:206)
	at org.eclipse.core.internal.registry.ExtensionRegistry.createExecutableExtension(ExtensionRegistry.java:920)
	at org.eclipse.core.internal.registry.ConfigurationElement.createExecutableExtension(ConfigurationElement.java:246)
	at org.eclipse.core.internal.registry.ConfigurationElementHandle.createExecutableExtension(ConfigurationElementHandle.java:63)
	at org.eclipse.lsp4e.LanguageServersRegistry$ExtensionLanguageServerDefinition.createConnectionProvider(LanguageServersRegistry.java:161)
	at org.eclipse.lsp4e.LanguageServerWrapper.lambda$0(LanguageServerWrapper.java:233)
	at java.base/java.util.concurrent.CompletableFuture$AsyncSupply.run(CompletableFuture.java:1768)
	at java.base/java.util.concurrent.CompletableFuture$AsyncSupply.exec(CompletableFuture.java:1760)
	at java.base/java.util.concurrent.ForkJoinTask.doExec(ForkJoinTask.java:373)
	at java.base/java.util.concurrent.ForkJoinPool$WorkQueue.topLevelExec(ForkJoinPool.java:1182)
	at java.base/java.util.concurrent.ForkJoinPool.scan(ForkJoinPool.java:1655)
	at java.base/java.util.concurrent.ForkJoinPool.runWorker(ForkJoinPool.java:1622)
	at java.base/java.util.concurrent.ForkJoinWorkerThread.run(ForkJoinWorkerThread.java:165)
Caused by: java.lang.reflect.InvocationTargetException
	at jdk.internal.reflect.GeneratedConstructorAccessor101.newInstance(Unknown Source)
	at java.base/jdk.internal.reflect.DelegatingConstructorAccessorImpl.newInstance(DelegatingConstructorAccessorImpl.java:45)
	at java.base/java.lang.reflect.Constructor.newInstanceWithCaller(Constructor.java:499)
	at java.base/java.lang.reflect.Constructor.newInstance(Constructor.java:480)
	at org.eclipse.core.internal.registry.osgi.RegistryStrategyOSGI.createExecutableExtension(RegistryStrategyOSGI.java:204)
	... 12 more
Caused by: java.lang.NullPointerException: Cannot invoke "java.io.File.getAbsolutePath()" because the return value of "org.eclipse.wildwebdeveloper.embedder.node.NodeJSManager.getNodeJsLocation()" is null
	at org.eclipse.wildwebdeveloper.html.HTMLLanguageServer.<init>(HTMLLanguageServer.java:40)
	... 17 more
!SUBENTRY 1 org.eclipse.equinox.registry 4 1 2025-02-15 22:13:17.216
!MESSAGE プラグイン "org.eclipse.wildwebdeveloper" は、クラス "org.eclipse.wildwebdeveloper.html.HTMLLanguageServer" をインスタンス化できませんでした。
!STACK 0
java.lang.reflect.InvocationTargetException
	at jdk.internal.reflect.GeneratedConstructorAccessor101.newInstance(Unknown Source)
	at java.base/jdk.internal.reflect.DelegatingConstructorAccessorImpl.newInstance(DelegatingConstructorAccessorImpl.java:45)
	at java.base/java.lang.reflect.Constructor.newInstanceWithCaller(Constructor.java:499)
	at java.base/java.lang.reflect.Constructor.newInstance(Constructor.java:480)
	at org.eclipse.core.internal.registry.osgi.RegistryStrategyOSGI.createExecutableExtension(RegistryStrategyOSGI.java:204)
	at org.eclipse.core.internal.registry.ExtensionRegistry.createExecutableExtension(ExtensionRegistry.java:920)
	at org.eclipse.core.internal.registry.ConfigurationElement.createExecutableExtension(ConfigurationElement.java:246)
	at org.eclipse.core.internal.registry.ConfigurationElementHandle.createExecutableExtension(ConfigurationElementHandle.java:63)
	at org.eclipse.lsp4e.LanguageServersRegistry$ExtensionLanguageServerDefinition.createConnectionProvider(LanguageServersRegistry.java:161)
	at org.eclipse.lsp4e.LanguageServerWrapper.lambda$0(LanguageServerWrapper.java:233)
	at java.base/java.util.concurrent.CompletableFuture$AsyncSupply.run(CompletableFuture.java:1768)
	at java.base/java.util.concurrent.CompletableFuture$AsyncSupply.exec(CompletableFuture.java:1760)
	at java.base/java.util.concurrent.ForkJoinTask.doExec(ForkJoinTask.java:373)
	at java.base/java.util.concurrent.ForkJoinPool$WorkQueue.topLevelExec(ForkJoinPool.java:1182)
	at java.base/java.util.concurrent.ForkJoinPool.scan(ForkJoinPool.java:1655)
	at java.base/java.util.concurrent.ForkJoinPool.runWorker(ForkJoinPool.java:1622)
	at java.base/java.util.concurrent.ForkJoinWorkerThread.run(ForkJoinWorkerThread.java:165)
Caused by: java.lang.NullPointerException: Cannot invoke "java.io.File.getAbsolutePath()" because the return value of "org.eclipse.wildwebdeveloper.embedder.node.NodeJSManager.getNodeJsLocation()" is null
	at org.eclipse.wildwebdeveloper.html.HTMLLanguageServer.<init>(HTMLLanguageServer.java:40)
	... 17 more
Root exception:
java.lang.NullPointerException: Cannot invoke "java.io.File.getAbsolutePath()" because the return value of "org.eclipse.wildwebdeveloper.embedder.node.NodeJSManager.getNodeJsLocation()" is null
	at org.eclipse.wildwebdeveloper.html.HTMLLanguageServer.<init>(HTMLLanguageServer.java:40)
	at jdk.internal.reflect.GeneratedConstructorAccessor101.newInstance(Unknown Source)
	at java.base/jdk.internal.reflect.DelegatingConstructorAccessorImpl.newInstance(DelegatingConstructorAccessorImpl.java:45)
	at java.base/java.lang.reflect.Constructor.newInstanceWithCaller(Constructor.java:499)
	at java.base/java.lang.reflect.Constructor.newInstance(Constructor.java:480)
	at org.eclipse.core.internal.registry.osgi.RegistryStrategyOSGI.createExecutableExtension(RegistryStrategyOSGI.java:204)
	at org.eclipse.core.internal.registry.ExtensionRegistry.createExecutableExtension(ExtensionRegistry.java:920)
	at org.eclipse.core.internal.registry.ConfigurationElement.createExecutableExtension(ConfigurationElement.java:246)
	at org.eclipse.core.internal.registry.ConfigurationElementHandle.createExecutableExtension(ConfigurationElementHandle.java:63)
	at org.eclipse.lsp4e.LanguageServersRegistry$ExtensionLanguageServerDefinition.createConnectionProvider(LanguageServersRegistry.java:161)
	at org.eclipse.lsp4e.LanguageServerWrapper.lambda$0(LanguageServerWrapper.java:233)
	at java.base/java.util.concurrent.CompletableFuture$AsyncSupply.run(CompletableFuture.java:1768)
	at java.base/java.util.concurrent.CompletableFuture$AsyncSupply.exec(CompletableFuture.java:1760)
	at java.base/java.util.concurrent.ForkJoinTask.doExec(ForkJoinTask.java:373)
	at java.base/java.util.concurrent.ForkJoinPool$WorkQueue.topLevelExec(ForkJoinPool.java:1182)
	at java.base/java.util.concurrent.ForkJoinPool.scan(ForkJoinPool.java:1655)
	at java.base/java.util.concurrent.ForkJoinPool.runWorker(ForkJoinPool.java:1622)
	at java.base/java.util.concurrent.ForkJoinWorkerThread.run(ForkJoinWorkerThread.java:165)

!ENTRY org.eclipse.lsp4e 4 0 2025-02-15 22:13:17.217
!MESSAGE Exception occurred while creating an instance of the stream connection provider
!STACK 0
java.lang.RuntimeException: Exception occurred while creating an instance of the stream connection provider
	at org.eclipse.lsp4e.LanguageServersRegistry$ExtensionLanguageServerDefinition.createConnectionProvider(LanguageServersRegistry.java:164)
	at org.eclipse.lsp4e.LanguageServerWrapper.lambda$0(LanguageServerWrapper.java:233)
	at java.base/java.util.concurrent.CompletableFuture$AsyncSupply.run(CompletableFuture.java:1768)
	at java.base/java.util.concurrent.CompletableFuture$AsyncSupply.exec(CompletableFuture.java:1760)
	at java.base/java.util.concurrent.ForkJoinTask.doExec(ForkJoinTask.java:373)
	at java.base/java.util.concurrent.ForkJoinPool$WorkQueue.topLevelExec(ForkJoinPool.java:1182)
	at java.base/java.util.concurrent.ForkJoinPool.scan(ForkJoinPool.java:1655)
	at java.base/java.util.concurrent.ForkJoinPool.runWorker(ForkJoinPool.java:1622)
	at java.base/java.util.concurrent.ForkJoinWorkerThread.run(ForkJoinWorkerThread.java:165)
Caused by: org.eclipse.core.runtime.CoreException: プラグイン "org.eclipse.wildwebdeveloper" は、クラス "org.eclipse.wildwebdeveloper.html.HTMLLanguageServer" をインスタンス化できませんでした。
	at org.eclipse.core.internal.registry.osgi.RegistryStrategyOSGI.throwException(RegistryStrategyOSGI.java:212)
	at org.eclipse.core.internal.registry.osgi.RegistryStrategyOSGI.createExecutableExtension(RegistryStrategyOSGI.java:206)
	at org.eclipse.core.internal.registry.ExtensionRegistry.createExecutableExtension(ExtensionRegistry.java:920)
	at org.eclipse.core.internal.registry.ConfigurationElement.createExecutableExtension(ConfigurationElement.java:246)
	at org.eclipse.core.internal.registry.ConfigurationElementHandle.createExecutableExtension(ConfigurationElementHandle.java:63)
	at org.eclipse.lsp4e.LanguageServersRegistry$ExtensionLanguageServerDefinition.createConnectionProvider(LanguageServersRegistry.java:161)
	... 8 more
Caused by: java.lang.reflect.InvocationTargetException
	at jdk.internal.reflect.GeneratedConstructorAccessor101.newInstance(Unknown Source)
	at java.base/jdk.internal.reflect.DelegatingConstructorAccessorImpl.newInstance(DelegatingConstructorAccessorImpl.java:45)
	at java.base/java.lang.reflect.Constructor.newInstanceWithCaller(Constructor.java:499)
	at java.base/java.lang.reflect.Constructor.newInstance(Constructor.java:480)
	at org.eclipse.core.internal.registry.osgi.RegistryStrategyOSGI.createExecutableExtension(RegistryStrategyOSGI.java:204)
	... 12 more
Caused by: java.lang.NullPointerException: Cannot invoke "java.io.File.getAbsolutePath()" because the return value of "org.eclipse.wildwebdeveloper.embedder.node.NodeJSManager.getNodeJsLocation()" is null
	at org.eclipse.wildwebdeveloper.html.HTMLLanguageServer.<init>(HTMLLanguageServer.java:40)
	... 17 more

!ENTRY org.eclipse.lsp4e 4 0 2025-02-15 22:13:17.218
!MESSAGE Cannot invoke "org.eclipse.lsp4e.server.StreamConnectionProvider.getInputStream()" because "this.lspStreamProvider" is null
!STACK 0
java.lang.NullPointerException: Cannot invoke "org.eclipse.lsp4e.server.StreamConnectionProvider.getInputStream()" because "this.lspStreamProvider" is null
	at org.eclipse.lsp4e.LanguageServerWrapper.lambda$1(LanguageServerWrapper.java:284)
	at java.base/java.util.concurrent.CompletableFuture$UniApply.tryFire(CompletableFuture.java:646)
	at java.base/java.util.concurrent.CompletableFuture.postComplete(CompletableFuture.java:510)
	at java.base/java.util.concurrent.CompletableFuture$AsyncSupply.run(CompletableFuture.java:1773)
	at java.base/java.util.concurrent.CompletableFuture$AsyncSupply.exec(CompletableFuture.java:1760)
	at java.base/java.util.concurrent.ForkJoinTask.doExec(ForkJoinTask.java:373)
	at java.base/java.util.concurrent.ForkJoinPool$WorkQueue.topLevelExec(ForkJoinPool.java:1182)
	at java.base/java.util.concurrent.ForkJoinPool.scan(ForkJoinPool.java:1655)
	at java.base/java.util.concurrent.ForkJoinPool.runWorker(ForkJoinPool.java:1622)
	at java.base/java.util.concurrent.ForkJoinWorkerThread.run(ForkJoinWorkerThread.java:165)

!ENTRY org.eclipse.lsp4e 4 0 2025-02-15 22:13:28.117
!MESSAGE プラグイン "org.eclipse.wildwebdeveloper" は、クラス "org.eclipse.wildwebdeveloper.angular.AngularLanguageServer" をインスタンス化できませんでした。
!STACK 1
org.eclipse.core.runtime.CoreException: プラグイン "org.eclipse.wildwebdeveloper" は、クラス "org.eclipse.wildwebdeveloper.angular.AngularLanguageServer" をインスタンス化できませんでした。
	at org.eclipse.core.internal.registry.osgi.RegistryStrategyOSGI.throwException(RegistryStrategyOSGI.java:212)
	at org.eclipse.core.internal.registry.osgi.RegistryStrategyOSGI.createExecutableExtension(RegistryStrategyOSGI.java:206)
	at org.eclipse.core.internal.registry.ExtensionRegistry.createExecutableExtension(ExtensionRegistry.java:920)
	at org.eclipse.core.internal.registry.ConfigurationElement.createExecutableExtension(ConfigurationElement.java:246)
	at org.eclipse.core.internal.registry.ConfigurationElementHandle.createExecutableExtension(ConfigurationElementHandle.java:63)
	at org.eclipse.lsp4e.LanguageServersRegistry$ExtensionLanguageServerDefinition.createConnectionProvider(LanguageServersRegistry.java:161)
	at org.eclipse.lsp4e.LanguageServerWrapper.lambda$0(LanguageServerWrapper.java:233)
	at java.base/java.util.concurrent.CompletableFuture$AsyncSupply.run(CompletableFuture.java:1768)
	at java.base/java.util.concurrent.CompletableFuture$AsyncSupply.exec(CompletableFuture.java:1760)
	at java.base/java.util.concurrent.ForkJoinTask.doExec(ForkJoinTask.java:373)
	at java.base/java.util.concurrent.ForkJoinPool$WorkQueue.topLevelExec(ForkJoinPool.java:1182)
	at java.base/java.util.concurrent.ForkJoinPool.scan(ForkJoinPool.java:1655)
	at java.base/java.util.concurrent.ForkJoinPool.runWorker(ForkJoinPool.java:1622)
	at java.base/java.util.concurrent.ForkJoinWorkerThread.run(ForkJoinWorkerThread.java:165)
Caused by: java.lang.reflect.InvocationTargetException
	at jdk.internal.reflect.GeneratedConstructorAccessor99.newInstance(Unknown Source)
	at java.base/jdk.internal.reflect.DelegatingConstructorAccessorImpl.newInstance(DelegatingConstructorAccessorImpl.java:45)
	at java.base/java.lang.reflect.Constructor.newInstanceWithCaller(Constructor.java:499)
	at java.base/java.lang.reflect.Constructor.newInstance(Constructor.java:480)
	at org.eclipse.core.internal.registry.osgi.RegistryStrategyOSGI.createExecutableExtension(RegistryStrategyOSGI.java:204)
	... 12 more
Caused by: java.lang.NullPointerException: Cannot invoke "java.io.File.getAbsolutePath()" because the return value of "org.eclipse.wildwebdeveloper.embedder.node.NodeJSManager.getNodeJsLocation()" is null
	at org.eclipse.wildwebdeveloper.angular.AngularLanguageServer.<init>(AngularLanguageServer.java:43)
	... 17 more
!SUBENTRY 1 org.eclipse.equinox.registry 4 1 2025-02-15 22:13:28.118
!MESSAGE プラグイン "org.eclipse.wildwebdeveloper" は、クラス "org.eclipse.wildwebdeveloper.angular.AngularLanguageServer" をインスタンス化できませんでした。
!STACK 0
java.lang.reflect.InvocationTargetException
	at jdk.internal.reflect.GeneratedConstructorAccessor99.newInstance(Unknown Source)
	at java.base/jdk.internal.reflect.DelegatingConstructorAccessorImpl.newInstance(DelegatingConstructorAccessorImpl.java:45)
	at java.base/java.lang.reflect.Constructor.newInstanceWithCaller(Constructor.java:499)
	at java.base/java.lang.reflect.Constructor.newInstance(Constructor.java:480)
	at org.eclipse.core.internal.registry.osgi.RegistryStrategyOSGI.createExecutableExtension(RegistryStrategyOSGI.java:204)
	at org.eclipse.core.internal.registry.ExtensionRegistry.createExecutableExtension(ExtensionRegistry.java:920)
	at org.eclipse.core.internal.registry.ConfigurationElement.createExecutableExtension(ConfigurationElement.java:246)
	at org.eclipse.core.internal.registry.ConfigurationElementHandle.createExecutableExtension(ConfigurationElementHandle.java:63)
	at org.eclipse.lsp4e.LanguageServersRegistry$ExtensionLanguageServerDefinition.createConnectionProvider(LanguageServersRegistry.java:161)
	at org.eclipse.lsp4e.LanguageServerWrapper.lambda$0(LanguageServerWrapper.java:233)
	at java.base/java.util.concurrent.CompletableFuture$AsyncSupply.run(CompletableFuture.java:1768)
	at java.base/java.util.concurrent.CompletableFuture$AsyncSupply.exec(CompletableFuture.java:1760)
	at java.base/java.util.concurrent.ForkJoinTask.doExec(ForkJoinTask.java:373)
	at java.base/java.util.concurrent.ForkJoinPool$WorkQueue.topLevelExec(ForkJoinPool.java:1182)
	at java.base/java.util.concurrent.ForkJoinPool.scan(ForkJoinPool.java:1655)
	at java.base/java.util.concurrent.ForkJoinPool.runWorker(ForkJoinPool.java:1622)
	at java.base/java.util.concurrent.ForkJoinWorkerThread.run(ForkJoinWorkerThread.java:165)
Caused by: java.lang.NullPointerException: Cannot invoke "java.io.File.getAbsolutePath()" because the return value of "org.eclipse.wildwebdeveloper.embedder.node.NodeJSManager.getNodeJsLocation()" is null
	at org.eclipse.wildwebdeveloper.angular.AngularLanguageServer.<init>(AngularLanguageServer.java:43)
	... 17 more
Root exception:
java.lang.NullPointerException: Cannot invoke "java.io.File.getAbsolutePath()" because the return value of "org.eclipse.wildwebdeveloper.embedder.node.NodeJSManager.getNodeJsLocation()" is null
	at org.eclipse.wildwebdeveloper.angular.AngularLanguageServer.<init>(AngularLanguageServer.java:43)
	at jdk.internal.reflect.GeneratedConstructorAccessor99.newInstance(Unknown Source)
	at java.base/jdk.internal.reflect.DelegatingConstructorAccessorImpl.newInstance(DelegatingConstructorAccessorImpl.java:45)
	at java.base/java.lang.reflect.Constructor.newInstanceWithCaller(Constructor.java:499)
	at java.base/java.lang.reflect.Constructor.newInstance(Constructor.java:480)
	at org.eclipse.core.internal.registry.osgi.RegistryStrategyOSGI.createExecutableExtension(RegistryStrategyOSGI.java:204)
	at org.eclipse.core.internal.registry.ExtensionRegistry.createExecutableExtension(ExtensionRegistry.java:920)
	at org.eclipse.core.internal.registry.ConfigurationElement.createExecutableExtension(ConfigurationElement.java:246)
	at org.eclipse.core.internal.registry.ConfigurationElementHandle.createExecutableExtension(ConfigurationElementHandle.java:63)
	at org.eclipse.lsp4e.LanguageServersRegistry$ExtensionLanguageServerDefinition.createConnectionProvider(LanguageServersRegistry.java:161)
	at org.eclipse.lsp4e.LanguageServerWrapper.lambda$0(LanguageServerWrapper.java:233)
	at java.base/java.util.concurrent.CompletableFuture$AsyncSupply.run(CompletableFuture.java:1768)
	at java.base/java.util.concurrent.CompletableFuture$AsyncSupply.exec(CompletableFuture.java:1760)
	at java.base/java.util.concurrent.ForkJoinTask.doExec(ForkJoinTask.java:373)
	at java.base/java.util.concurrent.ForkJoinPool$WorkQueue.topLevelExec(ForkJoinPool.java:1182)
	at java.base/java.util.concurrent.ForkJoinPool.scan(ForkJoinPool.java:1655)
	at java.base/java.util.concurrent.ForkJoinPool.runWorker(ForkJoinPool.java:1622)
	at java.base/java.util.concurrent.ForkJoinWorkerThread.run(ForkJoinWorkerThread.java:165)

!ENTRY org.eclipse.lsp4e 4 0 2025-02-15 22:13:28.118
!MESSAGE Exception occurred while creating an instance of the stream connection provider
!STACK 0
java.lang.RuntimeException: Exception occurred while creating an instance of the stream connection provider
	at org.eclipse.lsp4e.LanguageServersRegistry$ExtensionLanguageServerDefinition.createConnectionProvider(LanguageServersRegistry.java:164)
	at org.eclipse.lsp4e.LanguageServerWrapper.lambda$0(LanguageServerWrapper.java:233)
	at java.base/java.util.concurrent.CompletableFuture$AsyncSupply.run(CompletableFuture.java:1768)
	at java.base/java.util.concurrent.CompletableFuture$AsyncSupply.exec(CompletableFuture.java:1760)
	at java.base/java.util.concurrent.ForkJoinTask.doExec(ForkJoinTask.java:373)
	at java.base/java.util.concurrent.ForkJoinPool$WorkQueue.topLevelExec(ForkJoinPool.java:1182)
	at java.base/java.util.concurrent.ForkJoinPool.scan(ForkJoinPool.java:1655)
	at java.base/java.util.concurrent.ForkJoinPool.runWorker(ForkJoinPool.java:1622)
	at java.base/java.util.concurrent.ForkJoinWorkerThread.run(ForkJoinWorkerThread.java:165)
Caused by: org.eclipse.core.runtime.CoreException: プラグイン "org.eclipse.wildwebdeveloper" は、クラス "org.eclipse.wildwebdeveloper.angular.AngularLanguageServer" をインスタンス化できませんでした。
	at org.eclipse.core.internal.registry.osgi.RegistryStrategyOSGI.throwException(RegistryStrategyOSGI.java:212)
	at org.eclipse.core.internal.registry.osgi.RegistryStrategyOSGI.createExecutableExtension(RegistryStrategyOSGI.java:206)
	at org.eclipse.core.internal.registry.ExtensionRegistry.createExecutableExtension(ExtensionRegistry.java:920)
	at org.eclipse.core.internal.registry.ConfigurationElement.createExecutableExtension(ConfigurationElement.java:246)
	at org.eclipse.core.internal.registry.ConfigurationElementHandle.createExecutableExtension(ConfigurationElementHandle.java:63)
	at org.eclipse.lsp4e.LanguageServersRegistry$ExtensionLanguageServerDefinition.createConnectionProvider(LanguageServersRegistry.java:161)
	... 8 more
Caused by: java.lang.reflect.InvocationTargetException
	at jdk.internal.reflect.GeneratedConstructorAccessor99.newInstance(Unknown Source)
	at java.base/jdk.internal.reflect.DelegatingConstructorAccessorImpl.newInstance(DelegatingConstructorAccessorImpl.java:45)
	at java.base/java.lang.reflect.Constructor.newInstanceWithCaller(Constructor.java:499)
	at java.base/java.lang.reflect.Constructor.newInstance(Constructor.java:480)
	at org.eclipse.core.internal.registry.osgi.RegistryStrategyOSGI.createExecutableExtension(RegistryStrategyOSGI.java:204)
	... 12 more
Caused by: java.lang.NullPointerException: Cannot invoke "java.io.File.getAbsolutePath()" because the return value of "org.eclipse.wildwebdeveloper.embedder.node.NodeJSManager.getNodeJsLocation()" is null
	at org.eclipse.wildwebdeveloper.angular.AngularLanguageServer.<init>(AngularLanguageServer.java:43)
	... 17 more

!ENTRY org.eclipse.lsp4e 4 0 2025-02-15 22:13:28.119
!MESSAGE Cannot invoke "org.eclipse.lsp4e.server.StreamConnectionProvider.getInputStream()" because "this.lspStreamProvider" is null
!STACK 0
java.lang.NullPointerException: Cannot invoke "org.eclipse.lsp4e.server.StreamConnectionProvider.getInputStream()" because "this.lspStreamProvider" is null
	at org.eclipse.lsp4e.LanguageServerWrapper.lambda$1(LanguageServerWrapper.java:284)
	at java.base/java.util.concurrent.CompletableFuture$UniApply.tryFire(CompletableFuture.java:646)
	at java.base/java.util.concurrent.CompletableFuture.postComplete(CompletableFuture.java:510)
	at java.base/java.util.concurrent.CompletableFuture$AsyncSupply.run(CompletableFuture.java:1773)
	at java.base/java.util.concurrent.CompletableFuture$AsyncSupply.exec(CompletableFuture.java:1760)
	at java.base/java.util.concurrent.ForkJoinTask.doExec(ForkJoinTask.java:373)
	at java.base/java.util.concurrent.ForkJoinPool$WorkQueue.topLevelExec(ForkJoinPool.java:1182)
	at java.base/java.util.concurrent.ForkJoinPool.scan(ForkJoinPool.java:1655)
	at java.base/java.util.concurrent.ForkJoinPool.runWorker(ForkJoinPool.java:1622)
	at java.base/java.util.concurrent.ForkJoinWorkerThread.run(ForkJoinWorkerThread.java:165)

!ENTRY org.eclipse.lsp4e 4 0 2025-02-15 22:13:28.121
!MESSAGE プラグイン "org.eclipse.wildwebdeveloper" は、クラス "org.eclipse.wildwebdeveloper.html.HTMLLanguageServer" をインスタンス化できませんでした。
!STACK 1
org.eclipse.core.runtime.CoreException: プラグイン "org.eclipse.wildwebdeveloper" は、クラス "org.eclipse.wildwebdeveloper.html.HTMLLanguageServer" をインスタンス化できませんでした。
	at org.eclipse.core.internal.registry.osgi.RegistryStrategyOSGI.throwException(RegistryStrategyOSGI.java:212)
	at org.eclipse.core.internal.registry.osgi.RegistryStrategyOSGI.createExecutableExtension(RegistryStrategyOSGI.java:206)
	at org.eclipse.core.internal.registry.ExtensionRegistry.createExecutableExtension(ExtensionRegistry.java:920)
	at org.eclipse.core.internal.registry.ConfigurationElement.createExecutableExtension(ConfigurationElement.java:246)
	at org.eclipse.core.internal.registry.ConfigurationElementHandle.createExecutableExtension(ConfigurationElementHandle.java:63)
	at org.eclipse.lsp4e.LanguageServersRegistry$ExtensionLanguageServerDefinition.createConnectionProvider(LanguageServersRegistry.java:161)
	at org.eclipse.lsp4e.LanguageServerWrapper.lambda$0(LanguageServerWrapper.java:233)
	at java.base/java.util.concurrent.CompletableFuture$AsyncSupply.run(CompletableFuture.java:1768)
	at java.base/java.util.concurrent.CompletableFuture$AsyncSupply.exec(CompletableFuture.java:1760)
	at java.base/java.util.concurrent.ForkJoinTask.doExec(ForkJoinTask.java:373)
	at java.base/java.util.concurrent.ForkJoinPool$WorkQueue.topLevelExec(ForkJoinPool.java:1182)
	at java.base/java.util.concurrent.ForkJoinPool.scan(ForkJoinPool.java:1655)
	at java.base/java.util.concurrent.ForkJoinPool.runWorker(ForkJoinPool.java:1622)
	at java.base/java.util.concurrent.ForkJoinWorkerThread.run(ForkJoinWorkerThread.java:165)
Caused by: java.lang.reflect.InvocationTargetException
	at jdk.internal.reflect.GeneratedConstructorAccessor101.newInstance(Unknown Source)
	at java.base/jdk.internal.reflect.DelegatingConstructorAccessorImpl.newInstance(DelegatingConstructorAccessorImpl.java:45)
	at java.base/java.lang.reflect.Constructor.newInstanceWithCaller(Constructor.java:499)
	at java.base/java.lang.reflect.Constructor.newInstance(Constructor.java:480)
	at org.eclipse.core.internal.registry.osgi.RegistryStrategyOSGI.createExecutableExtension(RegistryStrategyOSGI.java:204)
	... 12 more
Caused by: java.lang.NullPointerException: Cannot invoke "java.io.File.getAbsolutePath()" because the return value of "org.eclipse.wildwebdeveloper.embedder.node.NodeJSManager.getNodeJsLocation()" is null
	at org.eclipse.wildwebdeveloper.html.HTMLLanguageServer.<init>(HTMLLanguageServer.java:40)
	... 17 more
!SUBENTRY 1 org.eclipse.equinox.registry 4 1 2025-02-15 22:13:28.121
!MESSAGE プラグイン "org.eclipse.wildwebdeveloper" は、クラス "org.eclipse.wildwebdeveloper.html.HTMLLanguageServer" をインスタンス化できませんでした。
!STACK 0
java.lang.reflect.InvocationTargetException
	at jdk.internal.reflect.GeneratedConstructorAccessor101.newInstance(Unknown Source)
	at java.base/jdk.internal.reflect.DelegatingConstructorAccessorImpl.newInstance(DelegatingConstructorAccessorImpl.java:45)
	at java.base/java.lang.reflect.Constructor.newInstanceWithCaller(Constructor.java:499)
	at java.base/java.lang.reflect.Constructor.newInstance(Constructor.java:480)
	at org.eclipse.core.internal.registry.osgi.RegistryStrategyOSGI.createExecutableExtension(RegistryStrategyOSGI.java:204)
	at org.eclipse.core.internal.registry.ExtensionRegistry.createExecutableExtension(ExtensionRegistry.java:920)
	at org.eclipse.core.internal.registry.ConfigurationElement.createExecutableExtension(ConfigurationElement.java:246)
	at org.eclipse.core.internal.registry.ConfigurationElementHandle.createExecutableExtension(ConfigurationElementHandle.java:63)
	at org.eclipse.lsp4e.LanguageServersRegistry$ExtensionLanguageServerDefinition.createConnectionProvider(LanguageServersRegistry.java:161)
	at org.eclipse.lsp4e.LanguageServerWrapper.lambda$0(LanguageServerWrapper.java:233)
	at java.base/java.util.concurrent.CompletableFuture$AsyncSupply.run(CompletableFuture.java:1768)
	at java.base/java.util.concurrent.CompletableFuture$AsyncSupply.exec(CompletableFuture.java:1760)
	at java.base/java.util.concurrent.ForkJoinTask.doExec(ForkJoinTask.java:373)
	at java.base/java.util.concurrent.ForkJoinPool$WorkQueue.topLevelExec(ForkJoinPool.java:1182)
	at java.base/java.util.concurrent.ForkJoinPool.scan(ForkJoinPool.java:1655)
	at java.base/java.util.concurrent.ForkJoinPool.runWorker(ForkJoinPool.java:1622)
	at java.base/java.util.concurrent.ForkJoinWorkerThread.run(ForkJoinWorkerThread.java:165)
Caused by: java.lang.NullPointerException: Cannot invoke "java.io.File.getAbsolutePath()" because the return value of "org.eclipse.wildwebdeveloper.embedder.node.NodeJSManager.getNodeJsLocation()" is null
	at org.eclipse.wildwebdeveloper.html.HTMLLanguageServer.<init>(HTMLLanguageServer.java:40)
	... 17 more
Root exception:
java.lang.NullPointerException: Cannot invoke "java.io.File.getAbsolutePath()" because the return value of "org.eclipse.wildwebdeveloper.embedder.node.NodeJSManager.getNodeJsLocation()" is null
	at org.eclipse.wildwebdeveloper.html.HTMLLanguageServer.<init>(HTMLLanguageServer.java:40)
	at jdk.internal.reflect.GeneratedConstructorAccessor101.newInstance(Unknown Source)
	at java.base/jdk.internal.reflect.DelegatingConstructorAccessorImpl.newInstance(DelegatingConstructorAccessorImpl.java:45)
	at java.base/java.lang.reflect.Constructor.newInstanceWithCaller(Constructor.java:499)
	at java.base/java.lang.reflect.Constructor.newInstance(Constructor.java:480)
	at org.eclipse.core.internal.registry.osgi.RegistryStrategyOSGI.createExecutableExtension(RegistryStrategyOSGI.java:204)
	at org.eclipse.core.internal.registry.ExtensionRegistry.createExecutableExtension(ExtensionRegistry.java:920)
	at org.eclipse.core.internal.registry.ConfigurationElement.createExecutableExtension(ConfigurationElement.java:246)
	at org.eclipse.core.internal.registry.ConfigurationElementHandle.createExecutableExtension(ConfigurationElementHandle.java:63)
	at org.eclipse.lsp4e.LanguageServersRegistry$ExtensionLanguageServerDefinition.createConnectionProvider(LanguageServersRegistry.java:161)
	at org.eclipse.lsp4e.LanguageServerWrapper.lambda$0(LanguageServerWrapper.java:233)
	at java.base/java.util.concurrent.CompletableFuture$AsyncSupply.run(CompletableFuture.java:1768)
	at java.base/java.util.concurrent.CompletableFuture$AsyncSupply.exec(CompletableFuture.java:1760)
	at java.base/java.util.concurrent.ForkJoinTask.doExec(ForkJoinTask.java:373)
	at java.base/java.util.concurrent.ForkJoinPool$WorkQueue.topLevelExec(ForkJoinPool.java:1182)
	at java.base/java.util.concurrent.ForkJoinPool.scan(ForkJoinPool.java:1655)
	at java.base/java.util.concurrent.ForkJoinPool.runWorker(ForkJoinPool.java:1622)
	at java.base/java.util.concurrent.ForkJoinWorkerThread.run(ForkJoinWorkerThread.java:165)

!ENTRY org.eclipse.lsp4e 4 0 2025-02-15 22:13:28.122
!MESSAGE Exception occurred while creating an instance of the stream connection provider
!STACK 0
java.lang.RuntimeException: Exception occurred while creating an instance of the stream connection provider
	at org.eclipse.lsp4e.LanguageServersRegistry$ExtensionLanguageServerDefinition.createConnectionProvider(LanguageServersRegistry.java:164)
	at org.eclipse.lsp4e.LanguageServerWrapper.lambda$0(LanguageServerWrapper.java:233)
	at java.base/java.util.concurrent.CompletableFuture$AsyncSupply.run(CompletableFuture.java:1768)
	at java.base/java.util.concurrent.CompletableFuture$AsyncSupply.exec(CompletableFuture.java:1760)
	at java.base/java.util.concurrent.ForkJoinTask.doExec(ForkJoinTask.java:373)
	at java.base/java.util.concurrent.ForkJoinPool$WorkQueue.topLevelExec(ForkJoinPool.java:1182)
	at java.base/java.util.concurrent.ForkJoinPool.scan(ForkJoinPool.java:1655)
	at java.base/java.util.concurrent.ForkJoinPool.runWorker(ForkJoinPool.java:1622)
	at java.base/java.util.concurrent.ForkJoinWorkerThread.run(ForkJoinWorkerThread.java:165)
Caused by: org.eclipse.core.runtime.CoreException: プラグイン "org.eclipse.wildwebdeveloper" は、クラス "org.eclipse.wildwebdeveloper.html.HTMLLanguageServer" をインスタンス化できませんでした。
	at org.eclipse.core.internal.registry.osgi.RegistryStrategyOSGI.throwException(RegistryStrategyOSGI.java:212)
	at org.eclipse.core.internal.registry.osgi.RegistryStrategyOSGI.createExecutableExtension(RegistryStrategyOSGI.java:206)
	at org.eclipse.core.internal.registry.ExtensionRegistry.createExecutableExtension(ExtensionRegistry.java:920)
	at org.eclipse.core.internal.registry.ConfigurationElement.createExecutableExtension(ConfigurationElement.java:246)
	at org.eclipse.core.internal.registry.ConfigurationElementHandle.createExecutableExtension(ConfigurationElementHandle.java:63)
	at org.eclipse.lsp4e.LanguageServersRegistry$ExtensionLanguageServerDefinition.createConnectionProvider(LanguageServersRegistry.java:161)
	... 8 more
Caused by: java.lang.reflect.InvocationTargetException
	at jdk.internal.reflect.GeneratedConstructorAccessor101.newInstance(Unknown Source)
	at java.base/jdk.internal.reflect.DelegatingConstructorAccessorImpl.newInstance(DelegatingConstructorAccessorImpl.java:45)
	at java.base/java.lang.reflect.Constructor.newInstanceWithCaller(Constructor.java:499)
	at java.base/java.lang.reflect.Constructor.newInstance(Constructor.java:480)
	at org.eclipse.core.internal.registry.osgi.RegistryStrategyOSGI.createExecutableExtension(RegistryStrategyOSGI.java:204)
	... 12 more
Caused by: java.lang.NullPointerException: Cannot invoke "java.io.File.getAbsolutePath()" because the return value of "org.eclipse.wildwebdeveloper.embedder.node.NodeJSManager.getNodeJsLocation()" is null
	at org.eclipse.wildwebdeveloper.html.HTMLLanguageServer.<init>(HTMLLanguageServer.java:40)
	... 17 more

!ENTRY org.eclipse.lsp4e 4 0 2025-02-15 22:13:28.123
!MESSAGE Cannot invoke "org.eclipse.lsp4e.server.StreamConnectionProvider.getInputStream()" because "this.lspStreamProvider" is null
!STACK 0
java.lang.NullPointerException: Cannot invoke "org.eclipse.lsp4e.server.StreamConnectionProvider.getInputStream()" because "this.lspStreamProvider" is null
	at org.eclipse.lsp4e.LanguageServerWrapper.lambda$1(LanguageServerWrapper.java:284)
	at java.base/java.util.concurrent.CompletableFuture$UniApply.tryFire(CompletableFuture.java:646)
	at java.base/java.util.concurrent.CompletableFuture.postComplete(CompletableFuture.java:510)
	at java.base/java.util.concurrent.CompletableFuture$AsyncSupply.run(CompletableFuture.java:1773)
	at java.base/java.util.concurrent.CompletableFuture$AsyncSupply.exec(CompletableFuture.java:1760)
	at java.base/java.util.concurrent.ForkJoinTask.doExec(ForkJoinTask.java:373)
	at java.base/java.util.concurrent.ForkJoinPool$WorkQueue.topLevelExec(ForkJoinPool.java:1182)
	at java.base/java.util.concurrent.ForkJoinPool.scan(ForkJoinPool.java:1655)
	at java.base/java.util.concurrent.ForkJoinPool.runWorker(ForkJoinPool.java:1622)
	at java.base/java.util.concurrent.ForkJoinWorkerThread.run(ForkJoinWorkerThread.java:165)

!ENTRY org.eclipse.lsp4e 4 0 2025-02-15 22:13:54.144
!MESSAGE プラグイン "org.eclipse.wildwebdeveloper" は、クラス "org.eclipse.wildwebdeveloper.angular.AngularLanguageServer" をインスタンス化できませんでした。
!STACK 1
org.eclipse.core.runtime.CoreException: プラグイン "org.eclipse.wildwebdeveloper" は、クラス "org.eclipse.wildwebdeveloper.angular.AngularLanguageServer" をインスタンス化できませんでした。
	at org.eclipse.core.internal.registry.osgi.RegistryStrategyOSGI.throwException(RegistryStrategyOSGI.java:212)
	at org.eclipse.core.internal.registry.osgi.RegistryStrategyOSGI.createExecutableExtension(RegistryStrategyOSGI.java:206)
	at org.eclipse.core.internal.registry.ExtensionRegistry.createExecutableExtension(ExtensionRegistry.java:920)
	at org.eclipse.core.internal.registry.ConfigurationElement.createExecutableExtension(ConfigurationElement.java:246)
	at org.eclipse.core.internal.registry.ConfigurationElementHandle.createExecutableExtension(ConfigurationElementHandle.java:63)
	at org.eclipse.lsp4e.LanguageServersRegistry$ExtensionLanguageServerDefinition.createConnectionProvider(LanguageServersRegistry.java:161)
	at org.eclipse.lsp4e.LanguageServerWrapper.lambda$0(LanguageServerWrapper.java:233)
	at java.base/java.util.concurrent.CompletableFuture$AsyncSupply.run(CompletableFuture.java:1768)
	at java.base/java.util.concurrent.CompletableFuture$AsyncSupply.exec(CompletableFuture.java:1760)
	at java.base/java.util.concurrent.ForkJoinTask.doExec(ForkJoinTask.java:373)
	at java.base/java.util.concurrent.ForkJoinPool$WorkQueue.topLevelExec(ForkJoinPool.java:1182)
	at java.base/java.util.concurrent.ForkJoinPool.scan(ForkJoinPool.java:1655)
	at java.base/java.util.concurrent.ForkJoinPool.runWorker(ForkJoinPool.java:1622)
	at java.base/java.util.concurrent.ForkJoinWorkerThread.run(ForkJoinWorkerThread.java:165)
Caused by: java.lang.reflect.InvocationTargetException
	at jdk.internal.reflect.GeneratedConstructorAccessor99.newInstance(Unknown Source)
	at java.base/jdk.internal.reflect.DelegatingConstructorAccessorImpl.newInstance(DelegatingConstructorAccessorImpl.java:45)
	at java.base/java.lang.reflect.Constructor.newInstanceWithCaller(Constructor.java:499)
	at java.base/java.lang.reflect.Constructor.newInstance(Constructor.java:480)
	at org.eclipse.core.internal.registry.osgi.RegistryStrategyOSGI.createExecutableExtension(RegistryStrategyOSGI.java:204)
	... 12 more
Caused by: java.lang.NullPointerException: Cannot invoke "java.io.File.getAbsolutePath()" because the return value of "org.eclipse.wildwebdeveloper.embedder.node.NodeJSManager.getNodeJsLocation()" is null
	at org.eclipse.wildwebdeveloper.angular.AngularLanguageServer.<init>(AngularLanguageServer.java:43)
	... 17 more
!SUBENTRY 1 org.eclipse.equinox.registry 4 1 2025-02-15 22:13:54.144
!MESSAGE プラグイン "org.eclipse.wildwebdeveloper" は、クラス "org.eclipse.wildwebdeveloper.angular.AngularLanguageServer" をインスタンス化できませんでした。
!STACK 0
java.lang.reflect.InvocationTargetException
	at jdk.internal.reflect.GeneratedConstructorAccessor99.newInstance(Unknown Source)
	at java.base/jdk.internal.reflect.DelegatingConstructorAccessorImpl.newInstance(DelegatingConstructorAccessorImpl.java:45)
	at java.base/java.lang.reflect.Constructor.newInstanceWithCaller(Constructor.java:499)
	at java.base/java.lang.reflect.Constructor.newInstance(Constructor.java:480)
	at org.eclipse.core.internal.registry.osgi.RegistryStrategyOSGI.createExecutableExtension(RegistryStrategyOSGI.java:204)
	at org.eclipse.core.internal.registry.ExtensionRegistry.createExecutableExtension(ExtensionRegistry.java:920)
	at org.eclipse.core.internal.registry.ConfigurationElement.createExecutableExtension(ConfigurationElement.java:246)
	at org.eclipse.core.internal.registry.ConfigurationElementHandle.createExecutableExtension(ConfigurationElementHandle.java:63)
	at org.eclipse.lsp4e.LanguageServersRegistry$ExtensionLanguageServerDefinition.createConnectionProvider(LanguageServersRegistry.java:161)
	at org.eclipse.lsp4e.LanguageServerWrapper.lambda$0(LanguageServerWrapper.java:233)
	at java.base/java.util.concurrent.CompletableFuture$AsyncSupply.run(CompletableFuture.java:1768)
	at java.base/java.util.concurrent.CompletableFuture$AsyncSupply.exec(CompletableFuture.java:1760)
	at java.base/java.util.concurrent.ForkJoinTask.doExec(ForkJoinTask.java:373)
	at java.base/java.util.concurrent.ForkJoinPool$WorkQueue.topLevelExec(ForkJoinPool.java:1182)
	at java.base/java.util.concurrent.ForkJoinPool.scan(ForkJoinPool.java:1655)
	at java.base/java.util.concurrent.ForkJoinPool.runWorker(ForkJoinPool.java:1622)
	at java.base/java.util.concurrent.ForkJoinWorkerThread.run(ForkJoinWorkerThread.java:165)
Caused by: java.lang.NullPointerException: Cannot invoke "java.io.File.getAbsolutePath()" because the return value of "org.eclipse.wildwebdeveloper.embedder.node.NodeJSManager.getNodeJsLocation()" is null
	at org.eclipse.wildwebdeveloper.angular.AngularLanguageServer.<init>(AngularLanguageServer.java:43)
	... 17 more
Root exception:
java.lang.NullPointerException: Cannot invoke "java.io.File.getAbsolutePath()" because the return value of "org.eclipse.wildwebdeveloper.embedder.node.NodeJSManager.getNodeJsLocation()" is null
	at org.eclipse.wildwebdeveloper.angular.AngularLanguageServer.<init>(AngularLanguageServer.java:43)
	at jdk.internal.reflect.GeneratedConstructorAccessor99.newInstance(Unknown Source)
	at java.base/jdk.internal.reflect.DelegatingConstructorAccessorImpl.newInstance(DelegatingConstructorAccessorImpl.java:45)
	at java.base/java.lang.reflect.Constructor.newInstanceWithCaller(Constructor.java:499)
	at java.base/java.lang.reflect.Constructor.newInstance(Constructor.java:480)
	at org.eclipse.core.internal.registry.osgi.RegistryStrategyOSGI.createExecutableExtension(RegistryStrategyOSGI.java:204)
	at org.eclipse.core.internal.registry.ExtensionRegistry.createExecutableExtension(ExtensionRegistry.java:920)
	at org.eclipse.core.internal.registry.ConfigurationElement.createExecutableExtension(ConfigurationElement.java:246)
	at org.eclipse.core.internal.registry.ConfigurationElementHandle.createExecutableExtension(ConfigurationElementHandle.java:63)
	at org.eclipse.lsp4e.LanguageServersRegistry$ExtensionLanguageServerDefinition.createConnectionProvider(LanguageServersRegistry.java:161)
	at org.eclipse.lsp4e.LanguageServerWrapper.lambda$0(LanguageServerWrapper.java:233)
	at java.base/java.util.concurrent.CompletableFuture$AsyncSupply.run(CompletableFuture.java:1768)
	at java.base/java.util.concurrent.CompletableFuture$AsyncSupply.exec(CompletableFuture.java:1760)
	at java.base/java.util.concurrent.ForkJoinTask.doExec(ForkJoinTask.java:373)
	at java.base/java.util.concurrent.ForkJoinPool$WorkQueue.topLevelExec(ForkJoinPool.java:1182)
	at java.base/java.util.concurrent.ForkJoinPool.scan(ForkJoinPool.java:1655)
	at java.base/java.util.concurrent.ForkJoinPool.runWorker(ForkJoinPool.java:1622)
	at java.base/java.util.concurrent.ForkJoinWorkerThread.run(ForkJoinWorkerThread.java:165)

!ENTRY org.eclipse.lsp4e 4 0 2025-02-15 22:13:54.146
!MESSAGE Exception occurred while creating an instance of the stream connection provider
!STACK 0
java.lang.RuntimeException: Exception occurred while creating an instance of the stream connection provider
	at org.eclipse.lsp4e.LanguageServersRegistry$ExtensionLanguageServerDefinition.createConnectionProvider(LanguageServersRegistry.java:164)
	at org.eclipse.lsp4e.LanguageServerWrapper.lambda$0(LanguageServerWrapper.java:233)
	at java.base/java.util.concurrent.CompletableFuture$AsyncSupply.run(CompletableFuture.java:1768)
	at java.base/java.util.concurrent.CompletableFuture$AsyncSupply.exec(CompletableFuture.java:1760)
	at java.base/java.util.concurrent.ForkJoinTask.doExec(ForkJoinTask.java:373)
	at java.base/java.util.concurrent.ForkJoinPool$WorkQueue.topLevelExec(ForkJoinPool.java:1182)
	at java.base/java.util.concurrent.ForkJoinPool.scan(ForkJoinPool.java:1655)
	at java.base/java.util.concurrent.ForkJoinPool.runWorker(ForkJoinPool.java:1622)
	at java.base/java.util.concurrent.ForkJoinWorkerThread.run(ForkJoinWorkerThread.java:165)
Caused by: org.eclipse.core.runtime.CoreException: プラグイン "org.eclipse.wildwebdeveloper" は、クラス "org.eclipse.wildwebdeveloper.angular.AngularLanguageServer" をインスタンス化できませんでした。
	at org.eclipse.core.internal.registry.osgi.RegistryStrategyOSGI.throwException(RegistryStrategyOSGI.java:212)
	at org.eclipse.core.internal.registry.osgi.RegistryStrategyOSGI.createExecutableExtension(RegistryStrategyOSGI.java:206)
	at org.eclipse.core.internal.registry.ExtensionRegistry.createExecutableExtension(ExtensionRegistry.java:920)
	at org.eclipse.core.internal.registry.ConfigurationElement.createExecutableExtension(ConfigurationElement.java:246)
	at org.eclipse.core.internal.registry.ConfigurationElementHandle.createExecutableExtension(ConfigurationElementHandle.java:63)
	at org.eclipse.lsp4e.LanguageServersRegistry$ExtensionLanguageServerDefinition.createConnectionProvider(LanguageServersRegistry.java:161)
	... 8 more
Caused by: java.lang.reflect.InvocationTargetException
	at jdk.internal.reflect.GeneratedConstructorAccessor99.newInstance(Unknown Source)
	at java.base/jdk.internal.reflect.DelegatingConstructorAccessorImpl.newInstance(DelegatingConstructorAccessorImpl.java:45)
	at java.base/java.lang.reflect.Constructor.newInstanceWithCaller(Constructor.java:499)
	at java.base/java.lang.reflect.Constructor.newInstance(Constructor.java:480)
	at org.eclipse.core.internal.registry.osgi.RegistryStrategyOSGI.createExecutableExtension(RegistryStrategyOSGI.java:204)
	... 12 more
Caused by: java.lang.NullPointerException: Cannot invoke "java.io.File.getAbsolutePath()" because the return value of "org.eclipse.wildwebdeveloper.embedder.node.NodeJSManager.getNodeJsLocation()" is null
	at org.eclipse.wildwebdeveloper.angular.AngularLanguageServer.<init>(AngularLanguageServer.java:43)
	... 17 more

!ENTRY org.eclipse.lsp4e 4 0 2025-02-15 22:13:54.147
!MESSAGE Cannot invoke "org.eclipse.lsp4e.server.StreamConnectionProvider.getInputStream()" because "this.lspStreamProvider" is null
!STACK 0
java.lang.NullPointerException: Cannot invoke "org.eclipse.lsp4e.server.StreamConnectionProvider.getInputStream()" because "this.lspStreamProvider" is null
	at org.eclipse.lsp4e.LanguageServerWrapper.lambda$1(LanguageServerWrapper.java:284)
	at java.base/java.util.concurrent.CompletableFuture$UniApply.tryFire(CompletableFuture.java:646)
	at java.base/java.util.concurrent.CompletableFuture.postComplete(CompletableFuture.java:510)
	at java.base/java.util.concurrent.CompletableFuture$AsyncSupply.run(CompletableFuture.java:1773)
	at java.base/java.util.concurrent.CompletableFuture$AsyncSupply.exec(CompletableFuture.java:1760)
	at java.base/java.util.concurrent.ForkJoinTask.doExec(ForkJoinTask.java:373)
	at java.base/java.util.concurrent.ForkJoinPool$WorkQueue.topLevelExec(ForkJoinPool.java:1182)
	at java.base/java.util.concurrent.ForkJoinPool.scan(ForkJoinPool.java:1655)
	at java.base/java.util.concurrent.ForkJoinPool.runWorker(ForkJoinPool.java:1622)
	at java.base/java.util.concurrent.ForkJoinWorkerThread.run(ForkJoinWorkerThread.java:165)

!ENTRY org.eclipse.lsp4e 4 0 2025-02-15 22:13:54.152
!MESSAGE プラグイン "org.eclipse.wildwebdeveloper" は、クラス "org.eclipse.wildwebdeveloper.html.HTMLLanguageServer" をインスタンス化できませんでした。
!STACK 1
org.eclipse.core.runtime.CoreException: プラグイン "org.eclipse.wildwebdeveloper" は、クラス "org.eclipse.wildwebdeveloper.html.HTMLLanguageServer" をインスタンス化できませんでした。
	at org.eclipse.core.internal.registry.osgi.RegistryStrategyOSGI.throwException(RegistryStrategyOSGI.java:212)
	at org.eclipse.core.internal.registry.osgi.RegistryStrategyOSGI.createExecutableExtension(RegistryStrategyOSGI.java:206)
	at org.eclipse.core.internal.registry.ExtensionRegistry.createExecutableExtension(ExtensionRegistry.java:920)
	at org.eclipse.core.internal.registry.ConfigurationElement.createExecutableExtension(ConfigurationElement.java:246)
	at org.eclipse.core.internal.registry.ConfigurationElementHandle.createExecutableExtension(ConfigurationElementHandle.java:63)
	at org.eclipse.lsp4e.LanguageServersRegistry$ExtensionLanguageServerDefinition.createConnectionProvider(LanguageServersRegistry.java:161)
	at org.eclipse.lsp4e.LanguageServerWrapper.lambda$0(LanguageServerWrapper.java:233)
	at java.base/java.util.concurrent.CompletableFuture$AsyncSupply.run(CompletableFuture.java:1768)
	at java.base/java.util.concurrent.CompletableFuture$AsyncSupply.exec(CompletableFuture.java:1760)
	at java.base/java.util.concurrent.ForkJoinTask.doExec(ForkJoinTask.java:373)
	at java.base/java.util.concurrent.ForkJoinPool$WorkQueue.topLevelExec(ForkJoinPool.java:1182)
	at java.base/java.util.concurrent.ForkJoinPool.scan(ForkJoinPool.java:1655)
	at java.base/java.util.concurrent.ForkJoinPool.runWorker(ForkJoinPool.java:1622)
	at java.base/java.util.concurrent.ForkJoinWorkerThread.run(ForkJoinWorkerThread.java:165)
Caused by: java.lang.reflect.InvocationTargetException
	at jdk.internal.reflect.GeneratedConstructorAccessor101.newInstance(Unknown Source)
	at java.base/jdk.internal.reflect.DelegatingConstructorAccessorImpl.newInstance(DelegatingConstructorAccessorImpl.java:45)
	at java.base/java.lang.reflect.Constructor.newInstanceWithCaller(Constructor.java:499)
	at java.base/java.lang.reflect.Constructor.newInstance(Constructor.java:480)
	at org.eclipse.core.internal.registry.osgi.RegistryStrategyOSGI.createExecutableExtension(RegistryStrategyOSGI.java:204)
	... 12 more
Caused by: java.lang.NullPointerException: Cannot invoke "java.io.File.getAbsolutePath()" because the return value of "org.eclipse.wildwebdeveloper.embedder.node.NodeJSManager.getNodeJsLocation()" is null
	at org.eclipse.wildwebdeveloper.html.HTMLLanguageServer.<init>(HTMLLanguageServer.java:40)
	... 17 more
!SUBENTRY 1 org.eclipse.equinox.registry 4 1 2025-02-15 22:13:54.152
!MESSAGE プラグイン "org.eclipse.wildwebdeveloper" は、クラス "org.eclipse.wildwebdeveloper.html.HTMLLanguageServer" をインスタンス化できませんでした。
!STACK 0
java.lang.reflect.InvocationTargetException
	at jdk.internal.reflect.GeneratedConstructorAccessor101.newInstance(Unknown Source)
	at java.base/jdk.internal.reflect.DelegatingConstructorAccessorImpl.newInstance(DelegatingConstructorAccessorImpl.java:45)
	at java.base/java.lang.reflect.Constructor.newInstanceWithCaller(Constructor.java:499)
	at java.base/java.lang.reflect.Constructor.newInstance(Constructor.java:480)
	at org.eclipse.core.internal.registry.osgi.RegistryStrategyOSGI.createExecutableExtension(RegistryStrategyOSGI.java:204)
	at org.eclipse.core.internal.registry.ExtensionRegistry.createExecutableExtension(ExtensionRegistry.java:920)
	at org.eclipse.core.internal.registry.ConfigurationElement.createExecutableExtension(ConfigurationElement.java:246)
	at org.eclipse.core.internal.registry.ConfigurationElementHandle.createExecutableExtension(ConfigurationElementHandle.java:63)
	at org.eclipse.lsp4e.LanguageServersRegistry$ExtensionLanguageServerDefinition.createConnectionProvider(LanguageServersRegistry.java:161)
	at org.eclipse.lsp4e.LanguageServerWrapper.lambda$0(LanguageServerWrapper.java:233)
	at java.base/java.util.concurrent.CompletableFuture$AsyncSupply.run(CompletableFuture.java:1768)
	at java.base/java.util.concurrent.CompletableFuture$AsyncSupply.exec(CompletableFuture.java:1760)
	at java.base/java.util.concurrent.ForkJoinTask.doExec(ForkJoinTask.java:373)
	at java.base/java.util.concurrent.ForkJoinPool$WorkQueue.topLevelExec(ForkJoinPool.java:1182)
	at java.base/java.util.concurrent.ForkJoinPool.scan(ForkJoinPool.java:1655)
	at java.base/java.util.concurrent.ForkJoinPool.runWorker(ForkJoinPool.java:1622)
	at java.base/java.util.concurrent.ForkJoinWorkerThread.run(ForkJoinWorkerThread.java:165)
Caused by: java.lang.NullPointerException: Cannot invoke "java.io.File.getAbsolutePath()" because the return value of "org.eclipse.wildwebdeveloper.embedder.node.NodeJSManager.getNodeJsLocation()" is null
	at org.eclipse.wildwebdeveloper.html.HTMLLanguageServer.<init>(HTMLLanguageServer.java:40)
	... 17 more
Root exception:
java.lang.NullPointerException: Cannot invoke "java.io.File.getAbsolutePath()" because the return value of "org.eclipse.wildwebdeveloper.embedder.node.NodeJSManager.getNodeJsLocation()" is null
	at org.eclipse.wildwebdeveloper.html.HTMLLanguageServer.<init>(HTMLLanguageServer.java:40)
	at jdk.internal.reflect.GeneratedConstructorAccessor101.newInstance(Unknown Source)
	at java.base/jdk.internal.reflect.DelegatingConstructorAccessorImpl.newInstance(DelegatingConstructorAccessorImpl.java:45)
	at java.base/java.lang.reflect.Constructor.newInstanceWithCaller(Constructor.java:499)
	at java.base/java.lang.reflect.Constructor.newInstance(Constructor.java:480)
	at org.eclipse.core.internal.registry.osgi.RegistryStrategyOSGI.createExecutableExtension(RegistryStrategyOSGI.java:204)
	at org.eclipse.core.internal.registry.ExtensionRegistry.createExecutableExtension(ExtensionRegistry.java:920)
	at org.eclipse.core.internal.registry.ConfigurationElement.createExecutableExtension(ConfigurationElement.java:246)
	at org.eclipse.core.internal.registry.ConfigurationElementHandle.createExecutableExtension(ConfigurationElementHandle.java:63)
	at org.eclipse.lsp4e.LanguageServersRegistry$ExtensionLanguageServerDefinition.createConnectionProvider(LanguageServersRegistry.java:161)
	at org.eclipse.lsp4e.LanguageServerWrapper.lambda$0(LanguageServerWrapper.java:233)
	at java.base/java.util.concurrent.CompletableFuture$AsyncSupply.run(CompletableFuture.java:1768)
	at java.base/java.util.concurrent.CompletableFuture$AsyncSupply.exec(CompletableFuture.java:1760)
	at java.base/java.util.concurrent.ForkJoinTask.doExec(ForkJoinTask.java:373)
	at java.base/java.util.concurrent.ForkJoinPool$WorkQueue.topLevelExec(ForkJoinPool.java:1182)
	at java.base/java.util.concurrent.ForkJoinPool.scan(ForkJoinPool.java:1655)
	at java.base/java.util.concurrent.ForkJoinPool.runWorker(ForkJoinPool.java:1622)
	at java.base/java.util.concurrent.ForkJoinWorkerThread.run(ForkJoinWorkerThread.java:165)

!ENTRY org.eclipse.lsp4e 4 0 2025-02-15 22:13:54.153
!MESSAGE Exception occurred while creating an instance of the stream connection provider
!STACK 0
java.lang.RuntimeException: Exception occurred while creating an instance of the stream connection provider
	at org.eclipse.lsp4e.LanguageServersRegistry$ExtensionLanguageServerDefinition.createConnectionProvider(LanguageServersRegistry.java:164)
	at org.eclipse.lsp4e.LanguageServerWrapper.lambda$0(LanguageServerWrapper.java:233)
	at java.base/java.util.concurrent.CompletableFuture$AsyncSupply.run(CompletableFuture.java:1768)
	at java.base/java.util.concurrent.CompletableFuture$AsyncSupply.exec(CompletableFuture.java:1760)
	at java.base/java.util.concurrent.ForkJoinTask.doExec(ForkJoinTask.java:373)
	at java.base/java.util.concurrent.ForkJoinPool$WorkQueue.topLevelExec(ForkJoinPool.java:1182)
	at java.base/java.util.concurrent.ForkJoinPool.scan(ForkJoinPool.java:1655)
	at java.base/java.util.concurrent.ForkJoinPool.runWorker(ForkJoinPool.java:1622)
	at java.base/java.util.concurrent.ForkJoinWorkerThread.run(ForkJoinWorkerThread.java:165)
Caused by: org.eclipse.core.runtime.CoreException: プラグイン "org.eclipse.wildwebdeveloper" は、クラス "org.eclipse.wildwebdeveloper.html.HTMLLanguageServer" をインスタンス化できませんでした。
	at org.eclipse.core.internal.registry.osgi.RegistryStrategyOSGI.throwException(RegistryStrategyOSGI.java:212)
	at org.eclipse.core.internal.registry.osgi.RegistryStrategyOSGI.createExecutableExtension(RegistryStrategyOSGI.java:206)
	at org.eclipse.core.internal.registry.ExtensionRegistry.createExecutableExtension(ExtensionRegistry.java:920)
	at org.eclipse.core.internal.registry.ConfigurationElement.createExecutableExtension(ConfigurationElement.java:246)
	at org.eclipse.core.internal.registry.ConfigurationElementHandle.createExecutableExtension(ConfigurationElementHandle.java:63)
	at org.eclipse.lsp4e.LanguageServersRegistry$ExtensionLanguageServerDefinition.createConnectionProvider(LanguageServersRegistry.java:161)
	... 8 more
Caused by: java.lang.reflect.InvocationTargetException
	at jdk.internal.reflect.GeneratedConstructorAccessor101.newInstance(Unknown Source)
	at java.base/jdk.internal.reflect.DelegatingConstructorAccessorImpl.newInstance(DelegatingConstructorAccessorImpl.java:45)
	at java.base/java.lang.reflect.Constructor.newInstanceWithCaller(Constructor.java:499)
	at java.base/java.lang.reflect.Constructor.newInstance(Constructor.java:480)
	at org.eclipse.core.internal.registry.osgi.RegistryStrategyOSGI.createExecutableExtension(RegistryStrategyOSGI.java:204)
	... 12 more
Caused by: java.lang.NullPointerException: Cannot invoke "java.io.File.getAbsolutePath()" because the return value of "org.eclipse.wildwebdeveloper.embedder.node.NodeJSManager.getNodeJsLocation()" is null
	at org.eclipse.wildwebdeveloper.html.HTMLLanguageServer.<init>(HTMLLanguageServer.java:40)
	... 17 more

!ENTRY org.eclipse.lsp4e 4 0 2025-02-15 22:13:54.155
!MESSAGE Cannot invoke "org.eclipse.lsp4e.server.StreamConnectionProvider.getInputStream()" because "this.lspStreamProvider" is null
!STACK 0
java.lang.NullPointerException: Cannot invoke "org.eclipse.lsp4e.server.StreamConnectionProvider.getInputStream()" because "this.lspStreamProvider" is null
	at org.eclipse.lsp4e.LanguageServerWrapper.lambda$1(LanguageServerWrapper.java:284)
	at java.base/java.util.concurrent.CompletableFuture$UniApply.tryFire(CompletableFuture.java:646)
	at java.base/java.util.concurrent.CompletableFuture.postComplete(CompletableFuture.java:510)
	at java.base/java.util.concurrent.CompletableFuture$AsyncSupply.run(CompletableFuture.java:1773)
	at java.base/java.util.concurrent.CompletableFuture$AsyncSupply.exec(CompletableFuture.java:1760)
	at java.base/java.util.concurrent.ForkJoinTask.doExec(ForkJoinTask.java:373)
	at java.base/java.util.concurrent.ForkJoinPool$WorkQueue.topLevelExec(ForkJoinPool.java:1182)
	at java.base/java.util.concurrent.ForkJoinPool.scan(ForkJoinPool.java:1655)
	at java.base/java.util.concurrent.ForkJoinPool.runWorker(ForkJoinPool.java:1622)
	at java.base/java.util.concurrent.ForkJoinWorkerThread.run(ForkJoinWorkerThread.java:165)

!ENTRY org.eclipse.lsp4e 4 0 2025-02-15 22:13:54.272
!MESSAGE プラグイン "org.eclipse.wildwebdeveloper" は、クラス "org.eclipse.wildwebdeveloper.angular.AngularLanguageServer" をインスタンス化できませんでした。
!STACK 1
org.eclipse.core.runtime.CoreException: プラグイン "org.eclipse.wildwebdeveloper" は、クラス "org.eclipse.wildwebdeveloper.angular.AngularLanguageServer" をインスタンス化できませんでした。
	at org.eclipse.core.internal.registry.osgi.RegistryStrategyOSGI.throwException(RegistryStrategyOSGI.java:212)
	at org.eclipse.core.internal.registry.osgi.RegistryStrategyOSGI.createExecutableExtension(RegistryStrategyOSGI.java:206)
	at org.eclipse.core.internal.registry.ExtensionRegistry.createExecutableExtension(ExtensionRegistry.java:920)
	at org.eclipse.core.internal.registry.ConfigurationElement.createExecutableExtension(ConfigurationElement.java:246)
	at org.eclipse.core.internal.registry.ConfigurationElementHandle.createExecutableExtension(ConfigurationElementHandle.java:63)
	at org.eclipse.lsp4e.LanguageServersRegistry$ExtensionLanguageServerDefinition.createConnectionProvider(LanguageServersRegistry.java:161)
	at org.eclipse.lsp4e.LanguageServerWrapper.lambda$0(LanguageServerWrapper.java:233)
	at java.base/java.util.concurrent.CompletableFuture$AsyncSupply.run(CompletableFuture.java:1768)
	at java.base/java.util.concurrent.CompletableFuture$AsyncSupply.exec(CompletableFuture.java:1760)
	at java.base/java.util.concurrent.ForkJoinTask.doExec(ForkJoinTask.java:373)
	at java.base/java.util.concurrent.ForkJoinPool$WorkQueue.topLevelExec(ForkJoinPool.java:1182)
	at java.base/java.util.concurrent.ForkJoinPool.scan(ForkJoinPool.java:1655)
	at java.base/java.util.concurrent.ForkJoinPool.runWorker(ForkJoinPool.java:1622)
	at java.base/java.util.concurrent.ForkJoinWorkerThread.run(ForkJoinWorkerThread.java:165)
Caused by: java.lang.reflect.InvocationTargetException
	at jdk.internal.reflect.GeneratedConstructorAccessor99.newInstance(Unknown Source)
	at java.base/jdk.internal.reflect.DelegatingConstructorAccessorImpl.newInstance(DelegatingConstructorAccessorImpl.java:45)
	at java.base/java.lang.reflect.Constructor.newInstanceWithCaller(Constructor.java:499)
	at java.base/java.lang.reflect.Constructor.newInstance(Constructor.java:480)
	at org.eclipse.core.internal.registry.osgi.RegistryStrategyOSGI.createExecutableExtension(RegistryStrategyOSGI.java:204)
	... 12 more
Caused by: java.lang.NullPointerException: Cannot invoke "java.io.File.getAbsolutePath()" because the return value of "org.eclipse.wildwebdeveloper.embedder.node.NodeJSManager.getNodeJsLocation()" is null
	at org.eclipse.wildwebdeveloper.angular.AngularLanguageServer.<init>(AngularLanguageServer.java:43)
	... 17 more
!SUBENTRY 1 org.eclipse.equinox.registry 4 1 2025-02-15 22:13:54.272
!MESSAGE プラグイン "org.eclipse.wildwebdeveloper" は、クラス "org.eclipse.wildwebdeveloper.angular.AngularLanguageServer" をインスタンス化できませんでした。
!STACK 0
java.lang.reflect.InvocationTargetException
	at jdk.internal.reflect.GeneratedConstructorAccessor99.newInstance(Unknown Source)
	at java.base/jdk.internal.reflect.DelegatingConstructorAccessorImpl.newInstance(DelegatingConstructorAccessorImpl.java:45)
	at java.base/java.lang.reflect.Constructor.newInstanceWithCaller(Constructor.java:499)
	at java.base/java.lang.reflect.Constructor.newInstance(Constructor.java:480)
	at org.eclipse.core.internal.registry.osgi.RegistryStrategyOSGI.createExecutableExtension(RegistryStrategyOSGI.java:204)
	at org.eclipse.core.internal.registry.ExtensionRegistry.createExecutableExtension(ExtensionRegistry.java:920)
	at org.eclipse.core.internal.registry.ConfigurationElement.createExecutableExtension(ConfigurationElement.java:246)
	at org.eclipse.core.internal.registry.ConfigurationElementHandle.createExecutableExtension(ConfigurationElementHandle.java:63)
	at org.eclipse.lsp4e.LanguageServersRegistry$ExtensionLanguageServerDefinition.createConnectionProvider(LanguageServersRegistry.java:161)
	at org.eclipse.lsp4e.LanguageServerWrapper.lambda$0(LanguageServerWrapper.java:233)
	at java.base/java.util.concurrent.CompletableFuture$AsyncSupply.run(CompletableFuture.java:1768)
	at java.base/java.util.concurrent.CompletableFuture$AsyncSupply.exec(CompletableFuture.java:1760)
	at java.base/java.util.concurrent.ForkJoinTask.doExec(ForkJoinTask.java:373)
	at java.base/java.util.concurrent.ForkJoinPool$WorkQueue.topLevelExec(ForkJoinPool.java:1182)
	at java.base/java.util.concurrent.ForkJoinPool.scan(ForkJoinPool.java:1655)
	at java.base/java.util.concurrent.ForkJoinPool.runWorker(ForkJoinPool.java:1622)
	at java.base/java.util.concurrent.ForkJoinWorkerThread.run(ForkJoinWorkerThread.java:165)
Caused by: java.lang.NullPointerException: Cannot invoke "java.io.File.getAbsolutePath()" because the return value of "org.eclipse.wildwebdeveloper.embedder.node.NodeJSManager.getNodeJsLocation()" is null
	at org.eclipse.wildwebdeveloper.angular.AngularLanguageServer.<init>(AngularLanguageServer.java:43)
	... 17 more
Root exception:
java.lang.NullPointerException: Cannot invoke "java.io.File.getAbsolutePath()" because the return value of "org.eclipse.wildwebdeveloper.embedder.node.NodeJSManager.getNodeJsLocation()" is null
	at org.eclipse.wildwebdeveloper.angular.AngularLanguageServer.<init>(AngularLanguageServer.java:43)
	at jdk.internal.reflect.GeneratedConstructorAccessor99.newInstance(Unknown Source)
	at java.base/jdk.internal.reflect.DelegatingConstructorAccessorImpl.newInstance(DelegatingConstructorAccessorImpl.java:45)
	at java.base/java.lang.reflect.Constructor.newInstanceWithCaller(Constructor.java:499)
	at java.base/java.lang.reflect.Constructor.newInstance(Constructor.java:480)
	at org.eclipse.core.internal.registry.osgi.RegistryStrategyOSGI.createExecutableExtension(RegistryStrategyOSGI.java:204)
	at org.eclipse.core.internal.registry.ExtensionRegistry.createExecutableExtension(ExtensionRegistry.java:920)
	at org.eclipse.core.internal.registry.ConfigurationElement.createExecutableExtension(ConfigurationElement.java:246)
	at org.eclipse.core.internal.registry.ConfigurationElementHandle.createExecutableExtension(ConfigurationElementHandle.java:63)
	at org.eclipse.lsp4e.LanguageServersRegistry$ExtensionLanguageServerDefinition.createConnectionProvider(LanguageServersRegistry.java:161)
	at org.eclipse.lsp4e.LanguageServerWrapper.lambda$0(LanguageServerWrapper.java:233)
	at java.base/java.util.concurrent.CompletableFuture$AsyncSupply.run(CompletableFuture.java:1768)
	at java.base/java.util.concurrent.CompletableFuture$AsyncSupply.exec(CompletableFuture.java:1760)
	at java.base/java.util.concurrent.ForkJoinTask.doExec(ForkJoinTask.java:373)
	at java.base/java.util.concurrent.ForkJoinPool$WorkQueue.topLevelExec(ForkJoinPool.java:1182)
	at java.base/java.util.concurrent.ForkJoinPool.scan(ForkJoinPool.java:1655)
	at java.base/java.util.concurrent.ForkJoinPool.runWorker(ForkJoinPool.java:1622)
	at java.base/java.util.concurrent.ForkJoinWorkerThread.run(ForkJoinWorkerThread.java:165)

!ENTRY org.eclipse.lsp4e 4 0 2025-02-15 22:13:54.273
!MESSAGE Exception occurred while creating an instance of the stream connection provider
!STACK 0
java.lang.RuntimeException: Exception occurred while creating an instance of the stream connection provider
	at org.eclipse.lsp4e.LanguageServersRegistry$ExtensionLanguageServerDefinition.createConnectionProvider(LanguageServersRegistry.java:164)
	at org.eclipse.lsp4e.LanguageServerWrapper.lambda$0(LanguageServerWrapper.java:233)
	at java.base/java.util.concurrent.CompletableFuture$AsyncSupply.run(CompletableFuture.java:1768)
	at java.base/java.util.concurrent.CompletableFuture$AsyncSupply.exec(CompletableFuture.java:1760)
	at java.base/java.util.concurrent.ForkJoinTask.doExec(ForkJoinTask.java:373)
	at java.base/java.util.concurrent.ForkJoinPool$WorkQueue.topLevelExec(ForkJoinPool.java:1182)
	at java.base/java.util.concurrent.ForkJoinPool.scan(ForkJoinPool.java:1655)
	at java.base/java.util.concurrent.ForkJoinPool.runWorker(ForkJoinPool.java:1622)
	at java.base/java.util.concurrent.ForkJoinWorkerThread.run(ForkJoinWorkerThread.java:165)
Caused by: org.eclipse.core.runtime.CoreException: プラグイン "org.eclipse.wildwebdeveloper" は、クラス "org.eclipse.wildwebdeveloper.angular.AngularLanguageServer" をインスタンス化できませんでした。
	at org.eclipse.core.internal.registry.osgi.RegistryStrategyOSGI.throwException(RegistryStrategyOSGI.java:212)
	at org.eclipse.core.internal.registry.osgi.RegistryStrategyOSGI.createExecutableExtension(RegistryStrategyOSGI.java:206)
	at org.eclipse.core.internal.registry.ExtensionRegistry.createExecutableExtension(ExtensionRegistry.java:920)
	at org.eclipse.core.internal.registry.ConfigurationElement.createExecutableExtension(ConfigurationElement.java:246)
	at org.eclipse.core.internal.registry.ConfigurationElementHandle.createExecutableExtension(ConfigurationElementHandle.java:63)
	at org.eclipse.lsp4e.LanguageServersRegistry$ExtensionLanguageServerDefinition.createConnectionProvider(LanguageServersRegistry.java:161)
	... 8 more
Caused by: java.lang.reflect.InvocationTargetException
	at jdk.internal.reflect.GeneratedConstructorAccessor99.newInstance(Unknown Source)
	at java.base/jdk.internal.reflect.DelegatingConstructorAccessorImpl.newInstance(DelegatingConstructorAccessorImpl.java:45)
	at java.base/java.lang.reflect.Constructor.newInstanceWithCaller(Constructor.java:499)
	at java.base/java.lang.reflect.Constructor.newInstance(Constructor.java:480)
	at org.eclipse.core.internal.registry.osgi.RegistryStrategyOSGI.createExecutableExtension(RegistryStrategyOSGI.java:204)
	... 12 more
Caused by: java.lang.NullPointerException: Cannot invoke "java.io.File.getAbsolutePath()" because the return value of "org.eclipse.wildwebdeveloper.embedder.node.NodeJSManager.getNodeJsLocation()" is null
	at org.eclipse.wildwebdeveloper.angular.AngularLanguageServer.<init>(AngularLanguageServer.java:43)
	... 17 more

!ENTRY org.eclipse.lsp4e 4 0 2025-02-15 22:13:54.274
!MESSAGE Cannot invoke "org.eclipse.lsp4e.server.StreamConnectionProvider.getInputStream()" because "this.lspStreamProvider" is null
!STACK 0
java.lang.NullPointerException: Cannot invoke "org.eclipse.lsp4e.server.StreamConnectionProvider.getInputStream()" because "this.lspStreamProvider" is null
	at org.eclipse.lsp4e.LanguageServerWrapper.lambda$1(LanguageServerWrapper.java:284)
	at java.base/java.util.concurrent.CompletableFuture$UniApply.tryFire(CompletableFuture.java:646)
	at java.base/java.util.concurrent.CompletableFuture.postComplete(CompletableFuture.java:510)
	at java.base/java.util.concurrent.CompletableFuture$AsyncSupply.run(CompletableFuture.java:1773)
	at java.base/java.util.concurrent.CompletableFuture$AsyncSupply.exec(CompletableFuture.java:1760)
	at java.base/java.util.concurrent.ForkJoinTask.doExec(ForkJoinTask.java:373)
	at java.base/java.util.concurrent.ForkJoinPool$WorkQueue.topLevelExec(ForkJoinPool.java:1182)
	at java.base/java.util.concurrent.ForkJoinPool.scan(ForkJoinPool.java:1655)
	at java.base/java.util.concurrent.ForkJoinPool.runWorker(ForkJoinPool.java:1622)
	at java.base/java.util.concurrent.ForkJoinWorkerThread.run(ForkJoinWorkerThread.java:165)

!ENTRY org.eclipse.lsp4e 4 0 2025-02-15 22:15:03.667
!MESSAGE プラグイン "org.eclipse.wildwebdeveloper" は、クラス "org.eclipse.wildwebdeveloper.html.HTMLLanguageServer" をインスタンス化できませんでした。
!STACK 1
org.eclipse.core.runtime.CoreException: プラグイン "org.eclipse.wildwebdeveloper" は、クラス "org.eclipse.wildwebdeveloper.html.HTMLLanguageServer" をインスタンス化できませんでした。
	at org.eclipse.core.internal.registry.osgi.RegistryStrategyOSGI.throwException(RegistryStrategyOSGI.java:212)
	at org.eclipse.core.internal.registry.osgi.RegistryStrategyOSGI.createExecutableExtension(RegistryStrategyOSGI.java:206)
	at org.eclipse.core.internal.registry.ExtensionRegistry.createExecutableExtension(ExtensionRegistry.java:920)
	at org.eclipse.core.internal.registry.ConfigurationElement.createExecutableExtension(ConfigurationElement.java:246)
	at org.eclipse.core.internal.registry.ConfigurationElementHandle.createExecutableExtension(ConfigurationElementHandle.java:63)
	at org.eclipse.lsp4e.LanguageServersRegistry$ExtensionLanguageServerDefinition.createConnectionProvider(LanguageServersRegistry.java:161)
	at org.eclipse.lsp4e.LanguageServerWrapper.lambda$0(LanguageServerWrapper.java:233)
	at java.base/java.util.concurrent.CompletableFuture$AsyncSupply.run(CompletableFuture.java:1768)
	at java.base/java.util.concurrent.CompletableFuture$AsyncSupply.exec(CompletableFuture.java:1760)
	at java.base/java.util.concurrent.ForkJoinTask.doExec(ForkJoinTask.java:373)
	at java.base/java.util.concurrent.ForkJoinPool$WorkQueue.topLevelExec(ForkJoinPool.java:1182)
	at java.base/java.util.concurrent.ForkJoinPool.scan(ForkJoinPool.java:1655)
	at java.base/java.util.concurrent.ForkJoinPool.runWorker(ForkJoinPool.java:1622)
	at java.base/java.util.concurrent.ForkJoinWorkerThread.run(ForkJoinWorkerThread.java:165)
Caused by: java.lang.reflect.InvocationTargetException
	at jdk.internal.reflect.GeneratedConstructorAccessor101.newInstance(Unknown Source)
	at java.base/jdk.internal.reflect.DelegatingConstructorAccessorImpl.newInstance(DelegatingConstructorAccessorImpl.java:45)
	at java.base/java.lang.reflect.Constructor.newInstanceWithCaller(Constructor.java:499)
	at java.base/java.lang.reflect.Constructor.newInstance(Constructor.java:480)
	at org.eclipse.core.internal.registry.osgi.RegistryStrategyOSGI.createExecutableExtension(RegistryStrategyOSGI.java:204)
	... 12 more
Caused by: java.lang.NullPointerException: Cannot invoke "java.io.File.getAbsolutePath()" because the return value of "org.eclipse.wildwebdeveloper.embedder.node.NodeJSManager.getNodeJsLocation()" is null
	at org.eclipse.wildwebdeveloper.html.HTMLLanguageServer.<init>(HTMLLanguageServer.java:40)
	... 17 more
!SUBENTRY 1 org.eclipse.equinox.registry 4 1 2025-02-15 22:15:03.668
!MESSAGE プラグイン "org.eclipse.wildwebdeveloper" は、クラス "org.eclipse.wildwebdeveloper.html.HTMLLanguageServer" をインスタンス化できませんでした。
!STACK 0
java.lang.reflect.InvocationTargetException
	at jdk.internal.reflect.GeneratedConstructorAccessor101.newInstance(Unknown Source)
	at java.base/jdk.internal.reflect.DelegatingConstructorAccessorImpl.newInstance(DelegatingConstructorAccessorImpl.java:45)
	at java.base/java.lang.reflect.Constructor.newInstanceWithCaller(Constructor.java:499)
	at java.base/java.lang.reflect.Constructor.newInstance(Constructor.java:480)
	at org.eclipse.core.internal.registry.osgi.RegistryStrategyOSGI.createExecutableExtension(RegistryStrategyOSGI.java:204)
	at org.eclipse.core.internal.registry.ExtensionRegistry.createExecutableExtension(ExtensionRegistry.java:920)
	at org.eclipse.core.internal.registry.ConfigurationElement.createExecutableExtension(ConfigurationElement.java:246)
	at org.eclipse.core.internal.registry.ConfigurationElementHandle.createExecutableExtension(ConfigurationElementHandle.java:63)
	at org.eclipse.lsp4e.LanguageServersRegistry$ExtensionLanguageServerDefinition.createConnectionProvider(LanguageServersRegistry.java:161)
	at org.eclipse.lsp4e.LanguageServerWrapper.lambda$0(LanguageServerWrapper.java:233)
	at java.base/java.util.concurrent.CompletableFuture$AsyncSupply.run(CompletableFuture.java:1768)
	at java.base/java.util.concurrent.CompletableFuture$AsyncSupply.exec(CompletableFuture.java:1760)
	at java.base/java.util.concurrent.ForkJoinTask.doExec(ForkJoinTask.java:373)
	at java.base/java.util.concurrent.ForkJoinPool$WorkQueue.topLevelExec(ForkJoinPool.java:1182)
	at java.base/java.util.concurrent.ForkJoinPool.scan(ForkJoinPool.java:1655)
	at java.base/java.util.concurrent.ForkJoinPool.runWorker(ForkJoinPool.java:1622)
	at java.base/java.util.concurrent.ForkJoinWorkerThread.run(ForkJoinWorkerThread.java:165)
Caused by: java.lang.NullPointerException: Cannot invoke "java.io.File.getAbsolutePath()" because the return value of "org.eclipse.wildwebdeveloper.embedder.node.NodeJSManager.getNodeJsLocation()" is null
	at org.eclipse.wildwebdeveloper.html.HTMLLanguageServer.<init>(HTMLLanguageServer.java:40)
	... 17 more
Root exception:
java.lang.NullPointerException: Cannot invoke "java.io.File.getAbsolutePath()" because the return value of "org.eclipse.wildwebdeveloper.embedder.node.NodeJSManager.getNodeJsLocation()" is null
	at org.eclipse.wildwebdeveloper.html.HTMLLanguageServer.<init>(HTMLLanguageServer.java:40)
	at jdk.internal.reflect.GeneratedConstructorAccessor101.newInstance(Unknown Source)
	at java.base/jdk.internal.reflect.DelegatingConstructorAccessorImpl.newInstance(DelegatingConstructorAccessorImpl.java:45)
	at java.base/java.lang.reflect.Constructor.newInstanceWithCaller(Constructor.java:499)
	at java.base/java.lang.reflect.Constructor.newInstance(Constructor.java:480)
	at org.eclipse.core.internal.registry.osgi.RegistryStrategyOSGI.createExecutableExtension(RegistryStrategyOSGI.java:204)
	at org.eclipse.core.internal.registry.ExtensionRegistry.createExecutableExtension(ExtensionRegistry.java:920)
	at org.eclipse.core.internal.registry.ConfigurationElement.createExecutableExtension(ConfigurationElement.java:246)
	at org.eclipse.core.internal.registry.ConfigurationElementHandle.createExecutableExtension(ConfigurationElementHandle.java:63)
	at org.eclipse.lsp4e.LanguageServersRegistry$ExtensionLanguageServerDefinition.createConnectionProvider(LanguageServersRegistry.java:161)
	at org.eclipse.lsp4e.LanguageServerWrapper.lambda$0(LanguageServerWrapper.java:233)
	at java.base/java.util.concurrent.CompletableFuture$AsyncSupply.run(CompletableFuture.java:1768)
	at java.base/java.util.concurrent.CompletableFuture$AsyncSupply.exec(CompletableFuture.java:1760)
	at java.base/java.util.concurrent.ForkJoinTask.doExec(ForkJoinTask.java:373)
	at java.base/java.util.concurrent.ForkJoinPool$WorkQueue.topLevelExec(ForkJoinPool.java:1182)
	at java.base/java.util.concurrent.ForkJoinPool.scan(ForkJoinPool.java:1655)
	at java.base/java.util.concurrent.ForkJoinPool.runWorker(ForkJoinPool.java:1622)
	at java.base/java.util.concurrent.ForkJoinWorkerThread.run(ForkJoinWorkerThread.java:165)

!ENTRY org.eclipse.lsp4e 4 0 2025-02-15 22:15:03.668
!MESSAGE Exception occurred while creating an instance of the stream connection provider
!STACK 0
java.lang.RuntimeException: Exception occurred while creating an instance of the stream connection provider
	at org.eclipse.lsp4e.LanguageServersRegistry$ExtensionLanguageServerDefinition.createConnectionProvider(LanguageServersRegistry.java:164)
	at org.eclipse.lsp4e.LanguageServerWrapper.lambda$0(LanguageServerWrapper.java:233)
	at java.base/java.util.concurrent.CompletableFuture$AsyncSupply.run(CompletableFuture.java:1768)
	at java.base/java.util.concurrent.CompletableFuture$AsyncSupply.exec(CompletableFuture.java:1760)
	at java.base/java.util.concurrent.ForkJoinTask.doExec(ForkJoinTask.java:373)
	at java.base/java.util.concurrent.ForkJoinPool$WorkQueue.topLevelExec(ForkJoinPool.java:1182)
	at java.base/java.util.concurrent.ForkJoinPool.scan(ForkJoinPool.java:1655)
	at java.base/java.util.concurrent.ForkJoinPool.runWorker(ForkJoinPool.java:1622)
	at java.base/java.util.concurrent.ForkJoinWorkerThread.run(ForkJoinWorkerThread.java:165)
Caused by: org.eclipse.core.runtime.CoreException: プラグイン "org.eclipse.wildwebdeveloper" は、クラス "org.eclipse.wildwebdeveloper.html.HTMLLanguageServer" をインスタンス化できませんでした。
	at org.eclipse.core.internal.registry.osgi.RegistryStrategyOSGI.throwException(RegistryStrategyOSGI.java:212)
	at org.eclipse.core.internal.registry.osgi.RegistryStrategyOSGI.createExecutableExtension(RegistryStrategyOSGI.java:206)
	at org.eclipse.core.internal.registry.ExtensionRegistry.createExecutableExtension(ExtensionRegistry.java:920)
	at org.eclipse.core.internal.registry.ConfigurationElement.createExecutableExtension(ConfigurationElement.java:246)
	at org.eclipse.core.internal.registry.ConfigurationElementHandle.createExecutableExtension(ConfigurationElementHandle.java:63)
	at org.eclipse.lsp4e.LanguageServersRegistry$ExtensionLanguageServerDefinition.createConnectionProvider(LanguageServersRegistry.java:161)
	... 8 more
Caused by: java.lang.reflect.InvocationTargetException
	at jdk.internal.reflect.GeneratedConstructorAccessor101.newInstance(Unknown Source)
	at java.base/jdk.internal.reflect.DelegatingConstructorAccessorImpl.newInstance(DelegatingConstructorAccessorImpl.java:45)
	at java.base/java.lang.reflect.Constructor.newInstanceWithCaller(Constructor.java:499)
	at java.base/java.lang.reflect.Constructor.newInstance(Constructor.java:480)
	at org.eclipse.core.internal.registry.osgi.RegistryStrategyOSGI.createExecutableExtension(RegistryStrategyOSGI.java:204)
	... 12 more
Caused by: java.lang.NullPointerException: Cannot invoke "java.io.File.getAbsolutePath()" because the return value of "org.eclipse.wildwebdeveloper.embedder.node.NodeJSManager.getNodeJsLocation()" is null
	at org.eclipse.wildwebdeveloper.html.HTMLLanguageServer.<init>(HTMLLanguageServer.java:40)
	... 17 more

!ENTRY org.eclipse.lsp4e 4 0 2025-02-15 22:15:03.670
!MESSAGE Cannot invoke "org.eclipse.lsp4e.server.StreamConnectionProvider.getInputStream()" because "this.lspStreamProvider" is null
!STACK 0
java.lang.NullPointerException: Cannot invoke "org.eclipse.lsp4e.server.StreamConnectionProvider.getInputStream()" because "this.lspStreamProvider" is null
	at org.eclipse.lsp4e.LanguageServerWrapper.lambda$1(LanguageServerWrapper.java:284)
	at java.base/java.util.concurrent.CompletableFuture$UniApply.tryFire(CompletableFuture.java:646)
	at java.base/java.util.concurrent.CompletableFuture.postComplete(CompletableFuture.java:510)
	at java.base/java.util.concurrent.CompletableFuture$AsyncSupply.run(CompletableFuture.java:1773)
	at java.base/java.util.concurrent.CompletableFuture$AsyncSupply.exec(CompletableFuture.java:1760)
	at java.base/java.util.concurrent.ForkJoinTask.doExec(ForkJoinTask.java:373)
	at java.base/java.util.concurrent.ForkJoinPool$WorkQueue.topLevelExec(ForkJoinPool.java:1182)
	at java.base/java.util.concurrent.ForkJoinPool.scan(ForkJoinPool.java:1655)
	at java.base/java.util.concurrent.ForkJoinPool.runWorker(ForkJoinPool.java:1622)
	at java.base/java.util.concurrent.ForkJoinWorkerThread.run(ForkJoinWorkerThread.java:165)

!ENTRY org.eclipse.lsp4e 4 0 2025-02-15 22:15:03.678
!MESSAGE プラグイン "org.eclipse.wildwebdeveloper" は、クラス "org.eclipse.wildwebdeveloper.angular.AngularLanguageServer" をインスタンス化できませんでした。
!STACK 1
org.eclipse.core.runtime.CoreException: プラグイン "org.eclipse.wildwebdeveloper" は、クラス "org.eclipse.wildwebdeveloper.angular.AngularLanguageServer" をインスタンス化できませんでした。
	at org.eclipse.core.internal.registry.osgi.RegistryStrategyOSGI.throwException(RegistryStrategyOSGI.java:212)
	at org.eclipse.core.internal.registry.osgi.RegistryStrategyOSGI.createExecutableExtension(RegistryStrategyOSGI.java:206)
	at org.eclipse.core.internal.registry.ExtensionRegistry.createExecutableExtension(ExtensionRegistry.java:920)
	at org.eclipse.core.internal.registry.ConfigurationElement.createExecutableExtension(ConfigurationElement.java:246)
	at org.eclipse.core.internal.registry.ConfigurationElementHandle.createExecutableExtension(ConfigurationElementHandle.java:63)
	at org.eclipse.lsp4e.LanguageServersRegistry$ExtensionLanguageServerDefinition.createConnectionProvider(LanguageServersRegistry.java:161)
	at org.eclipse.lsp4e.LanguageServerWrapper.lambda$0(LanguageServerWrapper.java:233)
	at java.base/java.util.concurrent.CompletableFuture$AsyncSupply.run(CompletableFuture.java:1768)
	at java.base/java.util.concurrent.CompletableFuture$AsyncSupply.exec(CompletableFuture.java:1760)
	at java.base/java.util.concurrent.ForkJoinTask.doExec(ForkJoinTask.java:373)
	at java.base/java.util.concurrent.ForkJoinPool$WorkQueue.topLevelExec(ForkJoinPool.java:1182)
	at java.base/java.util.concurrent.ForkJoinPool.scan(ForkJoinPool.java:1655)
	at java.base/java.util.concurrent.ForkJoinPool.runWorker(ForkJoinPool.java:1622)
	at java.base/java.util.concurrent.ForkJoinWorkerThread.run(ForkJoinWorkerThread.java:165)
Caused by: java.lang.reflect.InvocationTargetException
	at jdk.internal.reflect.GeneratedConstructorAccessor99.newInstance(Unknown Source)
	at java.base/jdk.internal.reflect.DelegatingConstructorAccessorImpl.newInstance(DelegatingConstructorAccessorImpl.java:45)
	at java.base/java.lang.reflect.Constructor.newInstanceWithCaller(Constructor.java:499)
	at java.base/java.lang.reflect.Constructor.newInstance(Constructor.java:480)
	at org.eclipse.core.internal.registry.osgi.RegistryStrategyOSGI.createExecutableExtension(RegistryStrategyOSGI.java:204)
	... 12 more
Caused by: java.lang.NullPointerException: Cannot invoke "java.io.File.getAbsolutePath()" because the return value of "org.eclipse.wildwebdeveloper.embedder.node.NodeJSManager.getNodeJsLocation()" is null
	at org.eclipse.wildwebdeveloper.angular.AngularLanguageServer.<init>(AngularLanguageServer.java:43)
	... 17 more
!SUBENTRY 1 org.eclipse.equinox.registry 4 1 2025-02-15 22:15:03.678
!MESSAGE プラグイン "org.eclipse.wildwebdeveloper" は、クラス "org.eclipse.wildwebdeveloper.angular.AngularLanguageServer" をインスタンス化できませんでした。
!STACK 0
java.lang.reflect.InvocationTargetException
	at jdk.internal.reflect.GeneratedConstructorAccessor99.newInstance(Unknown Source)
	at java.base/jdk.internal.reflect.DelegatingConstructorAccessorImpl.newInstance(DelegatingConstructorAccessorImpl.java:45)
	at java.base/java.lang.reflect.Constructor.newInstanceWithCaller(Constructor.java:499)
	at java.base/java.lang.reflect.Constructor.newInstance(Constructor.java:480)
	at org.eclipse.core.internal.registry.osgi.RegistryStrategyOSGI.createExecutableExtension(RegistryStrategyOSGI.java:204)
	at org.eclipse.core.internal.registry.ExtensionRegistry.createExecutableExtension(ExtensionRegistry.java:920)
	at org.eclipse.core.internal.registry.ConfigurationElement.createExecutableExtension(ConfigurationElement.java:246)
	at org.eclipse.core.internal.registry.ConfigurationElementHandle.createExecutableExtension(ConfigurationElementHandle.java:63)
	at org.eclipse.lsp4e.LanguageServersRegistry$ExtensionLanguageServerDefinition.createConnectionProvider(LanguageServersRegistry.java:161)
	at org.eclipse.lsp4e.LanguageServerWrapper.lambda$0(LanguageServerWrapper.java:233)
	at java.base/java.util.concurrent.CompletableFuture$AsyncSupply.run(CompletableFuture.java:1768)
	at java.base/java.util.concurrent.CompletableFuture$AsyncSupply.exec(CompletableFuture.java:1760)
	at java.base/java.util.concurrent.ForkJoinTask.doExec(ForkJoinTask.java:373)
	at java.base/java.util.concurrent.ForkJoinPool$WorkQueue.topLevelExec(ForkJoinPool.java:1182)
	at java.base/java.util.concurrent.ForkJoinPool.scan(ForkJoinPool.java:1655)
	at java.base/java.util.concurrent.ForkJoinPool.runWorker(ForkJoinPool.java:1622)
	at java.base/java.util.concurrent.ForkJoinWorkerThread.run(ForkJoinWorkerThread.java:165)
Caused by: java.lang.NullPointerException: Cannot invoke "java.io.File.getAbsolutePath()" because the return value of "org.eclipse.wildwebdeveloper.embedder.node.NodeJSManager.getNodeJsLocation()" is null
	at org.eclipse.wildwebdeveloper.angular.AngularLanguageServer.<init>(AngularLanguageServer.java:43)
	... 17 more
Root exception:
java.lang.NullPointerException: Cannot invoke "java.io.File.getAbsolutePath()" because the return value of "org.eclipse.wildwebdeveloper.embedder.node.NodeJSManager.getNodeJsLocation()" is null
	at org.eclipse.wildwebdeveloper.angular.AngularLanguageServer.<init>(AngularLanguageServer.java:43)
	at jdk.internal.reflect.GeneratedConstructorAccessor99.newInstance(Unknown Source)
	at java.base/jdk.internal.reflect.DelegatingConstructorAccessorImpl.newInstance(DelegatingConstructorAccessorImpl.java:45)
	at java.base/java.lang.reflect.Constructor.newInstanceWithCaller(Constructor.java:499)
	at java.base/java.lang.reflect.Constructor.newInstance(Constructor.java:480)
	at org.eclipse.core.internal.registry.osgi.RegistryStrategyOSGI.createExecutableExtension(RegistryStrategyOSGI.java:204)
	at org.eclipse.core.internal.registry.ExtensionRegistry.createExecutableExtension(ExtensionRegistry.java:920)
	at org.eclipse.core.internal.registry.ConfigurationElement.createExecutableExtension(ConfigurationElement.java:246)
	at org.eclipse.core.internal.registry.ConfigurationElementHandle.createExecutableExtension(ConfigurationElementHandle.java:63)
	at org.eclipse.lsp4e.LanguageServersRegistry$ExtensionLanguageServerDefinition.createConnectionProvider(LanguageServersRegistry.java:161)
	at org.eclipse.lsp4e.LanguageServerWrapper.lambda$0(LanguageServerWrapper.java:233)
	at java.base/java.util.concurrent.CompletableFuture$AsyncSupply.run(CompletableFuture.java:1768)
	at java.base/java.util.concurrent.CompletableFuture$AsyncSupply.exec(CompletableFuture.java:1760)
	at java.base/java.util.concurrent.ForkJoinTask.doExec(ForkJoinTask.java:373)
	at java.base/java.util.concurrent.ForkJoinPool$WorkQueue.topLevelExec(ForkJoinPool.java:1182)
	at java.base/java.util.concurrent.ForkJoinPool.scan(ForkJoinPool.java:1655)
	at java.base/java.util.concurrent.ForkJoinPool.runWorker(ForkJoinPool.java:1622)
	at java.base/java.util.concurrent.ForkJoinWorkerThread.run(ForkJoinWorkerThread.java:165)

!ENTRY org.eclipse.lsp4e 4 0 2025-02-15 22:15:03.678
!MESSAGE Exception occurred while creating an instance of the stream connection provider
!STACK 0
java.lang.RuntimeException: Exception occurred while creating an instance of the stream connection provider
	at org.eclipse.lsp4e.LanguageServersRegistry$ExtensionLanguageServerDefinition.createConnectionProvider(LanguageServersRegistry.java:164)
	at org.eclipse.lsp4e.LanguageServerWrapper.lambda$0(LanguageServerWrapper.java:233)
	at java.base/java.util.concurrent.CompletableFuture$AsyncSupply.run(CompletableFuture.java:1768)
	at java.base/java.util.concurrent.CompletableFuture$AsyncSupply.exec(CompletableFuture.java:1760)
	at java.base/java.util.concurrent.ForkJoinTask.doExec(ForkJoinTask.java:373)
	at java.base/java.util.concurrent.ForkJoinPool$WorkQueue.topLevelExec(ForkJoinPool.java:1182)
	at java.base/java.util.concurrent.ForkJoinPool.scan(ForkJoinPool.java:1655)
	at java.base/java.util.concurrent.ForkJoinPool.runWorker(ForkJoinPool.java:1622)
	at java.base/java.util.concurrent.ForkJoinWorkerThread.run(ForkJoinWorkerThread.java:165)
Caused by: org.eclipse.core.runtime.CoreException: プラグイン "org.eclipse.wildwebdeveloper" は、クラス "org.eclipse.wildwebdeveloper.angular.AngularLanguageServer" をインスタンス化できませんでした。
	at org.eclipse.core.internal.registry.osgi.RegistryStrategyOSGI.throwException(RegistryStrategyOSGI.java:212)
	at org.eclipse.core.internal.registry.osgi.RegistryStrategyOSGI.createExecutableExtension(RegistryStrategyOSGI.java:206)
	at org.eclipse.core.internal.registry.ExtensionRegistry.createExecutableExtension(ExtensionRegistry.java:920)
	at org.eclipse.core.internal.registry.ConfigurationElement.createExecutableExtension(ConfigurationElement.java:246)
	at org.eclipse.core.internal.registry.ConfigurationElementHandle.createExecutableExtension(ConfigurationElementHandle.java:63)
	at org.eclipse.lsp4e.LanguageServersRegistry$ExtensionLanguageServerDefinition.createConnectionProvider(LanguageServersRegistry.java:161)
	... 8 more
Caused by: java.lang.reflect.InvocationTargetException
	at jdk.internal.reflect.GeneratedConstructorAccessor99.newInstance(Unknown Source)
	at java.base/jdk.internal.reflect.DelegatingConstructorAccessorImpl.newInstance(DelegatingConstructorAccessorImpl.java:45)
	at java.base/java.lang.reflect.Constructor.newInstanceWithCaller(Constructor.java:499)
	at java.base/java.lang.reflect.Constructor.newInstance(Constructor.java:480)
	at org.eclipse.core.internal.registry.osgi.RegistryStrategyOSGI.createExecutableExtension(RegistryStrategyOSGI.java:204)
	... 12 more
Caused by: java.lang.NullPointerException: Cannot invoke "java.io.File.getAbsolutePath()" because the return value of "org.eclipse.wildwebdeveloper.embedder.node.NodeJSManager.getNodeJsLocation()" is null
	at org.eclipse.wildwebdeveloper.angular.AngularLanguageServer.<init>(AngularLanguageServer.java:43)
	... 17 more

!ENTRY org.eclipse.lsp4e 4 0 2025-02-15 22:15:03.679
!MESSAGE Cannot invoke "org.eclipse.lsp4e.server.StreamConnectionProvider.getInputStream()" because "this.lspStreamProvider" is null
!STACK 0
java.lang.NullPointerException: Cannot invoke "org.eclipse.lsp4e.server.StreamConnectionProvider.getInputStream()" because "this.lspStreamProvider" is null
	at org.eclipse.lsp4e.LanguageServerWrapper.lambda$1(LanguageServerWrapper.java:284)
	at java.base/java.util.concurrent.CompletableFuture$UniApply.tryFire(CompletableFuture.java:646)
	at java.base/java.util.concurrent.CompletableFuture.postComplete(CompletableFuture.java:510)
	at java.base/java.util.concurrent.CompletableFuture$AsyncSupply.run(CompletableFuture.java:1773)
	at java.base/java.util.concurrent.CompletableFuture$AsyncSupply.exec(CompletableFuture.java:1760)
	at java.base/java.util.concurrent.ForkJoinTask.doExec(ForkJoinTask.java:373)
	at java.base/java.util.concurrent.ForkJoinPool$WorkQueue.topLevelExec(ForkJoinPool.java:1182)
	at java.base/java.util.concurrent.ForkJoinPool.scan(ForkJoinPool.java:1655)
	at java.base/java.util.concurrent.ForkJoinPool.runWorker(ForkJoinPool.java:1622)
	at java.base/java.util.concurrent.ForkJoinWorkerThread.run(ForkJoinWorkerThread.java:165)

!ENTRY org.eclipse.lsp4e 4 0 2025-02-15 22:15:19.173
!MESSAGE プラグイン "org.eclipse.wildwebdeveloper" は、クラス "org.eclipse.wildwebdeveloper.angular.AngularLanguageServer" をインスタンス化できませんでした。
!STACK 1
org.eclipse.core.runtime.CoreException: プラグイン "org.eclipse.wildwebdeveloper" は、クラス "org.eclipse.wildwebdeveloper.angular.AngularLanguageServer" をインスタンス化できませんでした。
	at org.eclipse.core.internal.registry.osgi.RegistryStrategyOSGI.throwException(RegistryStrategyOSGI.java:212)
	at org.eclipse.core.internal.registry.osgi.RegistryStrategyOSGI.createExecutableExtension(RegistryStrategyOSGI.java:206)
	at org.eclipse.core.internal.registry.ExtensionRegistry.createExecutableExtension(ExtensionRegistry.java:920)
	at org.eclipse.core.internal.registry.ConfigurationElement.createExecutableExtension(ConfigurationElement.java:246)
	at org.eclipse.core.internal.registry.ConfigurationElementHandle.createExecutableExtension(ConfigurationElementHandle.java:63)
	at org.eclipse.lsp4e.LanguageServersRegistry$ExtensionLanguageServerDefinition.createConnectionProvider(LanguageServersRegistry.java:161)
	at org.eclipse.lsp4e.LanguageServerWrapper.lambda$0(LanguageServerWrapper.java:233)
	at java.base/java.util.concurrent.CompletableFuture$AsyncSupply.run(CompletableFuture.java:1768)
	at java.base/java.util.concurrent.CompletableFuture$AsyncSupply.exec(CompletableFuture.java:1760)
	at java.base/java.util.concurrent.ForkJoinTask.doExec(ForkJoinTask.java:373)
	at java.base/java.util.concurrent.ForkJoinPool$WorkQueue.topLevelExec(ForkJoinPool.java:1182)
	at java.base/java.util.concurrent.ForkJoinPool.scan(ForkJoinPool.java:1655)
	at java.base/java.util.concurrent.ForkJoinPool.runWorker(ForkJoinPool.java:1622)
	at java.base/java.util.concurrent.ForkJoinWorkerThread.run(ForkJoinWorkerThread.java:165)
Caused by: java.lang.reflect.InvocationTargetException
	at jdk.internal.reflect.GeneratedConstructorAccessor99.newInstance(Unknown Source)
	at java.base/jdk.internal.reflect.DelegatingConstructorAccessorImpl.newInstance(DelegatingConstructorAccessorImpl.java:45)
	at java.base/java.lang.reflect.Constructor.newInstanceWithCaller(Constructor.java:499)
	at java.base/java.lang.reflect.Constructor.newInstance(Constructor.java:480)
	at org.eclipse.core.internal.registry.osgi.RegistryStrategyOSGI.createExecutableExtension(RegistryStrategyOSGI.java:204)
	... 12 more
Caused by: java.lang.NullPointerException: Cannot invoke "java.io.File.getAbsolutePath()" because the return value of "org.eclipse.wildwebdeveloper.embedder.node.NodeJSManager.getNodeJsLocation()" is null
	at org.eclipse.wildwebdeveloper.angular.AngularLanguageServer.<init>(AngularLanguageServer.java:43)
	... 17 more
!SUBENTRY 1 org.eclipse.equinox.registry 4 1 2025-02-15 22:15:19.173
!MESSAGE プラグイン "org.eclipse.wildwebdeveloper" は、クラス "org.eclipse.wildwebdeveloper.angular.AngularLanguageServer" をインスタンス化できませんでした。
!STACK 0
java.lang.reflect.InvocationTargetException
	at jdk.internal.reflect.GeneratedConstructorAccessor99.newInstance(Unknown Source)
	at java.base/jdk.internal.reflect.DelegatingConstructorAccessorImpl.newInstance(DelegatingConstructorAccessorImpl.java:45)
	at java.base/java.lang.reflect.Constructor.newInstanceWithCaller(Constructor.java:499)
	at java.base/java.lang.reflect.Constructor.newInstance(Constructor.java:480)
	at org.eclipse.core.internal.registry.osgi.RegistryStrategyOSGI.createExecutableExtension(RegistryStrategyOSGI.java:204)
	at org.eclipse.core.internal.registry.ExtensionRegistry.createExecutableExtension(ExtensionRegistry.java:920)
	at org.eclipse.core.internal.registry.ConfigurationElement.createExecutableExtension(ConfigurationElement.java:246)
	at org.eclipse.core.internal.registry.ConfigurationElementHandle.createExecutableExtension(ConfigurationElementHandle.java:63)
	at org.eclipse.lsp4e.LanguageServersRegistry$ExtensionLanguageServerDefinition.createConnectionProvider(LanguageServersRegistry.java:161)
	at org.eclipse.lsp4e.LanguageServerWrapper.lambda$0(LanguageServerWrapper.java:233)
	at java.base/java.util.concurrent.CompletableFuture$AsyncSupply.run(CompletableFuture.java:1768)
	at java.base/java.util.concurrent.CompletableFuture$AsyncSupply.exec(CompletableFuture.java:1760)
	at java.base/java.util.concurrent.ForkJoinTask.doExec(ForkJoinTask.java:373)
	at java.base/java.util.concurrent.ForkJoinPool$WorkQueue.topLevelExec(ForkJoinPool.java:1182)
	at java.base/java.util.concurrent.ForkJoinPool.scan(ForkJoinPool.java:1655)
	at java.base/java.util.concurrent.ForkJoinPool.runWorker(ForkJoinPool.java:1622)
	at java.base/java.util.concurrent.ForkJoinWorkerThread.run(ForkJoinWorkerThread.java:165)
Caused by: java.lang.NullPointerException: Cannot invoke "java.io.File.getAbsolutePath()" because the return value of "org.eclipse.wildwebdeveloper.embedder.node.NodeJSManager.getNodeJsLocation()" is null
	at org.eclipse.wildwebdeveloper.angular.AngularLanguageServer.<init>(AngularLanguageServer.java:43)
	... 17 more
Root exception:
java.lang.NullPointerException: Cannot invoke "java.io.File.getAbsolutePath()" because the return value of "org.eclipse.wildwebdeveloper.embedder.node.NodeJSManager.getNodeJsLocation()" is null
	at org.eclipse.wildwebdeveloper.angular.AngularLanguageServer.<init>(AngularLanguageServer.java:43)
	at jdk.internal.reflect.GeneratedConstructorAccessor99.newInstance(Unknown Source)
	at java.base/jdk.internal.reflect.DelegatingConstructorAccessorImpl.newInstance(DelegatingConstructorAccessorImpl.java:45)
	at java.base/java.lang.reflect.Constructor.newInstanceWithCaller(Constructor.java:499)
	at java.base/java.lang.reflect.Constructor.newInstance(Constructor.java:480)
	at org.eclipse.core.internal.registry.osgi.RegistryStrategyOSGI.createExecutableExtension(RegistryStrategyOSGI.java:204)
	at org.eclipse.core.internal.registry.ExtensionRegistry.createExecutableExtension(ExtensionRegistry.java:920)
	at org.eclipse.core.internal.registry.ConfigurationElement.createExecutableExtension(ConfigurationElement.java:246)
	at org.eclipse.core.internal.registry.ConfigurationElementHandle.createExecutableExtension(ConfigurationElementHandle.java:63)
	at org.eclipse.lsp4e.LanguageServersRegistry$ExtensionLanguageServerDefinition.createConnectionProvider(LanguageServersRegistry.java:161)
	at org.eclipse.lsp4e.LanguageServerWrapper.lambda$0(LanguageServerWrapper.java:233)
	at java.base/java.util.concurrent.CompletableFuture$AsyncSupply.run(CompletableFuture.java:1768)
	at java.base/java.util.concurrent.CompletableFuture$AsyncSupply.exec(CompletableFuture.java:1760)
	at java.base/java.util.concurrent.ForkJoinTask.doExec(ForkJoinTask.java:373)
	at java.base/java.util.concurrent.ForkJoinPool$WorkQueue.topLevelExec(ForkJoinPool.java:1182)
	at java.base/java.util.concurrent.ForkJoinPool.scan(ForkJoinPool.java:1655)
	at java.base/java.util.concurrent.ForkJoinPool.runWorker(ForkJoinPool.java:1622)
	at java.base/java.util.concurrent.ForkJoinWorkerThread.run(ForkJoinWorkerThread.java:165)

!ENTRY org.eclipse.lsp4e 4 0 2025-02-15 22:15:19.174
!MESSAGE Exception occurred while creating an instance of the stream connection provider
!STACK 0
java.lang.RuntimeException: Exception occurred while creating an instance of the stream connection provider
	at org.eclipse.lsp4e.LanguageServersRegistry$ExtensionLanguageServerDefinition.createConnectionProvider(LanguageServersRegistry.java:164)
	at org.eclipse.lsp4e.LanguageServerWrapper.lambda$0(LanguageServerWrapper.java:233)
	at java.base/java.util.concurrent.CompletableFuture$AsyncSupply.run(CompletableFuture.java:1768)
	at java.base/java.util.concurrent.CompletableFuture$AsyncSupply.exec(CompletableFuture.java:1760)
	at java.base/java.util.concurrent.ForkJoinTask.doExec(ForkJoinTask.java:373)
	at java.base/java.util.concurrent.ForkJoinPool$WorkQueue.topLevelExec(ForkJoinPool.java:1182)
	at java.base/java.util.concurrent.ForkJoinPool.scan(ForkJoinPool.java:1655)
	at java.base/java.util.concurrent.ForkJoinPool.runWorker(ForkJoinPool.java:1622)
	at java.base/java.util.concurrent.ForkJoinWorkerThread.run(ForkJoinWorkerThread.java:165)
Caused by: org.eclipse.core.runtime.CoreException: プラグイン "org.eclipse.wildwebdeveloper" は、クラス "org.eclipse.wildwebdeveloper.angular.AngularLanguageServer" をインスタンス化できませんでした。
	at org.eclipse.core.internal.registry.osgi.RegistryStrategyOSGI.throwException(RegistryStrategyOSGI.java:212)
	at org.eclipse.core.internal.registry.osgi.RegistryStrategyOSGI.createExecutableExtension(RegistryStrategyOSGI.java:206)
	at org.eclipse.core.internal.registry.ExtensionRegistry.createExecutableExtension(ExtensionRegistry.java:920)
	at org.eclipse.core.internal.registry.ConfigurationElement.createExecutableExtension(ConfigurationElement.java:246)
	at org.eclipse.core.internal.registry.ConfigurationElementHandle.createExecutableExtension(ConfigurationElementHandle.java:63)
	at org.eclipse.lsp4e.LanguageServersRegistry$ExtensionLanguageServerDefinition.createConnectionProvider(LanguageServersRegistry.java:161)
	... 8 more
Caused by: java.lang.reflect.InvocationTargetException
	at jdk.internal.reflect.GeneratedConstructorAccessor99.newInstance(Unknown Source)
	at java.base/jdk.internal.reflect.DelegatingConstructorAccessorImpl.newInstance(DelegatingConstructorAccessorImpl.java:45)
	at java.base/java.lang.reflect.Constructor.newInstanceWithCaller(Constructor.java:499)
	at java.base/java.lang.reflect.Constructor.newInstance(Constructor.java:480)
	at org.eclipse.core.internal.registry.osgi.RegistryStrategyOSGI.createExecutableExtension(RegistryStrategyOSGI.java:204)
	... 12 more
Caused by: java.lang.NullPointerException: Cannot invoke "java.io.File.getAbsolutePath()" because the return value of "org.eclipse.wildwebdeveloper.embedder.node.NodeJSManager.getNodeJsLocation()" is null
	at org.eclipse.wildwebdeveloper.angular.AngularLanguageServer.<init>(AngularLanguageServer.java:43)
	... 17 more

!ENTRY org.eclipse.lsp4e 4 0 2025-02-15 22:15:19.176
!MESSAGE Cannot invoke "org.eclipse.lsp4e.server.StreamConnectionProvider.getInputStream()" because "this.lspStreamProvider" is null
!STACK 0
java.lang.NullPointerException: Cannot invoke "org.eclipse.lsp4e.server.StreamConnectionProvider.getInputStream()" because "this.lspStreamProvider" is null
	at org.eclipse.lsp4e.LanguageServerWrapper.lambda$1(LanguageServerWrapper.java:284)
	at java.base/java.util.concurrent.CompletableFuture$UniApply.tryFire(CompletableFuture.java:646)
	at java.base/java.util.concurrent.CompletableFuture.postComplete(CompletableFuture.java:510)
	at java.base/java.util.concurrent.CompletableFuture$AsyncSupply.run(CompletableFuture.java:1773)
	at java.base/java.util.concurrent.CompletableFuture$AsyncSupply.exec(CompletableFuture.java:1760)
	at java.base/java.util.concurrent.ForkJoinTask.doExec(ForkJoinTask.java:373)
	at java.base/java.util.concurrent.ForkJoinPool$WorkQueue.topLevelExec(ForkJoinPool.java:1182)
	at java.base/java.util.concurrent.ForkJoinPool.scan(ForkJoinPool.java:1655)
	at java.base/java.util.concurrent.ForkJoinPool.runWorker(ForkJoinPool.java:1622)
	at java.base/java.util.concurrent.ForkJoinWorkerThread.run(ForkJoinWorkerThread.java:165)

!ENTRY org.eclipse.lsp4e 4 0 2025-02-15 22:15:19.181
!MESSAGE プラグイン "org.eclipse.wildwebdeveloper" は、クラス "org.eclipse.wildwebdeveloper.html.HTMLLanguageServer" をインスタンス化できませんでした。
!STACK 1
org.eclipse.core.runtime.CoreException: プラグイン "org.eclipse.wildwebdeveloper" は、クラス "org.eclipse.wildwebdeveloper.html.HTMLLanguageServer" をインスタンス化できませんでした。
	at org.eclipse.core.internal.registry.osgi.RegistryStrategyOSGI.throwException(RegistryStrategyOSGI.java:212)
	at org.eclipse.core.internal.registry.osgi.RegistryStrategyOSGI.createExecutableExtension(RegistryStrategyOSGI.java:206)
	at org.eclipse.core.internal.registry.ExtensionRegistry.createExecutableExtension(ExtensionRegistry.java:920)
	at org.eclipse.core.internal.registry.ConfigurationElement.createExecutableExtension(ConfigurationElement.java:246)
	at org.eclipse.core.internal.registry.ConfigurationElementHandle.createExecutableExtension(ConfigurationElementHandle.java:63)
	at org.eclipse.lsp4e.LanguageServersRegistry$ExtensionLanguageServerDefinition.createConnectionProvider(LanguageServersRegistry.java:161)
	at org.eclipse.lsp4e.LanguageServerWrapper.lambda$0(LanguageServerWrapper.java:233)
	at java.base/java.util.concurrent.CompletableFuture$AsyncSupply.run(CompletableFuture.java:1768)
	at java.base/java.util.concurrent.CompletableFuture$AsyncSupply.exec(CompletableFuture.java:1760)
	at java.base/java.util.concurrent.ForkJoinTask.doExec(ForkJoinTask.java:373)
	at java.base/java.util.concurrent.ForkJoinPool$WorkQueue.topLevelExec(ForkJoinPool.java:1182)
	at java.base/java.util.concurrent.ForkJoinPool.scan(ForkJoinPool.java:1655)
	at java.base/java.util.concurrent.ForkJoinPool.runWorker(ForkJoinPool.java:1622)
	at java.base/java.util.concurrent.ForkJoinWorkerThread.run(ForkJoinWorkerThread.java:165)
Caused by: java.lang.reflect.InvocationTargetException
	at jdk.internal.reflect.GeneratedConstructorAccessor101.newInstance(Unknown Source)
	at java.base/jdk.internal.reflect.DelegatingConstructorAccessorImpl.newInstance(DelegatingConstructorAccessorImpl.java:45)
	at java.base/java.lang.reflect.Constructor.newInstanceWithCaller(Constructor.java:499)
	at java.base/java.lang.reflect.Constructor.newInstance(Constructor.java:480)
	at org.eclipse.core.internal.registry.osgi.RegistryStrategyOSGI.createExecutableExtension(RegistryStrategyOSGI.java:204)
	... 12 more
Caused by: java.lang.NullPointerException: Cannot invoke "java.io.File.getAbsolutePath()" because the return value of "org.eclipse.wildwebdeveloper.embedder.node.NodeJSManager.getNodeJsLocation()" is null
	at org.eclipse.wildwebdeveloper.html.HTMLLanguageServer.<init>(HTMLLanguageServer.java:40)
	... 17 more
!SUBENTRY 1 org.eclipse.equinox.registry 4 1 2025-02-15 22:15:19.181
!MESSAGE プラグイン "org.eclipse.wildwebdeveloper" は、クラス "org.eclipse.wildwebdeveloper.html.HTMLLanguageServer" をインスタンス化できませんでした。
!STACK 0
java.lang.reflect.InvocationTargetException
	at jdk.internal.reflect.GeneratedConstructorAccessor101.newInstance(Unknown Source)
	at java.base/jdk.internal.reflect.DelegatingConstructorAccessorImpl.newInstance(DelegatingConstructorAccessorImpl.java:45)
	at java.base/java.lang.reflect.Constructor.newInstanceWithCaller(Constructor.java:499)
	at java.base/java.lang.reflect.Constructor.newInstance(Constructor.java:480)
	at org.eclipse.core.internal.registry.osgi.RegistryStrategyOSGI.createExecutableExtension(RegistryStrategyOSGI.java:204)
	at org.eclipse.core.internal.registry.ExtensionRegistry.createExecutableExtension(ExtensionRegistry.java:920)
	at org.eclipse.core.internal.registry.ConfigurationElement.createExecutableExtension(ConfigurationElement.java:246)
	at org.eclipse.core.internal.registry.ConfigurationElementHandle.createExecutableExtension(ConfigurationElementHandle.java:63)
	at org.eclipse.lsp4e.LanguageServersRegistry$ExtensionLanguageServerDefinition.createConnectionProvider(LanguageServersRegistry.java:161)
	at org.eclipse.lsp4e.LanguageServerWrapper.lambda$0(LanguageServerWrapper.java:233)
	at java.base/java.util.concurrent.CompletableFuture$AsyncSupply.run(CompletableFuture.java:1768)
	at java.base/java.util.concurrent.CompletableFuture$AsyncSupply.exec(CompletableFuture.java:1760)
	at java.base/java.util.concurrent.ForkJoinTask.doExec(ForkJoinTask.java:373)
	at java.base/java.util.concurrent.ForkJoinPool$WorkQueue.topLevelExec(ForkJoinPool.java:1182)
	at java.base/java.util.concurrent.ForkJoinPool.scan(ForkJoinPool.java:1655)
	at java.base/java.util.concurrent.ForkJoinPool.runWorker(ForkJoinPool.java:1622)
	at java.base/java.util.concurrent.ForkJoinWorkerThread.run(ForkJoinWorkerThread.java:165)
Caused by: java.lang.NullPointerException: Cannot invoke "java.io.File.getAbsolutePath()" because the return value of "org.eclipse.wildwebdeveloper.embedder.node.NodeJSManager.getNodeJsLocation()" is null
	at org.eclipse.wildwebdeveloper.html.HTMLLanguageServer.<init>(HTMLLanguageServer.java:40)
	... 17 more
Root exception:
java.lang.NullPointerException: Cannot invoke "java.io.File.getAbsolutePath()" because the return value of "org.eclipse.wildwebdeveloper.embedder.node.NodeJSManager.getNodeJsLocation()" is null
	at org.eclipse.wildwebdeveloper.html.HTMLLanguageServer.<init>(HTMLLanguageServer.java:40)
	at jdk.internal.reflect.GeneratedConstructorAccessor101.newInstance(Unknown Source)
	at java.base/jdk.internal.reflect.DelegatingConstructorAccessorImpl.newInstance(DelegatingConstructorAccessorImpl.java:45)
	at java.base/java.lang.reflect.Constructor.newInstanceWithCaller(Constructor.java:499)
	at java.base/java.lang.reflect.Constructor.newInstance(Constructor.java:480)
	at org.eclipse.core.internal.registry.osgi.RegistryStrategyOSGI.createExecutableExtension(RegistryStrategyOSGI.java:204)
	at org.eclipse.core.internal.registry.ExtensionRegistry.createExecutableExtension(ExtensionRegistry.java:920)
	at org.eclipse.core.internal.registry.ConfigurationElement.createExecutableExtension(ConfigurationElement.java:246)
	at org.eclipse.core.internal.registry.ConfigurationElementHandle.createExecutableExtension(ConfigurationElementHandle.java:63)
	at org.eclipse.lsp4e.LanguageServersRegistry$ExtensionLanguageServerDefinition.createConnectionProvider(LanguageServersRegistry.java:161)
	at org.eclipse.lsp4e.LanguageServerWrapper.lambda$0(LanguageServerWrapper.java:233)
	at java.base/java.util.concurrent.CompletableFuture$AsyncSupply.run(CompletableFuture.java:1768)
	at java.base/java.util.concurrent.CompletableFuture$AsyncSupply.exec(CompletableFuture.java:1760)
	at java.base/java.util.concurrent.ForkJoinTask.doExec(ForkJoinTask.java:373)
	at java.base/java.util.concurrent.ForkJoinPool$WorkQueue.topLevelExec(ForkJoinPool.java:1182)
	at java.base/java.util.concurrent.ForkJoinPool.scan(ForkJoinPool.java:1655)
	at java.base/java.util.concurrent.ForkJoinPool.runWorker(ForkJoinPool.java:1622)
	at java.base/java.util.concurrent.ForkJoinWorkerThread.run(ForkJoinWorkerThread.java:165)

!ENTRY org.eclipse.lsp4e 4 0 2025-02-15 22:15:19.182
!MESSAGE Exception occurred while creating an instance of the stream connection provider
!STACK 0
java.lang.RuntimeException: Exception occurred while creating an instance of the stream connection provider
	at org.eclipse.lsp4e.LanguageServersRegistry$ExtensionLanguageServerDefinition.createConnectionProvider(LanguageServersRegistry.java:164)
	at org.eclipse.lsp4e.LanguageServerWrapper.lambda$0(LanguageServerWrapper.java:233)
	at java.base/java.util.concurrent.CompletableFuture$AsyncSupply.run(CompletableFuture.java:1768)
	at java.base/java.util.concurrent.CompletableFuture$AsyncSupply.exec(CompletableFuture.java:1760)
	at java.base/java.util.concurrent.ForkJoinTask.doExec(ForkJoinTask.java:373)
	at java.base/java.util.concurrent.ForkJoinPool$WorkQueue.topLevelExec(ForkJoinPool.java:1182)
	at java.base/java.util.concurrent.ForkJoinPool.scan(ForkJoinPool.java:1655)
	at java.base/java.util.concurrent.ForkJoinPool.runWorker(ForkJoinPool.java:1622)
	at java.base/java.util.concurrent.ForkJoinWorkerThread.run(ForkJoinWorkerThread.java:165)
Caused by: org.eclipse.core.runtime.CoreException: プラグイン "org.eclipse.wildwebdeveloper" は、クラス "org.eclipse.wildwebdeveloper.html.HTMLLanguageServer" をインスタンス化できませんでした。
	at org.eclipse.core.internal.registry.osgi.RegistryStrategyOSGI.throwException(RegistryStrategyOSGI.java:212)
	at org.eclipse.core.internal.registry.osgi.RegistryStrategyOSGI.createExecutableExtension(RegistryStrategyOSGI.java:206)
	at org.eclipse.core.internal.registry.ExtensionRegistry.createExecutableExtension(ExtensionRegistry.java:920)
	at org.eclipse.core.internal.registry.ConfigurationElement.createExecutableExtension(ConfigurationElement.java:246)
	at org.eclipse.core.internal.registry.ConfigurationElementHandle.createExecutableExtension(ConfigurationElementHandle.java:63)
	at org.eclipse.lsp4e.LanguageServersRegistry$ExtensionLanguageServerDefinition.createConnectionProvider(LanguageServersRegistry.java:161)
	... 8 more
Caused by: java.lang.reflect.InvocationTargetException
	at jdk.internal.reflect.GeneratedConstructorAccessor101.newInstance(Unknown Source)
	at java.base/jdk.internal.reflect.DelegatingConstructorAccessorImpl.newInstance(DelegatingConstructorAccessorImpl.java:45)
	at java.base/java.lang.reflect.Constructor.newInstanceWithCaller(Constructor.java:499)
	at java.base/java.lang.reflect.Constructor.newInstance(Constructor.java:480)
	at org.eclipse.core.internal.registry.osgi.RegistryStrategyOSGI.createExecutableExtension(RegistryStrategyOSGI.java:204)
	... 12 more
Caused by: java.lang.NullPointerException: Cannot invoke "java.io.File.getAbsolutePath()" because the return value of "org.eclipse.wildwebdeveloper.embedder.node.NodeJSManager.getNodeJsLocation()" is null
	at org.eclipse.wildwebdeveloper.html.HTMLLanguageServer.<init>(HTMLLanguageServer.java:40)
	... 17 more

!ENTRY org.eclipse.lsp4e 4 0 2025-02-15 22:15:19.187
!MESSAGE Cannot invoke "org.eclipse.lsp4e.server.StreamConnectionProvider.getInputStream()" because "this.lspStreamProvider" is null
!STACK 0
java.lang.NullPointerException: Cannot invoke "org.eclipse.lsp4e.server.StreamConnectionProvider.getInputStream()" because "this.lspStreamProvider" is null
	at org.eclipse.lsp4e.LanguageServerWrapper.lambda$1(LanguageServerWrapper.java:284)
	at java.base/java.util.concurrent.CompletableFuture$UniApply.tryFire(CompletableFuture.java:646)
	at java.base/java.util.concurrent.CompletableFuture.postComplete(CompletableFuture.java:510)
	at java.base/java.util.concurrent.CompletableFuture$AsyncSupply.run(CompletableFuture.java:1773)
	at java.base/java.util.concurrent.CompletableFuture$AsyncSupply.exec(CompletableFuture.java:1760)
	at java.base/java.util.concurrent.ForkJoinTask.doExec(ForkJoinTask.java:373)
	at java.base/java.util.concurrent.ForkJoinPool$WorkQueue.topLevelExec(ForkJoinPool.java:1182)
	at java.base/java.util.concurrent.ForkJoinPool.scan(ForkJoinPool.java:1655)
	at java.base/java.util.concurrent.ForkJoinPool.runWorker(ForkJoinPool.java:1622)
	at java.base/java.util.concurrent.ForkJoinWorkerThread.run(ForkJoinWorkerThread.java:165)

!ENTRY org.eclipse.lsp4e 4 0 2025-02-15 22:15:19.292
!MESSAGE プラグイン "org.eclipse.wildwebdeveloper" は、クラス "org.eclipse.wildwebdeveloper.angular.AngularLanguageServer" をインスタンス化できませんでした。
!STACK 1
org.eclipse.core.runtime.CoreException: プラグイン "org.eclipse.wildwebdeveloper" は、クラス "org.eclipse.wildwebdeveloper.angular.AngularLanguageServer" をインスタンス化できませんでした。
	at org.eclipse.core.internal.registry.osgi.RegistryStrategyOSGI.throwException(RegistryStrategyOSGI.java:212)
	at org.eclipse.core.internal.registry.osgi.RegistryStrategyOSGI.createExecutableExtension(RegistryStrategyOSGI.java:206)
	at org.eclipse.core.internal.registry.ExtensionRegistry.createExecutableExtension(ExtensionRegistry.java:920)
	at org.eclipse.core.internal.registry.ConfigurationElement.createExecutableExtension(ConfigurationElement.java:246)
	at org.eclipse.core.internal.registry.ConfigurationElementHandle.createExecutableExtension(ConfigurationElementHandle.java:63)
	at org.eclipse.lsp4e.LanguageServersRegistry$ExtensionLanguageServerDefinition.createConnectionProvider(LanguageServersRegistry.java:161)
	at org.eclipse.lsp4e.LanguageServerWrapper.lambda$0(LanguageServerWrapper.java:233)
	at java.base/java.util.concurrent.CompletableFuture$AsyncSupply.run(CompletableFuture.java:1768)
	at java.base/java.util.concurrent.CompletableFuture$AsyncSupply.exec(CompletableFuture.java:1760)
	at java.base/java.util.concurrent.ForkJoinTask.doExec(ForkJoinTask.java:373)
	at java.base/java.util.concurrent.ForkJoinPool$WorkQueue.topLevelExec(ForkJoinPool.java:1182)
	at java.base/java.util.concurrent.ForkJoinPool.scan(ForkJoinPool.java:1655)
	at java.base/java.util.concurrent.ForkJoinPool.runWorker(ForkJoinPool.java:1622)
	at java.base/java.util.concurrent.ForkJoinWorkerThread.run(ForkJoinWorkerThread.java:165)
Caused by: java.lang.reflect.InvocationTargetException
	at jdk.internal.reflect.GeneratedConstructorAccessor99.newInstance(Unknown Source)
	at java.base/jdk.internal.reflect.DelegatingConstructorAccessorImpl.newInstance(DelegatingConstructorAccessorImpl.java:45)
	at java.base/java.lang.reflect.Constructor.newInstanceWithCaller(Constructor.java:499)
	at java.base/java.lang.reflect.Constructor.newInstance(Constructor.java:480)
	at org.eclipse.core.internal.registry.osgi.RegistryStrategyOSGI.createExecutableExtension(RegistryStrategyOSGI.java:204)
	... 12 more
Caused by: java.lang.NullPointerException: Cannot invoke "java.io.File.getAbsolutePath()" because the return value of "org.eclipse.wildwebdeveloper.embedder.node.NodeJSManager.getNodeJsLocation()" is null
	at org.eclipse.wildwebdeveloper.angular.AngularLanguageServer.<init>(AngularLanguageServer.java:43)
	... 17 more
!SUBENTRY 1 org.eclipse.equinox.registry 4 1 2025-02-15 22:15:19.292
!MESSAGE プラグイン "org.eclipse.wildwebdeveloper" は、クラス "org.eclipse.wildwebdeveloper.angular.AngularLanguageServer" をインスタンス化できませんでした。
!STACK 0
java.lang.reflect.InvocationTargetException
	at jdk.internal.reflect.GeneratedConstructorAccessor99.newInstance(Unknown Source)
	at java.base/jdk.internal.reflect.DelegatingConstructorAccessorImpl.newInstance(DelegatingConstructorAccessorImpl.java:45)
	at java.base/java.lang.reflect.Constructor.newInstanceWithCaller(Constructor.java:499)
	at java.base/java.lang.reflect.Constructor.newInstance(Constructor.java:480)
	at org.eclipse.core.internal.registry.osgi.RegistryStrategyOSGI.createExecutableExtension(RegistryStrategyOSGI.java:204)
	at org.eclipse.core.internal.registry.ExtensionRegistry.createExecutableExtension(ExtensionRegistry.java:920)
	at org.eclipse.core.internal.registry.ConfigurationElement.createExecutableExtension(ConfigurationElement.java:246)
	at org.eclipse.core.internal.registry.ConfigurationElementHandle.createExecutableExtension(ConfigurationElementHandle.java:63)
	at org.eclipse.lsp4e.LanguageServersRegistry$ExtensionLanguageServerDefinition.createConnectionProvider(LanguageServersRegistry.java:161)
	at org.eclipse.lsp4e.LanguageServerWrapper.lambda$0(LanguageServerWrapper.java:233)
	at java.base/java.util.concurrent.CompletableFuture$AsyncSupply.run(CompletableFuture.java:1768)
	at java.base/java.util.concurrent.CompletableFuture$AsyncSupply.exec(CompletableFuture.java:1760)
	at java.base/java.util.concurrent.ForkJoinTask.doExec(ForkJoinTask.java:373)
	at java.base/java.util.concurrent.ForkJoinPool$WorkQueue.topLevelExec(ForkJoinPool.java:1182)
	at java.base/java.util.concurrent.ForkJoinPool.scan(ForkJoinPool.java:1655)
	at java.base/java.util.concurrent.ForkJoinPool.runWorker(ForkJoinPool.java:1622)
	at java.base/java.util.concurrent.ForkJoinWorkerThread.run(ForkJoinWorkerThread.java:165)
Caused by: java.lang.NullPointerException: Cannot invoke "java.io.File.getAbsolutePath()" because the return value of "org.eclipse.wildwebdeveloper.embedder.node.NodeJSManager.getNodeJsLocation()" is null
	at org.eclipse.wildwebdeveloper.angular.AngularLanguageServer.<init>(AngularLanguageServer.java:43)
	... 17 more
Root exception:
java.lang.NullPointerException: Cannot invoke "java.io.File.getAbsolutePath()" because the return value of "org.eclipse.wildwebdeveloper.embedder.node.NodeJSManager.getNodeJsLocation()" is null
	at org.eclipse.wildwebdeveloper.angular.AngularLanguageServer.<init>(AngularLanguageServer.java:43)
	at jdk.internal.reflect.GeneratedConstructorAccessor99.newInstance(Unknown Source)
	at java.base/jdk.internal.reflect.DelegatingConstructorAccessorImpl.newInstance(DelegatingConstructorAccessorImpl.java:45)
	at java.base/java.lang.reflect.Constructor.newInstanceWithCaller(Constructor.java:499)
	at java.base/java.lang.reflect.Constructor.newInstance(Constructor.java:480)
	at org.eclipse.core.internal.registry.osgi.RegistryStrategyOSGI.createExecutableExtension(RegistryStrategyOSGI.java:204)
	at org.eclipse.core.internal.registry.ExtensionRegistry.createExecutableExtension(ExtensionRegistry.java:920)
	at org.eclipse.core.internal.registry.ConfigurationElement.createExecutableExtension(ConfigurationElement.java:246)
	at org.eclipse.core.internal.registry.ConfigurationElementHandle.createExecutableExtension(ConfigurationElementHandle.java:63)
	at org.eclipse.lsp4e.LanguageServersRegistry$ExtensionLanguageServerDefinition.createConnectionProvider(LanguageServersRegistry.java:161)
	at org.eclipse.lsp4e.LanguageServerWrapper.lambda$0(LanguageServerWrapper.java:233)
	at java.base/java.util.concurrent.CompletableFuture$AsyncSupply.run(CompletableFuture.java:1768)
	at java.base/java.util.concurrent.CompletableFuture$AsyncSupply.exec(CompletableFuture.java:1760)
	at java.base/java.util.concurrent.ForkJoinTask.doExec(ForkJoinTask.java:373)
	at java.base/java.util.concurrent.ForkJoinPool$WorkQueue.topLevelExec(ForkJoinPool.java:1182)
	at java.base/java.util.concurrent.ForkJoinPool.scan(ForkJoinPool.java:1655)
	at java.base/java.util.concurrent.ForkJoinPool.runWorker(ForkJoinPool.java:1622)
	at java.base/java.util.concurrent.ForkJoinWorkerThread.run(ForkJoinWorkerThread.java:165)

!ENTRY org.eclipse.lsp4e 4 0 2025-02-15 22:15:19.292
!MESSAGE Exception occurred while creating an instance of the stream connection provider
!STACK 0
java.lang.RuntimeException: Exception occurred while creating an instance of the stream connection provider
	at org.eclipse.lsp4e.LanguageServersRegistry$ExtensionLanguageServerDefinition.createConnectionProvider(LanguageServersRegistry.java:164)
	at org.eclipse.lsp4e.LanguageServerWrapper.lambda$0(LanguageServerWrapper.java:233)
	at java.base/java.util.concurrent.CompletableFuture$AsyncSupply.run(CompletableFuture.java:1768)
	at java.base/java.util.concurrent.CompletableFuture$AsyncSupply.exec(CompletableFuture.java:1760)
	at java.base/java.util.concurrent.ForkJoinTask.doExec(ForkJoinTask.java:373)
	at java.base/java.util.concurrent.ForkJoinPool$WorkQueue.topLevelExec(ForkJoinPool.java:1182)
	at java.base/java.util.concurrent.ForkJoinPool.scan(ForkJoinPool.java:1655)
	at java.base/java.util.concurrent.ForkJoinPool.runWorker(ForkJoinPool.java:1622)
	at java.base/java.util.concurrent.ForkJoinWorkerThread.run(ForkJoinWorkerThread.java:165)
Caused by: org.eclipse.core.runtime.CoreException: プラグイン "org.eclipse.wildwebdeveloper" は、クラス "org.eclipse.wildwebdeveloper.angular.AngularLanguageServer" をインスタンス化できませんでした。
	at org.eclipse.core.internal.registry.osgi.RegistryStrategyOSGI.throwException(RegistryStrategyOSGI.java:212)
	at org.eclipse.core.internal.registry.osgi.RegistryStrategyOSGI.createExecutableExtension(RegistryStrategyOSGI.java:206)
	at org.eclipse.core.internal.registry.ExtensionRegistry.createExecutableExtension(ExtensionRegistry.java:920)
	at org.eclipse.core.internal.registry.ConfigurationElement.createExecutableExtension(ConfigurationElement.java:246)
	at org.eclipse.core.internal.registry.ConfigurationElementHandle.createExecutableExtension(ConfigurationElementHandle.java:63)
	at org.eclipse.lsp4e.LanguageServersRegistry$ExtensionLanguageServerDefinition.createConnectionProvider(LanguageServersRegistry.java:161)
	... 8 more
Caused by: java.lang.reflect.InvocationTargetException
	at jdk.internal.reflect.GeneratedConstructorAccessor99.newInstance(Unknown Source)
	at java.base/jdk.internal.reflect.DelegatingConstructorAccessorImpl.newInstance(DelegatingConstructorAccessorImpl.java:45)
	at java.base/java.lang.reflect.Constructor.newInstanceWithCaller(Constructor.java:499)
	at java.base/java.lang.reflect.Constructor.newInstance(Constructor.java:480)
	at org.eclipse.core.internal.registry.osgi.RegistryStrategyOSGI.createExecutableExtension(RegistryStrategyOSGI.java:204)
	... 12 more
Caused by: java.lang.NullPointerException: Cannot invoke "java.io.File.getAbsolutePath()" because the return value of "org.eclipse.wildwebdeveloper.embedder.node.NodeJSManager.getNodeJsLocation()" is null
	at org.eclipse.wildwebdeveloper.angular.AngularLanguageServer.<init>(AngularLanguageServer.java:43)
	... 17 more

!ENTRY org.eclipse.lsp4e 4 0 2025-02-15 22:15:19.294
!MESSAGE Cannot invoke "org.eclipse.lsp4e.server.StreamConnectionProvider.getInputStream()" because "this.lspStreamProvider" is null
!STACK 0
java.lang.NullPointerException: Cannot invoke "org.eclipse.lsp4e.server.StreamConnectionProvider.getInputStream()" because "this.lspStreamProvider" is null
	at org.eclipse.lsp4e.LanguageServerWrapper.lambda$1(LanguageServerWrapper.java:284)
	at java.base/java.util.concurrent.CompletableFuture$UniApply.tryFire(CompletableFuture.java:646)
	at java.base/java.util.concurrent.CompletableFuture.postComplete(CompletableFuture.java:510)
	at java.base/java.util.concurrent.CompletableFuture$AsyncSupply.run(CompletableFuture.java:1773)
	at java.base/java.util.concurrent.CompletableFuture$AsyncSupply.exec(CompletableFuture.java:1760)
	at java.base/java.util.concurrent.ForkJoinTask.doExec(ForkJoinTask.java:373)
	at java.base/java.util.concurrent.ForkJoinPool$WorkQueue.topLevelExec(ForkJoinPool.java:1182)
	at java.base/java.util.concurrent.ForkJoinPool.scan(ForkJoinPool.java:1655)
	at java.base/java.util.concurrent.ForkJoinPool.runWorker(ForkJoinPool.java:1622)
	at java.base/java.util.concurrent.ForkJoinWorkerThread.run(ForkJoinWorkerThread.java:165)

!ENTRY org.eclipse.lsp4e 4 0 2025-02-15 22:15:28.714
!MESSAGE プラグイン "org.eclipse.wildwebdeveloper" は、クラス "org.eclipse.wildwebdeveloper.html.HTMLLanguageServer" をインスタンス化できませんでした。
!STACK 1
org.eclipse.core.runtime.CoreException: プラグイン "org.eclipse.wildwebdeveloper" は、クラス "org.eclipse.wildwebdeveloper.html.HTMLLanguageServer" をインスタンス化できませんでした。
	at org.eclipse.core.internal.registry.osgi.RegistryStrategyOSGI.throwException(RegistryStrategyOSGI.java:212)
	at org.eclipse.core.internal.registry.osgi.RegistryStrategyOSGI.createExecutableExtension(RegistryStrategyOSGI.java:206)
	at org.eclipse.core.internal.registry.ExtensionRegistry.createExecutableExtension(ExtensionRegistry.java:920)
	at org.eclipse.core.internal.registry.ConfigurationElement.createExecutableExtension(ConfigurationElement.java:246)
	at org.eclipse.core.internal.registry.ConfigurationElementHandle.createExecutableExtension(ConfigurationElementHandle.java:63)
	at org.eclipse.lsp4e.LanguageServersRegistry$ExtensionLanguageServerDefinition.createConnectionProvider(LanguageServersRegistry.java:161)
	at org.eclipse.lsp4e.LanguageServerWrapper.lambda$0(LanguageServerWrapper.java:233)
	at java.base/java.util.concurrent.CompletableFuture$AsyncSupply.run(CompletableFuture.java:1768)
	at java.base/java.util.concurrent.CompletableFuture$AsyncSupply.exec(CompletableFuture.java:1760)
	at java.base/java.util.concurrent.ForkJoinTask.doExec(ForkJoinTask.java:373)
	at java.base/java.util.concurrent.ForkJoinPool$WorkQueue.topLevelExec(ForkJoinPool.java:1182)
	at java.base/java.util.concurrent.ForkJoinPool.scan(ForkJoinPool.java:1655)
	at java.base/java.util.concurrent.ForkJoinPool.runWorker(ForkJoinPool.java:1622)
	at java.base/java.util.concurrent.ForkJoinWorkerThread.run(ForkJoinWorkerThread.java:165)
Caused by: java.lang.reflect.InvocationTargetException
	at jdk.internal.reflect.GeneratedConstructorAccessor101.newInstance(Unknown Source)
	at java.base/jdk.internal.reflect.DelegatingConstructorAccessorImpl.newInstance(DelegatingConstructorAccessorImpl.java:45)
	at java.base/java.lang.reflect.Constructor.newInstanceWithCaller(Constructor.java:499)
	at java.base/java.lang.reflect.Constructor.newInstance(Constructor.java:480)
	at org.eclipse.core.internal.registry.osgi.RegistryStrategyOSGI.createExecutableExtension(RegistryStrategyOSGI.java:204)
	... 12 more
Caused by: java.lang.NullPointerException: Cannot invoke "java.io.File.getAbsolutePath()" because the return value of "org.eclipse.wildwebdeveloper.embedder.node.NodeJSManager.getNodeJsLocation()" is null
	at org.eclipse.wildwebdeveloper.html.HTMLLanguageServer.<init>(HTMLLanguageServer.java:40)
	... 17 more
!SUBENTRY 1 org.eclipse.equinox.registry 4 1 2025-02-15 22:15:28.714
!MESSAGE プラグイン "org.eclipse.wildwebdeveloper" は、クラス "org.eclipse.wildwebdeveloper.html.HTMLLanguageServer" をインスタンス化できませんでした。
!STACK 0
java.lang.reflect.InvocationTargetException
	at jdk.internal.reflect.GeneratedConstructorAccessor101.newInstance(Unknown Source)
	at java.base/jdk.internal.reflect.DelegatingConstructorAccessorImpl.newInstance(DelegatingConstructorAccessorImpl.java:45)
	at java.base/java.lang.reflect.Constructor.newInstanceWithCaller(Constructor.java:499)
	at java.base/java.lang.reflect.Constructor.newInstance(Constructor.java:480)
	at org.eclipse.core.internal.registry.osgi.RegistryStrategyOSGI.createExecutableExtension(RegistryStrategyOSGI.java:204)
	at org.eclipse.core.internal.registry.ExtensionRegistry.createExecutableExtension(ExtensionRegistry.java:920)
	at org.eclipse.core.internal.registry.ConfigurationElement.createExecutableExtension(ConfigurationElement.java:246)
	at org.eclipse.core.internal.registry.ConfigurationElementHandle.createExecutableExtension(ConfigurationElementHandle.java:63)
	at org.eclipse.lsp4e.LanguageServersRegistry$ExtensionLanguageServerDefinition.createConnectionProvider(LanguageServersRegistry.java:161)
	at org.eclipse.lsp4e.LanguageServerWrapper.lambda$0(LanguageServerWrapper.java:233)
	at java.base/java.util.concurrent.CompletableFuture$AsyncSupply.run(CompletableFuture.java:1768)
	at java.base/java.util.concurrent.CompletableFuture$AsyncSupply.exec(CompletableFuture.java:1760)
	at java.base/java.util.concurrent.ForkJoinTask.doExec(ForkJoinTask.java:373)
	at java.base/java.util.concurrent.ForkJoinPool$WorkQueue.topLevelExec(ForkJoinPool.java:1182)
	at java.base/java.util.concurrent.ForkJoinPool.scan(ForkJoinPool.java:1655)
	at java.base/java.util.concurrent.ForkJoinPool.runWorker(ForkJoinPool.java:1622)
	at java.base/java.util.concurrent.ForkJoinWorkerThread.run(ForkJoinWorkerThread.java:165)
Caused by: java.lang.NullPointerException: Cannot invoke "java.io.File.getAbsolutePath()" because the return value of "org.eclipse.wildwebdeveloper.embedder.node.NodeJSManager.getNodeJsLocation()" is null
	at org.eclipse.wildwebdeveloper.html.HTMLLanguageServer.<init>(HTMLLanguageServer.java:40)
	... 17 more
Root exception:
java.lang.NullPointerException: Cannot invoke "java.io.File.getAbsolutePath()" because the return value of "org.eclipse.wildwebdeveloper.embedder.node.NodeJSManager.getNodeJsLocation()" is null
	at org.eclipse.wildwebdeveloper.html.HTMLLanguageServer.<init>(HTMLLanguageServer.java:40)
	at jdk.internal.reflect.GeneratedConstructorAccessor101.newInstance(Unknown Source)
	at java.base/jdk.internal.reflect.DelegatingConstructorAccessorImpl.newInstance(DelegatingConstructorAccessorImpl.java:45)
	at java.base/java.lang.reflect.Constructor.newInstanceWithCaller(Constructor.java:499)
	at java.base/java.lang.reflect.Constructor.newInstance(Constructor.java:480)
	at org.eclipse.core.internal.registry.osgi.RegistryStrategyOSGI.createExecutableExtension(RegistryStrategyOSGI.java:204)
	at org.eclipse.core.internal.registry.ExtensionRegistry.createExecutableExtension(ExtensionRegistry.java:920)
	at org.eclipse.core.internal.registry.ConfigurationElement.createExecutableExtension(ConfigurationElement.java:246)
	at org.eclipse.core.internal.registry.ConfigurationElementHandle.createExecutableExtension(ConfigurationElementHandle.java:63)
	at org.eclipse.lsp4e.LanguageServersRegistry$ExtensionLanguageServerDefinition.createConnectionProvider(LanguageServersRegistry.java:161)
	at org.eclipse.lsp4e.LanguageServerWrapper.lambda$0(LanguageServerWrapper.java:233)
	at java.base/java.util.concurrent.CompletableFuture$AsyncSupply.run(CompletableFuture.java:1768)
	at java.base/java.util.concurrent.CompletableFuture$AsyncSupply.exec(CompletableFuture.java:1760)
	at java.base/java.util.concurrent.ForkJoinTask.doExec(ForkJoinTask.java:373)
	at java.base/java.util.concurrent.ForkJoinPool$WorkQueue.topLevelExec(ForkJoinPool.java:1182)
	at java.base/java.util.concurrent.ForkJoinPool.scan(ForkJoinPool.java:1655)
	at java.base/java.util.concurrent.ForkJoinPool.runWorker(ForkJoinPool.java:1622)
	at java.base/java.util.concurrent.ForkJoinWorkerThread.run(ForkJoinWorkerThread.java:165)

!ENTRY org.eclipse.lsp4e 4 0 2025-02-15 22:15:28.715
!MESSAGE Exception occurred while creating an instance of the stream connection provider
!STACK 0
java.lang.RuntimeException: Exception occurred while creating an instance of the stream connection provider
	at org.eclipse.lsp4e.LanguageServersRegistry$ExtensionLanguageServerDefinition.createConnectionProvider(LanguageServersRegistry.java:164)
	at org.eclipse.lsp4e.LanguageServerWrapper.lambda$0(LanguageServerWrapper.java:233)
	at java.base/java.util.concurrent.CompletableFuture$AsyncSupply.run(CompletableFuture.java:1768)
	at java.base/java.util.concurrent.CompletableFuture$AsyncSupply.exec(CompletableFuture.java:1760)
	at java.base/java.util.concurrent.ForkJoinTask.doExec(ForkJoinTask.java:373)
	at java.base/java.util.concurrent.ForkJoinPool$WorkQueue.topLevelExec(ForkJoinPool.java:1182)
	at java.base/java.util.concurrent.ForkJoinPool.scan(ForkJoinPool.java:1655)
	at java.base/java.util.concurrent.ForkJoinPool.runWorker(ForkJoinPool.java:1622)
	at java.base/java.util.concurrent.ForkJoinWorkerThread.run(ForkJoinWorkerThread.java:165)
Caused by: org.eclipse.core.runtime.CoreException: プラグイン "org.eclipse.wildwebdeveloper" は、クラス "org.eclipse.wildwebdeveloper.html.HTMLLanguageServer" をインスタンス化できませんでした。
	at org.eclipse.core.internal.registry.osgi.RegistryStrategyOSGI.throwException(RegistryStrategyOSGI.java:212)
	at org.eclipse.core.internal.registry.osgi.RegistryStrategyOSGI.createExecutableExtension(RegistryStrategyOSGI.java:206)
	at org.eclipse.core.internal.registry.ExtensionRegistry.createExecutableExtension(ExtensionRegistry.java:920)
	at org.eclipse.core.internal.registry.ConfigurationElement.createExecutableExtension(ConfigurationElement.java:246)
	at org.eclipse.core.internal.registry.ConfigurationElementHandle.createExecutableExtension(ConfigurationElementHandle.java:63)
	at org.eclipse.lsp4e.LanguageServersRegistry$ExtensionLanguageServerDefinition.createConnectionProvider(LanguageServersRegistry.java:161)
	... 8 more
Caused by: java.lang.reflect.InvocationTargetException
	at jdk.internal.reflect.GeneratedConstructorAccessor101.newInstance(Unknown Source)
	at java.base/jdk.internal.reflect.DelegatingConstructorAccessorImpl.newInstance(DelegatingConstructorAccessorImpl.java:45)
	at java.base/java.lang.reflect.Constructor.newInstanceWithCaller(Constructor.java:499)
	at java.base/java.lang.reflect.Constructor.newInstance(Constructor.java:480)
	at org.eclipse.core.internal.registry.osgi.RegistryStrategyOSGI.createExecutableExtension(RegistryStrategyOSGI.java:204)
	... 12 more
Caused by: java.lang.NullPointerException: Cannot invoke "java.io.File.getAbsolutePath()" because the return value of "org.eclipse.wildwebdeveloper.embedder.node.NodeJSManager.getNodeJsLocation()" is null
	at org.eclipse.wildwebdeveloper.html.HTMLLanguageServer.<init>(HTMLLanguageServer.java:40)
	... 17 more

!ENTRY org.eclipse.lsp4e 4 0 2025-02-15 22:15:28.716
!MESSAGE Cannot invoke "org.eclipse.lsp4e.server.StreamConnectionProvider.getInputStream()" because "this.lspStreamProvider" is null
!STACK 0
java.lang.NullPointerException: Cannot invoke "org.eclipse.lsp4e.server.StreamConnectionProvider.getInputStream()" because "this.lspStreamProvider" is null
	at org.eclipse.lsp4e.LanguageServerWrapper.lambda$1(LanguageServerWrapper.java:284)
	at java.base/java.util.concurrent.CompletableFuture$UniApply.tryFire(CompletableFuture.java:646)
	at java.base/java.util.concurrent.CompletableFuture.postComplete(CompletableFuture.java:510)
	at java.base/java.util.concurrent.CompletableFuture$AsyncSupply.run(CompletableFuture.java:1773)
	at java.base/java.util.concurrent.CompletableFuture$AsyncSupply.exec(CompletableFuture.java:1760)
	at java.base/java.util.concurrent.ForkJoinTask.doExec(ForkJoinTask.java:373)
	at java.base/java.util.concurrent.ForkJoinPool$WorkQueue.topLevelExec(ForkJoinPool.java:1182)
	at java.base/java.util.concurrent.ForkJoinPool.scan(ForkJoinPool.java:1655)
	at java.base/java.util.concurrent.ForkJoinPool.runWorker(ForkJoinPool.java:1622)
	at java.base/java.util.concurrent.ForkJoinWorkerThread.run(ForkJoinWorkerThread.java:165)

!ENTRY org.eclipse.lsp4e 4 0 2025-02-15 22:15:28.722
!MESSAGE プラグイン "org.eclipse.wildwebdeveloper" は、クラス "org.eclipse.wildwebdeveloper.angular.AngularLanguageServer" をインスタンス化できませんでした。
!STACK 1
org.eclipse.core.runtime.CoreException: プラグイン "org.eclipse.wildwebdeveloper" は、クラス "org.eclipse.wildwebdeveloper.angular.AngularLanguageServer" をインスタンス化できませんでした。
	at org.eclipse.core.internal.registry.osgi.RegistryStrategyOSGI.throwException(RegistryStrategyOSGI.java:212)
	at org.eclipse.core.internal.registry.osgi.RegistryStrategyOSGI.createExecutableExtension(RegistryStrategyOSGI.java:206)
	at org.eclipse.core.internal.registry.ExtensionRegistry.createExecutableExtension(ExtensionRegistry.java:920)
	at org.eclipse.core.internal.registry.ConfigurationElement.createExecutableExtension(ConfigurationElement.java:246)
	at org.eclipse.core.internal.registry.ConfigurationElementHandle.createExecutableExtension(ConfigurationElementHandle.java:63)
	at org.eclipse.lsp4e.LanguageServersRegistry$ExtensionLanguageServerDefinition.createConnectionProvider(LanguageServersRegistry.java:161)
	at org.eclipse.lsp4e.LanguageServerWrapper.lambda$0(LanguageServerWrapper.java:233)
	at java.base/java.util.concurrent.CompletableFuture$AsyncSupply.run(CompletableFuture.java:1768)
	at java.base/java.util.concurrent.CompletableFuture$AsyncSupply.exec(CompletableFuture.java:1760)
	at java.base/java.util.concurrent.ForkJoinTask.doExec(ForkJoinTask.java:373)
	at java.base/java.util.concurrent.ForkJoinPool$WorkQueue.topLevelExec(ForkJoinPool.java:1182)
	at java.base/java.util.concurrent.ForkJoinPool.scan(ForkJoinPool.java:1655)
	at java.base/java.util.concurrent.ForkJoinPool.runWorker(ForkJoinPool.java:1622)
	at java.base/java.util.concurrent.ForkJoinWorkerThread.run(ForkJoinWorkerThread.java:165)
Caused by: java.lang.reflect.InvocationTargetException
	at jdk.internal.reflect.GeneratedConstructorAccessor99.newInstance(Unknown Source)
	at java.base/jdk.internal.reflect.DelegatingConstructorAccessorImpl.newInstance(DelegatingConstructorAccessorImpl.java:45)
	at java.base/java.lang.reflect.Constructor.newInstanceWithCaller(Constructor.java:499)
	at java.base/java.lang.reflect.Constructor.newInstance(Constructor.java:480)
	at org.eclipse.core.internal.registry.osgi.RegistryStrategyOSGI.createExecutableExtension(RegistryStrategyOSGI.java:204)
	... 12 more
Caused by: java.lang.NullPointerException: Cannot invoke "java.io.File.getAbsolutePath()" because the return value of "org.eclipse.wildwebdeveloper.embedder.node.NodeJSManager.getNodeJsLocation()" is null
	at org.eclipse.wildwebdeveloper.angular.AngularLanguageServer.<init>(AngularLanguageServer.java:43)
	... 17 more
!SUBENTRY 1 org.eclipse.equinox.registry 4 1 2025-02-15 22:15:28.723
!MESSAGE プラグイン "org.eclipse.wildwebdeveloper" は、クラス "org.eclipse.wildwebdeveloper.angular.AngularLanguageServer" をインスタンス化できませんでした。
!STACK 0
java.lang.reflect.InvocationTargetException
	at jdk.internal.reflect.GeneratedConstructorAccessor99.newInstance(Unknown Source)
	at java.base/jdk.internal.reflect.DelegatingConstructorAccessorImpl.newInstance(DelegatingConstructorAccessorImpl.java:45)
	at java.base/java.lang.reflect.Constructor.newInstanceWithCaller(Constructor.java:499)
	at java.base/java.lang.reflect.Constructor.newInstance(Constructor.java:480)
	at org.eclipse.core.internal.registry.osgi.RegistryStrategyOSGI.createExecutableExtension(RegistryStrategyOSGI.java:204)
	at org.eclipse.core.internal.registry.ExtensionRegistry.createExecutableExtension(ExtensionRegistry.java:920)
	at org.eclipse.core.internal.registry.ConfigurationElement.createExecutableExtension(ConfigurationElement.java:246)
	at org.eclipse.core.internal.registry.ConfigurationElementHandle.createExecutableExtension(ConfigurationElementHandle.java:63)
	at org.eclipse.lsp4e.LanguageServersRegistry$ExtensionLanguageServerDefinition.createConnectionProvider(LanguageServersRegistry.java:161)
	at org.eclipse.lsp4e.LanguageServerWrapper.lambda$0(LanguageServerWrapper.java:233)
	at java.base/java.util.concurrent.CompletableFuture$AsyncSupply.run(CompletableFuture.java:1768)
	at java.base/java.util.concurrent.CompletableFuture$AsyncSupply.exec(CompletableFuture.java:1760)
	at java.base/java.util.concurrent.ForkJoinTask.doExec(ForkJoinTask.java:373)
	at java.base/java.util.concurrent.ForkJoinPool$WorkQueue.topLevelExec(ForkJoinPool.java:1182)
	at java.base/java.util.concurrent.ForkJoinPool.scan(ForkJoinPool.java:1655)
	at java.base/java.util.concurrent.ForkJoinPool.runWorker(ForkJoinPool.java:1622)
	at java.base/java.util.concurrent.ForkJoinWorkerThread.run(ForkJoinWorkerThread.java:165)
Caused by: java.lang.NullPointerException: Cannot invoke "java.io.File.getAbsolutePath()" because the return value of "org.eclipse.wildwebdeveloper.embedder.node.NodeJSManager.getNodeJsLocation()" is null
	at org.eclipse.wildwebdeveloper.angular.AngularLanguageServer.<init>(AngularLanguageServer.java:43)
	... 17 more
Root exception:
java.lang.NullPointerException: Cannot invoke "java.io.File.getAbsolutePath()" because the return value of "org.eclipse.wildwebdeveloper.embedder.node.NodeJSManager.getNodeJsLocation()" is null
	at org.eclipse.wildwebdeveloper.angular.AngularLanguageServer.<init>(AngularLanguageServer.java:43)
	at jdk.internal.reflect.GeneratedConstructorAccessor99.newInstance(Unknown Source)
	at java.base/jdk.internal.reflect.DelegatingConstructorAccessorImpl.newInstance(DelegatingConstructorAccessorImpl.java:45)
	at java.base/java.lang.reflect.Constructor.newInstanceWithCaller(Constructor.java:499)
	at java.base/java.lang.reflect.Constructor.newInstance(Constructor.java:480)
	at org.eclipse.core.internal.registry.osgi.RegistryStrategyOSGI.createExecutableExtension(RegistryStrategyOSGI.java:204)
	at org.eclipse.core.internal.registry.ExtensionRegistry.createExecutableExtension(ExtensionRegistry.java:920)
	at org.eclipse.core.internal.registry.ConfigurationElement.createExecutableExtension(ConfigurationElement.java:246)
	at org.eclipse.core.internal.registry.ConfigurationElementHandle.createExecutableExtension(ConfigurationElementHandle.java:63)
	at org.eclipse.lsp4e.LanguageServersRegistry$ExtensionLanguageServerDefinition.createConnectionProvider(LanguageServersRegistry.java:161)
	at org.eclipse.lsp4e.LanguageServerWrapper.lambda$0(LanguageServerWrapper.java:233)
	at java.base/java.util.concurrent.CompletableFuture$AsyncSupply.run(CompletableFuture.java:1768)
	at java.base/java.util.concurrent.CompletableFuture$AsyncSupply.exec(CompletableFuture.java:1760)
	at java.base/java.util.concurrent.ForkJoinTask.doExec(ForkJoinTask.java:373)
	at java.base/java.util.concurrent.ForkJoinPool$WorkQueue.topLevelExec(ForkJoinPool.java:1182)
	at java.base/java.util.concurrent.ForkJoinPool.scan(ForkJoinPool.java:1655)
	at java.base/java.util.concurrent.ForkJoinPool.runWorker(ForkJoinPool.java:1622)
	at java.base/java.util.concurrent.ForkJoinWorkerThread.run(ForkJoinWorkerThread.java:165)

!ENTRY org.eclipse.lsp4e 4 0 2025-02-15 22:15:28.723
!MESSAGE Exception occurred while creating an instance of the stream connection provider
!STACK 0
java.lang.RuntimeException: Exception occurred while creating an instance of the stream connection provider
	at org.eclipse.lsp4e.LanguageServersRegistry$ExtensionLanguageServerDefinition.createConnectionProvider(LanguageServersRegistry.java:164)
	at org.eclipse.lsp4e.LanguageServerWrapper.lambda$0(LanguageServerWrapper.java:233)
	at java.base/java.util.concurrent.CompletableFuture$AsyncSupply.run(CompletableFuture.java:1768)
	at java.base/java.util.concurrent.CompletableFuture$AsyncSupply.exec(CompletableFuture.java:1760)
	at java.base/java.util.concurrent.ForkJoinTask.doExec(ForkJoinTask.java:373)
	at java.base/java.util.concurrent.ForkJoinPool$WorkQueue.topLevelExec(ForkJoinPool.java:1182)
	at java.base/java.util.concurrent.ForkJoinPool.scan(ForkJoinPool.java:1655)
	at java.base/java.util.concurrent.ForkJoinPool.runWorker(ForkJoinPool.java:1622)
	at java.base/java.util.concurrent.ForkJoinWorkerThread.run(ForkJoinWorkerThread.java:165)
Caused by: org.eclipse.core.runtime.CoreException: プラグイン "org.eclipse.wildwebdeveloper" は、クラス "org.eclipse.wildwebdeveloper.angular.AngularLanguageServer" をインスタンス化できませんでした。
	at org.eclipse.core.internal.registry.osgi.RegistryStrategyOSGI.throwException(RegistryStrategyOSGI.java:212)
	at org.eclipse.core.internal.registry.osgi.RegistryStrategyOSGI.createExecutableExtension(RegistryStrategyOSGI.java:206)
	at org.eclipse.core.internal.registry.ExtensionRegistry.createExecutableExtension(ExtensionRegistry.java:920)
	at org.eclipse.core.internal.registry.ConfigurationElement.createExecutableExtension(ConfigurationElement.java:246)
	at org.eclipse.core.internal.registry.ConfigurationElementHandle.createExecutableExtension(ConfigurationElementHandle.java:63)
	at org.eclipse.lsp4e.LanguageServersRegistry$ExtensionLanguageServerDefinition.createConnectionProvider(LanguageServersRegistry.java:161)
	... 8 more
Caused by: java.lang.reflect.InvocationTargetException
	at jdk.internal.reflect.GeneratedConstructorAccessor99.newInstance(Unknown Source)
	at java.base/jdk.internal.reflect.DelegatingConstructorAccessorImpl.newInstance(DelegatingConstructorAccessorImpl.java:45)
	at java.base/java.lang.reflect.Constructor.newInstanceWithCaller(Constructor.java:499)
	at java.base/java.lang.reflect.Constructor.newInstance(Constructor.java:480)
	at org.eclipse.core.internal.registry.osgi.RegistryStrategyOSGI.createExecutableExtension(RegistryStrategyOSGI.java:204)
	... 12 more
Caused by: java.lang.NullPointerException: Cannot invoke "java.io.File.getAbsolutePath()" because the return value of "org.eclipse.wildwebdeveloper.embedder.node.NodeJSManager.getNodeJsLocation()" is null
	at org.eclipse.wildwebdeveloper.angular.AngularLanguageServer.<init>(AngularLanguageServer.java:43)
	... 17 more

!ENTRY org.eclipse.lsp4e 4 0 2025-02-15 22:15:28.725
!MESSAGE Cannot invoke "org.eclipse.lsp4e.server.StreamConnectionProvider.getInputStream()" because "this.lspStreamProvider" is null
!STACK 0
java.lang.NullPointerException: Cannot invoke "org.eclipse.lsp4e.server.StreamConnectionProvider.getInputStream()" because "this.lspStreamProvider" is null
	at org.eclipse.lsp4e.LanguageServerWrapper.lambda$1(LanguageServerWrapper.java:284)
	at java.base/java.util.concurrent.CompletableFuture$UniApply.tryFire(CompletableFuture.java:646)
	at java.base/java.util.concurrent.CompletableFuture.postComplete(CompletableFuture.java:510)
	at java.base/java.util.concurrent.CompletableFuture$AsyncSupply.run(CompletableFuture.java:1773)
	at java.base/java.util.concurrent.CompletableFuture$AsyncSupply.exec(CompletableFuture.java:1760)
	at java.base/java.util.concurrent.ForkJoinTask.doExec(ForkJoinTask.java:373)
	at java.base/java.util.concurrent.ForkJoinPool$WorkQueue.topLevelExec(ForkJoinPool.java:1182)
	at java.base/java.util.concurrent.ForkJoinPool.scan(ForkJoinPool.java:1655)
	at java.base/java.util.concurrent.ForkJoinPool.runWorker(ForkJoinPool.java:1622)
	at java.base/java.util.concurrent.ForkJoinWorkerThread.run(ForkJoinWorkerThread.java:165)

!ENTRY org.eclipse.lsp4e 4 0 2025-02-15 22:15:28.826
!MESSAGE プラグイン "org.eclipse.wildwebdeveloper" は、クラス "org.eclipse.wildwebdeveloper.html.HTMLLanguageServer" をインスタンス化できませんでした。
!STACK 1
org.eclipse.core.runtime.CoreException: プラグイン "org.eclipse.wildwebdeveloper" は、クラス "org.eclipse.wildwebdeveloper.html.HTMLLanguageServer" をインスタンス化できませんでした。
	at org.eclipse.core.internal.registry.osgi.RegistryStrategyOSGI.throwException(RegistryStrategyOSGI.java:212)
	at org.eclipse.core.internal.registry.osgi.RegistryStrategyOSGI.createExecutableExtension(RegistryStrategyOSGI.java:206)
	at org.eclipse.core.internal.registry.ExtensionRegistry.createExecutableExtension(ExtensionRegistry.java:920)
	at org.eclipse.core.internal.registry.ConfigurationElement.createExecutableExtension(ConfigurationElement.java:246)
	at org.eclipse.core.internal.registry.ConfigurationElementHandle.createExecutableExtension(ConfigurationElementHandle.java:63)
	at org.eclipse.lsp4e.LanguageServersRegistry$ExtensionLanguageServerDefinition.createConnectionProvider(LanguageServersRegistry.java:161)
	at org.eclipse.lsp4e.LanguageServerWrapper.lambda$0(LanguageServerWrapper.java:233)
	at java.base/java.util.concurrent.CompletableFuture$AsyncSupply.run(CompletableFuture.java:1768)
	at java.base/java.util.concurrent.CompletableFuture$AsyncSupply.exec(CompletableFuture.java:1760)
	at java.base/java.util.concurrent.ForkJoinTask.doExec(ForkJoinTask.java:373)
	at java.base/java.util.concurrent.ForkJoinPool$WorkQueue.topLevelExec(ForkJoinPool.java:1182)
	at java.base/java.util.concurrent.ForkJoinPool.scan(ForkJoinPool.java:1655)
	at java.base/java.util.concurrent.ForkJoinPool.runWorker(ForkJoinPool.java:1622)
	at java.base/java.util.concurrent.ForkJoinWorkerThread.run(ForkJoinWorkerThread.java:165)
Caused by: java.lang.reflect.InvocationTargetException
	at jdk.internal.reflect.GeneratedConstructorAccessor101.newInstance(Unknown Source)
	at java.base/jdk.internal.reflect.DelegatingConstructorAccessorImpl.newInstance(DelegatingConstructorAccessorImpl.java:45)
	at java.base/java.lang.reflect.Constructor.newInstanceWithCaller(Constructor.java:499)
	at java.base/java.lang.reflect.Constructor.newInstance(Constructor.java:480)
	at org.eclipse.core.internal.registry.osgi.RegistryStrategyOSGI.createExecutableExtension(RegistryStrategyOSGI.java:204)
	... 12 more
Caused by: java.lang.NullPointerException: Cannot invoke "java.io.File.getAbsolutePath()" because the return value of "org.eclipse.wildwebdeveloper.embedder.node.NodeJSManager.getNodeJsLocation()" is null
	at org.eclipse.wildwebdeveloper.html.HTMLLanguageServer.<init>(HTMLLanguageServer.java:40)
	... 17 more
!SUBENTRY 1 org.eclipse.equinox.registry 4 1 2025-02-15 22:15:28.826
!MESSAGE プラグイン "org.eclipse.wildwebdeveloper" は、クラス "org.eclipse.wildwebdeveloper.html.HTMLLanguageServer" をインスタンス化できませんでした。
!STACK 0
java.lang.reflect.InvocationTargetException
	at jdk.internal.reflect.GeneratedConstructorAccessor101.newInstance(Unknown Source)
	at java.base/jdk.internal.reflect.DelegatingConstructorAccessorImpl.newInstance(DelegatingConstructorAccessorImpl.java:45)
	at java.base/java.lang.reflect.Constructor.newInstanceWithCaller(Constructor.java:499)
	at java.base/java.lang.reflect.Constructor.newInstance(Constructor.java:480)
	at org.eclipse.core.internal.registry.osgi.RegistryStrategyOSGI.createExecutableExtension(RegistryStrategyOSGI.java:204)
	at org.eclipse.core.internal.registry.ExtensionRegistry.createExecutableExtension(ExtensionRegistry.java:920)
	at org.eclipse.core.internal.registry.ConfigurationElement.createExecutableExtension(ConfigurationElement.java:246)
	at org.eclipse.core.internal.registry.ConfigurationElementHandle.createExecutableExtension(ConfigurationElementHandle.java:63)
	at org.eclipse.lsp4e.LanguageServersRegistry$ExtensionLanguageServerDefinition.createConnectionProvider(LanguageServersRegistry.java:161)
	at org.eclipse.lsp4e.LanguageServerWrapper.lambda$0(LanguageServerWrapper.java:233)
	at java.base/java.util.concurrent.CompletableFuture$AsyncSupply.run(CompletableFuture.java:1768)
	at java.base/java.util.concurrent.CompletableFuture$AsyncSupply.exec(CompletableFuture.java:1760)
	at java.base/java.util.concurrent.ForkJoinTask.doExec(ForkJoinTask.java:373)
	at java.base/java.util.concurrent.ForkJoinPool$WorkQueue.topLevelExec(ForkJoinPool.java:1182)
	at java.base/java.util.concurrent.ForkJoinPool.scan(ForkJoinPool.java:1655)
	at java.base/java.util.concurrent.ForkJoinPool.runWorker(ForkJoinPool.java:1622)
	at java.base/java.util.concurrent.ForkJoinWorkerThread.run(ForkJoinWorkerThread.java:165)
Caused by: java.lang.NullPointerException: Cannot invoke "java.io.File.getAbsolutePath()" because the return value of "org.eclipse.wildwebdeveloper.embedder.node.NodeJSManager.getNodeJsLocation()" is null
	at org.eclipse.wildwebdeveloper.html.HTMLLanguageServer.<init>(HTMLLanguageServer.java:40)
	... 17 more
Root exception:
java.lang.NullPointerException: Cannot invoke "java.io.File.getAbsolutePath()" because the return value of "org.eclipse.wildwebdeveloper.embedder.node.NodeJSManager.getNodeJsLocation()" is null
	at org.eclipse.wildwebdeveloper.html.HTMLLanguageServer.<init>(HTMLLanguageServer.java:40)
	at jdk.internal.reflect.GeneratedConstructorAccessor101.newInstance(Unknown Source)
	at java.base/jdk.internal.reflect.DelegatingConstructorAccessorImpl.newInstance(DelegatingConstructorAccessorImpl.java:45)
	at java.base/java.lang.reflect.Constructor.newInstanceWithCaller(Constructor.java:499)
	at java.base/java.lang.reflect.Constructor.newInstance(Constructor.java:480)
	at org.eclipse.core.internal.registry.osgi.RegistryStrategyOSGI.createExecutableExtension(RegistryStrategyOSGI.java:204)
	at org.eclipse.core.internal.registry.ExtensionRegistry.createExecutableExtension(ExtensionRegistry.java:920)
	at org.eclipse.core.internal.registry.ConfigurationElement.createExecutableExtension(ConfigurationElement.java:246)
	at org.eclipse.core.internal.registry.ConfigurationElementHandle.createExecutableExtension(ConfigurationElementHandle.java:63)
	at org.eclipse.lsp4e.LanguageServersRegistry$ExtensionLanguageServerDefinition.createConnectionProvider(LanguageServersRegistry.java:161)
	at org.eclipse.lsp4e.LanguageServerWrapper.lambda$0(LanguageServerWrapper.java:233)
	at java.base/java.util.concurrent.CompletableFuture$AsyncSupply.run(CompletableFuture.java:1768)
	at java.base/java.util.concurrent.CompletableFuture$AsyncSupply.exec(CompletableFuture.java:1760)
	at java.base/java.util.concurrent.ForkJoinTask.doExec(ForkJoinTask.java:373)
	at java.base/java.util.concurrent.ForkJoinPool$WorkQueue.topLevelExec(ForkJoinPool.java:1182)
	at java.base/java.util.concurrent.ForkJoinPool.scan(ForkJoinPool.java:1655)
	at java.base/java.util.concurrent.ForkJoinPool.runWorker(ForkJoinPool.java:1622)
	at java.base/java.util.concurrent.ForkJoinWorkerThread.run(ForkJoinWorkerThread.java:165)

!ENTRY org.eclipse.lsp4e 4 0 2025-02-15 22:15:28.827
!MESSAGE Exception occurred while creating an instance of the stream connection provider
!STACK 0
java.lang.RuntimeException: Exception occurred while creating an instance of the stream connection provider
	at org.eclipse.lsp4e.LanguageServersRegistry$ExtensionLanguageServerDefinition.createConnectionProvider(LanguageServersRegistry.java:164)
	at org.eclipse.lsp4e.LanguageServerWrapper.lambda$0(LanguageServerWrapper.java:233)
	at java.base/java.util.concurrent.CompletableFuture$AsyncSupply.run(CompletableFuture.java:1768)
	at java.base/java.util.concurrent.CompletableFuture$AsyncSupply.exec(CompletableFuture.java:1760)
	at java.base/java.util.concurrent.ForkJoinTask.doExec(ForkJoinTask.java:373)
	at java.base/java.util.concurrent.ForkJoinPool$WorkQueue.topLevelExec(ForkJoinPool.java:1182)
	at java.base/java.util.concurrent.ForkJoinPool.scan(ForkJoinPool.java:1655)
	at java.base/java.util.concurrent.ForkJoinPool.runWorker(ForkJoinPool.java:1622)
	at java.base/java.util.concurrent.ForkJoinWorkerThread.run(ForkJoinWorkerThread.java:165)
Caused by: org.eclipse.core.runtime.CoreException: プラグイン "org.eclipse.wildwebdeveloper" は、クラス "org.eclipse.wildwebdeveloper.html.HTMLLanguageServer" をインスタンス化できませんでした。
	at org.eclipse.core.internal.registry.osgi.RegistryStrategyOSGI.throwException(RegistryStrategyOSGI.java:212)
	at org.eclipse.core.internal.registry.osgi.RegistryStrategyOSGI.createExecutableExtension(RegistryStrategyOSGI.java:206)
	at org.eclipse.core.internal.registry.ExtensionRegistry.createExecutableExtension(ExtensionRegistry.java:920)
	at org.eclipse.core.internal.registry.ConfigurationElement.createExecutableExtension(ConfigurationElement.java:246)
	at org.eclipse.core.internal.registry.ConfigurationElementHandle.createExecutableExtension(ConfigurationElementHandle.java:63)
	at org.eclipse.lsp4e.LanguageServersRegistry$ExtensionLanguageServerDefinition.createConnectionProvider(LanguageServersRegistry.java:161)
	... 8 more
Caused by: java.lang.reflect.InvocationTargetException
	at jdk.internal.reflect.GeneratedConstructorAccessor101.newInstance(Unknown Source)
	at java.base/jdk.internal.reflect.DelegatingConstructorAccessorImpl.newInstance(DelegatingConstructorAccessorImpl.java:45)
	at java.base/java.lang.reflect.Constructor.newInstanceWithCaller(Constructor.java:499)
	at java.base/java.lang.reflect.Constructor.newInstance(Constructor.java:480)
	at org.eclipse.core.internal.registry.osgi.RegistryStrategyOSGI.createExecutableExtension(RegistryStrategyOSGI.java:204)
	... 12 more
Caused by: java.lang.NullPointerException: Cannot invoke "java.io.File.getAbsolutePath()" because the return value of "org.eclipse.wildwebdeveloper.embedder.node.NodeJSManager.getNodeJsLocation()" is null
	at org.eclipse.wildwebdeveloper.html.HTMLLanguageServer.<init>(HTMLLanguageServer.java:40)
	... 17 more

!ENTRY org.eclipse.lsp4e 4 0 2025-02-15 22:15:28.828
!MESSAGE Cannot invoke "org.eclipse.lsp4e.server.StreamConnectionProvider.getInputStream()" because "this.lspStreamProvider" is null
!STACK 0
java.lang.NullPointerException: Cannot invoke "org.eclipse.lsp4e.server.StreamConnectionProvider.getInputStream()" because "this.lspStreamProvider" is null
	at org.eclipse.lsp4e.LanguageServerWrapper.lambda$1(LanguageServerWrapper.java:284)
	at java.base/java.util.concurrent.CompletableFuture$UniApply.tryFire(CompletableFuture.java:646)
	at java.base/java.util.concurrent.CompletableFuture.postComplete(CompletableFuture.java:510)
	at java.base/java.util.concurrent.CompletableFuture$AsyncSupply.run(CompletableFuture.java:1773)
	at java.base/java.util.concurrent.CompletableFuture$AsyncSupply.exec(CompletableFuture.java:1760)
	at java.base/java.util.concurrent.ForkJoinTask.doExec(ForkJoinTask.java:373)
	at java.base/java.util.concurrent.ForkJoinPool$WorkQueue.topLevelExec(ForkJoinPool.java:1182)
	at java.base/java.util.concurrent.ForkJoinPool.scan(ForkJoinPool.java:1655)
	at java.base/java.util.concurrent.ForkJoinPool.runWorker(ForkJoinPool.java:1622)
	at java.base/java.util.concurrent.ForkJoinWorkerThread.run(ForkJoinWorkerThread.java:165)

!ENTRY org.eclipse.lsp4e 4 0 2025-02-15 22:15:38.953
!MESSAGE プラグイン "org.eclipse.wildwebdeveloper" は、クラス "org.eclipse.wildwebdeveloper.angular.AngularLanguageServer" をインスタンス化できませんでした。
!STACK 1
org.eclipse.core.runtime.CoreException: プラグイン "org.eclipse.wildwebdeveloper" は、クラス "org.eclipse.wildwebdeveloper.angular.AngularLanguageServer" をインスタンス化できませんでした。
	at org.eclipse.core.internal.registry.osgi.RegistryStrategyOSGI.throwException(RegistryStrategyOSGI.java:212)
	at org.eclipse.core.internal.registry.osgi.RegistryStrategyOSGI.createExecutableExtension(RegistryStrategyOSGI.java:206)
	at org.eclipse.core.internal.registry.ExtensionRegistry.createExecutableExtension(ExtensionRegistry.java:920)
	at org.eclipse.core.internal.registry.ConfigurationElement.createExecutableExtension(ConfigurationElement.java:246)
	at org.eclipse.core.internal.registry.ConfigurationElementHandle.createExecutableExtension(ConfigurationElementHandle.java:63)
	at org.eclipse.lsp4e.LanguageServersRegistry$ExtensionLanguageServerDefinition.createConnectionProvider(LanguageServersRegistry.java:161)
	at org.eclipse.lsp4e.LanguageServerWrapper.lambda$0(LanguageServerWrapper.java:233)
	at java.base/java.util.concurrent.CompletableFuture$AsyncSupply.run(CompletableFuture.java:1768)
	at java.base/java.util.concurrent.CompletableFuture$AsyncSupply.exec(CompletableFuture.java:1760)
	at java.base/java.util.concurrent.ForkJoinTask.doExec(ForkJoinTask.java:373)
	at java.base/java.util.concurrent.ForkJoinPool$WorkQueue.topLevelExec(ForkJoinPool.java:1182)
	at java.base/java.util.concurrent.ForkJoinPool.scan(ForkJoinPool.java:1655)
	at java.base/java.util.concurrent.ForkJoinPool.runWorker(ForkJoinPool.java:1622)
	at java.base/java.util.concurrent.ForkJoinWorkerThread.run(ForkJoinWorkerThread.java:165)
Caused by: java.lang.reflect.InvocationTargetException
	at jdk.internal.reflect.GeneratedConstructorAccessor99.newInstance(Unknown Source)
	at java.base/jdk.internal.reflect.DelegatingConstructorAccessorImpl.newInstance(DelegatingConstructorAccessorImpl.java:45)
	at java.base/java.lang.reflect.Constructor.newInstanceWithCaller(Constructor.java:499)
	at java.base/java.lang.reflect.Constructor.newInstance(Constructor.java:480)
	at org.eclipse.core.internal.registry.osgi.RegistryStrategyOSGI.createExecutableExtension(RegistryStrategyOSGI.java:204)
	... 12 more
Caused by: java.lang.NullPointerException: Cannot invoke "java.io.File.getAbsolutePath()" because the return value of "org.eclipse.wildwebdeveloper.embedder.node.NodeJSManager.getNodeJsLocation()" is null
	at org.eclipse.wildwebdeveloper.angular.AngularLanguageServer.<init>(AngularLanguageServer.java:43)
	... 17 more
!SUBENTRY 1 org.eclipse.equinox.registry 4 1 2025-02-15 22:15:38.953
!MESSAGE プラグイン "org.eclipse.wildwebdeveloper" は、クラス "org.eclipse.wildwebdeveloper.angular.AngularLanguageServer" をインスタンス化できませんでした。
!STACK 0
java.lang.reflect.InvocationTargetException
	at jdk.internal.reflect.GeneratedConstructorAccessor99.newInstance(Unknown Source)
	at java.base/jdk.internal.reflect.DelegatingConstructorAccessorImpl.newInstance(DelegatingConstructorAccessorImpl.java:45)
	at java.base/java.lang.reflect.Constructor.newInstanceWithCaller(Constructor.java:499)
	at java.base/java.lang.reflect.Constructor.newInstance(Constructor.java:480)
	at org.eclipse.core.internal.registry.osgi.RegistryStrategyOSGI.createExecutableExtension(RegistryStrategyOSGI.java:204)
	at org.eclipse.core.internal.registry.ExtensionRegistry.createExecutableExtension(ExtensionRegistry.java:920)
	at org.eclipse.core.internal.registry.ConfigurationElement.createExecutableExtension(ConfigurationElement.java:246)
	at org.eclipse.core.internal.registry.ConfigurationElementHandle.createExecutableExtension(ConfigurationElementHandle.java:63)
	at org.eclipse.lsp4e.LanguageServersRegistry$ExtensionLanguageServerDefinition.createConnectionProvider(LanguageServersRegistry.java:161)
	at org.eclipse.lsp4e.LanguageServerWrapper.lambda$0(LanguageServerWrapper.java:233)
	at java.base/java.util.concurrent.CompletableFuture$AsyncSupply.run(CompletableFuture.java:1768)
	at java.base/java.util.concurrent.CompletableFuture$AsyncSupply.exec(CompletableFuture.java:1760)
	at java.base/java.util.concurrent.ForkJoinTask.doExec(ForkJoinTask.java:373)
	at java.base/java.util.concurrent.ForkJoinPool$WorkQueue.topLevelExec(ForkJoinPool.java:1182)
	at java.base/java.util.concurrent.ForkJoinPool.scan(ForkJoinPool.java:1655)
	at java.base/java.util.concurrent.ForkJoinPool.runWorker(ForkJoinPool.java:1622)
	at java.base/java.util.concurrent.ForkJoinWorkerThread.run(ForkJoinWorkerThread.java:165)
Caused by: java.lang.NullPointerException: Cannot invoke "java.io.File.getAbsolutePath()" because the return value of "org.eclipse.wildwebdeveloper.embedder.node.NodeJSManager.getNodeJsLocation()" is null
	at org.eclipse.wildwebdeveloper.angular.AngularLanguageServer.<init>(AngularLanguageServer.java:43)
	... 17 more
Root exception:
java.lang.NullPointerException: Cannot invoke "java.io.File.getAbsolutePath()" because the return value of "org.eclipse.wildwebdeveloper.embedder.node.NodeJSManager.getNodeJsLocation()" is null
	at org.eclipse.wildwebdeveloper.angular.AngularLanguageServer.<init>(AngularLanguageServer.java:43)
	at jdk.internal.reflect.GeneratedConstructorAccessor99.newInstance(Unknown Source)
	at java.base/jdk.internal.reflect.DelegatingConstructorAccessorImpl.newInstance(DelegatingConstructorAccessorImpl.java:45)
	at java.base/java.lang.reflect.Constructor.newInstanceWithCaller(Constructor.java:499)
	at java.base/java.lang.reflect.Constructor.newInstance(Constructor.java:480)
	at org.eclipse.core.internal.registry.osgi.RegistryStrategyOSGI.createExecutableExtension(RegistryStrategyOSGI.java:204)
	at org.eclipse.core.internal.registry.ExtensionRegistry.createExecutableExtension(ExtensionRegistry.java:920)
	at org.eclipse.core.internal.registry.ConfigurationElement.createExecutableExtension(ConfigurationElement.java:246)
	at org.eclipse.core.internal.registry.ConfigurationElementHandle.createExecutableExtension(ConfigurationElementHandle.java:63)
	at org.eclipse.lsp4e.LanguageServersRegistry$ExtensionLanguageServerDefinition.createConnectionProvider(LanguageServersRegistry.java:161)
	at org.eclipse.lsp4e.LanguageServerWrapper.lambda$0(LanguageServerWrapper.java:233)
	at java.base/java.util.concurrent.CompletableFuture$AsyncSupply.run(CompletableFuture.java:1768)
	at java.base/java.util.concurrent.CompletableFuture$AsyncSupply.exec(CompletableFuture.java:1760)
	at java.base/java.util.concurrent.ForkJoinTask.doExec(ForkJoinTask.java:373)
	at java.base/java.util.concurrent.ForkJoinPool$WorkQueue.topLevelExec(ForkJoinPool.java:1182)
	at java.base/java.util.concurrent.ForkJoinPool.scan(ForkJoinPool.java:1655)
	at java.base/java.util.concurrent.ForkJoinPool.runWorker(ForkJoinPool.java:1622)
	at java.base/java.util.concurrent.ForkJoinWorkerThread.run(ForkJoinWorkerThread.java:165)

!ENTRY org.eclipse.lsp4e 4 0 2025-02-15 22:15:38.954
!MESSAGE Exception occurred while creating an instance of the stream connection provider
!STACK 0
java.lang.RuntimeException: Exception occurred while creating an instance of the stream connection provider
	at org.eclipse.lsp4e.LanguageServersRegistry$ExtensionLanguageServerDefinition.createConnectionProvider(LanguageServersRegistry.java:164)
	at org.eclipse.lsp4e.LanguageServerWrapper.lambda$0(LanguageServerWrapper.java:233)
	at java.base/java.util.concurrent.CompletableFuture$AsyncSupply.run(CompletableFuture.java:1768)
	at java.base/java.util.concurrent.CompletableFuture$AsyncSupply.exec(CompletableFuture.java:1760)
	at java.base/java.util.concurrent.ForkJoinTask.doExec(ForkJoinTask.java:373)
	at java.base/java.util.concurrent.ForkJoinPool$WorkQueue.topLevelExec(ForkJoinPool.java:1182)
	at java.base/java.util.concurrent.ForkJoinPool.scan(ForkJoinPool.java:1655)
	at java.base/java.util.concurrent.ForkJoinPool.runWorker(ForkJoinPool.java:1622)
	at java.base/java.util.concurrent.ForkJoinWorkerThread.run(ForkJoinWorkerThread.java:165)
Caused by: org.eclipse.core.runtime.CoreException: プラグイン "org.eclipse.wildwebdeveloper" は、クラス "org.eclipse.wildwebdeveloper.angular.AngularLanguageServer" をインスタンス化できませんでした。
	at org.eclipse.core.internal.registry.osgi.RegistryStrategyOSGI.throwException(RegistryStrategyOSGI.java:212)
	at org.eclipse.core.internal.registry.osgi.RegistryStrategyOSGI.createExecutableExtension(RegistryStrategyOSGI.java:206)
	at org.eclipse.core.internal.registry.ExtensionRegistry.createExecutableExtension(ExtensionRegistry.java:920)
	at org.eclipse.core.internal.registry.ConfigurationElement.createExecutableExtension(ConfigurationElement.java:246)
	at org.eclipse.core.internal.registry.ConfigurationElementHandle.createExecutableExtension(ConfigurationElementHandle.java:63)
	at org.eclipse.lsp4e.LanguageServersRegistry$ExtensionLanguageServerDefinition.createConnectionProvider(LanguageServersRegistry.java:161)
	... 8 more
Caused by: java.lang.reflect.InvocationTargetException
	at jdk.internal.reflect.GeneratedConstructorAccessor99.newInstance(Unknown Source)
	at java.base/jdk.internal.reflect.DelegatingConstructorAccessorImpl.newInstance(DelegatingConstructorAccessorImpl.java:45)
	at java.base/java.lang.reflect.Constructor.newInstanceWithCaller(Constructor.java:499)
	at java.base/java.lang.reflect.Constructor.newInstance(Constructor.java:480)
	at org.eclipse.core.internal.registry.osgi.RegistryStrategyOSGI.createExecutableExtension(RegistryStrategyOSGI.java:204)
	... 12 more
Caused by: java.lang.NullPointerException: Cannot invoke "java.io.File.getAbsolutePath()" because the return value of "org.eclipse.wildwebdeveloper.embedder.node.NodeJSManager.getNodeJsLocation()" is null
	at org.eclipse.wildwebdeveloper.angular.AngularLanguageServer.<init>(AngularLanguageServer.java:43)
	... 17 more

!ENTRY org.eclipse.lsp4e 4 0 2025-02-15 22:15:38.955
!MESSAGE Cannot invoke "org.eclipse.lsp4e.server.StreamConnectionProvider.getInputStream()" because "this.lspStreamProvider" is null
!STACK 0
java.lang.NullPointerException: Cannot invoke "org.eclipse.lsp4e.server.StreamConnectionProvider.getInputStream()" because "this.lspStreamProvider" is null
	at org.eclipse.lsp4e.LanguageServerWrapper.lambda$1(LanguageServerWrapper.java:284)
	at java.base/java.util.concurrent.CompletableFuture$UniApply.tryFire(CompletableFuture.java:646)
	at java.base/java.util.concurrent.CompletableFuture.postComplete(CompletableFuture.java:510)
	at java.base/java.util.concurrent.CompletableFuture$AsyncSupply.run(CompletableFuture.java:1773)
	at java.base/java.util.concurrent.CompletableFuture$AsyncSupply.exec(CompletableFuture.java:1760)
	at java.base/java.util.concurrent.ForkJoinTask.doExec(ForkJoinTask.java:373)
	at java.base/java.util.concurrent.ForkJoinPool$WorkQueue.topLevelExec(ForkJoinPool.java:1182)
	at java.base/java.util.concurrent.ForkJoinPool.scan(ForkJoinPool.java:1655)
	at java.base/java.util.concurrent.ForkJoinPool.runWorker(ForkJoinPool.java:1622)
	at java.base/java.util.concurrent.ForkJoinWorkerThread.run(ForkJoinWorkerThread.java:165)

!ENTRY org.eclipse.lsp4e 4 0 2025-02-15 22:15:38.957
!MESSAGE プラグイン "org.eclipse.wildwebdeveloper" は、クラス "org.eclipse.wildwebdeveloper.html.HTMLLanguageServer" をインスタンス化できませんでした。
!STACK 1
org.eclipse.core.runtime.CoreException: プラグイン "org.eclipse.wildwebdeveloper" は、クラス "org.eclipse.wildwebdeveloper.html.HTMLLanguageServer" をインスタンス化できませんでした。
	at org.eclipse.core.internal.registry.osgi.RegistryStrategyOSGI.throwException(RegistryStrategyOSGI.java:212)
	at org.eclipse.core.internal.registry.osgi.RegistryStrategyOSGI.createExecutableExtension(RegistryStrategyOSGI.java:206)
	at org.eclipse.core.internal.registry.ExtensionRegistry.createExecutableExtension(ExtensionRegistry.java:920)
	at org.eclipse.core.internal.registry.ConfigurationElement.createExecutableExtension(ConfigurationElement.java:246)
	at org.eclipse.core.internal.registry.ConfigurationElementHandle.createExecutableExtension(ConfigurationElementHandle.java:63)
	at org.eclipse.lsp4e.LanguageServersRegistry$ExtensionLanguageServerDefinition.createConnectionProvider(LanguageServersRegistry.java:161)
	at org.eclipse.lsp4e.LanguageServerWrapper.lambda$0(LanguageServerWrapper.java:233)
	at java.base/java.util.concurrent.CompletableFuture$AsyncSupply.run(CompletableFuture.java:1768)
	at java.base/java.util.concurrent.CompletableFuture$AsyncSupply.exec(CompletableFuture.java:1760)
	at java.base/java.util.concurrent.ForkJoinTask.doExec(ForkJoinTask.java:373)
	at java.base/java.util.concurrent.ForkJoinPool$WorkQueue.topLevelExec(ForkJoinPool.java:1182)
	at java.base/java.util.concurrent.ForkJoinPool.scan(ForkJoinPool.java:1655)
	at java.base/java.util.concurrent.ForkJoinPool.runWorker(ForkJoinPool.java:1622)
	at java.base/java.util.concurrent.ForkJoinWorkerThread.run(ForkJoinWorkerThread.java:165)
Caused by: java.lang.reflect.InvocationTargetException
	at jdk.internal.reflect.GeneratedConstructorAccessor101.newInstance(Unknown Source)
	at java.base/jdk.internal.reflect.DelegatingConstructorAccessorImpl.newInstance(DelegatingConstructorAccessorImpl.java:45)
	at java.base/java.lang.reflect.Constructor.newInstanceWithCaller(Constructor.java:499)
	at java.base/java.lang.reflect.Constructor.newInstance(Constructor.java:480)
	at org.eclipse.core.internal.registry.osgi.RegistryStrategyOSGI.createExecutableExtension(RegistryStrategyOSGI.java:204)
	... 12 more
Caused by: java.lang.NullPointerException: Cannot invoke "java.io.File.getAbsolutePath()" because the return value of "org.eclipse.wildwebdeveloper.embedder.node.NodeJSManager.getNodeJsLocation()" is null
	at org.eclipse.wildwebdeveloper.html.HTMLLanguageServer.<init>(HTMLLanguageServer.java:40)
	... 17 more
!SUBENTRY 1 org.eclipse.equinox.registry 4 1 2025-02-15 22:15:38.957
!MESSAGE プラグイン "org.eclipse.wildwebdeveloper" は、クラス "org.eclipse.wildwebdeveloper.html.HTMLLanguageServer" をインスタンス化できませんでした。
!STACK 0
java.lang.reflect.InvocationTargetException
	at jdk.internal.reflect.GeneratedConstructorAccessor101.newInstance(Unknown Source)
	at java.base/jdk.internal.reflect.DelegatingConstructorAccessorImpl.newInstance(DelegatingConstructorAccessorImpl.java:45)
	at java.base/java.lang.reflect.Constructor.newInstanceWithCaller(Constructor.java:499)
	at java.base/java.lang.reflect.Constructor.newInstance(Constructor.java:480)
	at org.eclipse.core.internal.registry.osgi.RegistryStrategyOSGI.createExecutableExtension(RegistryStrategyOSGI.java:204)
	at org.eclipse.core.internal.registry.ExtensionRegistry.createExecutableExtension(ExtensionRegistry.java:920)
	at org.eclipse.core.internal.registry.ConfigurationElement.createExecutableExtension(ConfigurationElement.java:246)
	at org.eclipse.core.internal.registry.ConfigurationElementHandle.createExecutableExtension(ConfigurationElementHandle.java:63)
	at org.eclipse.lsp4e.LanguageServersRegistry$ExtensionLanguageServerDefinition.createConnectionProvider(LanguageServersRegistry.java:161)
	at org.eclipse.lsp4e.LanguageServerWrapper.lambda$0(LanguageServerWrapper.java:233)
	at java.base/java.util.concurrent.CompletableFuture$AsyncSupply.run(CompletableFuture.java:1768)
	at java.base/java.util.concurrent.CompletableFuture$AsyncSupply.exec(CompletableFuture.java:1760)
	at java.base/java.util.concurrent.ForkJoinTask.doExec(ForkJoinTask.java:373)
	at java.base/java.util.concurrent.ForkJoinPool$WorkQueue.topLevelExec(ForkJoinPool.java:1182)
	at java.base/java.util.concurrent.ForkJoinPool.scan(ForkJoinPool.java:1655)
	at java.base/java.util.concurrent.ForkJoinPool.runWorker(ForkJoinPool.java:1622)
	at java.base/java.util.concurrent.ForkJoinWorkerThread.run(ForkJoinWorkerThread.java:165)
Caused by: java.lang.NullPointerException: Cannot invoke "java.io.File.getAbsolutePath()" because the return value of "org.eclipse.wildwebdeveloper.embedder.node.NodeJSManager.getNodeJsLocation()" is null
	at org.eclipse.wildwebdeveloper.html.HTMLLanguageServer.<init>(HTMLLanguageServer.java:40)
	... 17 more
Root exception:
java.lang.NullPointerException: Cannot invoke "java.io.File.getAbsolutePath()" because the return value of "org.eclipse.wildwebdeveloper.embedder.node.NodeJSManager.getNodeJsLocation()" is null
	at org.eclipse.wildwebdeveloper.html.HTMLLanguageServer.<init>(HTMLLanguageServer.java:40)
	at jdk.internal.reflect.GeneratedConstructorAccessor101.newInstance(Unknown Source)
	at java.base/jdk.internal.reflect.DelegatingConstructorAccessorImpl.newInstance(DelegatingConstructorAccessorImpl.java:45)
	at java.base/java.lang.reflect.Constructor.newInstanceWithCaller(Constructor.java:499)
	at java.base/java.lang.reflect.Constructor.newInstance(Constructor.java:480)
	at org.eclipse.core.internal.registry.osgi.RegistryStrategyOSGI.createExecutableExtension(RegistryStrategyOSGI.java:204)
	at org.eclipse.core.internal.registry.ExtensionRegistry.createExecutableExtension(ExtensionRegistry.java:920)
	at org.eclipse.core.internal.registry.ConfigurationElement.createExecutableExtension(ConfigurationElement.java:246)
	at org.eclipse.core.internal.registry.ConfigurationElementHandle.createExecutableExtension(ConfigurationElementHandle.java:63)
	at org.eclipse.lsp4e.LanguageServersRegistry$ExtensionLanguageServerDefinition.createConnectionProvider(LanguageServersRegistry.java:161)
	at org.eclipse.lsp4e.LanguageServerWrapper.lambda$0(LanguageServerWrapper.java:233)
	at java.base/java.util.concurrent.CompletableFuture$AsyncSupply.run(CompletableFuture.java:1768)
	at java.base/java.util.concurrent.CompletableFuture$AsyncSupply.exec(CompletableFuture.java:1760)
	at java.base/java.util.concurrent.ForkJoinTask.doExec(ForkJoinTask.java:373)
	at java.base/java.util.concurrent.ForkJoinPool$WorkQueue.topLevelExec(ForkJoinPool.java:1182)
	at java.base/java.util.concurrent.ForkJoinPool.scan(ForkJoinPool.java:1655)
	at java.base/java.util.concurrent.ForkJoinPool.runWorker(ForkJoinPool.java:1622)
	at java.base/java.util.concurrent.ForkJoinWorkerThread.run(ForkJoinWorkerThread.java:165)

!ENTRY org.eclipse.lsp4e 4 0 2025-02-15 22:15:38.959
!MESSAGE Exception occurred while creating an instance of the stream connection provider
!STACK 0
java.lang.RuntimeException: Exception occurred while creating an instance of the stream connection provider
	at org.eclipse.lsp4e.LanguageServersRegistry$ExtensionLanguageServerDefinition.createConnectionProvider(LanguageServersRegistry.java:164)
	at org.eclipse.lsp4e.LanguageServerWrapper.lambda$0(LanguageServerWrapper.java:233)
	at java.base/java.util.concurrent.CompletableFuture$AsyncSupply.run(CompletableFuture.java:1768)
	at java.base/java.util.concurrent.CompletableFuture$AsyncSupply.exec(CompletableFuture.java:1760)
	at java.base/java.util.concurrent.ForkJoinTask.doExec(ForkJoinTask.java:373)
	at java.base/java.util.concurrent.ForkJoinPool$WorkQueue.topLevelExec(ForkJoinPool.java:1182)
	at java.base/java.util.concurrent.ForkJoinPool.scan(ForkJoinPool.java:1655)
	at java.base/java.util.concurrent.ForkJoinPool.runWorker(ForkJoinPool.java:1622)
	at java.base/java.util.concurrent.ForkJoinWorkerThread.run(ForkJoinWorkerThread.java:165)
Caused by: org.eclipse.core.runtime.CoreException: プラグイン "org.eclipse.wildwebdeveloper" は、クラス "org.eclipse.wildwebdeveloper.html.HTMLLanguageServer" をインスタンス化できませんでした。
	at org.eclipse.core.internal.registry.osgi.RegistryStrategyOSGI.throwException(RegistryStrategyOSGI.java:212)
	at org.eclipse.core.internal.registry.osgi.RegistryStrategyOSGI.createExecutableExtension(RegistryStrategyOSGI.java:206)
	at org.eclipse.core.internal.registry.ExtensionRegistry.createExecutableExtension(ExtensionRegistry.java:920)
	at org.eclipse.core.internal.registry.ConfigurationElement.createExecutableExtension(ConfigurationElement.java:246)
	at org.eclipse.core.internal.registry.ConfigurationElementHandle.createExecutableExtension(ConfigurationElementHandle.java:63)
	at org.eclipse.lsp4e.LanguageServersRegistry$ExtensionLanguageServerDefinition.createConnectionProvider(LanguageServersRegistry.java:161)
	... 8 more
Caused by: java.lang.reflect.InvocationTargetException
	at jdk.internal.reflect.GeneratedConstructorAccessor101.newInstance(Unknown Source)
	at java.base/jdk.internal.reflect.DelegatingConstructorAccessorImpl.newInstance(DelegatingConstructorAccessorImpl.java:45)
	at java.base/java.lang.reflect.Constructor.newInstanceWithCaller(Constructor.java:499)
	at java.base/java.lang.reflect.Constructor.newInstance(Constructor.java:480)
	at org.eclipse.core.internal.registry.osgi.RegistryStrategyOSGI.createExecutableExtension(RegistryStrategyOSGI.java:204)
	... 12 more
Caused by: java.lang.NullPointerException: Cannot invoke "java.io.File.getAbsolutePath()" because the return value of "org.eclipse.wildwebdeveloper.embedder.node.NodeJSManager.getNodeJsLocation()" is null
	at org.eclipse.wildwebdeveloper.html.HTMLLanguageServer.<init>(HTMLLanguageServer.java:40)
	... 17 more

!ENTRY org.eclipse.lsp4e 4 0 2025-02-15 22:15:38.960
!MESSAGE Cannot invoke "org.eclipse.lsp4e.server.StreamConnectionProvider.getInputStream()" because "this.lspStreamProvider" is null
!STACK 0
java.lang.NullPointerException: Cannot invoke "org.eclipse.lsp4e.server.StreamConnectionProvider.getInputStream()" because "this.lspStreamProvider" is null
	at org.eclipse.lsp4e.LanguageServerWrapper.lambda$1(LanguageServerWrapper.java:284)
	at java.base/java.util.concurrent.CompletableFuture$UniApply.tryFire(CompletableFuture.java:646)
	at java.base/java.util.concurrent.CompletableFuture.postComplete(CompletableFuture.java:510)
	at java.base/java.util.concurrent.CompletableFuture$AsyncSupply.run(CompletableFuture.java:1773)
	at java.base/java.util.concurrent.CompletableFuture$AsyncSupply.exec(CompletableFuture.java:1760)
	at java.base/java.util.concurrent.ForkJoinTask.doExec(ForkJoinTask.java:373)
	at java.base/java.util.concurrent.ForkJoinPool$WorkQueue.topLevelExec(ForkJoinPool.java:1182)
	at java.base/java.util.concurrent.ForkJoinPool.scan(ForkJoinPool.java:1655)
	at java.base/java.util.concurrent.ForkJoinPool.runWorker(ForkJoinPool.java:1622)
	at java.base/java.util.concurrent.ForkJoinWorkerThread.run(ForkJoinWorkerThread.java:165)

!ENTRY org.eclipse.lsp4e 4 0 2025-02-15 22:15:46.486
!MESSAGE プラグイン "org.eclipse.wildwebdeveloper" は、クラス "org.eclipse.wildwebdeveloper.angular.AngularLanguageServer" をインスタンス化できませんでした。
!STACK 1
org.eclipse.core.runtime.CoreException: プラグイン "org.eclipse.wildwebdeveloper" は、クラス "org.eclipse.wildwebdeveloper.angular.AngularLanguageServer" をインスタンス化できませんでした。
	at org.eclipse.core.internal.registry.osgi.RegistryStrategyOSGI.throwException(RegistryStrategyOSGI.java:212)
	at org.eclipse.core.internal.registry.osgi.RegistryStrategyOSGI.createExecutableExtension(RegistryStrategyOSGI.java:206)
	at org.eclipse.core.internal.registry.ExtensionRegistry.createExecutableExtension(ExtensionRegistry.java:920)
	at org.eclipse.core.internal.registry.ConfigurationElement.createExecutableExtension(ConfigurationElement.java:246)
	at org.eclipse.core.internal.registry.ConfigurationElementHandle.createExecutableExtension(ConfigurationElementHandle.java:63)
	at org.eclipse.lsp4e.LanguageServersRegistry$ExtensionLanguageServerDefinition.createConnectionProvider(LanguageServersRegistry.java:161)
	at org.eclipse.lsp4e.LanguageServerWrapper.lambda$0(LanguageServerWrapper.java:233)
	at java.base/java.util.concurrent.CompletableFuture$AsyncSupply.run(CompletableFuture.java:1768)
	at java.base/java.util.concurrent.CompletableFuture$AsyncSupply.exec(CompletableFuture.java:1760)
	at java.base/java.util.concurrent.ForkJoinTask.doExec(ForkJoinTask.java:373)
	at java.base/java.util.concurrent.ForkJoinPool$WorkQueue.topLevelExec(ForkJoinPool.java:1182)
	at java.base/java.util.concurrent.ForkJoinPool.scan(ForkJoinPool.java:1655)
	at java.base/java.util.concurrent.ForkJoinPool.runWorker(ForkJoinPool.java:1622)
	at java.base/java.util.concurrent.ForkJoinWorkerThread.run(ForkJoinWorkerThread.java:165)
Caused by: java.lang.reflect.InvocationTargetException
	at jdk.internal.reflect.GeneratedConstructorAccessor99.newInstance(Unknown Source)
	at java.base/jdk.internal.reflect.DelegatingConstructorAccessorImpl.newInstance(DelegatingConstructorAccessorImpl.java:45)
	at java.base/java.lang.reflect.Constructor.newInstanceWithCaller(Constructor.java:499)
	at java.base/java.lang.reflect.Constructor.newInstance(Constructor.java:480)
	at org.eclipse.core.internal.registry.osgi.RegistryStrategyOSGI.createExecutableExtension(RegistryStrategyOSGI.java:204)
	... 12 more
Caused by: java.lang.NullPointerException: Cannot invoke "java.io.File.getAbsolutePath()" because the return value of "org.eclipse.wildwebdeveloper.embedder.node.NodeJSManager.getNodeJsLocation()" is null
	at org.eclipse.wildwebdeveloper.angular.AngularLanguageServer.<init>(AngularLanguageServer.java:43)
	... 17 more
!SUBENTRY 1 org.eclipse.equinox.registry 4 1 2025-02-15 22:15:46.486
!MESSAGE プラグイン "org.eclipse.wildwebdeveloper" は、クラス "org.eclipse.wildwebdeveloper.angular.AngularLanguageServer" をインスタンス化できませんでした。
!STACK 0
java.lang.reflect.InvocationTargetException
	at jdk.internal.reflect.GeneratedConstructorAccessor99.newInstance(Unknown Source)
	at java.base/jdk.internal.reflect.DelegatingConstructorAccessorImpl.newInstance(DelegatingConstructorAccessorImpl.java:45)
	at java.base/java.lang.reflect.Constructor.newInstanceWithCaller(Constructor.java:499)
	at java.base/java.lang.reflect.Constructor.newInstance(Constructor.java:480)
	at org.eclipse.core.internal.registry.osgi.RegistryStrategyOSGI.createExecutableExtension(RegistryStrategyOSGI.java:204)
	at org.eclipse.core.internal.registry.ExtensionRegistry.createExecutableExtension(ExtensionRegistry.java:920)
	at org.eclipse.core.internal.registry.ConfigurationElement.createExecutableExtension(ConfigurationElement.java:246)
	at org.eclipse.core.internal.registry.ConfigurationElementHandle.createExecutableExtension(ConfigurationElementHandle.java:63)
	at org.eclipse.lsp4e.LanguageServersRegistry$ExtensionLanguageServerDefinition.createConnectionProvider(LanguageServersRegistry.java:161)
	at org.eclipse.lsp4e.LanguageServerWrapper.lambda$0(LanguageServerWrapper.java:233)
	at java.base/java.util.concurrent.CompletableFuture$AsyncSupply.run(CompletableFuture.java:1768)
	at java.base/java.util.concurrent.CompletableFuture$AsyncSupply.exec(CompletableFuture.java:1760)
	at java.base/java.util.concurrent.ForkJoinTask.doExec(ForkJoinTask.java:373)
	at java.base/java.util.concurrent.ForkJoinPool$WorkQueue.topLevelExec(ForkJoinPool.java:1182)
	at java.base/java.util.concurrent.ForkJoinPool.scan(ForkJoinPool.java:1655)
	at java.base/java.util.concurrent.ForkJoinPool.runWorker(ForkJoinPool.java:1622)
	at java.base/java.util.concurrent.ForkJoinWorkerThread.run(ForkJoinWorkerThread.java:165)
Caused by: java.lang.NullPointerException: Cannot invoke "java.io.File.getAbsolutePath()" because the return value of "org.eclipse.wildwebdeveloper.embedder.node.NodeJSManager.getNodeJsLocation()" is null
	at org.eclipse.wildwebdeveloper.angular.AngularLanguageServer.<init>(AngularLanguageServer.java:43)
	... 17 more
Root exception:
java.lang.NullPointerException: Cannot invoke "java.io.File.getAbsolutePath()" because the return value of "org.eclipse.wildwebdeveloper.embedder.node.NodeJSManager.getNodeJsLocation()" is null
	at org.eclipse.wildwebdeveloper.angular.AngularLanguageServer.<init>(AngularLanguageServer.java:43)
	at jdk.internal.reflect.GeneratedConstructorAccessor99.newInstance(Unknown Source)
	at java.base/jdk.internal.reflect.DelegatingConstructorAccessorImpl.newInstance(DelegatingConstructorAccessorImpl.java:45)
	at java.base/java.lang.reflect.Constructor.newInstanceWithCaller(Constructor.java:499)
	at java.base/java.lang.reflect.Constructor.newInstance(Constructor.java:480)
	at org.eclipse.core.internal.registry.osgi.RegistryStrategyOSGI.createExecutableExtension(RegistryStrategyOSGI.java:204)
	at org.eclipse.core.internal.registry.ExtensionRegistry.createExecutableExtension(ExtensionRegistry.java:920)
	at org.eclipse.core.internal.registry.ConfigurationElement.createExecutableExtension(ConfigurationElement.java:246)
	at org.eclipse.core.internal.registry.ConfigurationElementHandle.createExecutableExtension(ConfigurationElementHandle.java:63)
	at org.eclipse.lsp4e.LanguageServersRegistry$ExtensionLanguageServerDefinition.createConnectionProvider(LanguageServersRegistry.java:161)
	at org.eclipse.lsp4e.LanguageServerWrapper.lambda$0(LanguageServerWrapper.java:233)
	at java.base/java.util.concurrent.CompletableFuture$AsyncSupply.run(CompletableFuture.java:1768)
	at java.base/java.util.concurrent.CompletableFuture$AsyncSupply.exec(CompletableFuture.java:1760)
	at java.base/java.util.concurrent.ForkJoinTask.doExec(ForkJoinTask.java:373)
	at java.base/java.util.concurrent.ForkJoinPool$WorkQueue.topLevelExec(ForkJoinPool.java:1182)
	at java.base/java.util.concurrent.ForkJoinPool.scan(ForkJoinPool.java:1655)
	at java.base/java.util.concurrent.ForkJoinPool.runWorker(ForkJoinPool.java:1622)
	at java.base/java.util.concurrent.ForkJoinWorkerThread.run(ForkJoinWorkerThread.java:165)

!ENTRY org.eclipse.lsp4e 4 0 2025-02-15 22:15:46.487
!MESSAGE Exception occurred while creating an instance of the stream connection provider
!STACK 0
java.lang.RuntimeException: Exception occurred while creating an instance of the stream connection provider
	at org.eclipse.lsp4e.LanguageServersRegistry$ExtensionLanguageServerDefinition.createConnectionProvider(LanguageServersRegistry.java:164)
	at org.eclipse.lsp4e.LanguageServerWrapper.lambda$0(LanguageServerWrapper.java:233)
	at java.base/java.util.concurrent.CompletableFuture$AsyncSupply.run(CompletableFuture.java:1768)
	at java.base/java.util.concurrent.CompletableFuture$AsyncSupply.exec(CompletableFuture.java:1760)
	at java.base/java.util.concurrent.ForkJoinTask.doExec(ForkJoinTask.java:373)
	at java.base/java.util.concurrent.ForkJoinPool$WorkQueue.topLevelExec(ForkJoinPool.java:1182)
	at java.base/java.util.concurrent.ForkJoinPool.scan(ForkJoinPool.java:1655)
	at java.base/java.util.concurrent.ForkJoinPool.runWorker(ForkJoinPool.java:1622)
	at java.base/java.util.concurrent.ForkJoinWorkerThread.run(ForkJoinWorkerThread.java:165)
Caused by: org.eclipse.core.runtime.CoreException: プラグイン "org.eclipse.wildwebdeveloper" は、クラス "org.eclipse.wildwebdeveloper.angular.AngularLanguageServer" をインスタンス化できませんでした。
	at org.eclipse.core.internal.registry.osgi.RegistryStrategyOSGI.throwException(RegistryStrategyOSGI.java:212)
	at org.eclipse.core.internal.registry.osgi.RegistryStrategyOSGI.createExecutableExtension(RegistryStrategyOSGI.java:206)
	at org.eclipse.core.internal.registry.ExtensionRegistry.createExecutableExtension(ExtensionRegistry.java:920)
	at org.eclipse.core.internal.registry.ConfigurationElement.createExecutableExtension(ConfigurationElement.java:246)
	at org.eclipse.core.internal.registry.ConfigurationElementHandle.createExecutableExtension(ConfigurationElementHandle.java:63)
	at org.eclipse.lsp4e.LanguageServersRegistry$ExtensionLanguageServerDefinition.createConnectionProvider(LanguageServersRegistry.java:161)
	... 8 more
Caused by: java.lang.reflect.InvocationTargetException
	at jdk.internal.reflect.GeneratedConstructorAccessor99.newInstance(Unknown Source)
	at java.base/jdk.internal.reflect.DelegatingConstructorAccessorImpl.newInstance(DelegatingConstructorAccessorImpl.java:45)
	at java.base/java.lang.reflect.Constructor.newInstanceWithCaller(Constructor.java:499)
	at java.base/java.lang.reflect.Constructor.newInstance(Constructor.java:480)
	at org.eclipse.core.internal.registry.osgi.RegistryStrategyOSGI.createExecutableExtension(RegistryStrategyOSGI.java:204)
	... 12 more
Caused by: java.lang.NullPointerException: Cannot invoke "java.io.File.getAbsolutePath()" because the return value of "org.eclipse.wildwebdeveloper.embedder.node.NodeJSManager.getNodeJsLocation()" is null
	at org.eclipse.wildwebdeveloper.angular.AngularLanguageServer.<init>(AngularLanguageServer.java:43)
	... 17 more

!ENTRY org.eclipse.lsp4e 4 0 2025-02-15 22:15:46.489
!MESSAGE Cannot invoke "org.eclipse.lsp4e.server.StreamConnectionProvider.getInputStream()" because "this.lspStreamProvider" is null
!STACK 0
java.lang.NullPointerException: Cannot invoke "org.eclipse.lsp4e.server.StreamConnectionProvider.getInputStream()" because "this.lspStreamProvider" is null
	at org.eclipse.lsp4e.LanguageServerWrapper.lambda$1(LanguageServerWrapper.java:284)
	at java.base/java.util.concurrent.CompletableFuture$UniApply.tryFire(CompletableFuture.java:646)
	at java.base/java.util.concurrent.CompletableFuture.postComplete(CompletableFuture.java:510)
	at java.base/java.util.concurrent.CompletableFuture$AsyncSupply.run(CompletableFuture.java:1773)
	at java.base/java.util.concurrent.CompletableFuture$AsyncSupply.exec(CompletableFuture.java:1760)
	at java.base/java.util.concurrent.ForkJoinTask.doExec(ForkJoinTask.java:373)
	at java.base/java.util.concurrent.ForkJoinPool$WorkQueue.topLevelExec(ForkJoinPool.java:1182)
	at java.base/java.util.concurrent.ForkJoinPool.scan(ForkJoinPool.java:1655)
	at java.base/java.util.concurrent.ForkJoinPool.runWorker(ForkJoinPool.java:1622)
	at java.base/java.util.concurrent.ForkJoinWorkerThread.run(ForkJoinWorkerThread.java:165)

!ENTRY org.eclipse.lsp4e 4 0 2025-02-15 22:15:46.489
!MESSAGE プラグイン "org.eclipse.wildwebdeveloper" は、クラス "org.eclipse.wildwebdeveloper.html.HTMLLanguageServer" をインスタンス化できませんでした。
!STACK 1
org.eclipse.core.runtime.CoreException: プラグイン "org.eclipse.wildwebdeveloper" は、クラス "org.eclipse.wildwebdeveloper.html.HTMLLanguageServer" をインスタンス化できませんでした。
	at org.eclipse.core.internal.registry.osgi.RegistryStrategyOSGI.throwException(RegistryStrategyOSGI.java:212)
	at org.eclipse.core.internal.registry.osgi.RegistryStrategyOSGI.createExecutableExtension(RegistryStrategyOSGI.java:206)
	at org.eclipse.core.internal.registry.ExtensionRegistry.createExecutableExtension(ExtensionRegistry.java:920)
	at org.eclipse.core.internal.registry.ConfigurationElement.createExecutableExtension(ConfigurationElement.java:246)
	at org.eclipse.core.internal.registry.ConfigurationElementHandle.createExecutableExtension(ConfigurationElementHandle.java:63)
	at org.eclipse.lsp4e.LanguageServersRegistry$ExtensionLanguageServerDefinition.createConnectionProvider(LanguageServersRegistry.java:161)
	at org.eclipse.lsp4e.LanguageServerWrapper.lambda$0(LanguageServerWrapper.java:233)
	at java.base/java.util.concurrent.CompletableFuture$AsyncSupply.run(CompletableFuture.java:1768)
	at java.base/java.util.concurrent.CompletableFuture$AsyncSupply.exec(CompletableFuture.java:1760)
	at java.base/java.util.concurrent.ForkJoinTask.doExec(ForkJoinTask.java:373)
	at java.base/java.util.concurrent.ForkJoinPool$WorkQueue.topLevelExec(ForkJoinPool.java:1182)
	at java.base/java.util.concurrent.ForkJoinPool.scan(ForkJoinPool.java:1655)
	at java.base/java.util.concurrent.ForkJoinPool.runWorker(ForkJoinPool.java:1622)
	at java.base/java.util.concurrent.ForkJoinWorkerThread.run(ForkJoinWorkerThread.java:165)
Caused by: java.lang.reflect.InvocationTargetException
	at jdk.internal.reflect.GeneratedConstructorAccessor101.newInstance(Unknown Source)
	at java.base/jdk.internal.reflect.DelegatingConstructorAccessorImpl.newInstance(DelegatingConstructorAccessorImpl.java:45)
	at java.base/java.lang.reflect.Constructor.newInstanceWithCaller(Constructor.java:499)
	at java.base/java.lang.reflect.Constructor.newInstance(Constructor.java:480)
	at org.eclipse.core.internal.registry.osgi.RegistryStrategyOSGI.createExecutableExtension(RegistryStrategyOSGI.java:204)
	... 12 more
Caused by: java.lang.NullPointerException: Cannot invoke "java.io.File.getAbsolutePath()" because the return value of "org.eclipse.wildwebdeveloper.embedder.node.NodeJSManager.getNodeJsLocation()" is null
	at org.eclipse.wildwebdeveloper.html.HTMLLanguageServer.<init>(HTMLLanguageServer.java:40)
	... 17 more
!SUBENTRY 1 org.eclipse.equinox.registry 4 1 2025-02-15 22:15:46.489
!MESSAGE プラグイン "org.eclipse.wildwebdeveloper" は、クラス "org.eclipse.wildwebdeveloper.html.HTMLLanguageServer" をインスタンス化できませんでした。
!STACK 0
java.lang.reflect.InvocationTargetException
	at jdk.internal.reflect.GeneratedConstructorAccessor101.newInstance(Unknown Source)
	at java.base/jdk.internal.reflect.DelegatingConstructorAccessorImpl.newInstance(DelegatingConstructorAccessorImpl.java:45)
	at java.base/java.lang.reflect.Constructor.newInstanceWithCaller(Constructor.java:499)
	at java.base/java.lang.reflect.Constructor.newInstance(Constructor.java:480)
	at org.eclipse.core.internal.registry.osgi.RegistryStrategyOSGI.createExecutableExtension(RegistryStrategyOSGI.java:204)
	at org.eclipse.core.internal.registry.ExtensionRegistry.createExecutableExtension(ExtensionRegistry.java:920)
	at org.eclipse.core.internal.registry.ConfigurationElement.createExecutableExtension(ConfigurationElement.java:246)
	at org.eclipse.core.internal.registry.ConfigurationElementHandle.createExecutableExtension(ConfigurationElementHandle.java:63)
	at org.eclipse.lsp4e.LanguageServersRegistry$ExtensionLanguageServerDefinition.createConnectionProvider(LanguageServersRegistry.java:161)
	at org.eclipse.lsp4e.LanguageServerWrapper.lambda$0(LanguageServerWrapper.java:233)
	at java.base/java.util.concurrent.CompletableFuture$AsyncSupply.run(CompletableFuture.java:1768)
	at java.base/java.util.concurrent.CompletableFuture$AsyncSupply.exec(CompletableFuture.java:1760)
	at java.base/java.util.concurrent.ForkJoinTask.doExec(ForkJoinTask.java:373)
	at java.base/java.util.concurrent.ForkJoinPool$WorkQueue.topLevelExec(ForkJoinPool.java:1182)
	at java.base/java.util.concurrent.ForkJoinPool.scan(ForkJoinPool.java:1655)
	at java.base/java.util.concurrent.ForkJoinPool.runWorker(ForkJoinPool.java:1622)
	at java.base/java.util.concurrent.ForkJoinWorkerThread.run(ForkJoinWorkerThread.java:165)
Caused by: java.lang.NullPointerException: Cannot invoke "java.io.File.getAbsolutePath()" because the return value of "org.eclipse.wildwebdeveloper.embedder.node.NodeJSManager.getNodeJsLocation()" is null
	at org.eclipse.wildwebdeveloper.html.HTMLLanguageServer.<init>(HTMLLanguageServer.java:40)
	... 17 more
Root exception:
java.lang.NullPointerException: Cannot invoke "java.io.File.getAbsolutePath()" because the return value of "org.eclipse.wildwebdeveloper.embedder.node.NodeJSManager.getNodeJsLocation()" is null
	at org.eclipse.wildwebdeveloper.html.HTMLLanguageServer.<init>(HTMLLanguageServer.java:40)
	at jdk.internal.reflect.GeneratedConstructorAccessor101.newInstance(Unknown Source)
	at java.base/jdk.internal.reflect.DelegatingConstructorAccessorImpl.newInstance(DelegatingConstructorAccessorImpl.java:45)
	at java.base/java.lang.reflect.Constructor.newInstanceWithCaller(Constructor.java:499)
	at java.base/java.lang.reflect.Constructor.newInstance(Constructor.java:480)
	at org.eclipse.core.internal.registry.osgi.RegistryStrategyOSGI.createExecutableExtension(RegistryStrategyOSGI.java:204)
	at org.eclipse.core.internal.registry.ExtensionRegistry.createExecutableExtension(ExtensionRegistry.java:920)
	at org.eclipse.core.internal.registry.ConfigurationElement.createExecutableExtension(ConfigurationElement.java:246)
	at org.eclipse.core.internal.registry.ConfigurationElementHandle.createExecutableExtension(ConfigurationElementHandle.java:63)
	at org.eclipse.lsp4e.LanguageServersRegistry$ExtensionLanguageServerDefinition.createConnectionProvider(LanguageServersRegistry.java:161)
	at org.eclipse.lsp4e.LanguageServerWrapper.lambda$0(LanguageServerWrapper.java:233)
	at java.base/java.util.concurrent.CompletableFuture$AsyncSupply.run(CompletableFuture.java:1768)
	at java.base/java.util.concurrent.CompletableFuture$AsyncSupply.exec(CompletableFuture.java:1760)
	at java.base/java.util.concurrent.ForkJoinTask.doExec(ForkJoinTask.java:373)
	at java.base/java.util.concurrent.ForkJoinPool$WorkQueue.topLevelExec(ForkJoinPool.java:1182)
	at java.base/java.util.concurrent.ForkJoinPool.scan(ForkJoinPool.java:1655)
	at java.base/java.util.concurrent.ForkJoinPool.runWorker(ForkJoinPool.java:1622)
	at java.base/java.util.concurrent.ForkJoinWorkerThread.run(ForkJoinWorkerThread.java:165)

!ENTRY org.eclipse.lsp4e 4 0 2025-02-15 22:15:46.490
!MESSAGE Exception occurred while creating an instance of the stream connection provider
!STACK 0
java.lang.RuntimeException: Exception occurred while creating an instance of the stream connection provider
	at org.eclipse.lsp4e.LanguageServersRegistry$ExtensionLanguageServerDefinition.createConnectionProvider(LanguageServersRegistry.java:164)
	at org.eclipse.lsp4e.LanguageServerWrapper.lambda$0(LanguageServerWrapper.java:233)
	at java.base/java.util.concurrent.CompletableFuture$AsyncSupply.run(CompletableFuture.java:1768)
	at java.base/java.util.concurrent.CompletableFuture$AsyncSupply.exec(CompletableFuture.java:1760)
	at java.base/java.util.concurrent.ForkJoinTask.doExec(ForkJoinTask.java:373)
	at java.base/java.util.concurrent.ForkJoinPool$WorkQueue.topLevelExec(ForkJoinPool.java:1182)
	at java.base/java.util.concurrent.ForkJoinPool.scan(ForkJoinPool.java:1655)
	at java.base/java.util.concurrent.ForkJoinPool.runWorker(ForkJoinPool.java:1622)
	at java.base/java.util.concurrent.ForkJoinWorkerThread.run(ForkJoinWorkerThread.java:165)
Caused by: org.eclipse.core.runtime.CoreException: プラグイン "org.eclipse.wildwebdeveloper" は、クラス "org.eclipse.wildwebdeveloper.html.HTMLLanguageServer" をインスタンス化できませんでした。
	at org.eclipse.core.internal.registry.osgi.RegistryStrategyOSGI.throwException(RegistryStrategyOSGI.java:212)
	at org.eclipse.core.internal.registry.osgi.RegistryStrategyOSGI.createExecutableExtension(RegistryStrategyOSGI.java:206)
	at org.eclipse.core.internal.registry.ExtensionRegistry.createExecutableExtension(ExtensionRegistry.java:920)
	at org.eclipse.core.internal.registry.ConfigurationElement.createExecutableExtension(ConfigurationElement.java:246)
	at org.eclipse.core.internal.registry.ConfigurationElementHandle.createExecutableExtension(ConfigurationElementHandle.java:63)
	at org.eclipse.lsp4e.LanguageServersRegistry$ExtensionLanguageServerDefinition.createConnectionProvider(LanguageServersRegistry.java:161)
	... 8 more
Caused by: java.lang.reflect.InvocationTargetException
	at jdk.internal.reflect.GeneratedConstructorAccessor101.newInstance(Unknown Source)
	at java.base/jdk.internal.reflect.DelegatingConstructorAccessorImpl.newInstance(DelegatingConstructorAccessorImpl.java:45)
	at java.base/java.lang.reflect.Constructor.newInstanceWithCaller(Constructor.java:499)
	at java.base/java.lang.reflect.Constructor.newInstance(Constructor.java:480)
	at org.eclipse.core.internal.registry.osgi.RegistryStrategyOSGI.createExecutableExtension(RegistryStrategyOSGI.java:204)
	... 12 more
Caused by: java.lang.NullPointerException: Cannot invoke "java.io.File.getAbsolutePath()" because the return value of "org.eclipse.wildwebdeveloper.embedder.node.NodeJSManager.getNodeJsLocation()" is null
	at org.eclipse.wildwebdeveloper.html.HTMLLanguageServer.<init>(HTMLLanguageServer.java:40)
	... 17 more

!ENTRY org.eclipse.lsp4e 4 0 2025-02-15 22:15:46.492
!MESSAGE Cannot invoke "org.eclipse.lsp4e.server.StreamConnectionProvider.getInputStream()" because "this.lspStreamProvider" is null
!STACK 0
java.lang.NullPointerException: Cannot invoke "org.eclipse.lsp4e.server.StreamConnectionProvider.getInputStream()" because "this.lspStreamProvider" is null
	at org.eclipse.lsp4e.LanguageServerWrapper.lambda$1(LanguageServerWrapper.java:284)
	at java.base/java.util.concurrent.CompletableFuture$UniApply.tryFire(CompletableFuture.java:646)
	at java.base/java.util.concurrent.CompletableFuture.postComplete(CompletableFuture.java:510)
	at java.base/java.util.concurrent.CompletableFuture$AsyncSupply.run(CompletableFuture.java:1773)
	at java.base/java.util.concurrent.CompletableFuture$AsyncSupply.exec(CompletableFuture.java:1760)
	at java.base/java.util.concurrent.ForkJoinTask.doExec(ForkJoinTask.java:373)
	at java.base/java.util.concurrent.ForkJoinPool$WorkQueue.topLevelExec(ForkJoinPool.java:1182)
	at java.base/java.util.concurrent.ForkJoinPool.scan(ForkJoinPool.java:1655)
	at java.base/java.util.concurrent.ForkJoinPool.runWorker(ForkJoinPool.java:1622)
	at java.base/java.util.concurrent.ForkJoinWorkerThread.run(ForkJoinWorkerThread.java:165)

!ENTRY org.eclipse.lsp4e 4 0 2025-02-15 22:15:46.602
!MESSAGE プラグイン "org.eclipse.wildwebdeveloper" は、クラス "org.eclipse.wildwebdeveloper.angular.AngularLanguageServer" をインスタンス化できませんでした。
!STACK 1
org.eclipse.core.runtime.CoreException: プラグイン "org.eclipse.wildwebdeveloper" は、クラス "org.eclipse.wildwebdeveloper.angular.AngularLanguageServer" をインスタンス化できませんでした。
	at org.eclipse.core.internal.registry.osgi.RegistryStrategyOSGI.throwException(RegistryStrategyOSGI.java:212)
	at org.eclipse.core.internal.registry.osgi.RegistryStrategyOSGI.createExecutableExtension(RegistryStrategyOSGI.java:206)
	at org.eclipse.core.internal.registry.ExtensionRegistry.createExecutableExtension(ExtensionRegistry.java:920)
	at org.eclipse.core.internal.registry.ConfigurationElement.createExecutableExtension(ConfigurationElement.java:246)
	at org.eclipse.core.internal.registry.ConfigurationElementHandle.createExecutableExtension(ConfigurationElementHandle.java:63)
	at org.eclipse.lsp4e.LanguageServersRegistry$ExtensionLanguageServerDefinition.createConnectionProvider(LanguageServersRegistry.java:161)
	at org.eclipse.lsp4e.LanguageServerWrapper.lambda$0(LanguageServerWrapper.java:233)
	at java.base/java.util.concurrent.CompletableFuture$AsyncSupply.run(CompletableFuture.java:1768)
	at java.base/java.util.concurrent.CompletableFuture$AsyncSupply.exec(CompletableFuture.java:1760)
	at java.base/java.util.concurrent.ForkJoinTask.doExec(ForkJoinTask.java:373)
	at java.base/java.util.concurrent.ForkJoinPool$WorkQueue.topLevelExec(ForkJoinPool.java:1182)
	at java.base/java.util.concurrent.ForkJoinPool.scan(ForkJoinPool.java:1655)
	at java.base/java.util.concurrent.ForkJoinPool.runWorker(ForkJoinPool.java:1622)
	at java.base/java.util.concurrent.ForkJoinWorkerThread.run(ForkJoinWorkerThread.java:165)
Caused by: java.lang.reflect.InvocationTargetException
	at jdk.internal.reflect.GeneratedConstructorAccessor99.newInstance(Unknown Source)
	at java.base/jdk.internal.reflect.DelegatingConstructorAccessorImpl.newInstance(DelegatingConstructorAccessorImpl.java:45)
	at java.base/java.lang.reflect.Constructor.newInstanceWithCaller(Constructor.java:499)
	at java.base/java.lang.reflect.Constructor.newInstance(Constructor.java:480)
	at org.eclipse.core.internal.registry.osgi.RegistryStrategyOSGI.createExecutableExtension(RegistryStrategyOSGI.java:204)
	... 12 more
Caused by: java.lang.NullPointerException: Cannot invoke "java.io.File.getAbsolutePath()" because the return value of "org.eclipse.wildwebdeveloper.embedder.node.NodeJSManager.getNodeJsLocation()" is null
	at org.eclipse.wildwebdeveloper.angular.AngularLanguageServer.<init>(AngularLanguageServer.java:43)
	... 17 more
!SUBENTRY 1 org.eclipse.equinox.registry 4 1 2025-02-15 22:15:46.602
!MESSAGE プラグイン "org.eclipse.wildwebdeveloper" は、クラス "org.eclipse.wildwebdeveloper.angular.AngularLanguageServer" をインスタンス化できませんでした。
!STACK 0
java.lang.reflect.InvocationTargetException
	at jdk.internal.reflect.GeneratedConstructorAccessor99.newInstance(Unknown Source)
	at java.base/jdk.internal.reflect.DelegatingConstructorAccessorImpl.newInstance(DelegatingConstructorAccessorImpl.java:45)
	at java.base/java.lang.reflect.Constructor.newInstanceWithCaller(Constructor.java:499)
	at java.base/java.lang.reflect.Constructor.newInstance(Constructor.java:480)
	at org.eclipse.core.internal.registry.osgi.RegistryStrategyOSGI.createExecutableExtension(RegistryStrategyOSGI.java:204)
	at org.eclipse.core.internal.registry.ExtensionRegistry.createExecutableExtension(ExtensionRegistry.java:920)
	at org.eclipse.core.internal.registry.ConfigurationElement.createExecutableExtension(ConfigurationElement.java:246)
	at org.eclipse.core.internal.registry.ConfigurationElementHandle.createExecutableExtension(ConfigurationElementHandle.java:63)
	at org.eclipse.lsp4e.LanguageServersRegistry$ExtensionLanguageServerDefinition.createConnectionProvider(LanguageServersRegistry.java:161)
	at org.eclipse.lsp4e.LanguageServerWrapper.lambda$0(LanguageServerWrapper.java:233)
	at java.base/java.util.concurrent.CompletableFuture$AsyncSupply.run(CompletableFuture.java:1768)
	at java.base/java.util.concurrent.CompletableFuture$AsyncSupply.exec(CompletableFuture.java:1760)
	at java.base/java.util.concurrent.ForkJoinTask.doExec(ForkJoinTask.java:373)
	at java.base/java.util.concurrent.ForkJoinPool$WorkQueue.topLevelExec(ForkJoinPool.java:1182)
	at java.base/java.util.concurrent.ForkJoinPool.scan(ForkJoinPool.java:1655)
	at java.base/java.util.concurrent.ForkJoinPool.runWorker(ForkJoinPool.java:1622)
	at java.base/java.util.concurrent.ForkJoinWorkerThread.run(ForkJoinWorkerThread.java:165)
Caused by: java.lang.NullPointerException: Cannot invoke "java.io.File.getAbsolutePath()" because the return value of "org.eclipse.wildwebdeveloper.embedder.node.NodeJSManager.getNodeJsLocation()" is null
	at org.eclipse.wildwebdeveloper.angular.AngularLanguageServer.<init>(AngularLanguageServer.java:43)
	... 17 more
Root exception:
java.lang.NullPointerException: Cannot invoke "java.io.File.getAbsolutePath()" because the return value of "org.eclipse.wildwebdeveloper.embedder.node.NodeJSManager.getNodeJsLocation()" is null
	at org.eclipse.wildwebdeveloper.angular.AngularLanguageServer.<init>(AngularLanguageServer.java:43)
	at jdk.internal.reflect.GeneratedConstructorAccessor99.newInstance(Unknown Source)
	at java.base/jdk.internal.reflect.DelegatingConstructorAccessorImpl.newInstance(DelegatingConstructorAccessorImpl.java:45)
	at java.base/java.lang.reflect.Constructor.newInstanceWithCaller(Constructor.java:499)
	at java.base/java.lang.reflect.Constructor.newInstance(Constructor.java:480)
	at org.eclipse.core.internal.registry.osgi.RegistryStrategyOSGI.createExecutableExtension(RegistryStrategyOSGI.java:204)
	at org.eclipse.core.internal.registry.ExtensionRegistry.createExecutableExtension(ExtensionRegistry.java:920)
	at org.eclipse.core.internal.registry.ConfigurationElement.createExecutableExtension(ConfigurationElement.java:246)
	at org.eclipse.core.internal.registry.ConfigurationElementHandle.createExecutableExtension(ConfigurationElementHandle.java:63)
	at org.eclipse.lsp4e.LanguageServersRegistry$ExtensionLanguageServerDefinition.createConnectionProvider(LanguageServersRegistry.java:161)
	at org.eclipse.lsp4e.LanguageServerWrapper.lambda$0(LanguageServerWrapper.java:233)
	at java.base/java.util.concurrent.CompletableFuture$AsyncSupply.run(CompletableFuture.java:1768)
	at java.base/java.util.concurrent.CompletableFuture$AsyncSupply.exec(CompletableFuture.java:1760)
	at java.base/java.util.concurrent.ForkJoinTask.doExec(ForkJoinTask.java:373)
	at java.base/java.util.concurrent.ForkJoinPool$WorkQueue.topLevelExec(ForkJoinPool.java:1182)
	at java.base/java.util.concurrent.ForkJoinPool.scan(ForkJoinPool.java:1655)
	at java.base/java.util.concurrent.ForkJoinPool.runWorker(ForkJoinPool.java:1622)
	at java.base/java.util.concurrent.ForkJoinWorkerThread.run(ForkJoinWorkerThread.java:165)

!ENTRY org.eclipse.lsp4e 4 0 2025-02-15 22:15:46.603
!MESSAGE Exception occurred while creating an instance of the stream connection provider
!STACK 0
java.lang.RuntimeException: Exception occurred while creating an instance of the stream connection provider
	at org.eclipse.lsp4e.LanguageServersRegistry$ExtensionLanguageServerDefinition.createConnectionProvider(LanguageServersRegistry.java:164)
	at org.eclipse.lsp4e.LanguageServerWrapper.lambda$0(LanguageServerWrapper.java:233)
	at java.base/java.util.concurrent.CompletableFuture$AsyncSupply.run(CompletableFuture.java:1768)
	at java.base/java.util.concurrent.CompletableFuture$AsyncSupply.exec(CompletableFuture.java:1760)
	at java.base/java.util.concurrent.ForkJoinTask.doExec(ForkJoinTask.java:373)
	at java.base/java.util.concurrent.ForkJoinPool$WorkQueue.topLevelExec(ForkJoinPool.java:1182)
	at java.base/java.util.concurrent.ForkJoinPool.scan(ForkJoinPool.java:1655)
	at java.base/java.util.concurrent.ForkJoinPool.runWorker(ForkJoinPool.java:1622)
	at java.base/java.util.concurrent.ForkJoinWorkerThread.run(ForkJoinWorkerThread.java:165)
Caused by: org.eclipse.core.runtime.CoreException: プラグイン "org.eclipse.wildwebdeveloper" は、クラス "org.eclipse.wildwebdeveloper.angular.AngularLanguageServer" をインスタンス化できませんでした。
	at org.eclipse.core.internal.registry.osgi.RegistryStrategyOSGI.throwException(RegistryStrategyOSGI.java:212)
	at org.eclipse.core.internal.registry.osgi.RegistryStrategyOSGI.createExecutableExtension(RegistryStrategyOSGI.java:206)
	at org.eclipse.core.internal.registry.ExtensionRegistry.createExecutableExtension(ExtensionRegistry.java:920)
	at org.eclipse.core.internal.registry.ConfigurationElement.createExecutableExtension(ConfigurationElement.java:246)
	at org.eclipse.core.internal.registry.ConfigurationElementHandle.createExecutableExtension(ConfigurationElementHandle.java:63)
	at org.eclipse.lsp4e.LanguageServersRegistry$ExtensionLanguageServerDefinition.createConnectionProvider(LanguageServersRegistry.java:161)
	... 8 more
Caused by: java.lang.reflect.InvocationTargetException
	at jdk.internal.reflect.GeneratedConstructorAccessor99.newInstance(Unknown Source)
	at java.base/jdk.internal.reflect.DelegatingConstructorAccessorImpl.newInstance(DelegatingConstructorAccessorImpl.java:45)
	at java.base/java.lang.reflect.Constructor.newInstanceWithCaller(Constructor.java:499)
	at java.base/java.lang.reflect.Constructor.newInstance(Constructor.java:480)
	at org.eclipse.core.internal.registry.osgi.RegistryStrategyOSGI.createExecutableExtension(RegistryStrategyOSGI.java:204)
	... 12 more
Caused by: java.lang.NullPointerException: Cannot invoke "java.io.File.getAbsolutePath()" because the return value of "org.eclipse.wildwebdeveloper.embedder.node.NodeJSManager.getNodeJsLocation()" is null
	at org.eclipse.wildwebdeveloper.angular.AngularLanguageServer.<init>(AngularLanguageServer.java:43)
	... 17 more

!ENTRY org.eclipse.lsp4e 4 0 2025-02-15 22:15:46.604
!MESSAGE Cannot invoke "org.eclipse.lsp4e.server.StreamConnectionProvider.getInputStream()" because "this.lspStreamProvider" is null
!STACK 0
java.lang.NullPointerException: Cannot invoke "org.eclipse.lsp4e.server.StreamConnectionProvider.getInputStream()" because "this.lspStreamProvider" is null
	at org.eclipse.lsp4e.LanguageServerWrapper.lambda$1(LanguageServerWrapper.java:284)
	at java.base/java.util.concurrent.CompletableFuture$UniApply.tryFire(CompletableFuture.java:646)
	at java.base/java.util.concurrent.CompletableFuture.postComplete(CompletableFuture.java:510)
	at java.base/java.util.concurrent.CompletableFuture$AsyncSupply.run(CompletableFuture.java:1773)
	at java.base/java.util.concurrent.CompletableFuture$AsyncSupply.exec(CompletableFuture.java:1760)
	at java.base/java.util.concurrent.ForkJoinTask.doExec(ForkJoinTask.java:373)
	at java.base/java.util.concurrent.ForkJoinPool$WorkQueue.topLevelExec(ForkJoinPool.java:1182)
	at java.base/java.util.concurrent.ForkJoinPool.scan(ForkJoinPool.java:1655)
	at java.base/java.util.concurrent.ForkJoinPool.runWorker(ForkJoinPool.java:1622)
	at java.base/java.util.concurrent.ForkJoinWorkerThread.run(ForkJoinWorkerThread.java:165)

!ENTRY org.eclipse.lsp4e 4 0 2025-02-15 22:16:13.994
!MESSAGE プラグイン "org.eclipse.wildwebdeveloper" は、クラス "org.eclipse.wildwebdeveloper.angular.AngularLanguageServer" をインスタンス化できませんでした。
!STACK 1
org.eclipse.core.runtime.CoreException: プラグイン "org.eclipse.wildwebdeveloper" は、クラス "org.eclipse.wildwebdeveloper.angular.AngularLanguageServer" をインスタンス化できませんでした。
	at org.eclipse.core.internal.registry.osgi.RegistryStrategyOSGI.throwException(RegistryStrategyOSGI.java:212)
	at org.eclipse.core.internal.registry.osgi.RegistryStrategyOSGI.createExecutableExtension(RegistryStrategyOSGI.java:206)
	at org.eclipse.core.internal.registry.ExtensionRegistry.createExecutableExtension(ExtensionRegistry.java:920)
	at org.eclipse.core.internal.registry.ConfigurationElement.createExecutableExtension(ConfigurationElement.java:246)
	at org.eclipse.core.internal.registry.ConfigurationElementHandle.createExecutableExtension(ConfigurationElementHandle.java:63)
	at org.eclipse.lsp4e.LanguageServersRegistry$ExtensionLanguageServerDefinition.createConnectionProvider(LanguageServersRegistry.java:161)
	at org.eclipse.lsp4e.LanguageServerWrapper.lambda$0(LanguageServerWrapper.java:233)
	at java.base/java.util.concurrent.CompletableFuture$AsyncSupply.run(CompletableFuture.java:1768)
	at java.base/java.util.concurrent.CompletableFuture$AsyncSupply.exec(CompletableFuture.java:1760)
	at java.base/java.util.concurrent.ForkJoinTask.doExec(ForkJoinTask.java:373)
	at java.base/java.util.concurrent.ForkJoinPool$WorkQueue.topLevelExec(ForkJoinPool.java:1182)
	at java.base/java.util.concurrent.ForkJoinPool.scan(ForkJoinPool.java:1655)
	at java.base/java.util.concurrent.ForkJoinPool.runWorker(ForkJoinPool.java:1622)
	at java.base/java.util.concurrent.ForkJoinWorkerThread.run(ForkJoinWorkerThread.java:165)
Caused by: java.lang.reflect.InvocationTargetException
	at jdk.internal.reflect.GeneratedConstructorAccessor99.newInstance(Unknown Source)
	at java.base/jdk.internal.reflect.DelegatingConstructorAccessorImpl.newInstance(DelegatingConstructorAccessorImpl.java:45)
	at java.base/java.lang.reflect.Constructor.newInstanceWithCaller(Constructor.java:499)
	at java.base/java.lang.reflect.Constructor.newInstance(Constructor.java:480)
	at org.eclipse.core.internal.registry.osgi.RegistryStrategyOSGI.createExecutableExtension(RegistryStrategyOSGI.java:204)
	... 12 more
Caused by: java.lang.NullPointerException: Cannot invoke "java.io.File.getAbsolutePath()" because the return value of "org.eclipse.wildwebdeveloper.embedder.node.NodeJSManager.getNodeJsLocation()" is null
	at org.eclipse.wildwebdeveloper.angular.AngularLanguageServer.<init>(AngularLanguageServer.java:43)
	... 17 more
!SUBENTRY 1 org.eclipse.equinox.registry 4 1 2025-02-15 22:16:13.994
!MESSAGE プラグイン "org.eclipse.wildwebdeveloper" は、クラス "org.eclipse.wildwebdeveloper.angular.AngularLanguageServer" をインスタンス化できませんでした。
!STACK 0
java.lang.reflect.InvocationTargetException
	at jdk.internal.reflect.GeneratedConstructorAccessor99.newInstance(Unknown Source)
	at java.base/jdk.internal.reflect.DelegatingConstructorAccessorImpl.newInstance(DelegatingConstructorAccessorImpl.java:45)
	at java.base/java.lang.reflect.Constructor.newInstanceWithCaller(Constructor.java:499)
	at java.base/java.lang.reflect.Constructor.newInstance(Constructor.java:480)
	at org.eclipse.core.internal.registry.osgi.RegistryStrategyOSGI.createExecutableExtension(RegistryStrategyOSGI.java:204)
	at org.eclipse.core.internal.registry.ExtensionRegistry.createExecutableExtension(ExtensionRegistry.java:920)
	at org.eclipse.core.internal.registry.ConfigurationElement.createExecutableExtension(ConfigurationElement.java:246)
	at org.eclipse.core.internal.registry.ConfigurationElementHandle.createExecutableExtension(ConfigurationElementHandle.java:63)
	at org.eclipse.lsp4e.LanguageServersRegistry$ExtensionLanguageServerDefinition.createConnectionProvider(LanguageServersRegistry.java:161)
	at org.eclipse.lsp4e.LanguageServerWrapper.lambda$0(LanguageServerWrapper.java:233)
	at java.base/java.util.concurrent.CompletableFuture$AsyncSupply.run(CompletableFuture.java:1768)
	at java.base/java.util.concurrent.CompletableFuture$AsyncSupply.exec(CompletableFuture.java:1760)
	at java.base/java.util.concurrent.ForkJoinTask.doExec(ForkJoinTask.java:373)
	at java.base/java.util.concurrent.ForkJoinPool$WorkQueue.topLevelExec(ForkJoinPool.java:1182)
	at java.base/java.util.concurrent.ForkJoinPool.scan(ForkJoinPool.java:1655)
	at java.base/java.util.concurrent.ForkJoinPool.runWorker(ForkJoinPool.java:1622)
	at java.base/java.util.concurrent.ForkJoinWorkerThread.run(ForkJoinWorkerThread.java:165)
Caused by: java.lang.NullPointerException: Cannot invoke "java.io.File.getAbsolutePath()" because the return value of "org.eclipse.wildwebdeveloper.embedder.node.NodeJSManager.getNodeJsLocation()" is null
	at org.eclipse.wildwebdeveloper.angular.AngularLanguageServer.<init>(AngularLanguageServer.java:43)
	... 17 more
Root exception:
java.lang.NullPointerException: Cannot invoke "java.io.File.getAbsolutePath()" because the return value of "org.eclipse.wildwebdeveloper.embedder.node.NodeJSManager.getNodeJsLocation()" is null
	at org.eclipse.wildwebdeveloper.angular.AngularLanguageServer.<init>(AngularLanguageServer.java:43)
	at jdk.internal.reflect.GeneratedConstructorAccessor99.newInstance(Unknown Source)
	at java.base/jdk.internal.reflect.DelegatingConstructorAccessorImpl.newInstance(DelegatingConstructorAccessorImpl.java:45)
	at java.base/java.lang.reflect.Constructor.newInstanceWithCaller(Constructor.java:499)
	at java.base/java.lang.reflect.Constructor.newInstance(Constructor.java:480)
	at org.eclipse.core.internal.registry.osgi.RegistryStrategyOSGI.createExecutableExtension(RegistryStrategyOSGI.java:204)
	at org.eclipse.core.internal.registry.ExtensionRegistry.createExecutableExtension(ExtensionRegistry.java:920)
	at org.eclipse.core.internal.registry.ConfigurationElement.createExecutableExtension(ConfigurationElement.java:246)
	at org.eclipse.core.internal.registry.ConfigurationElementHandle.createExecutableExtension(ConfigurationElementHandle.java:63)
	at org.eclipse.lsp4e.LanguageServersRegistry$ExtensionLanguageServerDefinition.createConnectionProvider(LanguageServersRegistry.java:161)
	at org.eclipse.lsp4e.LanguageServerWrapper.lambda$0(LanguageServerWrapper.java:233)
	at java.base/java.util.concurrent.CompletableFuture$AsyncSupply.run(CompletableFuture.java:1768)
	at java.base/java.util.concurrent.CompletableFuture$AsyncSupply.exec(CompletableFuture.java:1760)
	at java.base/java.util.concurrent.ForkJoinTask.doExec(ForkJoinTask.java:373)
	at java.base/java.util.concurrent.ForkJoinPool$WorkQueue.topLevelExec(ForkJoinPool.java:1182)
	at java.base/java.util.concurrent.ForkJoinPool.scan(ForkJoinPool.java:1655)
	at java.base/java.util.concurrent.ForkJoinPool.runWorker(ForkJoinPool.java:1622)
	at java.base/java.util.concurrent.ForkJoinWorkerThread.run(ForkJoinWorkerThread.java:165)

!ENTRY org.eclipse.lsp4e 4 0 2025-02-15 22:16:13.995
!MESSAGE Exception occurred while creating an instance of the stream connection provider
!STACK 0
java.lang.RuntimeException: Exception occurred while creating an instance of the stream connection provider
	at org.eclipse.lsp4e.LanguageServersRegistry$ExtensionLanguageServerDefinition.createConnectionProvider(LanguageServersRegistry.java:164)
	at org.eclipse.lsp4e.LanguageServerWrapper.lambda$0(LanguageServerWrapper.java:233)
	at java.base/java.util.concurrent.CompletableFuture$AsyncSupply.run(CompletableFuture.java:1768)
	at java.base/java.util.concurrent.CompletableFuture$AsyncSupply.exec(CompletableFuture.java:1760)
	at java.base/java.util.concurrent.ForkJoinTask.doExec(ForkJoinTask.java:373)
	at java.base/java.util.concurrent.ForkJoinPool$WorkQueue.topLevelExec(ForkJoinPool.java:1182)
	at java.base/java.util.concurrent.ForkJoinPool.scan(ForkJoinPool.java:1655)
	at java.base/java.util.concurrent.ForkJoinPool.runWorker(ForkJoinPool.java:1622)
	at java.base/java.util.concurrent.ForkJoinWorkerThread.run(ForkJoinWorkerThread.java:165)
Caused by: org.eclipse.core.runtime.CoreException: プラグイン "org.eclipse.wildwebdeveloper" は、クラス "org.eclipse.wildwebdeveloper.angular.AngularLanguageServer" をインスタンス化できませんでした。
	at org.eclipse.core.internal.registry.osgi.RegistryStrategyOSGI.throwException(RegistryStrategyOSGI.java:212)
	at org.eclipse.core.internal.registry.osgi.RegistryStrategyOSGI.createExecutableExtension(RegistryStrategyOSGI.java:206)
	at org.eclipse.core.internal.registry.ExtensionRegistry.createExecutableExtension(ExtensionRegistry.java:920)
	at org.eclipse.core.internal.registry.ConfigurationElement.createExecutableExtension(ConfigurationElement.java:246)
	at org.eclipse.core.internal.registry.ConfigurationElementHandle.createExecutableExtension(ConfigurationElementHandle.java:63)
	at org.eclipse.lsp4e.LanguageServersRegistry$ExtensionLanguageServerDefinition.createConnectionProvider(LanguageServersRegistry.java:161)
	... 8 more
Caused by: java.lang.reflect.InvocationTargetException
	at jdk.internal.reflect.GeneratedConstructorAccessor99.newInstance(Unknown Source)
	at java.base/jdk.internal.reflect.DelegatingConstructorAccessorImpl.newInstance(DelegatingConstructorAccessorImpl.java:45)
	at java.base/java.lang.reflect.Constructor.newInstanceWithCaller(Constructor.java:499)
	at java.base/java.lang.reflect.Constructor.newInstance(Constructor.java:480)
	at org.eclipse.core.internal.registry.osgi.RegistryStrategyOSGI.createExecutableExtension(RegistryStrategyOSGI.java:204)
	... 12 more
Caused by: java.lang.NullPointerException: Cannot invoke "java.io.File.getAbsolutePath()" because the return value of "org.eclipse.wildwebdeveloper.embedder.node.NodeJSManager.getNodeJsLocation()" is null
	at org.eclipse.wildwebdeveloper.angular.AngularLanguageServer.<init>(AngularLanguageServer.java:43)
	... 17 more

!ENTRY org.eclipse.lsp4e 4 0 2025-02-15 22:16:13.996
!MESSAGE Cannot invoke "org.eclipse.lsp4e.server.StreamConnectionProvider.getInputStream()" because "this.lspStreamProvider" is null
!STACK 0
java.lang.NullPointerException: Cannot invoke "org.eclipse.lsp4e.server.StreamConnectionProvider.getInputStream()" because "this.lspStreamProvider" is null
	at org.eclipse.lsp4e.LanguageServerWrapper.lambda$1(LanguageServerWrapper.java:284)
	at java.base/java.util.concurrent.CompletableFuture$UniApply.tryFire(CompletableFuture.java:646)
	at java.base/java.util.concurrent.CompletableFuture.postComplete(CompletableFuture.java:510)
	at java.base/java.util.concurrent.CompletableFuture$AsyncSupply.run(CompletableFuture.java:1773)
	at java.base/java.util.concurrent.CompletableFuture$AsyncSupply.exec(CompletableFuture.java:1760)
	at java.base/java.util.concurrent.ForkJoinTask.doExec(ForkJoinTask.java:373)
	at java.base/java.util.concurrent.ForkJoinPool$WorkQueue.topLevelExec(ForkJoinPool.java:1182)
	at java.base/java.util.concurrent.ForkJoinPool.scan(ForkJoinPool.java:1655)
	at java.base/java.util.concurrent.ForkJoinPool.runWorker(ForkJoinPool.java:1622)
	at java.base/java.util.concurrent.ForkJoinWorkerThread.run(ForkJoinWorkerThread.java:165)

!ENTRY org.eclipse.lsp4e 4 0 2025-02-15 22:16:14.002
!MESSAGE プラグイン "org.eclipse.wildwebdeveloper" は、クラス "org.eclipse.wildwebdeveloper.html.HTMLLanguageServer" をインスタンス化できませんでした。
!STACK 1
org.eclipse.core.runtime.CoreException: プラグイン "org.eclipse.wildwebdeveloper" は、クラス "org.eclipse.wildwebdeveloper.html.HTMLLanguageServer" をインスタンス化できませんでした。
	at org.eclipse.core.internal.registry.osgi.RegistryStrategyOSGI.throwException(RegistryStrategyOSGI.java:212)
	at org.eclipse.core.internal.registry.osgi.RegistryStrategyOSGI.createExecutableExtension(RegistryStrategyOSGI.java:206)
	at org.eclipse.core.internal.registry.ExtensionRegistry.createExecutableExtension(ExtensionRegistry.java:920)
	at org.eclipse.core.internal.registry.ConfigurationElement.createExecutableExtension(ConfigurationElement.java:246)
	at org.eclipse.core.internal.registry.ConfigurationElementHandle.createExecutableExtension(ConfigurationElementHandle.java:63)
	at org.eclipse.lsp4e.LanguageServersRegistry$ExtensionLanguageServerDefinition.createConnectionProvider(LanguageServersRegistry.java:161)
	at org.eclipse.lsp4e.LanguageServerWrapper.lambda$0(LanguageServerWrapper.java:233)
	at java.base/java.util.concurrent.CompletableFuture$AsyncSupply.run(CompletableFuture.java:1768)
	at java.base/java.util.concurrent.CompletableFuture$AsyncSupply.exec(CompletableFuture.java:1760)
	at java.base/java.util.concurrent.ForkJoinTask.doExec(ForkJoinTask.java:373)
	at java.base/java.util.concurrent.ForkJoinPool$WorkQueue.topLevelExec(ForkJoinPool.java:1182)
	at java.base/java.util.concurrent.ForkJoinPool.scan(ForkJoinPool.java:1655)
	at java.base/java.util.concurrent.ForkJoinPool.runWorker(ForkJoinPool.java:1622)
	at java.base/java.util.concurrent.ForkJoinWorkerThread.run(ForkJoinWorkerThread.java:165)
Caused by: java.lang.reflect.InvocationTargetException
	at jdk.internal.reflect.GeneratedConstructorAccessor101.newInstance(Unknown Source)
	at java.base/jdk.internal.reflect.DelegatingConstructorAccessorImpl.newInstance(DelegatingConstructorAccessorImpl.java:45)
	at java.base/java.lang.reflect.Constructor.newInstanceWithCaller(Constructor.java:499)
	at java.base/java.lang.reflect.Constructor.newInstance(Constructor.java:480)
	at org.eclipse.core.internal.registry.osgi.RegistryStrategyOSGI.createExecutableExtension(RegistryStrategyOSGI.java:204)
	... 12 more
Caused by: java.lang.NullPointerException: Cannot invoke "java.io.File.getAbsolutePath()" because the return value of "org.eclipse.wildwebdeveloper.embedder.node.NodeJSManager.getNodeJsLocation()" is null
	at org.eclipse.wildwebdeveloper.html.HTMLLanguageServer.<init>(HTMLLanguageServer.java:40)
	... 17 more
!SUBENTRY 1 org.eclipse.equinox.registry 4 1 2025-02-15 22:16:14.002
!MESSAGE プラグイン "org.eclipse.wildwebdeveloper" は、クラス "org.eclipse.wildwebdeveloper.html.HTMLLanguageServer" をインスタンス化できませんでした。
!STACK 0
java.lang.reflect.InvocationTargetException
	at jdk.internal.reflect.GeneratedConstructorAccessor101.newInstance(Unknown Source)
	at java.base/jdk.internal.reflect.DelegatingConstructorAccessorImpl.newInstance(DelegatingConstructorAccessorImpl.java:45)
	at java.base/java.lang.reflect.Constructor.newInstanceWithCaller(Constructor.java:499)
	at java.base/java.lang.reflect.Constructor.newInstance(Constructor.java:480)
	at org.eclipse.core.internal.registry.osgi.RegistryStrategyOSGI.createExecutableExtension(RegistryStrategyOSGI.java:204)
	at org.eclipse.core.internal.registry.ExtensionRegistry.createExecutableExtension(ExtensionRegistry.java:920)
	at org.eclipse.core.internal.registry.ConfigurationElement.createExecutableExtension(ConfigurationElement.java:246)
	at org.eclipse.core.internal.registry.ConfigurationElementHandle.createExecutableExtension(ConfigurationElementHandle.java:63)
	at org.eclipse.lsp4e.LanguageServersRegistry$ExtensionLanguageServerDefinition.createConnectionProvider(LanguageServersRegistry.java:161)
	at org.eclipse.lsp4e.LanguageServerWrapper.lambda$0(LanguageServerWrapper.java:233)
	at java.base/java.util.concurrent.CompletableFuture$AsyncSupply.run(CompletableFuture.java:1768)
	at java.base/java.util.concurrent.CompletableFuture$AsyncSupply.exec(CompletableFuture.java:1760)
	at java.base/java.util.concurrent.ForkJoinTask.doExec(ForkJoinTask.java:373)
	at java.base/java.util.concurrent.ForkJoinPool$WorkQueue.topLevelExec(ForkJoinPool.java:1182)
	at java.base/java.util.concurrent.ForkJoinPool.scan(ForkJoinPool.java:1655)
	at java.base/java.util.concurrent.ForkJoinPool.runWorker(ForkJoinPool.java:1622)
	at java.base/java.util.concurrent.ForkJoinWorkerThread.run(ForkJoinWorkerThread.java:165)
Caused by: java.lang.NullPointerException: Cannot invoke "java.io.File.getAbsolutePath()" because the return value of "org.eclipse.wildwebdeveloper.embedder.node.NodeJSManager.getNodeJsLocation()" is null
	at org.eclipse.wildwebdeveloper.html.HTMLLanguageServer.<init>(HTMLLanguageServer.java:40)
	... 17 more
Root exception:
java.lang.NullPointerException: Cannot invoke "java.io.File.getAbsolutePath()" because the return value of "org.eclipse.wildwebdeveloper.embedder.node.NodeJSManager.getNodeJsLocation()" is null
	at org.eclipse.wildwebdeveloper.html.HTMLLanguageServer.<init>(HTMLLanguageServer.java:40)
	at jdk.internal.reflect.GeneratedConstructorAccessor101.newInstance(Unknown Source)
	at java.base/jdk.internal.reflect.DelegatingConstructorAccessorImpl.newInstance(DelegatingConstructorAccessorImpl.java:45)
	at java.base/java.lang.reflect.Constructor.newInstanceWithCaller(Constructor.java:499)
	at java.base/java.lang.reflect.Constructor.newInstance(Constructor.java:480)
	at org.eclipse.core.internal.registry.osgi.RegistryStrategyOSGI.createExecutableExtension(RegistryStrategyOSGI.java:204)
	at org.eclipse.core.internal.registry.ExtensionRegistry.createExecutableExtension(ExtensionRegistry.java:920)
	at org.eclipse.core.internal.registry.ConfigurationElement.createExecutableExtension(ConfigurationElement.java:246)
	at org.eclipse.core.internal.registry.ConfigurationElementHandle.createExecutableExtension(ConfigurationElementHandle.java:63)
	at org.eclipse.lsp4e.LanguageServersRegistry$ExtensionLanguageServerDefinition.createConnectionProvider(LanguageServersRegistry.java:161)
	at org.eclipse.lsp4e.LanguageServerWrapper.lambda$0(LanguageServerWrapper.java:233)
	at java.base/java.util.concurrent.CompletableFuture$AsyncSupply.run(CompletableFuture.java:1768)
	at java.base/java.util.concurrent.CompletableFuture$AsyncSupply.exec(CompletableFuture.java:1760)
	at java.base/java.util.concurrent.ForkJoinTask.doExec(ForkJoinTask.java:373)
	at java.base/java.util.concurrent.ForkJoinPool$WorkQueue.topLevelExec(ForkJoinPool.java:1182)
	at java.base/java.util.concurrent.ForkJoinPool.scan(ForkJoinPool.java:1655)
	at java.base/java.util.concurrent.ForkJoinPool.runWorker(ForkJoinPool.java:1622)
	at java.base/java.util.concurrent.ForkJoinWorkerThread.run(ForkJoinWorkerThread.java:165)

!ENTRY org.eclipse.lsp4e 4 0 2025-02-15 22:16:14.003
!MESSAGE Exception occurred while creating an instance of the stream connection provider
!STACK 0
java.lang.RuntimeException: Exception occurred while creating an instance of the stream connection provider
	at org.eclipse.lsp4e.LanguageServersRegistry$ExtensionLanguageServerDefinition.createConnectionProvider(LanguageServersRegistry.java:164)
	at org.eclipse.lsp4e.LanguageServerWrapper.lambda$0(LanguageServerWrapper.java:233)
	at java.base/java.util.concurrent.CompletableFuture$AsyncSupply.run(CompletableFuture.java:1768)
	at java.base/java.util.concurrent.CompletableFuture$AsyncSupply.exec(CompletableFuture.java:1760)
	at java.base/java.util.concurrent.ForkJoinTask.doExec(ForkJoinTask.java:373)
	at java.base/java.util.concurrent.ForkJoinPool$WorkQueue.topLevelExec(ForkJoinPool.java:1182)
	at java.base/java.util.concurrent.ForkJoinPool.scan(ForkJoinPool.java:1655)
	at java.base/java.util.concurrent.ForkJoinPool.runWorker(ForkJoinPool.java:1622)
	at java.base/java.util.concurrent.ForkJoinWorkerThread.run(ForkJoinWorkerThread.java:165)
Caused by: org.eclipse.core.runtime.CoreException: プラグイン "org.eclipse.wildwebdeveloper" は、クラス "org.eclipse.wildwebdeveloper.html.HTMLLanguageServer" をインスタンス化できませんでした。
	at org.eclipse.core.internal.registry.osgi.RegistryStrategyOSGI.throwException(RegistryStrategyOSGI.java:212)
	at org.eclipse.core.internal.registry.osgi.RegistryStrategyOSGI.createExecutableExtension(RegistryStrategyOSGI.java:206)
	at org.eclipse.core.internal.registry.ExtensionRegistry.createExecutableExtension(ExtensionRegistry.java:920)
	at org.eclipse.core.internal.registry.ConfigurationElement.createExecutableExtension(ConfigurationElement.java:246)
	at org.eclipse.core.internal.registry.ConfigurationElementHandle.createExecutableExtension(ConfigurationElementHandle.java:63)
	at org.eclipse.lsp4e.LanguageServersRegistry$ExtensionLanguageServerDefinition.createConnectionProvider(LanguageServersRegistry.java:161)
	... 8 more
Caused by: java.lang.reflect.InvocationTargetException
	at jdk.internal.reflect.GeneratedConstructorAccessor101.newInstance(Unknown Source)
	at java.base/jdk.internal.reflect.DelegatingConstructorAccessorImpl.newInstance(DelegatingConstructorAccessorImpl.java:45)
	at java.base/java.lang.reflect.Constructor.newInstanceWithCaller(Constructor.java:499)
	at java.base/java.lang.reflect.Constructor.newInstance(Constructor.java:480)
	at org.eclipse.core.internal.registry.osgi.RegistryStrategyOSGI.createExecutableExtension(RegistryStrategyOSGI.java:204)
	... 12 more
Caused by: java.lang.NullPointerException: Cannot invoke "java.io.File.getAbsolutePath()" because the return value of "org.eclipse.wildwebdeveloper.embedder.node.NodeJSManager.getNodeJsLocation()" is null
	at org.eclipse.wildwebdeveloper.html.HTMLLanguageServer.<init>(HTMLLanguageServer.java:40)
	... 17 more

!ENTRY org.eclipse.lsp4e 4 0 2025-02-15 22:16:14.004
!MESSAGE Cannot invoke "org.eclipse.lsp4e.server.StreamConnectionProvider.getInputStream()" because "this.lspStreamProvider" is null
!STACK 0
java.lang.NullPointerException: Cannot invoke "org.eclipse.lsp4e.server.StreamConnectionProvider.getInputStream()" because "this.lspStreamProvider" is null
	at org.eclipse.lsp4e.LanguageServerWrapper.lambda$1(LanguageServerWrapper.java:284)
	at java.base/java.util.concurrent.CompletableFuture$UniApply.tryFire(CompletableFuture.java:646)
	at java.base/java.util.concurrent.CompletableFuture.postComplete(CompletableFuture.java:510)
	at java.base/java.util.concurrent.CompletableFuture$AsyncSupply.run(CompletableFuture.java:1773)
	at java.base/java.util.concurrent.CompletableFuture$AsyncSupply.exec(CompletableFuture.java:1760)
	at java.base/java.util.concurrent.ForkJoinTask.doExec(ForkJoinTask.java:373)
	at java.base/java.util.concurrent.ForkJoinPool$WorkQueue.topLevelExec(ForkJoinPool.java:1182)
	at java.base/java.util.concurrent.ForkJoinPool.scan(ForkJoinPool.java:1655)
	at java.base/java.util.concurrent.ForkJoinPool.runWorker(ForkJoinPool.java:1622)
	at java.base/java.util.concurrent.ForkJoinWorkerThread.run(ForkJoinWorkerThread.java:165)

!ENTRY org.eclipse.lsp4e 4 0 2025-02-15 22:16:14.112
!MESSAGE プラグイン "org.eclipse.wildwebdeveloper" は、クラス "org.eclipse.wildwebdeveloper.angular.AngularLanguageServer" をインスタンス化できませんでした。
!STACK 1
org.eclipse.core.runtime.CoreException: プラグイン "org.eclipse.wildwebdeveloper" は、クラス "org.eclipse.wildwebdeveloper.angular.AngularLanguageServer" をインスタンス化できませんでした。
	at org.eclipse.core.internal.registry.osgi.RegistryStrategyOSGI.throwException(RegistryStrategyOSGI.java:212)
	at org.eclipse.core.internal.registry.osgi.RegistryStrategyOSGI.createExecutableExtension(RegistryStrategyOSGI.java:206)
	at org.eclipse.core.internal.registry.ExtensionRegistry.createExecutableExtension(ExtensionRegistry.java:920)
	at org.eclipse.core.internal.registry.ConfigurationElement.createExecutableExtension(ConfigurationElement.java:246)
	at org.eclipse.core.internal.registry.ConfigurationElementHandle.createExecutableExtension(ConfigurationElementHandle.java:63)
	at org.eclipse.lsp4e.LanguageServersRegistry$ExtensionLanguageServerDefinition.createConnectionProvider(LanguageServersRegistry.java:161)
	at org.eclipse.lsp4e.LanguageServerWrapper.lambda$0(LanguageServerWrapper.java:233)
	at java.base/java.util.concurrent.CompletableFuture$AsyncSupply.run(CompletableFuture.java:1768)
	at java.base/java.util.concurrent.CompletableFuture$AsyncSupply.exec(CompletableFuture.java:1760)
	at java.base/java.util.concurrent.ForkJoinTask.doExec(ForkJoinTask.java:373)
	at java.base/java.util.concurrent.ForkJoinPool$WorkQueue.topLevelExec(ForkJoinPool.java:1182)
	at java.base/java.util.concurrent.ForkJoinPool.scan(ForkJoinPool.java:1655)
	at java.base/java.util.concurrent.ForkJoinPool.runWorker(ForkJoinPool.java:1622)
	at java.base/java.util.concurrent.ForkJoinWorkerThread.run(ForkJoinWorkerThread.java:165)
Caused by: java.lang.reflect.InvocationTargetException
	at jdk.internal.reflect.GeneratedConstructorAccessor99.newInstance(Unknown Source)
	at java.base/jdk.internal.reflect.DelegatingConstructorAccessorImpl.newInstance(DelegatingConstructorAccessorImpl.java:45)
	at java.base/java.lang.reflect.Constructor.newInstanceWithCaller(Constructor.java:499)
	at java.base/java.lang.reflect.Constructor.newInstance(Constructor.java:480)
	at org.eclipse.core.internal.registry.osgi.RegistryStrategyOSGI.createExecutableExtension(RegistryStrategyOSGI.java:204)
	... 12 more
Caused by: java.lang.NullPointerException: Cannot invoke "java.io.File.getAbsolutePath()" because the return value of "org.eclipse.wildwebdeveloper.embedder.node.NodeJSManager.getNodeJsLocation()" is null
	at org.eclipse.wildwebdeveloper.angular.AngularLanguageServer.<init>(AngularLanguageServer.java:43)
	... 17 more
!SUBENTRY 1 org.eclipse.equinox.registry 4 1 2025-02-15 22:16:14.112
!MESSAGE プラグイン "org.eclipse.wildwebdeveloper" は、クラス "org.eclipse.wildwebdeveloper.angular.AngularLanguageServer" をインスタンス化できませんでした。
!STACK 0
java.lang.reflect.InvocationTargetException
	at jdk.internal.reflect.GeneratedConstructorAccessor99.newInstance(Unknown Source)
	at java.base/jdk.internal.reflect.DelegatingConstructorAccessorImpl.newInstance(DelegatingConstructorAccessorImpl.java:45)
	at java.base/java.lang.reflect.Constructor.newInstanceWithCaller(Constructor.java:499)
	at java.base/java.lang.reflect.Constructor.newInstance(Constructor.java:480)
	at org.eclipse.core.internal.registry.osgi.RegistryStrategyOSGI.createExecutableExtension(RegistryStrategyOSGI.java:204)
	at org.eclipse.core.internal.registry.ExtensionRegistry.createExecutableExtension(ExtensionRegistry.java:920)
	at org.eclipse.core.internal.registry.ConfigurationElement.createExecutableExtension(ConfigurationElement.java:246)
	at org.eclipse.core.internal.registry.ConfigurationElementHandle.createExecutableExtension(ConfigurationElementHandle.java:63)
	at org.eclipse.lsp4e.LanguageServersRegistry$ExtensionLanguageServerDefinition.createConnectionProvider(LanguageServersRegistry.java:161)
	at org.eclipse.lsp4e.LanguageServerWrapper.lambda$0(LanguageServerWrapper.java:233)
	at java.base/java.util.concurrent.CompletableFuture$AsyncSupply.run(CompletableFuture.java:1768)
	at java.base/java.util.concurrent.CompletableFuture$AsyncSupply.exec(CompletableFuture.java:1760)
	at java.base/java.util.concurrent.ForkJoinTask.doExec(ForkJoinTask.java:373)
	at java.base/java.util.concurrent.ForkJoinPool$WorkQueue.topLevelExec(ForkJoinPool.java:1182)
	at java.base/java.util.concurrent.ForkJoinPool.scan(ForkJoinPool.java:1655)
	at java.base/java.util.concurrent.ForkJoinPool.runWorker(ForkJoinPool.java:1622)
	at java.base/java.util.concurrent.ForkJoinWorkerThread.run(ForkJoinWorkerThread.java:165)
Caused by: java.lang.NullPointerException: Cannot invoke "java.io.File.getAbsolutePath()" because the return value of "org.eclipse.wildwebdeveloper.embedder.node.NodeJSManager.getNodeJsLocation()" is null
	at org.eclipse.wildwebdeveloper.angular.AngularLanguageServer.<init>(AngularLanguageServer.java:43)
	... 17 more
Root exception:
java.lang.NullPointerException: Cannot invoke "java.io.File.getAbsolutePath()" because the return value of "org.eclipse.wildwebdeveloper.embedder.node.NodeJSManager.getNodeJsLocation()" is null
	at org.eclipse.wildwebdeveloper.angular.AngularLanguageServer.<init>(AngularLanguageServer.java:43)
	at jdk.internal.reflect.GeneratedConstructorAccessor99.newInstance(Unknown Source)
	at java.base/jdk.internal.reflect.DelegatingConstructorAccessorImpl.newInstance(DelegatingConstructorAccessorImpl.java:45)
	at java.base/java.lang.reflect.Constructor.newInstanceWithCaller(Constructor.java:499)
	at java.base/java.lang.reflect.Constructor.newInstance(Constructor.java:480)
	at org.eclipse.core.internal.registry.osgi.RegistryStrategyOSGI.createExecutableExtension(RegistryStrategyOSGI.java:204)
	at org.eclipse.core.internal.registry.ExtensionRegistry.createExecutableExtension(ExtensionRegistry.java:920)
	at org.eclipse.core.internal.registry.ConfigurationElement.createExecutableExtension(ConfigurationElement.java:246)
	at org.eclipse.core.internal.registry.ConfigurationElementHandle.createExecutableExtension(ConfigurationElementHandle.java:63)
	at org.eclipse.lsp4e.LanguageServersRegistry$ExtensionLanguageServerDefinition.createConnectionProvider(LanguageServersRegistry.java:161)
	at org.eclipse.lsp4e.LanguageServerWrapper.lambda$0(LanguageServerWrapper.java:233)
	at java.base/java.util.concurrent.CompletableFuture$AsyncSupply.run(CompletableFuture.java:1768)
	at java.base/java.util.concurrent.CompletableFuture$AsyncSupply.exec(CompletableFuture.java:1760)
	at java.base/java.util.concurrent.ForkJoinTask.doExec(ForkJoinTask.java:373)
	at java.base/java.util.concurrent.ForkJoinPool$WorkQueue.topLevelExec(ForkJoinPool.java:1182)
	at java.base/java.util.concurrent.ForkJoinPool.scan(ForkJoinPool.java:1655)
	at java.base/java.util.concurrent.ForkJoinPool.runWorker(ForkJoinPool.java:1622)
	at java.base/java.util.concurrent.ForkJoinWorkerThread.run(ForkJoinWorkerThread.java:165)

!ENTRY org.eclipse.lsp4e 4 0 2025-02-15 22:16:14.113
!MESSAGE Exception occurred while creating an instance of the stream connection provider
!STACK 0
java.lang.RuntimeException: Exception occurred while creating an instance of the stream connection provider
	at org.eclipse.lsp4e.LanguageServersRegistry$ExtensionLanguageServerDefinition.createConnectionProvider(LanguageServersRegistry.java:164)
	at org.eclipse.lsp4e.LanguageServerWrapper.lambda$0(LanguageServerWrapper.java:233)
	at java.base/java.util.concurrent.CompletableFuture$AsyncSupply.run(CompletableFuture.java:1768)
	at java.base/java.util.concurrent.CompletableFuture$AsyncSupply.exec(CompletableFuture.java:1760)
	at java.base/java.util.concurrent.ForkJoinTask.doExec(ForkJoinTask.java:373)
	at java.base/java.util.concurrent.ForkJoinPool$WorkQueue.topLevelExec(ForkJoinPool.java:1182)
	at java.base/java.util.concurrent.ForkJoinPool.scan(ForkJoinPool.java:1655)
	at java.base/java.util.concurrent.ForkJoinPool.runWorker(ForkJoinPool.java:1622)
	at java.base/java.util.concurrent.ForkJoinWorkerThread.run(ForkJoinWorkerThread.java:165)
Caused by: org.eclipse.core.runtime.CoreException: プラグイン "org.eclipse.wildwebdeveloper" は、クラス "org.eclipse.wildwebdeveloper.angular.AngularLanguageServer" をインスタンス化できませんでした。
	at org.eclipse.core.internal.registry.osgi.RegistryStrategyOSGI.throwException(RegistryStrategyOSGI.java:212)
	at org.eclipse.core.internal.registry.osgi.RegistryStrategyOSGI.createExecutableExtension(RegistryStrategyOSGI.java:206)
	at org.eclipse.core.internal.registry.ExtensionRegistry.createExecutableExtension(ExtensionRegistry.java:920)
	at org.eclipse.core.internal.registry.ConfigurationElement.createExecutableExtension(ConfigurationElement.java:246)
	at org.eclipse.core.internal.registry.ConfigurationElementHandle.createExecutableExtension(ConfigurationElementHandle.java:63)
	at org.eclipse.lsp4e.LanguageServersRegistry$ExtensionLanguageServerDefinition.createConnectionProvider(LanguageServersRegistry.java:161)
	... 8 more
Caused by: java.lang.reflect.InvocationTargetException
	at jdk.internal.reflect.GeneratedConstructorAccessor99.newInstance(Unknown Source)
	at java.base/jdk.internal.reflect.DelegatingConstructorAccessorImpl.newInstance(DelegatingConstructorAccessorImpl.java:45)
	at java.base/java.lang.reflect.Constructor.newInstanceWithCaller(Constructor.java:499)
	at java.base/java.lang.reflect.Constructor.newInstance(Constructor.java:480)
	at org.eclipse.core.internal.registry.osgi.RegistryStrategyOSGI.createExecutableExtension(RegistryStrategyOSGI.java:204)
	... 12 more
Caused by: java.lang.NullPointerException: Cannot invoke "java.io.File.getAbsolutePath()" because the return value of "org.eclipse.wildwebdeveloper.embedder.node.NodeJSManager.getNodeJsLocation()" is null
	at org.eclipse.wildwebdeveloper.angular.AngularLanguageServer.<init>(AngularLanguageServer.java:43)
	... 17 more

!ENTRY org.eclipse.lsp4e 4 0 2025-02-15 22:16:21.010
!MESSAGE プラグイン "org.eclipse.wildwebdeveloper" は、クラス "org.eclipse.wildwebdeveloper.angular.AngularLanguageServer" をインスタンス化できませんでした。
!STACK 1
org.eclipse.core.runtime.CoreException: プラグイン "org.eclipse.wildwebdeveloper" は、クラス "org.eclipse.wildwebdeveloper.angular.AngularLanguageServer" をインスタンス化できませんでした。
	at org.eclipse.core.internal.registry.osgi.RegistryStrategyOSGI.throwException(RegistryStrategyOSGI.java:212)
	at org.eclipse.core.internal.registry.osgi.RegistryStrategyOSGI.createExecutableExtension(RegistryStrategyOSGI.java:206)
	at org.eclipse.core.internal.registry.ExtensionRegistry.createExecutableExtension(ExtensionRegistry.java:920)
	at org.eclipse.core.internal.registry.ConfigurationElement.createExecutableExtension(ConfigurationElement.java:246)
	at org.eclipse.core.internal.registry.ConfigurationElementHandle.createExecutableExtension(ConfigurationElementHandle.java:63)
	at org.eclipse.lsp4e.LanguageServersRegistry$ExtensionLanguageServerDefinition.createConnectionProvider(LanguageServersRegistry.java:161)
	at org.eclipse.lsp4e.LanguageServerWrapper.lambda$0(LanguageServerWrapper.java:233)
	at java.base/java.util.concurrent.CompletableFuture$AsyncSupply.run(CompletableFuture.java:1768)
	at java.base/java.util.concurrent.CompletableFuture$AsyncSupply.exec(CompletableFuture.java:1760)
	at java.base/java.util.concurrent.ForkJoinTask.doExec(ForkJoinTask.java:373)
	at java.base/java.util.concurrent.ForkJoinPool$WorkQueue.topLevelExec(ForkJoinPool.java:1182)
	at java.base/java.util.concurrent.ForkJoinPool.scan(ForkJoinPool.java:1655)
	at java.base/java.util.concurrent.ForkJoinPool.runWorker(ForkJoinPool.java:1622)
	at java.base/java.util.concurrent.ForkJoinWorkerThread.run(ForkJoinWorkerThread.java:165)
Caused by: java.lang.reflect.InvocationTargetException
	at jdk.internal.reflect.GeneratedConstructorAccessor99.newInstance(Unknown Source)
	at java.base/jdk.internal.reflect.DelegatingConstructorAccessorImpl.newInstance(DelegatingConstructorAccessorImpl.java:45)
	at java.base/java.lang.reflect.Constructor.newInstanceWithCaller(Constructor.java:499)
	at java.base/java.lang.reflect.Constructor.newInstance(Constructor.java:480)
	at org.eclipse.core.internal.registry.osgi.RegistryStrategyOSGI.createExecutableExtension(RegistryStrategyOSGI.java:204)
	... 12 more
Caused by: java.lang.NullPointerException: Cannot invoke "java.io.File.getAbsolutePath()" because the return value of "org.eclipse.wildwebdeveloper.embedder.node.NodeJSManager.getNodeJsLocation()" is null
	at org.eclipse.wildwebdeveloper.angular.AngularLanguageServer.<init>(AngularLanguageServer.java:43)
	... 17 more
!SUBENTRY 1 org.eclipse.equinox.registry 4 1 2025-02-15 22:16:21.011
!MESSAGE プラグイン "org.eclipse.wildwebdeveloper" は、クラス "org.eclipse.wildwebdeveloper.angular.AngularLanguageServer" をインスタンス化できませんでした。
!STACK 0
java.lang.reflect.InvocationTargetException
	at jdk.internal.reflect.GeneratedConstructorAccessor99.newInstance(Unknown Source)
	at java.base/jdk.internal.reflect.DelegatingConstructorAccessorImpl.newInstance(DelegatingConstructorAccessorImpl.java:45)
	at java.base/java.lang.reflect.Constructor.newInstanceWithCaller(Constructor.java:499)
	at java.base/java.lang.reflect.Constructor.newInstance(Constructor.java:480)
	at org.eclipse.core.internal.registry.osgi.RegistryStrategyOSGI.createExecutableExtension(RegistryStrategyOSGI.java:204)
	at org.eclipse.core.internal.registry.ExtensionRegistry.createExecutableExtension(ExtensionRegistry.java:920)
	at org.eclipse.core.internal.registry.ConfigurationElement.createExecutableExtension(ConfigurationElement.java:246)
	at org.eclipse.core.internal.registry.ConfigurationElementHandle.createExecutableExtension(ConfigurationElementHandle.java:63)
	at org.eclipse.lsp4e.LanguageServersRegistry$ExtensionLanguageServerDefinition.createConnectionProvider(LanguageServersRegistry.java:161)
	at org.eclipse.lsp4e.LanguageServerWrapper.lambda$0(LanguageServerWrapper.java:233)
	at java.base/java.util.concurrent.CompletableFuture$AsyncSupply.run(CompletableFuture.java:1768)
	at java.base/java.util.concurrent.CompletableFuture$AsyncSupply.exec(CompletableFuture.java:1760)
	at java.base/java.util.concurrent.ForkJoinTask.doExec(ForkJoinTask.java:373)
	at java.base/java.util.concurrent.ForkJoinPool$WorkQueue.topLevelExec(ForkJoinPool.java:1182)
	at java.base/java.util.concurrent.ForkJoinPool.scan(ForkJoinPool.java:1655)
	at java.base/java.util.concurrent.ForkJoinPool.runWorker(ForkJoinPool.java:1622)
	at java.base/java.util.concurrent.ForkJoinWorkerThread.run(ForkJoinWorkerThread.java:165)
Caused by: java.lang.NullPointerException: Cannot invoke "java.io.File.getAbsolutePath()" because the return value of "org.eclipse.wildwebdeveloper.embedder.node.NodeJSManager.getNodeJsLocation()" is null
	at org.eclipse.wildwebdeveloper.angular.AngularLanguageServer.<init>(AngularLanguageServer.java:43)
	... 17 more
Root exception:
java.lang.NullPointerException: Cannot invoke "java.io.File.getAbsolutePath()" because the return value of "org.eclipse.wildwebdeveloper.embedder.node.NodeJSManager.getNodeJsLocation()" is null
	at org.eclipse.wildwebdeveloper.angular.AngularLanguageServer.<init>(AngularLanguageServer.java:43)
	at jdk.internal.reflect.GeneratedConstructorAccessor99.newInstance(Unknown Source)
	at java.base/jdk.internal.reflect.DelegatingConstructorAccessorImpl.newInstance(DelegatingConstructorAccessorImpl.java:45)
	at java.base/java.lang.reflect.Constructor.newInstanceWithCaller(Constructor.java:499)
	at java.base/java.lang.reflect.Constructor.newInstance(Constructor.java:480)
	at org.eclipse.core.internal.registry.osgi.RegistryStrategyOSGI.createExecutableExtension(RegistryStrategyOSGI.java:204)
	at org.eclipse.core.internal.registry.ExtensionRegistry.createExecutableExtension(ExtensionRegistry.java:920)
	at org.eclipse.core.internal.registry.ConfigurationElement.createExecutableExtension(ConfigurationElement.java:246)
	at org.eclipse.core.internal.registry.ConfigurationElementHandle.createExecutableExtension(ConfigurationElementHandle.java:63)
	at org.eclipse.lsp4e.LanguageServersRegistry$ExtensionLanguageServerDefinition.createConnectionProvider(LanguageServersRegistry.java:161)
	at org.eclipse.lsp4e.LanguageServerWrapper.lambda$0(LanguageServerWrapper.java:233)
	at java.base/java.util.concurrent.CompletableFuture$AsyncSupply.run(CompletableFuture.java:1768)
	at java.base/java.util.concurrent.CompletableFuture$AsyncSupply.exec(CompletableFuture.java:1760)
	at java.base/java.util.concurrent.ForkJoinTask.doExec(ForkJoinTask.java:373)
	at java.base/java.util.concurrent.ForkJoinPool$WorkQueue.topLevelExec(ForkJoinPool.java:1182)
	at java.base/java.util.concurrent.ForkJoinPool.scan(ForkJoinPool.java:1655)
	at java.base/java.util.concurrent.ForkJoinPool.runWorker(ForkJoinPool.java:1622)
	at java.base/java.util.concurrent.ForkJoinWorkerThread.run(ForkJoinWorkerThread.java:165)

!ENTRY org.eclipse.lsp4e 4 0 2025-02-15 22:16:21.011
!MESSAGE Exception occurred while creating an instance of the stream connection provider
!STACK 0
java.lang.RuntimeException: Exception occurred while creating an instance of the stream connection provider
	at org.eclipse.lsp4e.LanguageServersRegistry$ExtensionLanguageServerDefinition.createConnectionProvider(LanguageServersRegistry.java:164)
	at org.eclipse.lsp4e.LanguageServerWrapper.lambda$0(LanguageServerWrapper.java:233)
	at java.base/java.util.concurrent.CompletableFuture$AsyncSupply.run(CompletableFuture.java:1768)
	at java.base/java.util.concurrent.CompletableFuture$AsyncSupply.exec(CompletableFuture.java:1760)
	at java.base/java.util.concurrent.ForkJoinTask.doExec(ForkJoinTask.java:373)
	at java.base/java.util.concurrent.ForkJoinPool$WorkQueue.topLevelExec(ForkJoinPool.java:1182)
	at java.base/java.util.concurrent.ForkJoinPool.scan(ForkJoinPool.java:1655)
	at java.base/java.util.concurrent.ForkJoinPool.runWorker(ForkJoinPool.java:1622)
	at java.base/java.util.concurrent.ForkJoinWorkerThread.run(ForkJoinWorkerThread.java:165)
Caused by: org.eclipse.core.runtime.CoreException: プラグイン "org.eclipse.wildwebdeveloper" は、クラス "org.eclipse.wildwebdeveloper.angular.AngularLanguageServer" をインスタンス化できませんでした。
	at org.eclipse.core.internal.registry.osgi.RegistryStrategyOSGI.throwException(RegistryStrategyOSGI.java:212)
	at org.eclipse.core.internal.registry.osgi.RegistryStrategyOSGI.createExecutableExtension(RegistryStrategyOSGI.java:206)
	at org.eclipse.core.internal.registry.ExtensionRegistry.createExecutableExtension(ExtensionRegistry.java:920)
	at org.eclipse.core.internal.registry.ConfigurationElement.createExecutableExtension(ConfigurationElement.java:246)
	at org.eclipse.core.internal.registry.ConfigurationElementHandle.createExecutableExtension(ConfigurationElementHandle.java:63)
	at org.eclipse.lsp4e.LanguageServersRegistry$ExtensionLanguageServerDefinition.createConnectionProvider(LanguageServersRegistry.java:161)
	... 8 more
Caused by: java.lang.reflect.InvocationTargetException
	at jdk.internal.reflect.GeneratedConstructorAccessor99.newInstance(Unknown Source)
	at java.base/jdk.internal.reflect.DelegatingConstructorAccessorImpl.newInstance(DelegatingConstructorAccessorImpl.java:45)
	at java.base/java.lang.reflect.Constructor.newInstanceWithCaller(Constructor.java:499)
	at java.base/java.lang.reflect.Constructor.newInstance(Constructor.java:480)
	at org.eclipse.core.internal.registry.osgi.RegistryStrategyOSGI.createExecutableExtension(RegistryStrategyOSGI.java:204)
	... 12 more
Caused by: java.lang.NullPointerException: Cannot invoke "java.io.File.getAbsolutePath()" because the return value of "org.eclipse.wildwebdeveloper.embedder.node.NodeJSManager.getNodeJsLocation()" is null
	at org.eclipse.wildwebdeveloper.angular.AngularLanguageServer.<init>(AngularLanguageServer.java:43)
	... 17 more

!ENTRY org.eclipse.lsp4e 4 0 2025-02-15 22:16:21.012
!MESSAGE Cannot invoke "org.eclipse.lsp4e.server.StreamConnectionProvider.getInputStream()" because "this.lspStreamProvider" is null
!STACK 0
java.lang.NullPointerException: Cannot invoke "org.eclipse.lsp4e.server.StreamConnectionProvider.getInputStream()" because "this.lspStreamProvider" is null
	at org.eclipse.lsp4e.LanguageServerWrapper.lambda$1(LanguageServerWrapper.java:284)
	at java.base/java.util.concurrent.CompletableFuture$UniApply.tryFire(CompletableFuture.java:646)
	at java.base/java.util.concurrent.CompletableFuture.postComplete(CompletableFuture.java:510)
	at java.base/java.util.concurrent.CompletableFuture$AsyncSupply.run(CompletableFuture.java:1773)
	at java.base/java.util.concurrent.CompletableFuture$AsyncSupply.exec(CompletableFuture.java:1760)
	at java.base/java.util.concurrent.ForkJoinTask.doExec(ForkJoinTask.java:373)
	at java.base/java.util.concurrent.ForkJoinPool$WorkQueue.topLevelExec(ForkJoinPool.java:1182)
	at java.base/java.util.concurrent.ForkJoinPool.scan(ForkJoinPool.java:1655)
	at java.base/java.util.concurrent.ForkJoinPool.runWorker(ForkJoinPool.java:1622)
	at java.base/java.util.concurrent.ForkJoinWorkerThread.run(ForkJoinWorkerThread.java:165)

!ENTRY org.eclipse.lsp4e 4 0 2025-02-15 22:16:21.020
!MESSAGE プラグイン "org.eclipse.wildwebdeveloper" は、クラス "org.eclipse.wildwebdeveloper.html.HTMLLanguageServer" をインスタンス化できませんでした。
!STACK 1
org.eclipse.core.runtime.CoreException: プラグイン "org.eclipse.wildwebdeveloper" は、クラス "org.eclipse.wildwebdeveloper.html.HTMLLanguageServer" をインスタンス化できませんでした。
	at org.eclipse.core.internal.registry.osgi.RegistryStrategyOSGI.throwException(RegistryStrategyOSGI.java:212)
	at org.eclipse.core.internal.registry.osgi.RegistryStrategyOSGI.createExecutableExtension(RegistryStrategyOSGI.java:206)
	at org.eclipse.core.internal.registry.ExtensionRegistry.createExecutableExtension(ExtensionRegistry.java:920)
	at org.eclipse.core.internal.registry.ConfigurationElement.createExecutableExtension(ConfigurationElement.java:246)
	at org.eclipse.core.internal.registry.ConfigurationElementHandle.createExecutableExtension(ConfigurationElementHandle.java:63)
	at org.eclipse.lsp4e.LanguageServersRegistry$ExtensionLanguageServerDefinition.createConnectionProvider(LanguageServersRegistry.java:161)
	at org.eclipse.lsp4e.LanguageServerWrapper.lambda$0(LanguageServerWrapper.java:233)
	at java.base/java.util.concurrent.CompletableFuture$AsyncSupply.run(CompletableFuture.java:1768)
	at java.base/java.util.concurrent.CompletableFuture$AsyncSupply.exec(CompletableFuture.java:1760)
	at java.base/java.util.concurrent.ForkJoinTask.doExec(ForkJoinTask.java:373)
	at java.base/java.util.concurrent.ForkJoinPool$WorkQueue.topLevelExec(ForkJoinPool.java:1182)
	at java.base/java.util.concurrent.ForkJoinPool.scan(ForkJoinPool.java:1655)
	at java.base/java.util.concurrent.ForkJoinPool.runWorker(ForkJoinPool.java:1622)
	at java.base/java.util.concurrent.ForkJoinWorkerThread.run(ForkJoinWorkerThread.java:165)
Caused by: java.lang.reflect.InvocationTargetException
	at jdk.internal.reflect.GeneratedConstructorAccessor101.newInstance(Unknown Source)
	at java.base/jdk.internal.reflect.DelegatingConstructorAccessorImpl.newInstance(DelegatingConstructorAccessorImpl.java:45)
	at java.base/java.lang.reflect.Constructor.newInstanceWithCaller(Constructor.java:499)
	at java.base/java.lang.reflect.Constructor.newInstance(Constructor.java:480)
	at org.eclipse.core.internal.registry.osgi.RegistryStrategyOSGI.createExecutableExtension(RegistryStrategyOSGI.java:204)
	... 12 more
Caused by: java.lang.NullPointerException: Cannot invoke "java.io.File.getAbsolutePath()" because the return value of "org.eclipse.wildwebdeveloper.embedder.node.NodeJSManager.getNodeJsLocation()" is null
	at org.eclipse.wildwebdeveloper.html.HTMLLanguageServer.<init>(HTMLLanguageServer.java:40)
	... 17 more
!SUBENTRY 1 org.eclipse.equinox.registry 4 1 2025-02-15 22:16:21.022
!MESSAGE プラグイン "org.eclipse.wildwebdeveloper" は、クラス "org.eclipse.wildwebdeveloper.html.HTMLLanguageServer" をインスタンス化できませんでした。
!STACK 0
java.lang.reflect.InvocationTargetException
	at jdk.internal.reflect.GeneratedConstructorAccessor101.newInstance(Unknown Source)
	at java.base/jdk.internal.reflect.DelegatingConstructorAccessorImpl.newInstance(DelegatingConstructorAccessorImpl.java:45)
	at java.base/java.lang.reflect.Constructor.newInstanceWithCaller(Constructor.java:499)
	at java.base/java.lang.reflect.Constructor.newInstance(Constructor.java:480)
	at org.eclipse.core.internal.registry.osgi.RegistryStrategyOSGI.createExecutableExtension(RegistryStrategyOSGI.java:204)
	at org.eclipse.core.internal.registry.ExtensionRegistry.createExecutableExtension(ExtensionRegistry.java:920)
	at org.eclipse.core.internal.registry.ConfigurationElement.createExecutableExtension(ConfigurationElement.java:246)
	at org.eclipse.core.internal.registry.ConfigurationElementHandle.createExecutableExtension(ConfigurationElementHandle.java:63)
	at org.eclipse.lsp4e.LanguageServersRegistry$ExtensionLanguageServerDefinition.createConnectionProvider(LanguageServersRegistry.java:161)
	at org.eclipse.lsp4e.LanguageServerWrapper.lambda$0(LanguageServerWrapper.java:233)
	at java.base/java.util.concurrent.CompletableFuture$AsyncSupply.run(CompletableFuture.java:1768)
	at java.base/java.util.concurrent.CompletableFuture$AsyncSupply.exec(CompletableFuture.java:1760)
	at java.base/java.util.concurrent.ForkJoinTask.doExec(ForkJoinTask.java:373)
	at java.base/java.util.concurrent.ForkJoinPool$WorkQueue.topLevelExec(ForkJoinPool.java:1182)
	at java.base/java.util.concurrent.ForkJoinPool.scan(ForkJoinPool.java:1655)
	at java.base/java.util.concurrent.ForkJoinPool.runWorker(ForkJoinPool.java:1622)
	at java.base/java.util.concurrent.ForkJoinWorkerThread.run(ForkJoinWorkerThread.java:165)
Caused by: java.lang.NullPointerException: Cannot invoke "java.io.File.getAbsolutePath()" because the return value of "org.eclipse.wildwebdeveloper.embedder.node.NodeJSManager.getNodeJsLocation()" is null
	at org.eclipse.wildwebdeveloper.html.HTMLLanguageServer.<init>(HTMLLanguageServer.java:40)
	... 17 more
Root exception:
java.lang.NullPointerException: Cannot invoke "java.io.File.getAbsolutePath()" because the return value of "org.eclipse.wildwebdeveloper.embedder.node.NodeJSManager.getNodeJsLocation()" is null
	at org.eclipse.wildwebdeveloper.html.HTMLLanguageServer.<init>(HTMLLanguageServer.java:40)
	at jdk.internal.reflect.GeneratedConstructorAccessor101.newInstance(Unknown Source)
	at java.base/jdk.internal.reflect.DelegatingConstructorAccessorImpl.newInstance(DelegatingConstructorAccessorImpl.java:45)
	at java.base/java.lang.reflect.Constructor.newInstanceWithCaller(Constructor.java:499)
	at java.base/java.lang.reflect.Constructor.newInstance(Constructor.java:480)
	at org.eclipse.core.internal.registry.osgi.RegistryStrategyOSGI.createExecutableExtension(RegistryStrategyOSGI.java:204)
	at org.eclipse.core.internal.registry.ExtensionRegistry.createExecutableExtension(ExtensionRegistry.java:920)
	at org.eclipse.core.internal.registry.ConfigurationElement.createExecutableExtension(ConfigurationElement.java:246)
	at org.eclipse.core.internal.registry.ConfigurationElementHandle.createExecutableExtension(ConfigurationElementHandle.java:63)
	at org.eclipse.lsp4e.LanguageServersRegistry$ExtensionLanguageServerDefinition.createConnectionProvider(LanguageServersRegistry.java:161)
	at org.eclipse.lsp4e.LanguageServerWrapper.lambda$0(LanguageServerWrapper.java:233)
	at java.base/java.util.concurrent.CompletableFuture$AsyncSupply.run(CompletableFuture.java:1768)
	at java.base/java.util.concurrent.CompletableFuture$AsyncSupply.exec(CompletableFuture.java:1760)
	at java.base/java.util.concurrent.ForkJoinTask.doExec(ForkJoinTask.java:373)
	at java.base/java.util.concurrent.ForkJoinPool$WorkQueue.topLevelExec(ForkJoinPool.java:1182)
	at java.base/java.util.concurrent.ForkJoinPool.scan(ForkJoinPool.java:1655)
	at java.base/java.util.concurrent.ForkJoinPool.runWorker(ForkJoinPool.java:1622)
	at java.base/java.util.concurrent.ForkJoinWorkerThread.run(ForkJoinWorkerThread.java:165)

!ENTRY org.eclipse.lsp4e 4 0 2025-02-15 22:16:21.022
!MESSAGE Exception occurred while creating an instance of the stream connection provider
!STACK 0
java.lang.RuntimeException: Exception occurred while creating an instance of the stream connection provider
	at org.eclipse.lsp4e.LanguageServersRegistry$ExtensionLanguageServerDefinition.createConnectionProvider(LanguageServersRegistry.java:164)
	at org.eclipse.lsp4e.LanguageServerWrapper.lambda$0(LanguageServerWrapper.java:233)
	at java.base/java.util.concurrent.CompletableFuture$AsyncSupply.run(CompletableFuture.java:1768)
	at java.base/java.util.concurrent.CompletableFuture$AsyncSupply.exec(CompletableFuture.java:1760)
	at java.base/java.util.concurrent.ForkJoinTask.doExec(ForkJoinTask.java:373)
	at java.base/java.util.concurrent.ForkJoinPool$WorkQueue.topLevelExec(ForkJoinPool.java:1182)
	at java.base/java.util.concurrent.ForkJoinPool.scan(ForkJoinPool.java:1655)
	at java.base/java.util.concurrent.ForkJoinPool.runWorker(ForkJoinPool.java:1622)
	at java.base/java.util.concurrent.ForkJoinWorkerThread.run(ForkJoinWorkerThread.java:165)
Caused by: org.eclipse.core.runtime.CoreException: プラグイン "org.eclipse.wildwebdeveloper" は、クラス "org.eclipse.wildwebdeveloper.html.HTMLLanguageServer" をインスタンス化できませんでした。
	at org.eclipse.core.internal.registry.osgi.RegistryStrategyOSGI.throwException(RegistryStrategyOSGI.java:212)
	at org.eclipse.core.internal.registry.osgi.RegistryStrategyOSGI.createExecutableExtension(RegistryStrategyOSGI.java:206)
	at org.eclipse.core.internal.registry.ExtensionRegistry.createExecutableExtension(ExtensionRegistry.java:920)
	at org.eclipse.core.internal.registry.ConfigurationElement.createExecutableExtension(ConfigurationElement.java:246)
	at org.eclipse.core.internal.registry.ConfigurationElementHandle.createExecutableExtension(ConfigurationElementHandle.java:63)
	at org.eclipse.lsp4e.LanguageServersRegistry$ExtensionLanguageServerDefinition.createConnectionProvider(LanguageServersRegistry.java:161)
	... 8 more
Caused by: java.lang.reflect.InvocationTargetException
	at jdk.internal.reflect.GeneratedConstructorAccessor101.newInstance(Unknown Source)
	at java.base/jdk.internal.reflect.DelegatingConstructorAccessorImpl.newInstance(DelegatingConstructorAccessorImpl.java:45)
	at java.base/java.lang.reflect.Constructor.newInstanceWithCaller(Constructor.java:499)
	at java.base/java.lang.reflect.Constructor.newInstance(Constructor.java:480)
	at org.eclipse.core.internal.registry.osgi.RegistryStrategyOSGI.createExecutableExtension(RegistryStrategyOSGI.java:204)
	... 12 more
Caused by: java.lang.NullPointerException: Cannot invoke "java.io.File.getAbsolutePath()" because the return value of "org.eclipse.wildwebdeveloper.embedder.node.NodeJSManager.getNodeJsLocation()" is null
	at org.eclipse.wildwebdeveloper.html.HTMLLanguageServer.<init>(HTMLLanguageServer.java:40)
	... 17 more

!ENTRY org.eclipse.lsp4e 4 0 2025-02-15 22:16:21.024
!MESSAGE Cannot invoke "org.eclipse.lsp4e.server.StreamConnectionProvider.getInputStream()" because "this.lspStreamProvider" is null
!STACK 0
java.lang.NullPointerException: Cannot invoke "org.eclipse.lsp4e.server.StreamConnectionProvider.getInputStream()" because "this.lspStreamProvider" is null
	at org.eclipse.lsp4e.LanguageServerWrapper.lambda$1(LanguageServerWrapper.java:284)
	at java.base/java.util.concurrent.CompletableFuture$UniApply.tryFire(CompletableFuture.java:646)
	at java.base/java.util.concurrent.CompletableFuture.postComplete(CompletableFuture.java:510)
	at java.base/java.util.concurrent.CompletableFuture$AsyncSupply.run(CompletableFuture.java:1773)
	at java.base/java.util.concurrent.CompletableFuture$AsyncSupply.exec(CompletableFuture.java:1760)
	at java.base/java.util.concurrent.ForkJoinTask.doExec(ForkJoinTask.java:373)
	at java.base/java.util.concurrent.ForkJoinPool$WorkQueue.topLevelExec(ForkJoinPool.java:1182)
	at java.base/java.util.concurrent.ForkJoinPool.scan(ForkJoinPool.java:1655)
	at java.base/java.util.concurrent.ForkJoinPool.runWorker(ForkJoinPool.java:1622)
	at java.base/java.util.concurrent.ForkJoinWorkerThread.run(ForkJoinWorkerThread.java:165)

!ENTRY org.eclipse.lsp4e 4 0 2025-02-15 22:16:21.132
!MESSAGE プラグイン "org.eclipse.wildwebdeveloper" は、クラス "org.eclipse.wildwebdeveloper.angular.AngularLanguageServer" をインスタンス化できませんでした。
!STACK 1
org.eclipse.core.runtime.CoreException: プラグイン "org.eclipse.wildwebdeveloper" は、クラス "org.eclipse.wildwebdeveloper.angular.AngularLanguageServer" をインスタンス化できませんでした。
	at org.eclipse.core.internal.registry.osgi.RegistryStrategyOSGI.throwException(RegistryStrategyOSGI.java:212)
	at org.eclipse.core.internal.registry.osgi.RegistryStrategyOSGI.createExecutableExtension(RegistryStrategyOSGI.java:206)
	at org.eclipse.core.internal.registry.ExtensionRegistry.createExecutableExtension(ExtensionRegistry.java:920)
	at org.eclipse.core.internal.registry.ConfigurationElement.createExecutableExtension(ConfigurationElement.java:246)
	at org.eclipse.core.internal.registry.ConfigurationElementHandle.createExecutableExtension(ConfigurationElementHandle.java:63)
	at org.eclipse.lsp4e.LanguageServersRegistry$ExtensionLanguageServerDefinition.createConnectionProvider(LanguageServersRegistry.java:161)
	at org.eclipse.lsp4e.LanguageServerWrapper.lambda$0(LanguageServerWrapper.java:233)
	at java.base/java.util.concurrent.CompletableFuture$AsyncSupply.run(CompletableFuture.java:1768)
	at java.base/java.util.concurrent.CompletableFuture$AsyncSupply.exec(CompletableFuture.java:1760)
	at java.base/java.util.concurrent.ForkJoinTask.doExec(ForkJoinTask.java:373)
	at java.base/java.util.concurrent.ForkJoinPool$WorkQueue.topLevelExec(ForkJoinPool.java:1182)
	at java.base/java.util.concurrent.ForkJoinPool.scan(ForkJoinPool.java:1655)
	at java.base/java.util.concurrent.ForkJoinPool.runWorker(ForkJoinPool.java:1622)
	at java.base/java.util.concurrent.ForkJoinWorkerThread.run(ForkJoinWorkerThread.java:165)
Caused by: java.lang.reflect.InvocationTargetException
	at jdk.internal.reflect.GeneratedConstructorAccessor99.newInstance(Unknown Source)
	at java.base/jdk.internal.reflect.DelegatingConstructorAccessorImpl.newInstance(DelegatingConstructorAccessorImpl.java:45)
	at java.base/java.lang.reflect.Constructor.newInstanceWithCaller(Constructor.java:499)
	at java.base/java.lang.reflect.Constructor.newInstance(Constructor.java:480)
	at org.eclipse.core.internal.registry.osgi.RegistryStrategyOSGI.createExecutableExtension(RegistryStrategyOSGI.java:204)
	... 12 more
Caused by: java.lang.NullPointerException: Cannot invoke "java.io.File.getAbsolutePath()" because the return value of "org.eclipse.wildwebdeveloper.embedder.node.NodeJSManager.getNodeJsLocation()" is null
	at org.eclipse.wildwebdeveloper.angular.AngularLanguageServer.<init>(AngularLanguageServer.java:43)
	... 17 more
!SUBENTRY 1 org.eclipse.equinox.registry 4 1 2025-02-15 22:16:21.132
!MESSAGE プラグイン "org.eclipse.wildwebdeveloper" は、クラス "org.eclipse.wildwebdeveloper.angular.AngularLanguageServer" をインスタンス化できませんでした。
!STACK 0
java.lang.reflect.InvocationTargetException
	at jdk.internal.reflect.GeneratedConstructorAccessor99.newInstance(Unknown Source)
	at java.base/jdk.internal.reflect.DelegatingConstructorAccessorImpl.newInstance(DelegatingConstructorAccessorImpl.java:45)
	at java.base/java.lang.reflect.Constructor.newInstanceWithCaller(Constructor.java:499)
	at java.base/java.lang.reflect.Constructor.newInstance(Constructor.java:480)
	at org.eclipse.core.internal.registry.osgi.RegistryStrategyOSGI.createExecutableExtension(RegistryStrategyOSGI.java:204)
	at org.eclipse.core.internal.registry.ExtensionRegistry.createExecutableExtension(ExtensionRegistry.java:920)
	at org.eclipse.core.internal.registry.ConfigurationElement.createExecutableExtension(ConfigurationElement.java:246)
	at org.eclipse.core.internal.registry.ConfigurationElementHandle.createExecutableExtension(ConfigurationElementHandle.java:63)
	at org.eclipse.lsp4e.LanguageServersRegistry$ExtensionLanguageServerDefinition.createConnectionProvider(LanguageServersRegistry.java:161)
	at org.eclipse.lsp4e.LanguageServerWrapper.lambda$0(LanguageServerWrapper.java:233)
	at java.base/java.util.concurrent.CompletableFuture$AsyncSupply.run(CompletableFuture.java:1768)
	at java.base/java.util.concurrent.CompletableFuture$AsyncSupply.exec(CompletableFuture.java:1760)
	at java.base/java.util.concurrent.ForkJoinTask.doExec(ForkJoinTask.java:373)
	at java.base/java.util.concurrent.ForkJoinPool$WorkQueue.topLevelExec(ForkJoinPool.java:1182)
	at java.base/java.util.concurrent.ForkJoinPool.scan(ForkJoinPool.java:1655)
	at java.base/java.util.concurrent.ForkJoinPool.runWorker(ForkJoinPool.java:1622)
	at java.base/java.util.concurrent.ForkJoinWorkerThread.run(ForkJoinWorkerThread.java:165)
Caused by: java.lang.NullPointerException: Cannot invoke "java.io.File.getAbsolutePath()" because the return value of "org.eclipse.wildwebdeveloper.embedder.node.NodeJSManager.getNodeJsLocation()" is null
	at org.eclipse.wildwebdeveloper.angular.AngularLanguageServer.<init>(AngularLanguageServer.java:43)
	... 17 more
Root exception:
java.lang.NullPointerException: Cannot invoke "java.io.File.getAbsolutePath()" because the return value of "org.eclipse.wildwebdeveloper.embedder.node.NodeJSManager.getNodeJsLocation()" is null
	at org.eclipse.wildwebdeveloper.angular.AngularLanguageServer.<init>(AngularLanguageServer.java:43)
	at jdk.internal.reflect.GeneratedConstructorAccessor99.newInstance(Unknown Source)
	at java.base/jdk.internal.reflect.DelegatingConstructorAccessorImpl.newInstance(DelegatingConstructorAccessorImpl.java:45)
	at java.base/java.lang.reflect.Constructor.newInstanceWithCaller(Constructor.java:499)
	at java.base/java.lang.reflect.Constructor.newInstance(Constructor.java:480)
	at org.eclipse.core.internal.registry.osgi.RegistryStrategyOSGI.createExecutableExtension(RegistryStrategyOSGI.java:204)
	at org.eclipse.core.internal.registry.ExtensionRegistry.createExecutableExtension(ExtensionRegistry.java:920)
	at org.eclipse.core.internal.registry.ConfigurationElement.createExecutableExtension(ConfigurationElement.java:246)
	at org.eclipse.core.internal.registry.ConfigurationElementHandle.createExecutableExtension(ConfigurationElementHandle.java:63)
	at org.eclipse.lsp4e.LanguageServersRegistry$ExtensionLanguageServerDefinition.createConnectionProvider(LanguageServersRegistry.java:161)
	at org.eclipse.lsp4e.LanguageServerWrapper.lambda$0(LanguageServerWrapper.java:233)
	at java.base/java.util.concurrent.CompletableFuture$AsyncSupply.run(CompletableFuture.java:1768)
	at java.base/java.util.concurrent.CompletableFuture$AsyncSupply.exec(CompletableFuture.java:1760)
	at java.base/java.util.concurrent.ForkJoinTask.doExec(ForkJoinTask.java:373)
	at java.base/java.util.concurrent.ForkJoinPool$WorkQueue.topLevelExec(ForkJoinPool.java:1182)
	at java.base/java.util.concurrent.ForkJoinPool.scan(ForkJoinPool.java:1655)
	at java.base/java.util.concurrent.ForkJoinPool.runWorker(ForkJoinPool.java:1622)
	at java.base/java.util.concurrent.ForkJoinWorkerThread.run(ForkJoinWorkerThread.java:165)

!ENTRY org.eclipse.lsp4e 4 0 2025-02-15 22:16:21.133
!MESSAGE Exception occurred while creating an instance of the stream connection provider
!STACK 0
java.lang.RuntimeException: Exception occurred while creating an instance of the stream connection provider
	at org.eclipse.lsp4e.LanguageServersRegistry$ExtensionLanguageServerDefinition.createConnectionProvider(LanguageServersRegistry.java:164)
	at org.eclipse.lsp4e.LanguageServerWrapper.lambda$0(LanguageServerWrapper.java:233)
	at java.base/java.util.concurrent.CompletableFuture$AsyncSupply.run(CompletableFuture.java:1768)
	at java.base/java.util.concurrent.CompletableFuture$AsyncSupply.exec(CompletableFuture.java:1760)
	at java.base/java.util.concurrent.ForkJoinTask.doExec(ForkJoinTask.java:373)
	at java.base/java.util.concurrent.ForkJoinPool$WorkQueue.topLevelExec(ForkJoinPool.java:1182)
	at java.base/java.util.concurrent.ForkJoinPool.scan(ForkJoinPool.java:1655)
	at java.base/java.util.concurrent.ForkJoinPool.runWorker(ForkJoinPool.java:1622)
	at java.base/java.util.concurrent.ForkJoinWorkerThread.run(ForkJoinWorkerThread.java:165)
Caused by: org.eclipse.core.runtime.CoreException: プラグイン "org.eclipse.wildwebdeveloper" は、クラス "org.eclipse.wildwebdeveloper.angular.AngularLanguageServer" をインスタンス化できませんでした。
	at org.eclipse.core.internal.registry.osgi.RegistryStrategyOSGI.throwException(RegistryStrategyOSGI.java:212)
	at org.eclipse.core.internal.registry.osgi.RegistryStrategyOSGI.createExecutableExtension(RegistryStrategyOSGI.java:206)
	at org.eclipse.core.internal.registry.ExtensionRegistry.createExecutableExtension(ExtensionRegistry.java:920)
	at org.eclipse.core.internal.registry.ConfigurationElement.createExecutableExtension(ConfigurationElement.java:246)
	at org.eclipse.core.internal.registry.ConfigurationElementHandle.createExecutableExtension(ConfigurationElementHandle.java:63)
	at org.eclipse.lsp4e.LanguageServersRegistry$ExtensionLanguageServerDefinition.createConnectionProvider(LanguageServersRegistry.java:161)
	... 8 more
Caused by: java.lang.reflect.InvocationTargetException
	at jdk.internal.reflect.GeneratedConstructorAccessor99.newInstance(Unknown Source)
	at java.base/jdk.internal.reflect.DelegatingConstructorAccessorImpl.newInstance(DelegatingConstructorAccessorImpl.java:45)
	at java.base/java.lang.reflect.Constructor.newInstanceWithCaller(Constructor.java:499)
	at java.base/java.lang.reflect.Constructor.newInstance(Constructor.java:480)
	at org.eclipse.core.internal.registry.osgi.RegistryStrategyOSGI.createExecutableExtension(RegistryStrategyOSGI.java:204)
	... 12 more
Caused by: java.lang.NullPointerException: Cannot invoke "java.io.File.getAbsolutePath()" because the return value of "org.eclipse.wildwebdeveloper.embedder.node.NodeJSManager.getNodeJsLocation()" is null
	at org.eclipse.wildwebdeveloper.angular.AngularLanguageServer.<init>(AngularLanguageServer.java:43)
	... 17 more

!ENTRY org.eclipse.lsp4e 4 0 2025-02-15 22:16:21.134
!MESSAGE Cannot invoke "org.eclipse.lsp4e.server.StreamConnectionProvider.getInputStream()" because "this.lspStreamProvider" is null
!STACK 0
java.lang.NullPointerException: Cannot invoke "org.eclipse.lsp4e.server.StreamConnectionProvider.getInputStream()" because "this.lspStreamProvider" is null
	at org.eclipse.lsp4e.LanguageServerWrapper.lambda$1(LanguageServerWrapper.java:284)
	at java.base/java.util.concurrent.CompletableFuture$UniApply.tryFire(CompletableFuture.java:646)
	at java.base/java.util.concurrent.CompletableFuture.postComplete(CompletableFuture.java:510)
	at java.base/java.util.concurrent.CompletableFuture$AsyncSupply.run(CompletableFuture.java:1773)
	at java.base/java.util.concurrent.CompletableFuture$AsyncSupply.exec(CompletableFuture.java:1760)
	at java.base/java.util.concurrent.ForkJoinTask.doExec(ForkJoinTask.java:373)
	at java.base/java.util.concurrent.ForkJoinPool$WorkQueue.topLevelExec(ForkJoinPool.java:1182)
	at java.base/java.util.concurrent.ForkJoinPool.scan(ForkJoinPool.java:1655)
	at java.base/java.util.concurrent.ForkJoinPool.runWorker(ForkJoinPool.java:1622)
	at java.base/java.util.concurrent.ForkJoinWorkerThread.run(ForkJoinWorkerThread.java:165)

!ENTRY org.eclipse.lsp4e 4 0 2025-02-15 22:17:06.119
!MESSAGE プラグイン "org.eclipse.wildwebdeveloper" は、クラス "org.eclipse.wildwebdeveloper.angular.AngularLanguageServer" をインスタンス化できませんでした。
!STACK 1
org.eclipse.core.runtime.CoreException: プラグイン "org.eclipse.wildwebdeveloper" は、クラス "org.eclipse.wildwebdeveloper.angular.AngularLanguageServer" をインスタンス化できませんでした。
	at org.eclipse.core.internal.registry.osgi.RegistryStrategyOSGI.throwException(RegistryStrategyOSGI.java:212)
	at org.eclipse.core.internal.registry.osgi.RegistryStrategyOSGI.createExecutableExtension(RegistryStrategyOSGI.java:206)
	at org.eclipse.core.internal.registry.ExtensionRegistry.createExecutableExtension(ExtensionRegistry.java:920)
	at org.eclipse.core.internal.registry.ConfigurationElement.createExecutableExtension(ConfigurationElement.java:246)
	at org.eclipse.core.internal.registry.ConfigurationElementHandle.createExecutableExtension(ConfigurationElementHandle.java:63)
	at org.eclipse.lsp4e.LanguageServersRegistry$ExtensionLanguageServerDefinition.createConnectionProvider(LanguageServersRegistry.java:161)
	at org.eclipse.lsp4e.LanguageServerWrapper.lambda$0(LanguageServerWrapper.java:233)
	at java.base/java.util.concurrent.CompletableFuture$AsyncSupply.run(CompletableFuture.java:1768)
	at java.base/java.util.concurrent.CompletableFuture$AsyncSupply.exec(CompletableFuture.java:1760)
	at java.base/java.util.concurrent.ForkJoinTask.doExec(ForkJoinTask.java:373)
	at java.base/java.util.concurrent.ForkJoinPool$WorkQueue.topLevelExec(ForkJoinPool.java:1182)
	at java.base/java.util.concurrent.ForkJoinPool.scan(ForkJoinPool.java:1655)
	at java.base/java.util.concurrent.ForkJoinPool.runWorker(ForkJoinPool.java:1622)
	at java.base/java.util.concurrent.ForkJoinWorkerThread.run(ForkJoinWorkerThread.java:165)
Caused by: java.lang.reflect.InvocationTargetException
	at jdk.internal.reflect.GeneratedConstructorAccessor99.newInstance(Unknown Source)
	at java.base/jdk.internal.reflect.DelegatingConstructorAccessorImpl.newInstance(DelegatingConstructorAccessorImpl.java:45)
	at java.base/java.lang.reflect.Constructor.newInstanceWithCaller(Constructor.java:499)
	at java.base/java.lang.reflect.Constructor.newInstance(Constructor.java:480)
	at org.eclipse.core.internal.registry.osgi.RegistryStrategyOSGI.createExecutableExtension(RegistryStrategyOSGI.java:204)
	... 12 more
Caused by: java.lang.NullPointerException: Cannot invoke "java.io.File.getAbsolutePath()" because the return value of "org.eclipse.wildwebdeveloper.embedder.node.NodeJSManager.getNodeJsLocation()" is null
	at org.eclipse.wildwebdeveloper.angular.AngularLanguageServer.<init>(AngularLanguageServer.java:43)
	... 17 more
!SUBENTRY 1 org.eclipse.equinox.registry 4 1 2025-02-15 22:17:06.119
!MESSAGE プラグイン "org.eclipse.wildwebdeveloper" は、クラス "org.eclipse.wildwebdeveloper.angular.AngularLanguageServer" をインスタンス化できませんでした。
!STACK 0
java.lang.reflect.InvocationTargetException
	at jdk.internal.reflect.GeneratedConstructorAccessor99.newInstance(Unknown Source)
	at java.base/jdk.internal.reflect.DelegatingConstructorAccessorImpl.newInstance(DelegatingConstructorAccessorImpl.java:45)
	at java.base/java.lang.reflect.Constructor.newInstanceWithCaller(Constructor.java:499)
	at java.base/java.lang.reflect.Constructor.newInstance(Constructor.java:480)
	at org.eclipse.core.internal.registry.osgi.RegistryStrategyOSGI.createExecutableExtension(RegistryStrategyOSGI.java:204)
	at org.eclipse.core.internal.registry.ExtensionRegistry.createExecutableExtension(ExtensionRegistry.java:920)
	at org.eclipse.core.internal.registry.ConfigurationElement.createExecutableExtension(ConfigurationElement.java:246)
	at org.eclipse.core.internal.registry.ConfigurationElementHandle.createExecutableExtension(ConfigurationElementHandle.java:63)
	at org.eclipse.lsp4e.LanguageServersRegistry$ExtensionLanguageServerDefinition.createConnectionProvider(LanguageServersRegistry.java:161)
	at org.eclipse.lsp4e.LanguageServerWrapper.lambda$0(LanguageServerWrapper.java:233)
	at java.base/java.util.concurrent.CompletableFuture$AsyncSupply.run(CompletableFuture.java:1768)
	at java.base/java.util.concurrent.CompletableFuture$AsyncSupply.exec(CompletableFuture.java:1760)
	at java.base/java.util.concurrent.ForkJoinTask.doExec(ForkJoinTask.java:373)
	at java.base/java.util.concurrent.ForkJoinPool$WorkQueue.topLevelExec(ForkJoinPool.java:1182)
	at java.base/java.util.concurrent.ForkJoinPool.scan(ForkJoinPool.java:1655)
	at java.base/java.util.concurrent.ForkJoinPool.runWorker(ForkJoinPool.java:1622)
	at java.base/java.util.concurrent.ForkJoinWorkerThread.run(ForkJoinWorkerThread.java:165)
Caused by: java.lang.NullPointerException: Cannot invoke "java.io.File.getAbsolutePath()" because the return value of "org.eclipse.wildwebdeveloper.embedder.node.NodeJSManager.getNodeJsLocation()" is null
	at org.eclipse.wildwebdeveloper.angular.AngularLanguageServer.<init>(AngularLanguageServer.java:43)
	... 17 more
Root exception:
java.lang.NullPointerException: Cannot invoke "java.io.File.getAbsolutePath()" because the return value of "org.eclipse.wildwebdeveloper.embedder.node.NodeJSManager.getNodeJsLocation()" is null
	at org.eclipse.wildwebdeveloper.angular.AngularLanguageServer.<init>(AngularLanguageServer.java:43)
	at jdk.internal.reflect.GeneratedConstructorAccessor99.newInstance(Unknown Source)
	at java.base/jdk.internal.reflect.DelegatingConstructorAccessorImpl.newInstance(DelegatingConstructorAccessorImpl.java:45)
	at java.base/java.lang.reflect.Constructor.newInstanceWithCaller(Constructor.java:499)
	at java.base/java.lang.reflect.Constructor.newInstance(Constructor.java:480)
	at org.eclipse.core.internal.registry.osgi.RegistryStrategyOSGI.createExecutableExtension(RegistryStrategyOSGI.java:204)
	at org.eclipse.core.internal.registry.ExtensionRegistry.createExecutableExtension(ExtensionRegistry.java:920)
	at org.eclipse.core.internal.registry.ConfigurationElement.createExecutableExtension(ConfigurationElement.java:246)
	at org.eclipse.core.internal.registry.ConfigurationElementHandle.createExecutableExtension(ConfigurationElementHandle.java:63)
	at org.eclipse.lsp4e.LanguageServersRegistry$ExtensionLanguageServerDefinition.createConnectionProvider(LanguageServersRegistry.java:161)
	at org.eclipse.lsp4e.LanguageServerWrapper.lambda$0(LanguageServerWrapper.java:233)
	at java.base/java.util.concurrent.CompletableFuture$AsyncSupply.run(CompletableFuture.java:1768)
	at java.base/java.util.concurrent.CompletableFuture$AsyncSupply.exec(CompletableFuture.java:1760)
	at java.base/java.util.concurrent.ForkJoinTask.doExec(ForkJoinTask.java:373)
	at java.base/java.util.concurrent.ForkJoinPool$WorkQueue.topLevelExec(ForkJoinPool.java:1182)
	at java.base/java.util.concurrent.ForkJoinPool.scan(ForkJoinPool.java:1655)
	at java.base/java.util.concurrent.ForkJoinPool.runWorker(ForkJoinPool.java:1622)
	at java.base/java.util.concurrent.ForkJoinWorkerThread.run(ForkJoinWorkerThread.java:165)

!ENTRY org.eclipse.lsp4e 4 0 2025-02-15 22:17:06.119
!MESSAGE Exception occurred while creating an instance of the stream connection provider
!STACK 0
java.lang.RuntimeException: Exception occurred while creating an instance of the stream connection provider
	at org.eclipse.lsp4e.LanguageServersRegistry$ExtensionLanguageServerDefinition.createConnectionProvider(LanguageServersRegistry.java:164)
	at org.eclipse.lsp4e.LanguageServerWrapper.lambda$0(LanguageServerWrapper.java:233)
	at java.base/java.util.concurrent.CompletableFuture$AsyncSupply.run(CompletableFuture.java:1768)
	at java.base/java.util.concurrent.CompletableFuture$AsyncSupply.exec(CompletableFuture.java:1760)
	at java.base/java.util.concurrent.ForkJoinTask.doExec(ForkJoinTask.java:373)
	at java.base/java.util.concurrent.ForkJoinPool$WorkQueue.topLevelExec(ForkJoinPool.java:1182)
	at java.base/java.util.concurrent.ForkJoinPool.scan(ForkJoinPool.java:1655)
	at java.base/java.util.concurrent.ForkJoinPool.runWorker(ForkJoinPool.java:1622)
	at java.base/java.util.concurrent.ForkJoinWorkerThread.run(ForkJoinWorkerThread.java:165)
Caused by: org.eclipse.core.runtime.CoreException: プラグイン "org.eclipse.wildwebdeveloper" は、クラス "org.eclipse.wildwebdeveloper.angular.AngularLanguageServer" をインスタンス化できませんでした。
	at org.eclipse.core.internal.registry.osgi.RegistryStrategyOSGI.throwException(RegistryStrategyOSGI.java:212)
	at org.eclipse.core.internal.registry.osgi.RegistryStrategyOSGI.createExecutableExtension(RegistryStrategyOSGI.java:206)
	at org.eclipse.core.internal.registry.ExtensionRegistry.createExecutableExtension(ExtensionRegistry.java:920)
	at org.eclipse.core.internal.registry.ConfigurationElement.createExecutableExtension(ConfigurationElement.java:246)
	at org.eclipse.core.internal.registry.ConfigurationElementHandle.createExecutableExtension(ConfigurationElementHandle.java:63)
	at org.eclipse.lsp4e.LanguageServersRegistry$ExtensionLanguageServerDefinition.createConnectionProvider(LanguageServersRegistry.java:161)
	... 8 more
Caused by: java.lang.reflect.InvocationTargetException
	at jdk.internal.reflect.GeneratedConstructorAccessor99.newInstance(Unknown Source)
	at java.base/jdk.internal.reflect.DelegatingConstructorAccessorImpl.newInstance(DelegatingConstructorAccessorImpl.java:45)
	at java.base/java.lang.reflect.Constructor.newInstanceWithCaller(Constructor.java:499)
	at java.base/java.lang.reflect.Constructor.newInstance(Constructor.java:480)
	at org.eclipse.core.internal.registry.osgi.RegistryStrategyOSGI.createExecutableExtension(RegistryStrategyOSGI.java:204)
	... 12 more
Caused by: java.lang.NullPointerException: Cannot invoke "java.io.File.getAbsolutePath()" because the return value of "org.eclipse.wildwebdeveloper.embedder.node.NodeJSManager.getNodeJsLocation()" is null
	at org.eclipse.wildwebdeveloper.angular.AngularLanguageServer.<init>(AngularLanguageServer.java:43)
	... 17 more

!ENTRY org.eclipse.lsp4e 4 0 2025-02-15 22:17:06.121
!MESSAGE Cannot invoke "org.eclipse.lsp4e.server.StreamConnectionProvider.getInputStream()" because "this.lspStreamProvider" is null
!STACK 0
java.lang.NullPointerException: Cannot invoke "org.eclipse.lsp4e.server.StreamConnectionProvider.getInputStream()" because "this.lspStreamProvider" is null
	at org.eclipse.lsp4e.LanguageServerWrapper.lambda$1(LanguageServerWrapper.java:284)
	at java.base/java.util.concurrent.CompletableFuture$UniApply.tryFire(CompletableFuture.java:646)
	at java.base/java.util.concurrent.CompletableFuture.postComplete(CompletableFuture.java:510)
	at java.base/java.util.concurrent.CompletableFuture$AsyncSupply.run(CompletableFuture.java:1773)
	at java.base/java.util.concurrent.CompletableFuture$AsyncSupply.exec(CompletableFuture.java:1760)
	at java.base/java.util.concurrent.ForkJoinTask.doExec(ForkJoinTask.java:373)
	at java.base/java.util.concurrent.ForkJoinPool$WorkQueue.topLevelExec(ForkJoinPool.java:1182)
	at java.base/java.util.concurrent.ForkJoinPool.scan(ForkJoinPool.java:1655)
	at java.base/java.util.concurrent.ForkJoinPool.runWorker(ForkJoinPool.java:1622)
	at java.base/java.util.concurrent.ForkJoinWorkerThread.run(ForkJoinWorkerThread.java:165)

!ENTRY org.eclipse.lsp4e 4 0 2025-02-15 22:17:06.121
!MESSAGE プラグイン "org.eclipse.wildwebdeveloper" は、クラス "org.eclipse.wildwebdeveloper.html.HTMLLanguageServer" をインスタンス化できませんでした。
!STACK 1
org.eclipse.core.runtime.CoreException: プラグイン "org.eclipse.wildwebdeveloper" は、クラス "org.eclipse.wildwebdeveloper.html.HTMLLanguageServer" をインスタンス化できませんでした。
	at org.eclipse.core.internal.registry.osgi.RegistryStrategyOSGI.throwException(RegistryStrategyOSGI.java:212)
	at org.eclipse.core.internal.registry.osgi.RegistryStrategyOSGI.createExecutableExtension(RegistryStrategyOSGI.java:206)
	at org.eclipse.core.internal.registry.ExtensionRegistry.createExecutableExtension(ExtensionRegistry.java:920)
	at org.eclipse.core.internal.registry.ConfigurationElement.createExecutableExtension(ConfigurationElement.java:246)
	at org.eclipse.core.internal.registry.ConfigurationElementHandle.createExecutableExtension(ConfigurationElementHandle.java:63)
	at org.eclipse.lsp4e.LanguageServersRegistry$ExtensionLanguageServerDefinition.createConnectionProvider(LanguageServersRegistry.java:161)
	at org.eclipse.lsp4e.LanguageServerWrapper.lambda$0(LanguageServerWrapper.java:233)
	at java.base/java.util.concurrent.CompletableFuture$AsyncSupply.run(CompletableFuture.java:1768)
	at java.base/java.util.concurrent.CompletableFuture$AsyncSupply.exec(CompletableFuture.java:1760)
	at java.base/java.util.concurrent.ForkJoinTask.doExec(ForkJoinTask.java:373)
	at java.base/java.util.concurrent.ForkJoinPool$WorkQueue.topLevelExec(ForkJoinPool.java:1182)
	at java.base/java.util.concurrent.ForkJoinPool.scan(ForkJoinPool.java:1655)
	at java.base/java.util.concurrent.ForkJoinPool.runWorker(ForkJoinPool.java:1622)
	at java.base/java.util.concurrent.ForkJoinWorkerThread.run(ForkJoinWorkerThread.java:165)
Caused by: java.lang.reflect.InvocationTargetException
	at jdk.internal.reflect.GeneratedConstructorAccessor101.newInstance(Unknown Source)
	at java.base/jdk.internal.reflect.DelegatingConstructorAccessorImpl.newInstance(DelegatingConstructorAccessorImpl.java:45)
	at java.base/java.lang.reflect.Constructor.newInstanceWithCaller(Constructor.java:499)
	at java.base/java.lang.reflect.Constructor.newInstance(Constructor.java:480)
	at org.eclipse.core.internal.registry.osgi.RegistryStrategyOSGI.createExecutableExtension(RegistryStrategyOSGI.java:204)
	... 12 more
Caused by: java.lang.NullPointerException: Cannot invoke "java.io.File.getAbsolutePath()" because the return value of "org.eclipse.wildwebdeveloper.embedder.node.NodeJSManager.getNodeJsLocation()" is null
	at org.eclipse.wildwebdeveloper.html.HTMLLanguageServer.<init>(HTMLLanguageServer.java:40)
	... 17 more
!SUBENTRY 1 org.eclipse.equinox.registry 4 1 2025-02-15 22:17:06.122
!MESSAGE プラグイン "org.eclipse.wildwebdeveloper" は、クラス "org.eclipse.wildwebdeveloper.html.HTMLLanguageServer" をインスタンス化できませんでした。
!STACK 0
java.lang.reflect.InvocationTargetException
	at jdk.internal.reflect.GeneratedConstructorAccessor101.newInstance(Unknown Source)
	at java.base/jdk.internal.reflect.DelegatingConstructorAccessorImpl.newInstance(DelegatingConstructorAccessorImpl.java:45)
	at java.base/java.lang.reflect.Constructor.newInstanceWithCaller(Constructor.java:499)
	at java.base/java.lang.reflect.Constructor.newInstance(Constructor.java:480)
	at org.eclipse.core.internal.registry.osgi.RegistryStrategyOSGI.createExecutableExtension(RegistryStrategyOSGI.java:204)
	at org.eclipse.core.internal.registry.ExtensionRegistry.createExecutableExtension(ExtensionRegistry.java:920)
	at org.eclipse.core.internal.registry.ConfigurationElement.createExecutableExtension(ConfigurationElement.java:246)
	at org.eclipse.core.internal.registry.ConfigurationElementHandle.createExecutableExtension(ConfigurationElementHandle.java:63)
	at org.eclipse.lsp4e.LanguageServersRegistry$ExtensionLanguageServerDefinition.createConnectionProvider(LanguageServersRegistry.java:161)
	at org.eclipse.lsp4e.LanguageServerWrapper.lambda$0(LanguageServerWrapper.java:233)
	at java.base/java.util.concurrent.CompletableFuture$AsyncSupply.run(CompletableFuture.java:1768)
	at java.base/java.util.concurrent.CompletableFuture$AsyncSupply.exec(CompletableFuture.java:1760)
	at java.base/java.util.concurrent.ForkJoinTask.doExec(ForkJoinTask.java:373)
	at java.base/java.util.concurrent.ForkJoinPool$WorkQueue.topLevelExec(ForkJoinPool.java:1182)
	at java.base/java.util.concurrent.ForkJoinPool.scan(ForkJoinPool.java:1655)
	at java.base/java.util.concurrent.ForkJoinPool.runWorker(ForkJoinPool.java:1622)
	at java.base/java.util.concurrent.ForkJoinWorkerThread.run(ForkJoinWorkerThread.java:165)
Caused by: java.lang.NullPointerException: Cannot invoke "java.io.File.getAbsolutePath()" because the return value of "org.eclipse.wildwebdeveloper.embedder.node.NodeJSManager.getNodeJsLocation()" is null
	at org.eclipse.wildwebdeveloper.html.HTMLLanguageServer.<init>(HTMLLanguageServer.java:40)
	... 17 more
Root exception:
java.lang.NullPointerException: Cannot invoke "java.io.File.getAbsolutePath()" because the return value of "org.eclipse.wildwebdeveloper.embedder.node.NodeJSManager.getNodeJsLocation()" is null
	at org.eclipse.wildwebdeveloper.html.HTMLLanguageServer.<init>(HTMLLanguageServer.java:40)
	at jdk.internal.reflect.GeneratedConstructorAccessor101.newInstance(Unknown Source)
	at java.base/jdk.internal.reflect.DelegatingConstructorAccessorImpl.newInstance(DelegatingConstructorAccessorImpl.java:45)
	at java.base/java.lang.reflect.Constructor.newInstanceWithCaller(Constructor.java:499)
	at java.base/java.lang.reflect.Constructor.newInstance(Constructor.java:480)
	at org.eclipse.core.internal.registry.osgi.RegistryStrategyOSGI.createExecutableExtension(RegistryStrategyOSGI.java:204)
	at org.eclipse.core.internal.registry.ExtensionRegistry.createExecutableExtension(ExtensionRegistry.java:920)
	at org.eclipse.core.internal.registry.ConfigurationElement.createExecutableExtension(ConfigurationElement.java:246)
	at org.eclipse.core.internal.registry.ConfigurationElementHandle.createExecutableExtension(ConfigurationElementHandle.java:63)
	at org.eclipse.lsp4e.LanguageServersRegistry$ExtensionLanguageServerDefinition.createConnectionProvider(LanguageServersRegistry.java:161)
	at org.eclipse.lsp4e.LanguageServerWrapper.lambda$0(LanguageServerWrapper.java:233)
	at java.base/java.util.concurrent.CompletableFuture$AsyncSupply.run(CompletableFuture.java:1768)
	at java.base/java.util.concurrent.CompletableFuture$AsyncSupply.exec(CompletableFuture.java:1760)
	at java.base/java.util.concurrent.ForkJoinTask.doExec(ForkJoinTask.java:373)
	at java.base/java.util.concurrent.ForkJoinPool$WorkQueue.topLevelExec(ForkJoinPool.java:1182)
	at java.base/java.util.concurrent.ForkJoinPool.scan(ForkJoinPool.java:1655)
	at java.base/java.util.concurrent.ForkJoinPool.runWorker(ForkJoinPool.java:1622)
	at java.base/java.util.concurrent.ForkJoinWorkerThread.run(ForkJoinWorkerThread.java:165)

!ENTRY org.eclipse.lsp4e 4 0 2025-02-15 22:17:06.123
!MESSAGE Exception occurred while creating an instance of the stream connection provider
!STACK 0
java.lang.RuntimeException: Exception occurred while creating an instance of the stream connection provider
	at org.eclipse.lsp4e.LanguageServersRegistry$ExtensionLanguageServerDefinition.createConnectionProvider(LanguageServersRegistry.java:164)
	at org.eclipse.lsp4e.LanguageServerWrapper.lambda$0(LanguageServerWrapper.java:233)
	at java.base/java.util.concurrent.CompletableFuture$AsyncSupply.run(CompletableFuture.java:1768)
	at java.base/java.util.concurrent.CompletableFuture$AsyncSupply.exec(CompletableFuture.java:1760)
	at java.base/java.util.concurrent.ForkJoinTask.doExec(ForkJoinTask.java:373)
	at java.base/java.util.concurrent.ForkJoinPool$WorkQueue.topLevelExec(ForkJoinPool.java:1182)
	at java.base/java.util.concurrent.ForkJoinPool.scan(ForkJoinPool.java:1655)
	at java.base/java.util.concurrent.ForkJoinPool.runWorker(ForkJoinPool.java:1622)
	at java.base/java.util.concurrent.ForkJoinWorkerThread.run(ForkJoinWorkerThread.java:165)
Caused by: org.eclipse.core.runtime.CoreException: プラグイン "org.eclipse.wildwebdeveloper" は、クラス "org.eclipse.wildwebdeveloper.html.HTMLLanguageServer" をインスタンス化できませんでした。
	at org.eclipse.core.internal.registry.osgi.RegistryStrategyOSGI.throwException(RegistryStrategyOSGI.java:212)
	at org.eclipse.core.internal.registry.osgi.RegistryStrategyOSGI.createExecutableExtension(RegistryStrategyOSGI.java:206)
	at org.eclipse.core.internal.registry.ExtensionRegistry.createExecutableExtension(ExtensionRegistry.java:920)
	at org.eclipse.core.internal.registry.ConfigurationElement.createExecutableExtension(ConfigurationElement.java:246)
	at org.eclipse.core.internal.registry.ConfigurationElementHandle.createExecutableExtension(ConfigurationElementHandle.java:63)
	at org.eclipse.lsp4e.LanguageServersRegistry$ExtensionLanguageServerDefinition.createConnectionProvider(LanguageServersRegistry.java:161)
	... 8 more
Caused by: java.lang.reflect.InvocationTargetException
	at jdk.internal.reflect.GeneratedConstructorAccessor101.newInstance(Unknown Source)
	at java.base/jdk.internal.reflect.DelegatingConstructorAccessorImpl.newInstance(DelegatingConstructorAccessorImpl.java:45)
	at java.base/java.lang.reflect.Constructor.newInstanceWithCaller(Constructor.java:499)
	at java.base/java.lang.reflect.Constructor.newInstance(Constructor.java:480)
	at org.eclipse.core.internal.registry.osgi.RegistryStrategyOSGI.createExecutableExtension(RegistryStrategyOSGI.java:204)
	... 12 more
Caused by: java.lang.NullPointerException: Cannot invoke "java.io.File.getAbsolutePath()" because the return value of "org.eclipse.wildwebdeveloper.embedder.node.NodeJSManager.getNodeJsLocation()" is null
	at org.eclipse.wildwebdeveloper.html.HTMLLanguageServer.<init>(HTMLLanguageServer.java:40)
	... 17 more

!ENTRY org.eclipse.lsp4e 4 0 2025-02-15 22:17:06.124
!MESSAGE Cannot invoke "org.eclipse.lsp4e.server.StreamConnectionProvider.getInputStream()" because "this.lspStreamProvider" is null
!STACK 0
java.lang.NullPointerException: Cannot invoke "org.eclipse.lsp4e.server.StreamConnectionProvider.getInputStream()" because "this.lspStreamProvider" is null
	at org.eclipse.lsp4e.LanguageServerWrapper.lambda$1(LanguageServerWrapper.java:284)
	at java.base/java.util.concurrent.CompletableFuture$UniApply.tryFire(CompletableFuture.java:646)
	at java.base/java.util.concurrent.CompletableFuture.postComplete(CompletableFuture.java:510)
	at java.base/java.util.concurrent.CompletableFuture$AsyncSupply.run(CompletableFuture.java:1773)
	at java.base/java.util.concurrent.CompletableFuture$AsyncSupply.exec(CompletableFuture.java:1760)
	at java.base/java.util.concurrent.ForkJoinTask.doExec(ForkJoinTask.java:373)
	at java.base/java.util.concurrent.ForkJoinPool$WorkQueue.topLevelExec(ForkJoinPool.java:1182)
	at java.base/java.util.concurrent.ForkJoinPool.scan(ForkJoinPool.java:1655)
	at java.base/java.util.concurrent.ForkJoinPool.runWorker(ForkJoinPool.java:1622)
	at java.base/java.util.concurrent.ForkJoinWorkerThread.run(ForkJoinWorkerThread.java:165)

!ENTRY org.eclipse.lsp4e 4 0 2025-02-15 22:17:06.230
!MESSAGE プラグイン "org.eclipse.wildwebdeveloper" は、クラス "org.eclipse.wildwebdeveloper.html.HTMLLanguageServer" をインスタンス化できませんでした。
!STACK 1
org.eclipse.core.runtime.CoreException: プラグイン "org.eclipse.wildwebdeveloper" は、クラス "org.eclipse.wildwebdeveloper.html.HTMLLanguageServer" をインスタンス化できませんでした。
	at org.eclipse.core.internal.registry.osgi.RegistryStrategyOSGI.throwException(RegistryStrategyOSGI.java:212)
	at org.eclipse.core.internal.registry.osgi.RegistryStrategyOSGI.createExecutableExtension(RegistryStrategyOSGI.java:206)
	at org.eclipse.core.internal.registry.ExtensionRegistry.createExecutableExtension(ExtensionRegistry.java:920)
	at org.eclipse.core.internal.registry.ConfigurationElement.createExecutableExtension(ConfigurationElement.java:246)
	at org.eclipse.core.internal.registry.ConfigurationElementHandle.createExecutableExtension(ConfigurationElementHandle.java:63)
	at org.eclipse.lsp4e.LanguageServersRegistry$ExtensionLanguageServerDefinition.createConnectionProvider(LanguageServersRegistry.java:161)
	at org.eclipse.lsp4e.LanguageServerWrapper.lambda$0(LanguageServerWrapper.java:233)
	at java.base/java.util.concurrent.CompletableFuture$AsyncSupply.run(CompletableFuture.java:1768)
	at java.base/java.util.concurrent.CompletableFuture$AsyncSupply.exec(CompletableFuture.java:1760)
	at java.base/java.util.concurrent.ForkJoinTask.doExec(ForkJoinTask.java:373)
	at java.base/java.util.concurrent.ForkJoinPool$WorkQueue.topLevelExec(ForkJoinPool.java:1182)
	at java.base/java.util.concurrent.ForkJoinPool.scan(ForkJoinPool.java:1655)
	at java.base/java.util.concurrent.ForkJoinPool.runWorker(ForkJoinPool.java:1622)
	at java.base/java.util.concurrent.ForkJoinWorkerThread.run(ForkJoinWorkerThread.java:165)
Caused by: java.lang.reflect.InvocationTargetException
	at jdk.internal.reflect.GeneratedConstructorAccessor101.newInstance(Unknown Source)
	at java.base/jdk.internal.reflect.DelegatingConstructorAccessorImpl.newInstance(DelegatingConstructorAccessorImpl.java:45)
	at java.base/java.lang.reflect.Constructor.newInstanceWithCaller(Constructor.java:499)
	at java.base/java.lang.reflect.Constructor.newInstance(Constructor.java:480)
	at org.eclipse.core.internal.registry.osgi.RegistryStrategyOSGI.createExecutableExtension(RegistryStrategyOSGI.java:204)
	... 12 more
Caused by: java.lang.NullPointerException: Cannot invoke "java.io.File.getAbsolutePath()" because the return value of "org.eclipse.wildwebdeveloper.embedder.node.NodeJSManager.getNodeJsLocation()" is null
	at org.eclipse.wildwebdeveloper.html.HTMLLanguageServer.<init>(HTMLLanguageServer.java:40)
	... 17 more
!SUBENTRY 1 org.eclipse.equinox.registry 4 1 2025-02-15 22:17:06.230
!MESSAGE プラグイン "org.eclipse.wildwebdeveloper" は、クラス "org.eclipse.wildwebdeveloper.html.HTMLLanguageServer" をインスタンス化できませんでした。
!STACK 0
java.lang.reflect.InvocationTargetException
	at jdk.internal.reflect.GeneratedConstructorAccessor101.newInstance(Unknown Source)
	at java.base/jdk.internal.reflect.DelegatingConstructorAccessorImpl.newInstance(DelegatingConstructorAccessorImpl.java:45)
	at java.base/java.lang.reflect.Constructor.newInstanceWithCaller(Constructor.java:499)
	at java.base/java.lang.reflect.Constructor.newInstance(Constructor.java:480)
	at org.eclipse.core.internal.registry.osgi.RegistryStrategyOSGI.createExecutableExtension(RegistryStrategyOSGI.java:204)
	at org.eclipse.core.internal.registry.ExtensionRegistry.createExecutableExtension(ExtensionRegistry.java:920)
	at org.eclipse.core.internal.registry.ConfigurationElement.createExecutableExtension(ConfigurationElement.java:246)
	at org.eclipse.core.internal.registry.ConfigurationElementHandle.createExecutableExtension(ConfigurationElementHandle.java:63)
	at org.eclipse.lsp4e.LanguageServersRegistry$ExtensionLanguageServerDefinition.createConnectionProvider(LanguageServersRegistry.java:161)
	at org.eclipse.lsp4e.LanguageServerWrapper.lambda$0(LanguageServerWrapper.java:233)
	at java.base/java.util.concurrent.CompletableFuture$AsyncSupply.run(CompletableFuture.java:1768)
	at java.base/java.util.concurrent.CompletableFuture$AsyncSupply.exec(CompletableFuture.java:1760)
	at java.base/java.util.concurrent.ForkJoinTask.doExec(ForkJoinTask.java:373)
	at java.base/java.util.concurrent.ForkJoinPool$WorkQueue.topLevelExec(ForkJoinPool.java:1182)
	at java.base/java.util.concurrent.ForkJoinPool.scan(ForkJoinPool.java:1655)
	at java.base/java.util.concurrent.ForkJoinPool.runWorker(ForkJoinPool.java:1622)
	at java.base/java.util.concurrent.ForkJoinWorkerThread.run(ForkJoinWorkerThread.java:165)
Caused by: java.lang.NullPointerException: Cannot invoke "java.io.File.getAbsolutePath()" because the return value of "org.eclipse.wildwebdeveloper.embedder.node.NodeJSManager.getNodeJsLocation()" is null
	at org.eclipse.wildwebdeveloper.html.HTMLLanguageServer.<init>(HTMLLanguageServer.java:40)
	... 17 more
Root exception:
java.lang.NullPointerException: Cannot invoke "java.io.File.getAbsolutePath()" because the return value of "org.eclipse.wildwebdeveloper.embedder.node.NodeJSManager.getNodeJsLocation()" is null
	at org.eclipse.wildwebdeveloper.html.HTMLLanguageServer.<init>(HTMLLanguageServer.java:40)
	at jdk.internal.reflect.GeneratedConstructorAccessor101.newInstance(Unknown Source)
	at java.base/jdk.internal.reflect.DelegatingConstructorAccessorImpl.newInstance(DelegatingConstructorAccessorImpl.java:45)
	at java.base/java.lang.reflect.Constructor.newInstanceWithCaller(Constructor.java:499)
	at java.base/java.lang.reflect.Constructor.newInstance(Constructor.java:480)
	at org.eclipse.core.internal.registry.osgi.RegistryStrategyOSGI.createExecutableExtension(RegistryStrategyOSGI.java:204)
	at org.eclipse.core.internal.registry.ExtensionRegistry.createExecutableExtension(ExtensionRegistry.java:920)
	at org.eclipse.core.internal.registry.ConfigurationElement.createExecutableExtension(ConfigurationElement.java:246)
	at org.eclipse.core.internal.registry.ConfigurationElementHandle.createExecutableExtension(ConfigurationElementHandle.java:63)
	at org.eclipse.lsp4e.LanguageServersRegistry$ExtensionLanguageServerDefinition.createConnectionProvider(LanguageServersRegistry.java:161)
	at org.eclipse.lsp4e.LanguageServerWrapper.lambda$0(LanguageServerWrapper.java:233)
	at java.base/java.util.concurrent.CompletableFuture$AsyncSupply.run(CompletableFuture.java:1768)
	at java.base/java.util.concurrent.CompletableFuture$AsyncSupply.exec(CompletableFuture.java:1760)
	at java.base/java.util.concurrent.ForkJoinTask.doExec(ForkJoinTask.java:373)
	at java.base/java.util.concurrent.ForkJoinPool$WorkQueue.topLevelExec(ForkJoinPool.java:1182)
	at java.base/java.util.concurrent.ForkJoinPool.scan(ForkJoinPool.java:1655)
	at java.base/java.util.concurrent.ForkJoinPool.runWorker(ForkJoinPool.java:1622)
	at java.base/java.util.concurrent.ForkJoinWorkerThread.run(ForkJoinWorkerThread.java:165)

!ENTRY org.eclipse.lsp4e 4 0 2025-02-15 22:17:06.230
!MESSAGE Exception occurred while creating an instance of the stream connection provider
!STACK 0
java.lang.RuntimeException: Exception occurred while creating an instance of the stream connection provider
	at org.eclipse.lsp4e.LanguageServersRegistry$ExtensionLanguageServerDefinition.createConnectionProvider(LanguageServersRegistry.java:164)
	at org.eclipse.lsp4e.LanguageServerWrapper.lambda$0(LanguageServerWrapper.java:233)
	at java.base/java.util.concurrent.CompletableFuture$AsyncSupply.run(CompletableFuture.java:1768)
	at java.base/java.util.concurrent.CompletableFuture$AsyncSupply.exec(CompletableFuture.java:1760)
	at java.base/java.util.concurrent.ForkJoinTask.doExec(ForkJoinTask.java:373)
	at java.base/java.util.concurrent.ForkJoinPool$WorkQueue.topLevelExec(ForkJoinPool.java:1182)
	at java.base/java.util.concurrent.ForkJoinPool.scan(ForkJoinPool.java:1655)
	at java.base/java.util.concurrent.ForkJoinPool.runWorker(ForkJoinPool.java:1622)
	at java.base/java.util.concurrent.ForkJoinWorkerThread.run(ForkJoinWorkerThread.java:165)
Caused by: org.eclipse.core.runtime.CoreException: プラグイン "org.eclipse.wildwebdeveloper" は、クラス "org.eclipse.wildwebdeveloper.html.HTMLLanguageServer" をインスタンス化できませんでした。
	at org.eclipse.core.internal.registry.osgi.RegistryStrategyOSGI.throwException(RegistryStrategyOSGI.java:212)
	at org.eclipse.core.internal.registry.osgi.RegistryStrategyOSGI.createExecutableExtension(RegistryStrategyOSGI.java:206)
	at org.eclipse.core.internal.registry.ExtensionRegistry.createExecutableExtension(ExtensionRegistry.java:920)
	at org.eclipse.core.internal.registry.ConfigurationElement.createExecutableExtension(ConfigurationElement.java:246)
	at org.eclipse.core.internal.registry.ConfigurationElementHandle.createExecutableExtension(ConfigurationElementHandle.java:63)
	at org.eclipse.lsp4e.LanguageServersRegistry$ExtensionLanguageServerDefinition.createConnectionProvider(LanguageServersRegistry.java:161)
	... 8 more
Caused by: java.lang.reflect.InvocationTargetException
	at jdk.internal.reflect.GeneratedConstructorAccessor101.newInstance(Unknown Source)
	at java.base/jdk.internal.reflect.DelegatingConstructorAccessorImpl.newInstance(DelegatingConstructorAccessorImpl.java:45)
	at java.base/java.lang.reflect.Constructor.newInstanceWithCaller(Constructor.java:499)
	at java.base/java.lang.reflect.Constructor.newInstance(Constructor.java:480)
	at org.eclipse.core.internal.registry.osgi.RegistryStrategyOSGI.createExecutableExtension(RegistryStrategyOSGI.java:204)
	... 12 more
Caused by: java.lang.NullPointerException: Cannot invoke "java.io.File.getAbsolutePath()" because the return value of "org.eclipse.wildwebdeveloper.embedder.node.NodeJSManager.getNodeJsLocation()" is null
	at org.eclipse.wildwebdeveloper.html.HTMLLanguageServer.<init>(HTMLLanguageServer.java:40)
	... 17 more

!ENTRY org.eclipse.lsp4e 4 0 2025-02-15 22:17:06.231
!MESSAGE Cannot invoke "org.eclipse.lsp4e.server.StreamConnectionProvider.getInputStream()" because "this.lspStreamProvider" is null
!STACK 0
java.lang.NullPointerException: Cannot invoke "org.eclipse.lsp4e.server.StreamConnectionProvider.getInputStream()" because "this.lspStreamProvider" is null
	at org.eclipse.lsp4e.LanguageServerWrapper.lambda$1(LanguageServerWrapper.java:284)
	at java.base/java.util.concurrent.CompletableFuture$UniApply.tryFire(CompletableFuture.java:646)
	at java.base/java.util.concurrent.CompletableFuture.postComplete(CompletableFuture.java:510)
	at java.base/java.util.concurrent.CompletableFuture$AsyncSupply.run(CompletableFuture.java:1773)
	at java.base/java.util.concurrent.CompletableFuture$AsyncSupply.exec(CompletableFuture.java:1760)
	at java.base/java.util.concurrent.ForkJoinTask.doExec(ForkJoinTask.java:373)
	at java.base/java.util.concurrent.ForkJoinPool$WorkQueue.topLevelExec(ForkJoinPool.java:1182)
	at java.base/java.util.concurrent.ForkJoinPool.scan(ForkJoinPool.java:1655)
	at java.base/java.util.concurrent.ForkJoinPool.runWorker(ForkJoinPool.java:1622)
	at java.base/java.util.concurrent.ForkJoinWorkerThread.run(ForkJoinWorkerThread.java:165)

!ENTRY org.eclipse.lsp4e 4 0 2025-02-15 22:17:06.237
!MESSAGE プラグイン "org.eclipse.wildwebdeveloper" は、クラス "org.eclipse.wildwebdeveloper.angular.AngularLanguageServer" をインスタンス化できませんでした。
!STACK 1
org.eclipse.core.runtime.CoreException: プラグイン "org.eclipse.wildwebdeveloper" は、クラス "org.eclipse.wildwebdeveloper.angular.AngularLanguageServer" をインスタンス化できませんでした。
	at org.eclipse.core.internal.registry.osgi.RegistryStrategyOSGI.throwException(RegistryStrategyOSGI.java:212)
	at org.eclipse.core.internal.registry.osgi.RegistryStrategyOSGI.createExecutableExtension(RegistryStrategyOSGI.java:206)
	at org.eclipse.core.internal.registry.ExtensionRegistry.createExecutableExtension(ExtensionRegistry.java:920)
	at org.eclipse.core.internal.registry.ConfigurationElement.createExecutableExtension(ConfigurationElement.java:246)
	at org.eclipse.core.internal.registry.ConfigurationElementHandle.createExecutableExtension(ConfigurationElementHandle.java:63)
	at org.eclipse.lsp4e.LanguageServersRegistry$ExtensionLanguageServerDefinition.createConnectionProvider(LanguageServersRegistry.java:161)
	at org.eclipse.lsp4e.LanguageServerWrapper.lambda$0(LanguageServerWrapper.java:233)
	at java.base/java.util.concurrent.CompletableFuture$AsyncSupply.run(CompletableFuture.java:1768)
	at java.base/java.util.concurrent.CompletableFuture$AsyncSupply.exec(CompletableFuture.java:1760)
	at java.base/java.util.concurrent.ForkJoinTask.doExec(ForkJoinTask.java:373)
	at java.base/java.util.concurrent.ForkJoinPool$WorkQueue.topLevelExec(ForkJoinPool.java:1182)
	at java.base/java.util.concurrent.ForkJoinPool.scan(ForkJoinPool.java:1655)
	at java.base/java.util.concurrent.ForkJoinPool.runWorker(ForkJoinPool.java:1622)
	at java.base/java.util.concurrent.ForkJoinWorkerThread.run(ForkJoinWorkerThread.java:165)
Caused by: java.lang.reflect.InvocationTargetException
	at jdk.internal.reflect.GeneratedConstructorAccessor99.newInstance(Unknown Source)
	at java.base/jdk.internal.reflect.DelegatingConstructorAccessorImpl.newInstance(DelegatingConstructorAccessorImpl.java:45)
	at java.base/java.lang.reflect.Constructor.newInstanceWithCaller(Constructor.java:499)
	at java.base/java.lang.reflect.Constructor.newInstance(Constructor.java:480)
	at org.eclipse.core.internal.registry.osgi.RegistryStrategyOSGI.createExecutableExtension(RegistryStrategyOSGI.java:204)
	... 12 more
Caused by: java.lang.NullPointerException: Cannot invoke "java.io.File.getAbsolutePath()" because the return value of "org.eclipse.wildwebdeveloper.embedder.node.NodeJSManager.getNodeJsLocation()" is null
	at org.eclipse.wildwebdeveloper.angular.AngularLanguageServer.<init>(AngularLanguageServer.java:43)
	... 17 more
!SUBENTRY 1 org.eclipse.equinox.registry 4 1 2025-02-15 22:17:06.237
!MESSAGE プラグイン "org.eclipse.wildwebdeveloper" は、クラス "org.eclipse.wildwebdeveloper.angular.AngularLanguageServer" をインスタンス化できませんでした。
!STACK 0
java.lang.reflect.InvocationTargetException
	at jdk.internal.reflect.GeneratedConstructorAccessor99.newInstance(Unknown Source)
	at java.base/jdk.internal.reflect.DelegatingConstructorAccessorImpl.newInstance(DelegatingConstructorAccessorImpl.java:45)
	at java.base/java.lang.reflect.Constructor.newInstanceWithCaller(Constructor.java:499)
	at java.base/java.lang.reflect.Constructor.newInstance(Constructor.java:480)
	at org.eclipse.core.internal.registry.osgi.RegistryStrategyOSGI.createExecutableExtension(RegistryStrategyOSGI.java:204)
	at org.eclipse.core.internal.registry.ExtensionRegistry.createExecutableExtension(ExtensionRegistry.java:920)
	at org.eclipse.core.internal.registry.ConfigurationElement.createExecutableExtension(ConfigurationElement.java:246)
	at org.eclipse.core.internal.registry.ConfigurationElementHandle.createExecutableExtension(ConfigurationElementHandle.java:63)
	at org.eclipse.lsp4e.LanguageServersRegistry$ExtensionLanguageServerDefinition.createConnectionProvider(LanguageServersRegistry.java:161)
	at org.eclipse.lsp4e.LanguageServerWrapper.lambda$0(LanguageServerWrapper.java:233)
	at java.base/java.util.concurrent.CompletableFuture$AsyncSupply.run(CompletableFuture.java:1768)
	at java.base/java.util.concurrent.CompletableFuture$AsyncSupply.exec(CompletableFuture.java:1760)
	at java.base/java.util.concurrent.ForkJoinTask.doExec(ForkJoinTask.java:373)
	at java.base/java.util.concurrent.ForkJoinPool$WorkQueue.topLevelExec(ForkJoinPool.java:1182)
	at java.base/java.util.concurrent.ForkJoinPool.scan(ForkJoinPool.java:1655)
	at java.base/java.util.concurrent.ForkJoinPool.runWorker(ForkJoinPool.java:1622)
	at java.base/java.util.concurrent.ForkJoinWorkerThread.run(ForkJoinWorkerThread.java:165)
Caused by: java.lang.NullPointerException: Cannot invoke "java.io.File.getAbsolutePath()" because the return value of "org.eclipse.wildwebdeveloper.embedder.node.NodeJSManager.getNodeJsLocation()" is null
	at org.eclipse.wildwebdeveloper.angular.AngularLanguageServer.<init>(AngularLanguageServer.java:43)
	... 17 more
Root exception:
java.lang.NullPointerException: Cannot invoke "java.io.File.getAbsolutePath()" because the return value of "org.eclipse.wildwebdeveloper.embedder.node.NodeJSManager.getNodeJsLocation()" is null
	at org.eclipse.wildwebdeveloper.angular.AngularLanguageServer.<init>(AngularLanguageServer.java:43)
	at jdk.internal.reflect.GeneratedConstructorAccessor99.newInstance(Unknown Source)
	at java.base/jdk.internal.reflect.DelegatingConstructorAccessorImpl.newInstance(DelegatingConstructorAccessorImpl.java:45)
	at java.base/java.lang.reflect.Constructor.newInstanceWithCaller(Constructor.java:499)
	at java.base/java.lang.reflect.Constructor.newInstance(Constructor.java:480)
	at org.eclipse.core.internal.registry.osgi.RegistryStrategyOSGI.createExecutableExtension(RegistryStrategyOSGI.java:204)
	at org.eclipse.core.internal.registry.ExtensionRegistry.createExecutableExtension(ExtensionRegistry.java:920)
	at org.eclipse.core.internal.registry.ConfigurationElement.createExecutableExtension(ConfigurationElement.java:246)
	at org.eclipse.core.internal.registry.ConfigurationElementHandle.createExecutableExtension(ConfigurationElementHandle.java:63)
	at org.eclipse.lsp4e.LanguageServersRegistry$ExtensionLanguageServerDefinition.createConnectionProvider(LanguageServersRegistry.java:161)
	at org.eclipse.lsp4e.LanguageServerWrapper.lambda$0(LanguageServerWrapper.java:233)
	at java.base/java.util.concurrent.CompletableFuture$AsyncSupply.run(CompletableFuture.java:1768)
	at java.base/java.util.concurrent.CompletableFuture$AsyncSupply.exec(CompletableFuture.java:1760)
	at java.base/java.util.concurrent.ForkJoinTask.doExec(ForkJoinTask.java:373)
	at java.base/java.util.concurrent.ForkJoinPool$WorkQueue.topLevelExec(ForkJoinPool.java:1182)
	at java.base/java.util.concurrent.ForkJoinPool.scan(ForkJoinPool.java:1655)
	at java.base/java.util.concurrent.ForkJoinPool.runWorker(ForkJoinPool.java:1622)
	at java.base/java.util.concurrent.ForkJoinWorkerThread.run(ForkJoinWorkerThread.java:165)

!ENTRY org.eclipse.lsp4e 4 0 2025-02-15 22:17:06.238
!MESSAGE Exception occurred while creating an instance of the stream connection provider
!STACK 0
java.lang.RuntimeException: Exception occurred while creating an instance of the stream connection provider
	at org.eclipse.lsp4e.LanguageServersRegistry$ExtensionLanguageServerDefinition.createConnectionProvider(LanguageServersRegistry.java:164)
	at org.eclipse.lsp4e.LanguageServerWrapper.lambda$0(LanguageServerWrapper.java:233)
	at java.base/java.util.concurrent.CompletableFuture$AsyncSupply.run(CompletableFuture.java:1768)
	at java.base/java.util.concurrent.CompletableFuture$AsyncSupply.exec(CompletableFuture.java:1760)
	at java.base/java.util.concurrent.ForkJoinTask.doExec(ForkJoinTask.java:373)
	at java.base/java.util.concurrent.ForkJoinPool$WorkQueue.topLevelExec(ForkJoinPool.java:1182)
	at java.base/java.util.concurrent.ForkJoinPool.scan(ForkJoinPool.java:1655)
	at java.base/java.util.concurrent.ForkJoinPool.runWorker(ForkJoinPool.java:1622)
	at java.base/java.util.concurrent.ForkJoinWorkerThread.run(ForkJoinWorkerThread.java:165)
Caused by: org.eclipse.core.runtime.CoreException: プラグイン "org.eclipse.wildwebdeveloper" は、クラス "org.eclipse.wildwebdeveloper.angular.AngularLanguageServer" をインスタンス化できませんでした。
	at org.eclipse.core.internal.registry.osgi.RegistryStrategyOSGI.throwException(RegistryStrategyOSGI.java:212)
	at org.eclipse.core.internal.registry.osgi.RegistryStrategyOSGI.createExecutableExtension(RegistryStrategyOSGI.java:206)
	at org.eclipse.core.internal.registry.ExtensionRegistry.createExecutableExtension(ExtensionRegistry.java:920)
	at org.eclipse.core.internal.registry.ConfigurationElement.createExecutableExtension(ConfigurationElement.java:246)
	at org.eclipse.core.internal.registry.ConfigurationElementHandle.createExecutableExtension(ConfigurationElementHandle.java:63)
	at org.eclipse.lsp4e.LanguageServersRegistry$ExtensionLanguageServerDefinition.createConnectionProvider(LanguageServersRegistry.java:161)
	... 8 more
Caused by: java.lang.reflect.InvocationTargetException
	at jdk.internal.reflect.GeneratedConstructorAccessor99.newInstance(Unknown Source)
	at java.base/jdk.internal.reflect.DelegatingConstructorAccessorImpl.newInstance(DelegatingConstructorAccessorImpl.java:45)
	at java.base/java.lang.reflect.Constructor.newInstanceWithCaller(Constructor.java:499)
	at java.base/java.lang.reflect.Constructor.newInstance(Constructor.java:480)
	at org.eclipse.core.internal.registry.osgi.RegistryStrategyOSGI.createExecutableExtension(RegistryStrategyOSGI.java:204)
	... 12 more
Caused by: java.lang.NullPointerException: Cannot invoke "java.io.File.getAbsolutePath()" because the return value of "org.eclipse.wildwebdeveloper.embedder.node.NodeJSManager.getNodeJsLocation()" is null
	at org.eclipse.wildwebdeveloper.angular.AngularLanguageServer.<init>(AngularLanguageServer.java:43)
	... 17 more

!ENTRY org.eclipse.lsp4e 4 0 2025-02-15 22:17:06.239
!MESSAGE Cannot invoke "org.eclipse.lsp4e.server.StreamConnectionProvider.getInputStream()" because "this.lspStreamProvider" is null
!STACK 0
java.lang.NullPointerException: Cannot invoke "org.eclipse.lsp4e.server.StreamConnectionProvider.getInputStream()" because "this.lspStreamProvider" is null
	at org.eclipse.lsp4e.LanguageServerWrapper.lambda$1(LanguageServerWrapper.java:284)
	at java.base/java.util.concurrent.CompletableFuture$UniApply.tryFire(CompletableFuture.java:646)
	at java.base/java.util.concurrent.CompletableFuture.postComplete(CompletableFuture.java:510)
	at java.base/java.util.concurrent.CompletableFuture$AsyncSupply.run(CompletableFuture.java:1773)
	at java.base/java.util.concurrent.CompletableFuture$AsyncSupply.exec(CompletableFuture.java:1760)
	at java.base/java.util.concurrent.ForkJoinTask.doExec(ForkJoinTask.java:373)
	at java.base/java.util.concurrent.ForkJoinPool$WorkQueue.topLevelExec(ForkJoinPool.java:1182)
	at java.base/java.util.concurrent.ForkJoinPool.scan(ForkJoinPool.java:1655)
	at java.base/java.util.concurrent.ForkJoinPool.runWorker(ForkJoinPool.java:1622)
	at java.base/java.util.concurrent.ForkJoinWorkerThread.run(ForkJoinWorkerThread.java:165)

!ENTRY org.eclipse.lsp4e 4 0 2025-02-15 22:17:06.365
!MESSAGE プラグイン "org.eclipse.wildwebdeveloper" は、クラス "org.eclipse.wildwebdeveloper.html.HTMLLanguageServer" をインスタンス化できませんでした。
!STACK 1
org.eclipse.core.runtime.CoreException: プラグイン "org.eclipse.wildwebdeveloper" は、クラス "org.eclipse.wildwebdeveloper.html.HTMLLanguageServer" をインスタンス化できませんでした。
	at org.eclipse.core.internal.registry.osgi.RegistryStrategyOSGI.throwException(RegistryStrategyOSGI.java:212)
	at org.eclipse.core.internal.registry.osgi.RegistryStrategyOSGI.createExecutableExtension(RegistryStrategyOSGI.java:206)
	at org.eclipse.core.internal.registry.ExtensionRegistry.createExecutableExtension(ExtensionRegistry.java:920)
	at org.eclipse.core.internal.registry.ConfigurationElement.createExecutableExtension(ConfigurationElement.java:246)
	at org.eclipse.core.internal.registry.ConfigurationElementHandle.createExecutableExtension(ConfigurationElementHandle.java:63)
	at org.eclipse.lsp4e.LanguageServersRegistry$ExtensionLanguageServerDefinition.createConnectionProvider(LanguageServersRegistry.java:161)
	at org.eclipse.lsp4e.LanguageServerWrapper.lambda$0(LanguageServerWrapper.java:233)
	at java.base/java.util.concurrent.CompletableFuture$AsyncSupply.run(CompletableFuture.java:1768)
	at java.base/java.util.concurrent.CompletableFuture$AsyncSupply.exec(CompletableFuture.java:1760)
	at java.base/java.util.concurrent.ForkJoinTask.doExec(ForkJoinTask.java:373)
	at java.base/java.util.concurrent.ForkJoinPool$WorkQueue.topLevelExec(ForkJoinPool.java:1182)
	at java.base/java.util.concurrent.ForkJoinPool.scan(ForkJoinPool.java:1655)
	at java.base/java.util.concurrent.ForkJoinPool.runWorker(ForkJoinPool.java:1622)
	at java.base/java.util.concurrent.ForkJoinWorkerThread.run(ForkJoinWorkerThread.java:165)
Caused by: java.lang.reflect.InvocationTargetException
	at jdk.internal.reflect.GeneratedConstructorAccessor101.newInstance(Unknown Source)
	at java.base/jdk.internal.reflect.DelegatingConstructorAccessorImpl.newInstance(DelegatingConstructorAccessorImpl.java:45)
	at java.base/java.lang.reflect.Constructor.newInstanceWithCaller(Constructor.java:499)
	at java.base/java.lang.reflect.Constructor.newInstance(Constructor.java:480)
	at org.eclipse.core.internal.registry.osgi.RegistryStrategyOSGI.createExecutableExtension(RegistryStrategyOSGI.java:204)
	... 12 more
Caused by: java.lang.NullPointerException: Cannot invoke "java.io.File.getAbsolutePath()" because the return value of "org.eclipse.wildwebdeveloper.embedder.node.NodeJSManager.getNodeJsLocation()" is null
	at org.eclipse.wildwebdeveloper.html.HTMLLanguageServer.<init>(HTMLLanguageServer.java:40)
	... 17 more
!SUBENTRY 1 org.eclipse.equinox.registry 4 1 2025-02-15 22:17:06.365
!MESSAGE プラグイン "org.eclipse.wildwebdeveloper" は、クラス "org.eclipse.wildwebdeveloper.html.HTMLLanguageServer" をインスタンス化できませんでした。
!STACK 0
java.lang.reflect.InvocationTargetException
	at jdk.internal.reflect.GeneratedConstructorAccessor101.newInstance(Unknown Source)
	at java.base/jdk.internal.reflect.DelegatingConstructorAccessorImpl.newInstance(DelegatingConstructorAccessorImpl.java:45)
	at java.base/java.lang.reflect.Constructor.newInstanceWithCaller(Constructor.java:499)
	at java.base/java.lang.reflect.Constructor.newInstance(Constructor.java:480)
	at org.eclipse.core.internal.registry.osgi.RegistryStrategyOSGI.createExecutableExtension(RegistryStrategyOSGI.java:204)
	at org.eclipse.core.internal.registry.ExtensionRegistry.createExecutableExtension(ExtensionRegistry.java:920)
	at org.eclipse.core.internal.registry.ConfigurationElement.createExecutableExtension(ConfigurationElement.java:246)
	at org.eclipse.core.internal.registry.ConfigurationElementHandle.createExecutableExtension(ConfigurationElementHandle.java:63)
	at org.eclipse.lsp4e.LanguageServersRegistry$ExtensionLanguageServerDefinition.createConnectionProvider(LanguageServersRegistry.java:161)
	at org.eclipse.lsp4e.LanguageServerWrapper.lambda$0(LanguageServerWrapper.java:233)
	at java.base/java.util.concurrent.CompletableFuture$AsyncSupply.run(CompletableFuture.java:1768)
	at java.base/java.util.concurrent.CompletableFuture$AsyncSupply.exec(CompletableFuture.java:1760)
	at java.base/java.util.concurrent.ForkJoinTask.doExec(ForkJoinTask.java:373)
	at java.base/java.util.concurrent.ForkJoinPool$WorkQueue.topLevelExec(ForkJoinPool.java:1182)
	at java.base/java.util.concurrent.ForkJoinPool.scan(ForkJoinPool.java:1655)
	at java.base/java.util.concurrent.ForkJoinPool.runWorker(ForkJoinPool.java:1622)
	at java.base/java.util.concurrent.ForkJoinWorkerThread.run(ForkJoinWorkerThread.java:165)
Caused by: java.lang.NullPointerException: Cannot invoke "java.io.File.getAbsolutePath()" because the return value of "org.eclipse.wildwebdeveloper.embedder.node.NodeJSManager.getNodeJsLocation()" is null
	at org.eclipse.wildwebdeveloper.html.HTMLLanguageServer.<init>(HTMLLanguageServer.java:40)
	... 17 more
Root exception:
java.lang.NullPointerException: Cannot invoke "java.io.File.getAbsolutePath()" because the return value of "org.eclipse.wildwebdeveloper.embedder.node.NodeJSManager.getNodeJsLocation()" is null
	at org.eclipse.wildwebdeveloper.html.HTMLLanguageServer.<init>(HTMLLanguageServer.java:40)
	at jdk.internal.reflect.GeneratedConstructorAccessor101.newInstance(Unknown Source)
	at java.base/jdk.internal.reflect.DelegatingConstructorAccessorImpl.newInstance(DelegatingConstructorAccessorImpl.java:45)
	at java.base/java.lang.reflect.Constructor.newInstanceWithCaller(Constructor.java:499)
	at java.base/java.lang.reflect.Constructor.newInstance(Constructor.java:480)
	at org.eclipse.core.internal.registry.osgi.RegistryStrategyOSGI.createExecutableExtension(RegistryStrategyOSGI.java:204)
	at org.eclipse.core.internal.registry.ExtensionRegistry.createExecutableExtension(ExtensionRegistry.java:920)
	at org.eclipse.core.internal.registry.ConfigurationElement.createExecutableExtension(ConfigurationElement.java:246)
	at org.eclipse.core.internal.registry.ConfigurationElementHandle.createExecutableExtension(ConfigurationElementHandle.java:63)
	at org.eclipse.lsp4e.LanguageServersRegistry$ExtensionLanguageServerDefinition.createConnectionProvider(LanguageServersRegistry.java:161)
	at org.eclipse.lsp4e.LanguageServerWrapper.lambda$0(LanguageServerWrapper.java:233)
	at java.base/java.util.concurrent.CompletableFuture$AsyncSupply.run(CompletableFuture.java:1768)
	at java.base/java.util.concurrent.CompletableFuture$AsyncSupply.exec(CompletableFuture.java:1760)
	at java.base/java.util.concurrent.ForkJoinTask.doExec(ForkJoinTask.java:373)
	at java.base/java.util.concurrent.ForkJoinPool$WorkQueue.topLevelExec(ForkJoinPool.java:1182)
	at java.base/java.util.concurrent.ForkJoinPool.scan(ForkJoinPool.java:1655)
	at java.base/java.util.concurrent.ForkJoinPool.runWorker(ForkJoinPool.java:1622)
	at java.base/java.util.concurrent.ForkJoinWorkerThread.run(ForkJoinWorkerThread.java:165)

!ENTRY org.eclipse.lsp4e 4 0 2025-02-15 22:17:06.366
!MESSAGE プラグイン "org.eclipse.wildwebdeveloper" は、クラス "org.eclipse.wildwebdeveloper.angular.AngularLanguageServer" をインスタンス化できませんでした。
!STACK 1
org.eclipse.core.runtime.CoreException: プラグイン "org.eclipse.wildwebdeveloper" は、クラス "org.eclipse.wildwebdeveloper.angular.AngularLanguageServer" をインスタンス化できませんでした。
	at org.eclipse.core.internal.registry.osgi.RegistryStrategyOSGI.throwException(RegistryStrategyOSGI.java:212)
	at org.eclipse.core.internal.registry.osgi.RegistryStrategyOSGI.createExecutableExtension(RegistryStrategyOSGI.java:206)
	at org.eclipse.core.internal.registry.ExtensionRegistry.createExecutableExtension(ExtensionRegistry.java:920)
	at org.eclipse.core.internal.registry.ConfigurationElement.createExecutableExtension(ConfigurationElement.java:246)
	at org.eclipse.core.internal.registry.ConfigurationElementHandle.createExecutableExtension(ConfigurationElementHandle.java:63)
	at org.eclipse.lsp4e.LanguageServersRegistry$ExtensionLanguageServerDefinition.createConnectionProvider(LanguageServersRegistry.java:161)
	at org.eclipse.lsp4e.LanguageServerWrapper.lambda$0(LanguageServerWrapper.java:233)
	at java.base/java.util.concurrent.CompletableFuture$AsyncSupply.run(CompletableFuture.java:1768)
	at java.base/java.util.concurrent.CompletableFuture$AsyncSupply.exec(CompletableFuture.java:1760)
	at java.base/java.util.concurrent.ForkJoinTask.doExec(ForkJoinTask.java:373)
	at java.base/java.util.concurrent.ForkJoinPool$WorkQueue.topLevelExec(ForkJoinPool.java:1182)
	at java.base/java.util.concurrent.ForkJoinPool.scan(ForkJoinPool.java:1655)
	at java.base/java.util.concurrent.ForkJoinPool.runWorker(ForkJoinPool.java:1622)
	at java.base/java.util.concurrent.ForkJoinWorkerThread.run(ForkJoinWorkerThread.java:165)
Caused by: java.lang.reflect.InvocationTargetException
	at jdk.internal.reflect.GeneratedConstructorAccessor99.newInstance(Unknown Source)
	at java.base/jdk.internal.reflect.DelegatingConstructorAccessorImpl.newInstance(DelegatingConstructorAccessorImpl.java:45)
	at java.base/java.lang.reflect.Constructor.newInstanceWithCaller(Constructor.java:499)
	at java.base/java.lang.reflect.Constructor.newInstance(Constructor.java:480)
	at org.eclipse.core.internal.registry.osgi.RegistryStrategyOSGI.createExecutableExtension(RegistryStrategyOSGI.java:204)
	... 12 more
Caused by: java.lang.NullPointerException: Cannot invoke "java.io.File.getAbsolutePath()" because the return value of "org.eclipse.wildwebdeveloper.embedder.node.NodeJSManager.getNodeJsLocation()" is null
	at org.eclipse.wildwebdeveloper.angular.AngularLanguageServer.<init>(AngularLanguageServer.java:43)
	... 17 more
!SUBENTRY 1 org.eclipse.equinox.registry 4 1 2025-02-15 22:17:06.366
!MESSAGE プラグイン "org.eclipse.wildwebdeveloper" は、クラス "org.eclipse.wildwebdeveloper.angular.AngularLanguageServer" をインスタンス化できませんでした。
!STACK 0
java.lang.reflect.InvocationTargetException
	at jdk.internal.reflect.GeneratedConstructorAccessor99.newInstance(Unknown Source)
	at java.base/jdk.internal.reflect.DelegatingConstructorAccessorImpl.newInstance(DelegatingConstructorAccessorImpl.java:45)
	at java.base/java.lang.reflect.Constructor.newInstanceWithCaller(Constructor.java:499)
	at java.base/java.lang.reflect.Constructor.newInstance(Constructor.java:480)
	at org.eclipse.core.internal.registry.osgi.RegistryStrategyOSGI.createExecutableExtension(RegistryStrategyOSGI.java:204)
	at org.eclipse.core.internal.registry.ExtensionRegistry.createExecutableExtension(ExtensionRegistry.java:920)
	at org.eclipse.core.internal.registry.ConfigurationElement.createExecutableExtension(ConfigurationElement.java:246)
	at org.eclipse.core.internal.registry.ConfigurationElementHandle.createExecutableExtension(ConfigurationElementHandle.java:63)
	at org.eclipse.lsp4e.LanguageServersRegistry$ExtensionLanguageServerDefinition.createConnectionProvider(LanguageServersRegistry.java:161)
	at org.eclipse.lsp4e.LanguageServerWrapper.lambda$0(LanguageServerWrapper.java:233)
	at java.base/java.util.concurrent.CompletableFuture$AsyncSupply.run(CompletableFuture.java:1768)
	at java.base/java.util.concurrent.CompletableFuture$AsyncSupply.exec(CompletableFuture.java:1760)
	at java.base/java.util.concurrent.ForkJoinTask.doExec(ForkJoinTask.java:373)
	at java.base/java.util.concurrent.ForkJoinPool$WorkQueue.topLevelExec(ForkJoinPool.java:1182)
	at java.base/java.util.concurrent.ForkJoinPool.scan(ForkJoinPool.java:1655)
	at java.base/java.util.concurrent.ForkJoinPool.runWorker(ForkJoinPool.java:1622)
	at java.base/java.util.concurrent.ForkJoinWorkerThread.run(ForkJoinWorkerThread.java:165)
Caused by: java.lang.NullPointerException: Cannot invoke "java.io.File.getAbsolutePath()" because the return value of "org.eclipse.wildwebdeveloper.embedder.node.NodeJSManager.getNodeJsLocation()" is null
	at org.eclipse.wildwebdeveloper.angular.AngularLanguageServer.<init>(AngularLanguageServer.java:43)
	... 17 more
Root exception:
java.lang.NullPointerException: Cannot invoke "java.io.File.getAbsolutePath()" because the return value of "org.eclipse.wildwebdeveloper.embedder.node.NodeJSManager.getNodeJsLocation()" is null
	at org.eclipse.wildwebdeveloper.angular.AngularLanguageServer.<init>(AngularLanguageServer.java:43)
	at jdk.internal.reflect.GeneratedConstructorAccessor99.newInstance(Unknown Source)
	at java.base/jdk.internal.reflect.DelegatingConstructorAccessorImpl.newInstance(DelegatingConstructorAccessorImpl.java:45)
	at java.base/java.lang.reflect.Constructor.newInstanceWithCaller(Constructor.java:499)
	at java.base/java.lang.reflect.Constructor.newInstance(Constructor.java:480)
	at org.eclipse.core.internal.registry.osgi.RegistryStrategyOSGI.createExecutableExtension(RegistryStrategyOSGI.java:204)
	at org.eclipse.core.internal.registry.ExtensionRegistry.createExecutableExtension(ExtensionRegistry.java:920)
	at org.eclipse.core.internal.registry.ConfigurationElement.createExecutableExtension(ConfigurationElement.java:246)
	at org.eclipse.core.internal.registry.ConfigurationElementHandle.createExecutableExtension(ConfigurationElementHandle.java:63)
	at org.eclipse.lsp4e.LanguageServersRegistry$ExtensionLanguageServerDefinition.createConnectionProvider(LanguageServersRegistry.java:161)
	at org.eclipse.lsp4e.LanguageServerWrapper.lambda$0(LanguageServerWrapper.java:233)
	at java.base/java.util.concurrent.CompletableFuture$AsyncSupply.run(CompletableFuture.java:1768)
	at java.base/java.util.concurrent.CompletableFuture$AsyncSupply.exec(CompletableFuture.java:1760)
	at java.base/java.util.concurrent.ForkJoinTask.doExec(ForkJoinTask.java:373)
	at java.base/java.util.concurrent.ForkJoinPool$WorkQueue.topLevelExec(ForkJoinPool.java:1182)
	at java.base/java.util.concurrent.ForkJoinPool.scan(ForkJoinPool.java:1655)
	at java.base/java.util.concurrent.ForkJoinPool.runWorker(ForkJoinPool.java:1622)
	at java.base/java.util.concurrent.ForkJoinWorkerThread.run(ForkJoinWorkerThread.java:165)

!ENTRY org.eclipse.lsp4e 4 0 2025-02-15 22:17:06.367
!MESSAGE Exception occurred while creating an instance of the stream connection provider
!STACK 0
java.lang.RuntimeException: Exception occurred while creating an instance of the stream connection provider
	at org.eclipse.lsp4e.LanguageServersRegistry$ExtensionLanguageServerDefinition.createConnectionProvider(LanguageServersRegistry.java:164)
	at org.eclipse.lsp4e.LanguageServerWrapper.lambda$0(LanguageServerWrapper.java:233)
	at java.base/java.util.concurrent.CompletableFuture$AsyncSupply.run(CompletableFuture.java:1768)
	at java.base/java.util.concurrent.CompletableFuture$AsyncSupply.exec(CompletableFuture.java:1760)
	at java.base/java.util.concurrent.ForkJoinTask.doExec(ForkJoinTask.java:373)
	at java.base/java.util.concurrent.ForkJoinPool$WorkQueue.topLevelExec(ForkJoinPool.java:1182)
	at java.base/java.util.concurrent.ForkJoinPool.scan(ForkJoinPool.java:1655)
	at java.base/java.util.concurrent.ForkJoinPool.runWorker(ForkJoinPool.java:1622)
	at java.base/java.util.concurrent.ForkJoinWorkerThread.run(ForkJoinWorkerThread.java:165)
Caused by: org.eclipse.core.runtime.CoreException: プラグイン "org.eclipse.wildwebdeveloper" は、クラス "org.eclipse.wildwebdeveloper.html.HTMLLanguageServer" をインスタンス化できませんでした。
	at org.eclipse.core.internal.registry.osgi.RegistryStrategyOSGI.throwException(RegistryStrategyOSGI.java:212)
	at org.eclipse.core.internal.registry.osgi.RegistryStrategyOSGI.createExecutableExtension(RegistryStrategyOSGI.java:206)
	at org.eclipse.core.internal.registry.ExtensionRegistry.createExecutableExtension(ExtensionRegistry.java:920)
	at org.eclipse.core.internal.registry.ConfigurationElement.createExecutableExtension(ConfigurationElement.java:246)
	at org.eclipse.core.internal.registry.ConfigurationElementHandle.createExecutableExtension(ConfigurationElementHandle.java:63)
	at org.eclipse.lsp4e.LanguageServersRegistry$ExtensionLanguageServerDefinition.createConnectionProvider(LanguageServersRegistry.java:161)
	... 8 more
Caused by: java.lang.reflect.InvocationTargetException
	at jdk.internal.reflect.GeneratedConstructorAccessor101.newInstance(Unknown Source)
	at java.base/jdk.internal.reflect.DelegatingConstructorAccessorImpl.newInstance(DelegatingConstructorAccessorImpl.java:45)
	at java.base/java.lang.reflect.Constructor.newInstanceWithCaller(Constructor.java:499)
	at java.base/java.lang.reflect.Constructor.newInstance(Constructor.java:480)
	at org.eclipse.core.internal.registry.osgi.RegistryStrategyOSGI.createExecutableExtension(RegistryStrategyOSGI.java:204)
	... 12 more
Caused by: java.lang.NullPointerException: Cannot invoke "java.io.File.getAbsolutePath()" because the return value of "org.eclipse.wildwebdeveloper.embedder.node.NodeJSManager.getNodeJsLocation()" is null
	at org.eclipse.wildwebdeveloper.html.HTMLLanguageServer.<init>(HTMLLanguageServer.java:40)
	... 17 more

!ENTRY org.eclipse.lsp4e 4 0 2025-02-15 22:17:06.369
!MESSAGE Exception occurred while creating an instance of the stream connection provider
!STACK 0
java.lang.RuntimeException: Exception occurred while creating an instance of the stream connection provider
	at org.eclipse.lsp4e.LanguageServersRegistry$ExtensionLanguageServerDefinition.createConnectionProvider(LanguageServersRegistry.java:164)
	at org.eclipse.lsp4e.LanguageServerWrapper.lambda$0(LanguageServerWrapper.java:233)
	at java.base/java.util.concurrent.CompletableFuture$AsyncSupply.run(CompletableFuture.java:1768)
	at java.base/java.util.concurrent.CompletableFuture$AsyncSupply.exec(CompletableFuture.java:1760)
	at java.base/java.util.concurrent.ForkJoinTask.doExec(ForkJoinTask.java:373)
	at java.base/java.util.concurrent.ForkJoinPool$WorkQueue.topLevelExec(ForkJoinPool.java:1182)
	at java.base/java.util.concurrent.ForkJoinPool.scan(ForkJoinPool.java:1655)
	at java.base/java.util.concurrent.ForkJoinPool.runWorker(ForkJoinPool.java:1622)
	at java.base/java.util.concurrent.ForkJoinWorkerThread.run(ForkJoinWorkerThread.java:165)
Caused by: org.eclipse.core.runtime.CoreException: プラグイン "org.eclipse.wildwebdeveloper" は、クラス "org.eclipse.wildwebdeveloper.angular.AngularLanguageServer" をインスタンス化できませんでした。
	at org.eclipse.core.internal.registry.osgi.RegistryStrategyOSGI.throwException(RegistryStrategyOSGI.java:212)
	at org.eclipse.core.internal.registry.osgi.RegistryStrategyOSGI.createExecutableExtension(RegistryStrategyOSGI.java:206)
	at org.eclipse.core.internal.registry.ExtensionRegistry.createExecutableExtension(ExtensionRegistry.java:920)
	at org.eclipse.core.internal.registry.ConfigurationElement.createExecutableExtension(ConfigurationElement.java:246)
	at org.eclipse.core.internal.registry.ConfigurationElementHandle.createExecutableExtension(ConfigurationElementHandle.java:63)
	at org.eclipse.lsp4e.LanguageServersRegistry$ExtensionLanguageServerDefinition.createConnectionProvider(LanguageServersRegistry.java:161)
	... 8 more
Caused by: java.lang.reflect.InvocationTargetException
	at jdk.internal.reflect.GeneratedConstructorAccessor99.newInstance(Unknown Source)
	at java.base/jdk.internal.reflect.DelegatingConstructorAccessorImpl.newInstance(DelegatingConstructorAccessorImpl.java:45)
	at java.base/java.lang.reflect.Constructor.newInstanceWithCaller(Constructor.java:499)
	at java.base/java.lang.reflect.Constructor.newInstance(Constructor.java:480)
	at org.eclipse.core.internal.registry.osgi.RegistryStrategyOSGI.createExecutableExtension(RegistryStrategyOSGI.java:204)
	... 12 more
Caused by: java.lang.NullPointerException: Cannot invoke "java.io.File.getAbsolutePath()" because the return value of "org.eclipse.wildwebdeveloper.embedder.node.NodeJSManager.getNodeJsLocation()" is null
	at org.eclipse.wildwebdeveloper.angular.AngularLanguageServer.<init>(AngularLanguageServer.java:43)
	... 17 more

!ENTRY org.eclipse.lsp4e 4 0 2025-02-15 22:17:06.369
!MESSAGE Cannot invoke "org.eclipse.lsp4e.server.StreamConnectionProvider.getInputStream()" because "this.lspStreamProvider" is null
!STACK 0
java.lang.NullPointerException: Cannot invoke "org.eclipse.lsp4e.server.StreamConnectionProvider.getInputStream()" because "this.lspStreamProvider" is null
	at org.eclipse.lsp4e.LanguageServerWrapper.lambda$1(LanguageServerWrapper.java:284)
	at java.base/java.util.concurrent.CompletableFuture$UniApply.tryFire(CompletableFuture.java:646)
	at java.base/java.util.concurrent.CompletableFuture.postComplete(CompletableFuture.java:510)
	at java.base/java.util.concurrent.CompletableFuture$AsyncSupply.run(CompletableFuture.java:1773)
	at java.base/java.util.concurrent.CompletableFuture$AsyncSupply.exec(CompletableFuture.java:1760)
	at java.base/java.util.concurrent.ForkJoinTask.doExec(ForkJoinTask.java:373)
	at java.base/java.util.concurrent.ForkJoinPool$WorkQueue.topLevelExec(ForkJoinPool.java:1182)
	at java.base/java.util.concurrent.ForkJoinPool.scan(ForkJoinPool.java:1655)
	at java.base/java.util.concurrent.ForkJoinPool.runWorker(ForkJoinPool.java:1622)
	at java.base/java.util.concurrent.ForkJoinWorkerThread.run(ForkJoinWorkerThread.java:165)

!ENTRY org.eclipse.lsp4e 4 0 2025-02-15 22:17:06.370
!MESSAGE Cannot invoke "org.eclipse.lsp4e.server.StreamConnectionProvider.getInputStream()" because "this.lspStreamProvider" is null
!STACK 0
java.lang.NullPointerException: Cannot invoke "org.eclipse.lsp4e.server.StreamConnectionProvider.getInputStream()" because "this.lspStreamProvider" is null
	at org.eclipse.lsp4e.LanguageServerWrapper.lambda$1(LanguageServerWrapper.java:284)
	at java.base/java.util.concurrent.CompletableFuture$UniApply.tryFire(CompletableFuture.java:646)
	at java.base/java.util.concurrent.CompletableFuture.postComplete(CompletableFuture.java:510)
	at java.base/java.util.concurrent.CompletableFuture$AsyncSupply.run(CompletableFuture.java:1773)
	at java.base/java.util.concurrent.CompletableFuture$AsyncSupply.exec(CompletableFuture.java:1760)
	at java.base/java.util.concurrent.ForkJoinTask.doExec(ForkJoinTask.java:373)
	at java.base/java.util.concurrent.ForkJoinPool$WorkQueue.topLevelExec(ForkJoinPool.java:1182)
	at java.base/java.util.concurrent.ForkJoinPool.scan(ForkJoinPool.java:1655)
	at java.base/java.util.concurrent.ForkJoinPool.runWorker(ForkJoinPool.java:1622)
	at java.base/java.util.concurrent.ForkJoinWorkerThread.run(ForkJoinWorkerThread.java:165)

!ENTRY org.eclipse.lsp4e 4 0 2025-02-15 22:17:25.758
!MESSAGE プラグイン "org.eclipse.wildwebdeveloper" は、クラス "org.eclipse.wildwebdeveloper.angular.AngularLanguageServer" をインスタンス化できませんでした。
!STACK 1
org.eclipse.core.runtime.CoreException: プラグイン "org.eclipse.wildwebdeveloper" は、クラス "org.eclipse.wildwebdeveloper.angular.AngularLanguageServer" をインスタンス化できませんでした。
	at org.eclipse.core.internal.registry.osgi.RegistryStrategyOSGI.throwException(RegistryStrategyOSGI.java:212)
	at org.eclipse.core.internal.registry.osgi.RegistryStrategyOSGI.createExecutableExtension(RegistryStrategyOSGI.java:206)
	at org.eclipse.core.internal.registry.ExtensionRegistry.createExecutableExtension(ExtensionRegistry.java:920)
	at org.eclipse.core.internal.registry.ConfigurationElement.createExecutableExtension(ConfigurationElement.java:246)
	at org.eclipse.core.internal.registry.ConfigurationElementHandle.createExecutableExtension(ConfigurationElementHandle.java:63)
	at org.eclipse.lsp4e.LanguageServersRegistry$ExtensionLanguageServerDefinition.createConnectionProvider(LanguageServersRegistry.java:161)
	at org.eclipse.lsp4e.LanguageServerWrapper.lambda$0(LanguageServerWrapper.java:233)
	at java.base/java.util.concurrent.CompletableFuture$AsyncSupply.run(CompletableFuture.java:1768)
	at java.base/java.util.concurrent.CompletableFuture$AsyncSupply.exec(CompletableFuture.java:1760)
	at java.base/java.util.concurrent.ForkJoinTask.doExec(ForkJoinTask.java:373)
	at java.base/java.util.concurrent.ForkJoinPool$WorkQueue.topLevelExec(ForkJoinPool.java:1182)
	at java.base/java.util.concurrent.ForkJoinPool.scan(ForkJoinPool.java:1655)
	at java.base/java.util.concurrent.ForkJoinPool.runWorker(ForkJoinPool.java:1622)
	at java.base/java.util.concurrent.ForkJoinWorkerThread.run(ForkJoinWorkerThread.java:165)
Caused by: java.lang.reflect.InvocationTargetException
	at jdk.internal.reflect.GeneratedConstructorAccessor99.newInstance(Unknown Source)
	at java.base/jdk.internal.reflect.DelegatingConstructorAccessorImpl.newInstance(DelegatingConstructorAccessorImpl.java:45)
	at java.base/java.lang.reflect.Constructor.newInstanceWithCaller(Constructor.java:499)
	at java.base/java.lang.reflect.Constructor.newInstance(Constructor.java:480)
	at org.eclipse.core.internal.registry.osgi.RegistryStrategyOSGI.createExecutableExtension(RegistryStrategyOSGI.java:204)
	... 12 more
Caused by: java.lang.NullPointerException: Cannot invoke "java.io.File.getAbsolutePath()" because the return value of "org.eclipse.wildwebdeveloper.embedder.node.NodeJSManager.getNodeJsLocation()" is null
	at org.eclipse.wildwebdeveloper.angular.AngularLanguageServer.<init>(AngularLanguageServer.java:43)
	... 17 more
!SUBENTRY 1 org.eclipse.equinox.registry 4 1 2025-02-15 22:17:25.759
!MESSAGE プラグイン "org.eclipse.wildwebdeveloper" は、クラス "org.eclipse.wildwebdeveloper.angular.AngularLanguageServer" をインスタンス化できませんでした。
!STACK 0
java.lang.reflect.InvocationTargetException
	at jdk.internal.reflect.GeneratedConstructorAccessor99.newInstance(Unknown Source)
	at java.base/jdk.internal.reflect.DelegatingConstructorAccessorImpl.newInstance(DelegatingConstructorAccessorImpl.java:45)
	at java.base/java.lang.reflect.Constructor.newInstanceWithCaller(Constructor.java:499)
	at java.base/java.lang.reflect.Constructor.newInstance(Constructor.java:480)
	at org.eclipse.core.internal.registry.osgi.RegistryStrategyOSGI.createExecutableExtension(RegistryStrategyOSGI.java:204)
	at org.eclipse.core.internal.registry.ExtensionRegistry.createExecutableExtension(ExtensionRegistry.java:920)
	at org.eclipse.core.internal.registry.ConfigurationElement.createExecutableExtension(ConfigurationElement.java:246)
	at org.eclipse.core.internal.registry.ConfigurationElementHandle.createExecutableExtension(ConfigurationElementHandle.java:63)
	at org.eclipse.lsp4e.LanguageServersRegistry$ExtensionLanguageServerDefinition.createConnectionProvider(LanguageServersRegistry.java:161)
	at org.eclipse.lsp4e.LanguageServerWrapper.lambda$0(LanguageServerWrapper.java:233)
	at java.base/java.util.concurrent.CompletableFuture$AsyncSupply.run(CompletableFuture.java:1768)
	at java.base/java.util.concurrent.CompletableFuture$AsyncSupply.exec(CompletableFuture.java:1760)
	at java.base/java.util.concurrent.ForkJoinTask.doExec(ForkJoinTask.java:373)
	at java.base/java.util.concurrent.ForkJoinPool$WorkQueue.topLevelExec(ForkJoinPool.java:1182)
	at java.base/java.util.concurrent.ForkJoinPool.scan(ForkJoinPool.java:1655)
	at java.base/java.util.concurrent.ForkJoinPool.runWorker(ForkJoinPool.java:1622)
	at java.base/java.util.concurrent.ForkJoinWorkerThread.run(ForkJoinWorkerThread.java:165)
Caused by: java.lang.NullPointerException: Cannot invoke "java.io.File.getAbsolutePath()" because the return value of "org.eclipse.wildwebdeveloper.embedder.node.NodeJSManager.getNodeJsLocation()" is null
	at org.eclipse.wildwebdeveloper.angular.AngularLanguageServer.<init>(AngularLanguageServer.java:43)
	... 17 more
Root exception:
java.lang.NullPointerException: Cannot invoke "java.io.File.getAbsolutePath()" because the return value of "org.eclipse.wildwebdeveloper.embedder.node.NodeJSManager.getNodeJsLocation()" is null
	at org.eclipse.wildwebdeveloper.angular.AngularLanguageServer.<init>(AngularLanguageServer.java:43)
	at jdk.internal.reflect.GeneratedConstructorAccessor99.newInstance(Unknown Source)
	at java.base/jdk.internal.reflect.DelegatingConstructorAccessorImpl.newInstance(DelegatingConstructorAccessorImpl.java:45)
	at java.base/java.lang.reflect.Constructor.newInstanceWithCaller(Constructor.java:499)
	at java.base/java.lang.reflect.Constructor.newInstance(Constructor.java:480)
	at org.eclipse.core.internal.registry.osgi.RegistryStrategyOSGI.createExecutableExtension(RegistryStrategyOSGI.java:204)
	at org.eclipse.core.internal.registry.ExtensionRegistry.createExecutableExtension(ExtensionRegistry.java:920)
	at org.eclipse.core.internal.registry.ConfigurationElement.createExecutableExtension(ConfigurationElement.java:246)
	at org.eclipse.core.internal.registry.ConfigurationElementHandle.createExecutableExtension(ConfigurationElementHandle.java:63)
	at org.eclipse.lsp4e.LanguageServersRegistry$ExtensionLanguageServerDefinition.createConnectionProvider(LanguageServersRegistry.java:161)
	at org.eclipse.lsp4e.LanguageServerWrapper.lambda$0(LanguageServerWrapper.java:233)
	at java.base/java.util.concurrent.CompletableFuture$AsyncSupply.run(CompletableFuture.java:1768)
	at java.base/java.util.concurrent.CompletableFuture$AsyncSupply.exec(CompletableFuture.java:1760)
	at java.base/java.util.concurrent.ForkJoinTask.doExec(ForkJoinTask.java:373)
	at java.base/java.util.concurrent.ForkJoinPool$WorkQueue.topLevelExec(ForkJoinPool.java:1182)
	at java.base/java.util.concurrent.ForkJoinPool.scan(ForkJoinPool.java:1655)
	at java.base/java.util.concurrent.ForkJoinPool.runWorker(ForkJoinPool.java:1622)
	at java.base/java.util.concurrent.ForkJoinWorkerThread.run(ForkJoinWorkerThread.java:165)

!ENTRY org.eclipse.lsp4e 4 0 2025-02-15 22:17:25.759
!MESSAGE Exception occurred while creating an instance of the stream connection provider
!STACK 0
java.lang.RuntimeException: Exception occurred while creating an instance of the stream connection provider
	at org.eclipse.lsp4e.LanguageServersRegistry$ExtensionLanguageServerDefinition.createConnectionProvider(LanguageServersRegistry.java:164)
	at org.eclipse.lsp4e.LanguageServerWrapper.lambda$0(LanguageServerWrapper.java:233)
	at java.base/java.util.concurrent.CompletableFuture$AsyncSupply.run(CompletableFuture.java:1768)
	at java.base/java.util.concurrent.CompletableFuture$AsyncSupply.exec(CompletableFuture.java:1760)
	at java.base/java.util.concurrent.ForkJoinTask.doExec(ForkJoinTask.java:373)
	at java.base/java.util.concurrent.ForkJoinPool$WorkQueue.topLevelExec(ForkJoinPool.java:1182)
	at java.base/java.util.concurrent.ForkJoinPool.scan(ForkJoinPool.java:1655)
	at java.base/java.util.concurrent.ForkJoinPool.runWorker(ForkJoinPool.java:1622)
	at java.base/java.util.concurrent.ForkJoinWorkerThread.run(ForkJoinWorkerThread.java:165)
Caused by: org.eclipse.core.runtime.CoreException: プラグイン "org.eclipse.wildwebdeveloper" は、クラス "org.eclipse.wildwebdeveloper.angular.AngularLanguageServer" をインスタンス化できませんでした。
	at org.eclipse.core.internal.registry.osgi.RegistryStrategyOSGI.throwException(RegistryStrategyOSGI.java:212)
	at org.eclipse.core.internal.registry.osgi.RegistryStrategyOSGI.createExecutableExtension(RegistryStrategyOSGI.java:206)
	at org.eclipse.core.internal.registry.ExtensionRegistry.createExecutableExtension(ExtensionRegistry.java:920)
	at org.eclipse.core.internal.registry.ConfigurationElement.createExecutableExtension(ConfigurationElement.java:246)
	at org.eclipse.core.internal.registry.ConfigurationElementHandle.createExecutableExtension(ConfigurationElementHandle.java:63)
	at org.eclipse.lsp4e.LanguageServersRegistry$ExtensionLanguageServerDefinition.createConnectionProvider(LanguageServersRegistry.java:161)
	... 8 more
Caused by: java.lang.reflect.InvocationTargetException
	at jdk.internal.reflect.GeneratedConstructorAccessor99.newInstance(Unknown Source)
	at java.base/jdk.internal.reflect.DelegatingConstructorAccessorImpl.newInstance(DelegatingConstructorAccessorImpl.java:45)
	at java.base/java.lang.reflect.Constructor.newInstanceWithCaller(Constructor.java:499)
	at java.base/java.lang.reflect.Constructor.newInstance(Constructor.java:480)
	at org.eclipse.core.internal.registry.osgi.RegistryStrategyOSGI.createExecutableExtension(RegistryStrategyOSGI.java:204)
	... 12 more
Caused by: java.lang.NullPointerException: Cannot invoke "java.io.File.getAbsolutePath()" because the return value of "org.eclipse.wildwebdeveloper.embedder.node.NodeJSManager.getNodeJsLocation()" is null
	at org.eclipse.wildwebdeveloper.angular.AngularLanguageServer.<init>(AngularLanguageServer.java:43)
	... 17 more

!ENTRY org.eclipse.lsp4e 4 0 2025-02-15 22:17:25.761
!MESSAGE Cannot invoke "org.eclipse.lsp4e.server.StreamConnectionProvider.getInputStream()" because "this.lspStreamProvider" is null
!STACK 0
java.lang.NullPointerException: Cannot invoke "org.eclipse.lsp4e.server.StreamConnectionProvider.getInputStream()" because "this.lspStreamProvider" is null
	at org.eclipse.lsp4e.LanguageServerWrapper.lambda$1(LanguageServerWrapper.java:284)
	at java.base/java.util.concurrent.CompletableFuture$UniApply.tryFire(CompletableFuture.java:646)
	at java.base/java.util.concurrent.CompletableFuture.postComplete(CompletableFuture.java:510)
	at java.base/java.util.concurrent.CompletableFuture$AsyncSupply.run(CompletableFuture.java:1773)
	at java.base/java.util.concurrent.CompletableFuture$AsyncSupply.exec(CompletableFuture.java:1760)
	at java.base/java.util.concurrent.ForkJoinTask.doExec(ForkJoinTask.java:373)
	at java.base/java.util.concurrent.ForkJoinPool$WorkQueue.topLevelExec(ForkJoinPool.java:1182)
	at java.base/java.util.concurrent.ForkJoinPool.scan(ForkJoinPool.java:1655)
	at java.base/java.util.concurrent.ForkJoinPool.runWorker(ForkJoinPool.java:1622)
	at java.base/java.util.concurrent.ForkJoinWorkerThread.run(ForkJoinWorkerThread.java:165)

!ENTRY org.eclipse.lsp4e 4 0 2025-02-15 22:17:25.767
!MESSAGE プラグイン "org.eclipse.wildwebdeveloper" は、クラス "org.eclipse.wildwebdeveloper.html.HTMLLanguageServer" をインスタンス化できませんでした。
!STACK 1
org.eclipse.core.runtime.CoreException: プラグイン "org.eclipse.wildwebdeveloper" は、クラス "org.eclipse.wildwebdeveloper.html.HTMLLanguageServer" をインスタンス化できませんでした。
	at org.eclipse.core.internal.registry.osgi.RegistryStrategyOSGI.throwException(RegistryStrategyOSGI.java:212)
	at org.eclipse.core.internal.registry.osgi.RegistryStrategyOSGI.createExecutableExtension(RegistryStrategyOSGI.java:206)
	at org.eclipse.core.internal.registry.ExtensionRegistry.createExecutableExtension(ExtensionRegistry.java:920)
	at org.eclipse.core.internal.registry.ConfigurationElement.createExecutableExtension(ConfigurationElement.java:246)
	at org.eclipse.core.internal.registry.ConfigurationElementHandle.createExecutableExtension(ConfigurationElementHandle.java:63)
	at org.eclipse.lsp4e.LanguageServersRegistry$ExtensionLanguageServerDefinition.createConnectionProvider(LanguageServersRegistry.java:161)
	at org.eclipse.lsp4e.LanguageServerWrapper.lambda$0(LanguageServerWrapper.java:233)
	at java.base/java.util.concurrent.CompletableFuture$AsyncSupply.run(CompletableFuture.java:1768)
	at java.base/java.util.concurrent.CompletableFuture$AsyncSupply.exec(CompletableFuture.java:1760)
	at java.base/java.util.concurrent.ForkJoinTask.doExec(ForkJoinTask.java:373)
	at java.base/java.util.concurrent.ForkJoinPool$WorkQueue.topLevelExec(ForkJoinPool.java:1182)
	at java.base/java.util.concurrent.ForkJoinPool.scan(ForkJoinPool.java:1655)
	at java.base/java.util.concurrent.ForkJoinPool.runWorker(ForkJoinPool.java:1622)
	at java.base/java.util.concurrent.ForkJoinWorkerThread.run(ForkJoinWorkerThread.java:165)
Caused by: java.lang.reflect.InvocationTargetException
	at jdk.internal.reflect.GeneratedConstructorAccessor101.newInstance(Unknown Source)
	at java.base/jdk.internal.reflect.DelegatingConstructorAccessorImpl.newInstance(DelegatingConstructorAccessorImpl.java:45)
	at java.base/java.lang.reflect.Constructor.newInstanceWithCaller(Constructor.java:499)
	at java.base/java.lang.reflect.Constructor.newInstance(Constructor.java:480)
	at org.eclipse.core.internal.registry.osgi.RegistryStrategyOSGI.createExecutableExtension(RegistryStrategyOSGI.java:204)
	... 12 more
Caused by: java.lang.NullPointerException: Cannot invoke "java.io.File.getAbsolutePath()" because the return value of "org.eclipse.wildwebdeveloper.embedder.node.NodeJSManager.getNodeJsLocation()" is null
	at org.eclipse.wildwebdeveloper.html.HTMLLanguageServer.<init>(HTMLLanguageServer.java:40)
	... 17 more
!SUBENTRY 1 org.eclipse.equinox.registry 4 1 2025-02-15 22:17:25.767
!MESSAGE プラグイン "org.eclipse.wildwebdeveloper" は、クラス "org.eclipse.wildwebdeveloper.html.HTMLLanguageServer" をインスタンス化できませんでした。
!STACK 0
java.lang.reflect.InvocationTargetException
	at jdk.internal.reflect.GeneratedConstructorAccessor101.newInstance(Unknown Source)
	at java.base/jdk.internal.reflect.DelegatingConstructorAccessorImpl.newInstance(DelegatingConstructorAccessorImpl.java:45)
	at java.base/java.lang.reflect.Constructor.newInstanceWithCaller(Constructor.java:499)
	at java.base/java.lang.reflect.Constructor.newInstance(Constructor.java:480)
	at org.eclipse.core.internal.registry.osgi.RegistryStrategyOSGI.createExecutableExtension(RegistryStrategyOSGI.java:204)
	at org.eclipse.core.internal.registry.ExtensionRegistry.createExecutableExtension(ExtensionRegistry.java:920)
	at org.eclipse.core.internal.registry.ConfigurationElement.createExecutableExtension(ConfigurationElement.java:246)
	at org.eclipse.core.internal.registry.ConfigurationElementHandle.createExecutableExtension(ConfigurationElementHandle.java:63)
	at org.eclipse.lsp4e.LanguageServersRegistry$ExtensionLanguageServerDefinition.createConnectionProvider(LanguageServersRegistry.java:161)
	at org.eclipse.lsp4e.LanguageServerWrapper.lambda$0(LanguageServerWrapper.java:233)
	at java.base/java.util.concurrent.CompletableFuture$AsyncSupply.run(CompletableFuture.java:1768)
	at java.base/java.util.concurrent.CompletableFuture$AsyncSupply.exec(CompletableFuture.java:1760)
	at java.base/java.util.concurrent.ForkJoinTask.doExec(ForkJoinTask.java:373)
	at java.base/java.util.concurrent.ForkJoinPool$WorkQueue.topLevelExec(ForkJoinPool.java:1182)
	at java.base/java.util.concurrent.ForkJoinPool.scan(ForkJoinPool.java:1655)
	at java.base/java.util.concurrent.ForkJoinPool.runWorker(ForkJoinPool.java:1622)
	at java.base/java.util.concurrent.ForkJoinWorkerThread.run(ForkJoinWorkerThread.java:165)
Caused by: java.lang.NullPointerException: Cannot invoke "java.io.File.getAbsolutePath()" because the return value of "org.eclipse.wildwebdeveloper.embedder.node.NodeJSManager.getNodeJsLocation()" is null
	at org.eclipse.wildwebdeveloper.html.HTMLLanguageServer.<init>(HTMLLanguageServer.java:40)
	... 17 more
Root exception:
java.lang.NullPointerException: Cannot invoke "java.io.File.getAbsolutePath()" because the return value of "org.eclipse.wildwebdeveloper.embedder.node.NodeJSManager.getNodeJsLocation()" is null
	at org.eclipse.wildwebdeveloper.html.HTMLLanguageServer.<init>(HTMLLanguageServer.java:40)
	at jdk.internal.reflect.GeneratedConstructorAccessor101.newInstance(Unknown Source)
	at java.base/jdk.internal.reflect.DelegatingConstructorAccessorImpl.newInstance(DelegatingConstructorAccessorImpl.java:45)
	at java.base/java.lang.reflect.Constructor.newInstanceWithCaller(Constructor.java:499)
	at java.base/java.lang.reflect.Constructor.newInstance(Constructor.java:480)
	at org.eclipse.core.internal.registry.osgi.RegistryStrategyOSGI.createExecutableExtension(RegistryStrategyOSGI.java:204)
	at org.eclipse.core.internal.registry.ExtensionRegistry.createExecutableExtension(ExtensionRegistry.java:920)
	at org.eclipse.core.internal.registry.ConfigurationElement.createExecutableExtension(ConfigurationElement.java:246)
	at org.eclipse.core.internal.registry.ConfigurationElementHandle.createExecutableExtension(ConfigurationElementHandle.java:63)
	at org.eclipse.lsp4e.LanguageServersRegistry$ExtensionLanguageServerDefinition.createConnectionProvider(LanguageServersRegistry.java:161)
	at org.eclipse.lsp4e.LanguageServerWrapper.lambda$0(LanguageServerWrapper.java:233)
	at java.base/java.util.concurrent.CompletableFuture$AsyncSupply.run(CompletableFuture.java:1768)
	at java.base/java.util.concurrent.CompletableFuture$AsyncSupply.exec(CompletableFuture.java:1760)
	at java.base/java.util.concurrent.ForkJoinTask.doExec(ForkJoinTask.java:373)
	at java.base/java.util.concurrent.ForkJoinPool$WorkQueue.topLevelExec(ForkJoinPool.java:1182)
	at java.base/java.util.concurrent.ForkJoinPool.scan(ForkJoinPool.java:1655)
	at java.base/java.util.concurrent.ForkJoinPool.runWorker(ForkJoinPool.java:1622)
	at java.base/java.util.concurrent.ForkJoinWorkerThread.run(ForkJoinWorkerThread.java:165)

!ENTRY org.eclipse.lsp4e 4 0 2025-02-15 22:17:25.768
!MESSAGE Exception occurred while creating an instance of the stream connection provider
!STACK 0
java.lang.RuntimeException: Exception occurred while creating an instance of the stream connection provider
	at org.eclipse.lsp4e.LanguageServersRegistry$ExtensionLanguageServerDefinition.createConnectionProvider(LanguageServersRegistry.java:164)
	at org.eclipse.lsp4e.LanguageServerWrapper.lambda$0(LanguageServerWrapper.java:233)
	at java.base/java.util.concurrent.CompletableFuture$AsyncSupply.run(CompletableFuture.java:1768)
	at java.base/java.util.concurrent.CompletableFuture$AsyncSupply.exec(CompletableFuture.java:1760)
	at java.base/java.util.concurrent.ForkJoinTask.doExec(ForkJoinTask.java:373)
	at java.base/java.util.concurrent.ForkJoinPool$WorkQueue.topLevelExec(ForkJoinPool.java:1182)
	at java.base/java.util.concurrent.ForkJoinPool.scan(ForkJoinPool.java:1655)
	at java.base/java.util.concurrent.ForkJoinPool.runWorker(ForkJoinPool.java:1622)
	at java.base/java.util.concurrent.ForkJoinWorkerThread.run(ForkJoinWorkerThread.java:165)
Caused by: org.eclipse.core.runtime.CoreException: プラグイン "org.eclipse.wildwebdeveloper" は、クラス "org.eclipse.wildwebdeveloper.html.HTMLLanguageServer" をインスタンス化できませんでした。
	at org.eclipse.core.internal.registry.osgi.RegistryStrategyOSGI.throwException(RegistryStrategyOSGI.java:212)
	at org.eclipse.core.internal.registry.osgi.RegistryStrategyOSGI.createExecutableExtension(RegistryStrategyOSGI.java:206)
	at org.eclipse.core.internal.registry.ExtensionRegistry.createExecutableExtension(ExtensionRegistry.java:920)
	at org.eclipse.core.internal.registry.ConfigurationElement.createExecutableExtension(ConfigurationElement.java:246)
	at org.eclipse.core.internal.registry.ConfigurationElementHandle.createExecutableExtension(ConfigurationElementHandle.java:63)
	at org.eclipse.lsp4e.LanguageServersRegistry$ExtensionLanguageServerDefinition.createConnectionProvider(LanguageServersRegistry.java:161)
	... 8 more
Caused by: java.lang.reflect.InvocationTargetException
	at jdk.internal.reflect.GeneratedConstructorAccessor101.newInstance(Unknown Source)
	at java.base/jdk.internal.reflect.DelegatingConstructorAccessorImpl.newInstance(DelegatingConstructorAccessorImpl.java:45)
	at java.base/java.lang.reflect.Constructor.newInstanceWithCaller(Constructor.java:499)
	at java.base/java.lang.reflect.Constructor.newInstance(Constructor.java:480)
	at org.eclipse.core.internal.registry.osgi.RegistryStrategyOSGI.createExecutableExtension(RegistryStrategyOSGI.java:204)
	... 12 more
Caused by: java.lang.NullPointerException: Cannot invoke "java.io.File.getAbsolutePath()" because the return value of "org.eclipse.wildwebdeveloper.embedder.node.NodeJSManager.getNodeJsLocation()" is null
	at org.eclipse.wildwebdeveloper.html.HTMLLanguageServer.<init>(HTMLLanguageServer.java:40)
	... 17 more

!ENTRY org.eclipse.lsp4e 4 0 2025-02-15 22:17:25.770
!MESSAGE Cannot invoke "org.eclipse.lsp4e.server.StreamConnectionProvider.getInputStream()" because "this.lspStreamProvider" is null
!STACK 0
java.lang.NullPointerException: Cannot invoke "org.eclipse.lsp4e.server.StreamConnectionProvider.getInputStream()" because "this.lspStreamProvider" is null
	at org.eclipse.lsp4e.LanguageServerWrapper.lambda$1(LanguageServerWrapper.java:284)
	at java.base/java.util.concurrent.CompletableFuture$UniApply.tryFire(CompletableFuture.java:646)
	at java.base/java.util.concurrent.CompletableFuture.postComplete(CompletableFuture.java:510)
	at java.base/java.util.concurrent.CompletableFuture$AsyncSupply.run(CompletableFuture.java:1773)
	at java.base/java.util.concurrent.CompletableFuture$AsyncSupply.exec(CompletableFuture.java:1760)
	at java.base/java.util.concurrent.ForkJoinTask.doExec(ForkJoinTask.java:373)
	at java.base/java.util.concurrent.ForkJoinPool$WorkQueue.topLevelExec(ForkJoinPool.java:1182)
	at java.base/java.util.concurrent.ForkJoinPool.scan(ForkJoinPool.java:1655)
	at java.base/java.util.concurrent.ForkJoinPool.runWorker(ForkJoinPool.java:1622)
	at java.base/java.util.concurrent.ForkJoinWorkerThread.run(ForkJoinWorkerThread.java:165)

!ENTRY org.eclipse.lsp4e 4 0 2025-02-15 22:17:25.863
!MESSAGE プラグイン "org.eclipse.wildwebdeveloper" は、クラス "org.eclipse.wildwebdeveloper.angular.AngularLanguageServer" をインスタンス化できませんでした。
!STACK 1
org.eclipse.core.runtime.CoreException: プラグイン "org.eclipse.wildwebdeveloper" は、クラス "org.eclipse.wildwebdeveloper.angular.AngularLanguageServer" をインスタンス化できませんでした。
	at org.eclipse.core.internal.registry.osgi.RegistryStrategyOSGI.throwException(RegistryStrategyOSGI.java:212)
	at org.eclipse.core.internal.registry.osgi.RegistryStrategyOSGI.createExecutableExtension(RegistryStrategyOSGI.java:206)
	at org.eclipse.core.internal.registry.ExtensionRegistry.createExecutableExtension(ExtensionRegistry.java:920)
	at org.eclipse.core.internal.registry.ConfigurationElement.createExecutableExtension(ConfigurationElement.java:246)
	at org.eclipse.core.internal.registry.ConfigurationElementHandle.createExecutableExtension(ConfigurationElementHandle.java:63)
	at org.eclipse.lsp4e.LanguageServersRegistry$ExtensionLanguageServerDefinition.createConnectionProvider(LanguageServersRegistry.java:161)
	at org.eclipse.lsp4e.LanguageServerWrapper.lambda$0(LanguageServerWrapper.java:233)
	at java.base/java.util.concurrent.CompletableFuture$AsyncSupply.run(CompletableFuture.java:1768)
	at java.base/java.util.concurrent.CompletableFuture$AsyncSupply.exec(CompletableFuture.java:1760)
	at java.base/java.util.concurrent.ForkJoinTask.doExec(ForkJoinTask.java:373)
	at java.base/java.util.concurrent.ForkJoinPool$WorkQueue.topLevelExec(ForkJoinPool.java:1182)
	at java.base/java.util.concurrent.ForkJoinPool.scan(ForkJoinPool.java:1655)
	at java.base/java.util.concurrent.ForkJoinPool.runWorker(ForkJoinPool.java:1622)
	at java.base/java.util.concurrent.ForkJoinWorkerThread.run(ForkJoinWorkerThread.java:165)
Caused by: java.lang.reflect.InvocationTargetException
	at jdk.internal.reflect.GeneratedConstructorAccessor99.newInstance(Unknown Source)
	at java.base/jdk.internal.reflect.DelegatingConstructorAccessorImpl.newInstance(DelegatingConstructorAccessorImpl.java:45)
	at java.base/java.lang.reflect.Constructor.newInstanceWithCaller(Constructor.java:499)
	at java.base/java.lang.reflect.Constructor.newInstance(Constructor.java:480)
	at org.eclipse.core.internal.registry.osgi.RegistryStrategyOSGI.createExecutableExtension(RegistryStrategyOSGI.java:204)
	... 12 more
Caused by: java.lang.NullPointerException: Cannot invoke "java.io.File.getAbsolutePath()" because the return value of "org.eclipse.wildwebdeveloper.embedder.node.NodeJSManager.getNodeJsLocation()" is null
	at org.eclipse.wildwebdeveloper.angular.AngularLanguageServer.<init>(AngularLanguageServer.java:43)
	... 17 more
!SUBENTRY 1 org.eclipse.equinox.registry 4 1 2025-02-15 22:17:25.864
!MESSAGE プラグイン "org.eclipse.wildwebdeveloper" は、クラス "org.eclipse.wildwebdeveloper.angular.AngularLanguageServer" をインスタンス化できませんでした。
!STACK 0
java.lang.reflect.InvocationTargetException
	at jdk.internal.reflect.GeneratedConstructorAccessor99.newInstance(Unknown Source)
	at java.base/jdk.internal.reflect.DelegatingConstructorAccessorImpl.newInstance(DelegatingConstructorAccessorImpl.java:45)
	at java.base/java.lang.reflect.Constructor.newInstanceWithCaller(Constructor.java:499)
	at java.base/java.lang.reflect.Constructor.newInstance(Constructor.java:480)
	at org.eclipse.core.internal.registry.osgi.RegistryStrategyOSGI.createExecutableExtension(RegistryStrategyOSGI.java:204)
	at org.eclipse.core.internal.registry.ExtensionRegistry.createExecutableExtension(ExtensionRegistry.java:920)
	at org.eclipse.core.internal.registry.ConfigurationElement.createExecutableExtension(ConfigurationElement.java:246)
	at org.eclipse.core.internal.registry.ConfigurationElementHandle.createExecutableExtension(ConfigurationElementHandle.java:63)
	at org.eclipse.lsp4e.LanguageServersRegistry$ExtensionLanguageServerDefinition.createConnectionProvider(LanguageServersRegistry.java:161)
	at org.eclipse.lsp4e.LanguageServerWrapper.lambda$0(LanguageServerWrapper.java:233)
	at java.base/java.util.concurrent.CompletableFuture$AsyncSupply.run(CompletableFuture.java:1768)
	at java.base/java.util.concurrent.CompletableFuture$AsyncSupply.exec(CompletableFuture.java:1760)
	at java.base/java.util.concurrent.ForkJoinTask.doExec(ForkJoinTask.java:373)
	at java.base/java.util.concurrent.ForkJoinPool$WorkQueue.topLevelExec(ForkJoinPool.java:1182)
	at java.base/java.util.concurrent.ForkJoinPool.scan(ForkJoinPool.java:1655)
	at java.base/java.util.concurrent.ForkJoinPool.runWorker(ForkJoinPool.java:1622)
	at java.base/java.util.concurrent.ForkJoinWorkerThread.run(ForkJoinWorkerThread.java:165)
Caused by: java.lang.NullPointerException: Cannot invoke "java.io.File.getAbsolutePath()" because the return value of "org.eclipse.wildwebdeveloper.embedder.node.NodeJSManager.getNodeJsLocation()" is null
	at org.eclipse.wildwebdeveloper.angular.AngularLanguageServer.<init>(AngularLanguageServer.java:43)
	... 17 more
Root exception:
java.lang.NullPointerException: Cannot invoke "java.io.File.getAbsolutePath()" because the return value of "org.eclipse.wildwebdeveloper.embedder.node.NodeJSManager.getNodeJsLocation()" is null
	at org.eclipse.wildwebdeveloper.angular.AngularLanguageServer.<init>(AngularLanguageServer.java:43)
	at jdk.internal.reflect.GeneratedConstructorAccessor99.newInstance(Unknown Source)
	at java.base/jdk.internal.reflect.DelegatingConstructorAccessorImpl.newInstance(DelegatingConstructorAccessorImpl.java:45)
	at java.base/java.lang.reflect.Constructor.newInstanceWithCaller(Constructor.java:499)
	at java.base/java.lang.reflect.Constructor.newInstance(Constructor.java:480)
	at org.eclipse.core.internal.registry.osgi.RegistryStrategyOSGI.createExecutableExtension(RegistryStrategyOSGI.java:204)
	at org.eclipse.core.internal.registry.ExtensionRegistry.createExecutableExtension(ExtensionRegistry.java:920)
	at org.eclipse.core.internal.registry.ConfigurationElement.createExecutableExtension(ConfigurationElement.java:246)
	at org.eclipse.core.internal.registry.ConfigurationElementHandle.createExecutableExtension(ConfigurationElementHandle.java:63)
	at org.eclipse.lsp4e.LanguageServersRegistry$ExtensionLanguageServerDefinition.createConnectionProvider(LanguageServersRegistry.java:161)
	at org.eclipse.lsp4e.LanguageServerWrapper.lambda$0(LanguageServerWrapper.java:233)
	at java.base/java.util.concurrent.CompletableFuture$AsyncSupply.run(CompletableFuture.java:1768)
	at java.base/java.util.concurrent.CompletableFuture$AsyncSupply.exec(CompletableFuture.java:1760)
	at java.base/java.util.concurrent.ForkJoinTask.doExec(ForkJoinTask.java:373)
	at java.base/java.util.concurrent.ForkJoinPool$WorkQueue.topLevelExec(ForkJoinPool.java:1182)
	at java.base/java.util.concurrent.ForkJoinPool.scan(ForkJoinPool.java:1655)
	at java.base/java.util.concurrent.ForkJoinPool.runWorker(ForkJoinPool.java:1622)
	at java.base/java.util.concurrent.ForkJoinWorkerThread.run(ForkJoinWorkerThread.java:165)

!ENTRY org.eclipse.lsp4e 4 0 2025-02-15 22:17:25.864
!MESSAGE Exception occurred while creating an instance of the stream connection provider
!STACK 0
java.lang.RuntimeException: Exception occurred while creating an instance of the stream connection provider
	at org.eclipse.lsp4e.LanguageServersRegistry$ExtensionLanguageServerDefinition.createConnectionProvider(LanguageServersRegistry.java:164)
	at org.eclipse.lsp4e.LanguageServerWrapper.lambda$0(LanguageServerWrapper.java:233)
	at java.base/java.util.concurrent.CompletableFuture$AsyncSupply.run(CompletableFuture.java:1768)
	at java.base/java.util.concurrent.CompletableFuture$AsyncSupply.exec(CompletableFuture.java:1760)
	at java.base/java.util.concurrent.ForkJoinTask.doExec(ForkJoinTask.java:373)
	at java.base/java.util.concurrent.ForkJoinPool$WorkQueue.topLevelExec(ForkJoinPool.java:1182)
	at java.base/java.util.concurrent.ForkJoinPool.scan(ForkJoinPool.java:1655)
	at java.base/java.util.concurrent.ForkJoinPool.runWorker(ForkJoinPool.java:1622)
	at java.base/java.util.concurrent.ForkJoinWorkerThread.run(ForkJoinWorkerThread.java:165)
Caused by: org.eclipse.core.runtime.CoreException: プラグイン "org.eclipse.wildwebdeveloper" は、クラス "org.eclipse.wildwebdeveloper.angular.AngularLanguageServer" をインスタンス化できませんでした。
	at org.eclipse.core.internal.registry.osgi.RegistryStrategyOSGI.throwException(RegistryStrategyOSGI.java:212)
	at org.eclipse.core.internal.registry.osgi.RegistryStrategyOSGI.createExecutableExtension(RegistryStrategyOSGI.java:206)
	at org.eclipse.core.internal.registry.ExtensionRegistry.createExecutableExtension(ExtensionRegistry.java:920)
	at org.eclipse.core.internal.registry.ConfigurationElement.createExecutableExtension(ConfigurationElement.java:246)
	at org.eclipse.core.internal.registry.ConfigurationElementHandle.createExecutableExtension(ConfigurationElementHandle.java:63)
	at org.eclipse.lsp4e.LanguageServersRegistry$ExtensionLanguageServerDefinition.createConnectionProvider(LanguageServersRegistry.java:161)
	... 8 more
Caused by: java.lang.reflect.InvocationTargetException
	at jdk.internal.reflect.GeneratedConstructorAccessor99.newInstance(Unknown Source)
	at java.base/jdk.internal.reflect.DelegatingConstructorAccessorImpl.newInstance(DelegatingConstructorAccessorImpl.java:45)
	at java.base/java.lang.reflect.Constructor.newInstanceWithCaller(Constructor.java:499)
	at java.base/java.lang.reflect.Constructor.newInstance(Constructor.java:480)
	at org.eclipse.core.internal.registry.osgi.RegistryStrategyOSGI.createExecutableExtension(RegistryStrategyOSGI.java:204)
	... 12 more
Caused by: java.lang.NullPointerException: Cannot invoke "java.io.File.getAbsolutePath()" because the return value of "org.eclipse.wildwebdeveloper.embedder.node.NodeJSManager.getNodeJsLocation()" is null
	at org.eclipse.wildwebdeveloper.angular.AngularLanguageServer.<init>(AngularLanguageServer.java:43)
	... 17 more

!ENTRY org.eclipse.lsp4e 4 0 2025-02-15 22:17:25.865
!MESSAGE Cannot invoke "org.eclipse.lsp4e.server.StreamConnectionProvider.getInputStream()" because "this.lspStreamProvider" is null
!STACK 0
java.lang.NullPointerException: Cannot invoke "org.eclipse.lsp4e.server.StreamConnectionProvider.getInputStream()" because "this.lspStreamProvider" is null
	at org.eclipse.lsp4e.LanguageServerWrapper.lambda$1(LanguageServerWrapper.java:284)
	at java.base/java.util.concurrent.CompletableFuture$UniApply.tryFire(CompletableFuture.java:646)
	at java.base/java.util.concurrent.CompletableFuture.postComplete(CompletableFuture.java:510)
	at java.base/java.util.concurrent.CompletableFuture$AsyncSupply.run(CompletableFuture.java:1773)
	at java.base/java.util.concurrent.CompletableFuture$AsyncSupply.exec(CompletableFuture.java:1760)
	at java.base/java.util.concurrent.ForkJoinTask.doExec(ForkJoinTask.java:373)
	at java.base/java.util.concurrent.ForkJoinPool$WorkQueue.topLevelExec(ForkJoinPool.java:1182)
	at java.base/java.util.concurrent.ForkJoinPool.scan(ForkJoinPool.java:1655)
	at java.base/java.util.concurrent.ForkJoinPool.runWorker(ForkJoinPool.java:1622)
	at java.base/java.util.concurrent.ForkJoinWorkerThread.run(ForkJoinWorkerThread.java:165)

!ENTRY org.eclipse.lsp4e 4 0 2025-02-15 22:17:28.857
!MESSAGE プラグイン "org.eclipse.wildwebdeveloper" は、クラス "org.eclipse.wildwebdeveloper.angular.AngularLanguageServer" をインスタンス化できませんでした。
!STACK 1
org.eclipse.core.runtime.CoreException: プラグイン "org.eclipse.wildwebdeveloper" は、クラス "org.eclipse.wildwebdeveloper.angular.AngularLanguageServer" をインスタンス化できませんでした。
	at org.eclipse.core.internal.registry.osgi.RegistryStrategyOSGI.throwException(RegistryStrategyOSGI.java:212)
	at org.eclipse.core.internal.registry.osgi.RegistryStrategyOSGI.createExecutableExtension(RegistryStrategyOSGI.java:206)
	at org.eclipse.core.internal.registry.ExtensionRegistry.createExecutableExtension(ExtensionRegistry.java:920)
	at org.eclipse.core.internal.registry.ConfigurationElement.createExecutableExtension(ConfigurationElement.java:246)
	at org.eclipse.core.internal.registry.ConfigurationElementHandle.createExecutableExtension(ConfigurationElementHandle.java:63)
	at org.eclipse.lsp4e.LanguageServersRegistry$ExtensionLanguageServerDefinition.createConnectionProvider(LanguageServersRegistry.java:161)
	at org.eclipse.lsp4e.LanguageServerWrapper.lambda$0(LanguageServerWrapper.java:233)
	at java.base/java.util.concurrent.CompletableFuture$AsyncSupply.run(CompletableFuture.java:1768)
	at java.base/java.util.concurrent.CompletableFuture$AsyncSupply.exec(CompletableFuture.java:1760)
	at java.base/java.util.concurrent.ForkJoinTask.doExec(ForkJoinTask.java:373)
	at java.base/java.util.concurrent.ForkJoinPool$WorkQueue.topLevelExec(ForkJoinPool.java:1182)
	at java.base/java.util.concurrent.ForkJoinPool.scan(ForkJoinPool.java:1655)
	at java.base/java.util.concurrent.ForkJoinPool.runWorker(ForkJoinPool.java:1622)
	at java.base/java.util.concurrent.ForkJoinWorkerThread.run(ForkJoinWorkerThread.java:165)
Caused by: java.lang.reflect.InvocationTargetException
	at jdk.internal.reflect.GeneratedConstructorAccessor99.newInstance(Unknown Source)
	at java.base/jdk.internal.reflect.DelegatingConstructorAccessorImpl.newInstance(DelegatingConstructorAccessorImpl.java:45)
	at java.base/java.lang.reflect.Constructor.newInstanceWithCaller(Constructor.java:499)
	at java.base/java.lang.reflect.Constructor.newInstance(Constructor.java:480)
	at org.eclipse.core.internal.registry.osgi.RegistryStrategyOSGI.createExecutableExtension(RegistryStrategyOSGI.java:204)
	... 12 more
Caused by: java.lang.NullPointerException: Cannot invoke "java.io.File.getAbsolutePath()" because the return value of "org.eclipse.wildwebdeveloper.embedder.node.NodeJSManager.getNodeJsLocation()" is null
	at org.eclipse.wildwebdeveloper.angular.AngularLanguageServer.<init>(AngularLanguageServer.java:43)
	... 17 more
!SUBENTRY 1 org.eclipse.equinox.registry 4 1 2025-02-15 22:17:28.857
!MESSAGE プラグイン "org.eclipse.wildwebdeveloper" は、クラス "org.eclipse.wildwebdeveloper.angular.AngularLanguageServer" をインスタンス化できませんでした。
!STACK 0
java.lang.reflect.InvocationTargetException
	at jdk.internal.reflect.GeneratedConstructorAccessor99.newInstance(Unknown Source)
	at java.base/jdk.internal.reflect.DelegatingConstructorAccessorImpl.newInstance(DelegatingConstructorAccessorImpl.java:45)
	at java.base/java.lang.reflect.Constructor.newInstanceWithCaller(Constructor.java:499)
	at java.base/java.lang.reflect.Constructor.newInstance(Constructor.java:480)
	at org.eclipse.core.internal.registry.osgi.RegistryStrategyOSGI.createExecutableExtension(RegistryStrategyOSGI.java:204)
	at org.eclipse.core.internal.registry.ExtensionRegistry.createExecutableExtension(ExtensionRegistry.java:920)
	at org.eclipse.core.internal.registry.ConfigurationElement.createExecutableExtension(ConfigurationElement.java:246)
	at org.eclipse.core.internal.registry.ConfigurationElementHandle.createExecutableExtension(ConfigurationElementHandle.java:63)
	at org.eclipse.lsp4e.LanguageServersRegistry$ExtensionLanguageServerDefinition.createConnectionProvider(LanguageServersRegistry.java:161)
	at org.eclipse.lsp4e.LanguageServerWrapper.lambda$0(LanguageServerWrapper.java:233)
	at java.base/java.util.concurrent.CompletableFuture$AsyncSupply.run(CompletableFuture.java:1768)
	at java.base/java.util.concurrent.CompletableFuture$AsyncSupply.exec(CompletableFuture.java:1760)
	at java.base/java.util.concurrent.ForkJoinTask.doExec(ForkJoinTask.java:373)
	at java.base/java.util.concurrent.ForkJoinPool$WorkQueue.topLevelExec(ForkJoinPool.java:1182)
	at java.base/java.util.concurrent.ForkJoinPool.scan(ForkJoinPool.java:1655)
	at java.base/java.util.concurrent.ForkJoinPool.runWorker(ForkJoinPool.java:1622)
	at java.base/java.util.concurrent.ForkJoinWorkerThread.run(ForkJoinWorkerThread.java:165)
Caused by: java.lang.NullPointerException: Cannot invoke "java.io.File.getAbsolutePath()" because the return value of "org.eclipse.wildwebdeveloper.embedder.node.NodeJSManager.getNodeJsLocation()" is null
	at org.eclipse.wildwebdeveloper.angular.AngularLanguageServer.<init>(AngularLanguageServer.java:43)
	... 17 more
Root exception:
java.lang.NullPointerException: Cannot invoke "java.io.File.getAbsolutePath()" because the return value of "org.eclipse.wildwebdeveloper.embedder.node.NodeJSManager.getNodeJsLocation()" is null
	at org.eclipse.wildwebdeveloper.angular.AngularLanguageServer.<init>(AngularLanguageServer.java:43)
	at jdk.internal.reflect.GeneratedConstructorAccessor99.newInstance(Unknown Source)
	at java.base/jdk.internal.reflect.DelegatingConstructorAccessorImpl.newInstance(DelegatingConstructorAccessorImpl.java:45)
	at java.base/java.lang.reflect.Constructor.newInstanceWithCaller(Constructor.java:499)
	at java.base/java.lang.reflect.Constructor.newInstance(Constructor.java:480)
	at org.eclipse.core.internal.registry.osgi.RegistryStrategyOSGI.createExecutableExtension(RegistryStrategyOSGI.java:204)
	at org.eclipse.core.internal.registry.ExtensionRegistry.createExecutableExtension(ExtensionRegistry.java:920)
	at org.eclipse.core.internal.registry.ConfigurationElement.createExecutableExtension(ConfigurationElement.java:246)
	at org.eclipse.core.internal.registry.ConfigurationElementHandle.createExecutableExtension(ConfigurationElementHandle.java:63)
	at org.eclipse.lsp4e.LanguageServersRegistry$ExtensionLanguageServerDefinition.createConnectionProvider(LanguageServersRegistry.java:161)
	at org.eclipse.lsp4e.LanguageServerWrapper.lambda$0(LanguageServerWrapper.java:233)
	at java.base/java.util.concurrent.CompletableFuture$AsyncSupply.run(CompletableFuture.java:1768)
	at java.base/java.util.concurrent.CompletableFuture$AsyncSupply.exec(CompletableFuture.java:1760)
	at java.base/java.util.concurrent.ForkJoinTask.doExec(ForkJoinTask.java:373)
	at java.base/java.util.concurrent.ForkJoinPool$WorkQueue.topLevelExec(ForkJoinPool.java:1182)
	at java.base/java.util.concurrent.ForkJoinPool.scan(ForkJoinPool.java:1655)
	at java.base/java.util.concurrent.ForkJoinPool.runWorker(ForkJoinPool.java:1622)
	at java.base/java.util.concurrent.ForkJoinWorkerThread.run(ForkJoinWorkerThread.java:165)

!ENTRY org.eclipse.lsp4e 4 0 2025-02-15 22:17:28.858
!MESSAGE Exception occurred while creating an instance of the stream connection provider
!STACK 0
java.lang.RuntimeException: Exception occurred while creating an instance of the stream connection provider
	at org.eclipse.lsp4e.LanguageServersRegistry$ExtensionLanguageServerDefinition.createConnectionProvider(LanguageServersRegistry.java:164)
	at org.eclipse.lsp4e.LanguageServerWrapper.lambda$0(LanguageServerWrapper.java:233)
	at java.base/java.util.concurrent.CompletableFuture$AsyncSupply.run(CompletableFuture.java:1768)
	at java.base/java.util.concurrent.CompletableFuture$AsyncSupply.exec(CompletableFuture.java:1760)
	at java.base/java.util.concurrent.ForkJoinTask.doExec(ForkJoinTask.java:373)
	at java.base/java.util.concurrent.ForkJoinPool$WorkQueue.topLevelExec(ForkJoinPool.java:1182)
	at java.base/java.util.concurrent.ForkJoinPool.scan(ForkJoinPool.java:1655)
	at java.base/java.util.concurrent.ForkJoinPool.runWorker(ForkJoinPool.java:1622)
	at java.base/java.util.concurrent.ForkJoinWorkerThread.run(ForkJoinWorkerThread.java:165)
Caused by: org.eclipse.core.runtime.CoreException: プラグイン "org.eclipse.wildwebdeveloper" は、クラス "org.eclipse.wildwebdeveloper.angular.AngularLanguageServer" をインスタンス化できませんでした。
	at org.eclipse.core.internal.registry.osgi.RegistryStrategyOSGI.throwException(RegistryStrategyOSGI.java:212)
	at org.eclipse.core.internal.registry.osgi.RegistryStrategyOSGI.createExecutableExtension(RegistryStrategyOSGI.java:206)
	at org.eclipse.core.internal.registry.ExtensionRegistry.createExecutableExtension(ExtensionRegistry.java:920)
	at org.eclipse.core.internal.registry.ConfigurationElement.createExecutableExtension(ConfigurationElement.java:246)
	at org.eclipse.core.internal.registry.ConfigurationElementHandle.createExecutableExtension(ConfigurationElementHandle.java:63)
	at org.eclipse.lsp4e.LanguageServersRegistry$ExtensionLanguageServerDefinition.createConnectionProvider(LanguageServersRegistry.java:161)
	... 8 more
Caused by: java.lang.reflect.InvocationTargetException
	at jdk.internal.reflect.GeneratedConstructorAccessor99.newInstance(Unknown Source)
	at java.base/jdk.internal.reflect.DelegatingConstructorAccessorImpl.newInstance(DelegatingConstructorAccessorImpl.java:45)
	at java.base/java.lang.reflect.Constructor.newInstanceWithCaller(Constructor.java:499)
	at java.base/java.lang.reflect.Constructor.newInstance(Constructor.java:480)
	at org.eclipse.core.internal.registry.osgi.RegistryStrategyOSGI.createExecutableExtension(RegistryStrategyOSGI.java:204)
	... 12 more
Caused by: java.lang.NullPointerException: Cannot invoke "java.io.File.getAbsolutePath()" because the return value of "org.eclipse.wildwebdeveloper.embedder.node.NodeJSManager.getNodeJsLocation()" is null
	at org.eclipse.wildwebdeveloper.angular.AngularLanguageServer.<init>(AngularLanguageServer.java:43)
	... 17 more

!ENTRY org.eclipse.lsp4e 4 0 2025-02-15 22:17:28.860
!MESSAGE Cannot invoke "org.eclipse.lsp4e.server.StreamConnectionProvider.getInputStream()" because "this.lspStreamProvider" is null
!STACK 0
java.lang.NullPointerException: Cannot invoke "org.eclipse.lsp4e.server.StreamConnectionProvider.getInputStream()" because "this.lspStreamProvider" is null
	at org.eclipse.lsp4e.LanguageServerWrapper.lambda$1(LanguageServerWrapper.java:284)
	at java.base/java.util.concurrent.CompletableFuture$UniApply.tryFire(CompletableFuture.java:646)
	at java.base/java.util.concurrent.CompletableFuture.postComplete(CompletableFuture.java:510)
	at java.base/java.util.concurrent.CompletableFuture$AsyncSupply.run(CompletableFuture.java:1773)
	at java.base/java.util.concurrent.CompletableFuture$AsyncSupply.exec(CompletableFuture.java:1760)
	at java.base/java.util.concurrent.ForkJoinTask.doExec(ForkJoinTask.java:373)
	at java.base/java.util.concurrent.ForkJoinPool$WorkQueue.topLevelExec(ForkJoinPool.java:1182)
	at java.base/java.util.concurrent.ForkJoinPool.scan(ForkJoinPool.java:1655)
	at java.base/java.util.concurrent.ForkJoinPool.runWorker(ForkJoinPool.java:1622)
	at java.base/java.util.concurrent.ForkJoinWorkerThread.run(ForkJoinWorkerThread.java:165)

!ENTRY org.eclipse.lsp4e 4 0 2025-02-15 22:17:28.867
!MESSAGE プラグイン "org.eclipse.wildwebdeveloper" は、クラス "org.eclipse.wildwebdeveloper.html.HTMLLanguageServer" をインスタンス化できませんでした。
!STACK 1
org.eclipse.core.runtime.CoreException: プラグイン "org.eclipse.wildwebdeveloper" は、クラス "org.eclipse.wildwebdeveloper.html.HTMLLanguageServer" をインスタンス化できませんでした。
	at org.eclipse.core.internal.registry.osgi.RegistryStrategyOSGI.throwException(RegistryStrategyOSGI.java:212)
	at org.eclipse.core.internal.registry.osgi.RegistryStrategyOSGI.createExecutableExtension(RegistryStrategyOSGI.java:206)
	at org.eclipse.core.internal.registry.ExtensionRegistry.createExecutableExtension(ExtensionRegistry.java:920)
	at org.eclipse.core.internal.registry.ConfigurationElement.createExecutableExtension(ConfigurationElement.java:246)
	at org.eclipse.core.internal.registry.ConfigurationElementHandle.createExecutableExtension(ConfigurationElementHandle.java:63)
	at org.eclipse.lsp4e.LanguageServersRegistry$ExtensionLanguageServerDefinition.createConnectionProvider(LanguageServersRegistry.java:161)
	at org.eclipse.lsp4e.LanguageServerWrapper.lambda$0(LanguageServerWrapper.java:233)
	at java.base/java.util.concurrent.CompletableFuture$AsyncSupply.run(CompletableFuture.java:1768)
	at java.base/java.util.concurrent.CompletableFuture$AsyncSupply.exec(CompletableFuture.java:1760)
	at java.base/java.util.concurrent.ForkJoinTask.doExec(ForkJoinTask.java:373)
	at java.base/java.util.concurrent.ForkJoinPool$WorkQueue.topLevelExec(ForkJoinPool.java:1182)
	at java.base/java.util.concurrent.ForkJoinPool.scan(ForkJoinPool.java:1655)
	at java.base/java.util.concurrent.ForkJoinPool.runWorker(ForkJoinPool.java:1622)
	at java.base/java.util.concurrent.ForkJoinWorkerThread.run(ForkJoinWorkerThread.java:165)
Caused by: java.lang.reflect.InvocationTargetException
	at jdk.internal.reflect.GeneratedConstructorAccessor101.newInstance(Unknown Source)
	at java.base/jdk.internal.reflect.DelegatingConstructorAccessorImpl.newInstance(DelegatingConstructorAccessorImpl.java:45)
	at java.base/java.lang.reflect.Constructor.newInstanceWithCaller(Constructor.java:499)
	at java.base/java.lang.reflect.Constructor.newInstance(Constructor.java:480)
	at org.eclipse.core.internal.registry.osgi.RegistryStrategyOSGI.createExecutableExtension(RegistryStrategyOSGI.java:204)
	... 12 more
Caused by: java.lang.NullPointerException: Cannot invoke "java.io.File.getAbsolutePath()" because the return value of "org.eclipse.wildwebdeveloper.embedder.node.NodeJSManager.getNodeJsLocation()" is null
	at org.eclipse.wildwebdeveloper.html.HTMLLanguageServer.<init>(HTMLLanguageServer.java:40)
	... 17 more
!SUBENTRY 1 org.eclipse.equinox.registry 4 1 2025-02-15 22:17:28.867
!MESSAGE プラグイン "org.eclipse.wildwebdeveloper" は、クラス "org.eclipse.wildwebdeveloper.html.HTMLLanguageServer" をインスタンス化できませんでした。
!STACK 0
java.lang.reflect.InvocationTargetException
	at jdk.internal.reflect.GeneratedConstructorAccessor101.newInstance(Unknown Source)
	at java.base/jdk.internal.reflect.DelegatingConstructorAccessorImpl.newInstance(DelegatingConstructorAccessorImpl.java:45)
	at java.base/java.lang.reflect.Constructor.newInstanceWithCaller(Constructor.java:499)
	at java.base/java.lang.reflect.Constructor.newInstance(Constructor.java:480)
	at org.eclipse.core.internal.registry.osgi.RegistryStrategyOSGI.createExecutableExtension(RegistryStrategyOSGI.java:204)
	at org.eclipse.core.internal.registry.ExtensionRegistry.createExecutableExtension(ExtensionRegistry.java:920)
	at org.eclipse.core.internal.registry.ConfigurationElement.createExecutableExtension(ConfigurationElement.java:246)
	at org.eclipse.core.internal.registry.ConfigurationElementHandle.createExecutableExtension(ConfigurationElementHandle.java:63)
	at org.eclipse.lsp4e.LanguageServersRegistry$ExtensionLanguageServerDefinition.createConnectionProvider(LanguageServersRegistry.java:161)
	at org.eclipse.lsp4e.LanguageServerWrapper.lambda$0(LanguageServerWrapper.java:233)
	at java.base/java.util.concurrent.CompletableFuture$AsyncSupply.run(CompletableFuture.java:1768)
	at java.base/java.util.concurrent.CompletableFuture$AsyncSupply.exec(CompletableFuture.java:1760)
	at java.base/java.util.concurrent.ForkJoinTask.doExec(ForkJoinTask.java:373)
	at java.base/java.util.concurrent.ForkJoinPool$WorkQueue.topLevelExec(ForkJoinPool.java:1182)
	at java.base/java.util.concurrent.ForkJoinPool.scan(ForkJoinPool.java:1655)
	at java.base/java.util.concurrent.ForkJoinPool.runWorker(ForkJoinPool.java:1622)
	at java.base/java.util.concurrent.ForkJoinWorkerThread.run(ForkJoinWorkerThread.java:165)
Caused by: java.lang.NullPointerException: Cannot invoke "java.io.File.getAbsolutePath()" because the return value of "org.eclipse.wildwebdeveloper.embedder.node.NodeJSManager.getNodeJsLocation()" is null
	at org.eclipse.wildwebdeveloper.html.HTMLLanguageServer.<init>(HTMLLanguageServer.java:40)
	... 17 more
Root exception:
java.lang.NullPointerException: Cannot invoke "java.io.File.getAbsolutePath()" because the return value of "org.eclipse.wildwebdeveloper.embedder.node.NodeJSManager.getNodeJsLocation()" is null
	at org.eclipse.wildwebdeveloper.html.HTMLLanguageServer.<init>(HTMLLanguageServer.java:40)
	at jdk.internal.reflect.GeneratedConstructorAccessor101.newInstance(Unknown Source)
	at java.base/jdk.internal.reflect.DelegatingConstructorAccessorImpl.newInstance(DelegatingConstructorAccessorImpl.java:45)
	at java.base/java.lang.reflect.Constructor.newInstanceWithCaller(Constructor.java:499)
	at java.base/java.lang.reflect.Constructor.newInstance(Constructor.java:480)
	at org.eclipse.core.internal.registry.osgi.RegistryStrategyOSGI.createExecutableExtension(RegistryStrategyOSGI.java:204)
	at org.eclipse.core.internal.registry.ExtensionRegistry.createExecutableExtension(ExtensionRegistry.java:920)
	at org.eclipse.core.internal.registry.ConfigurationElement.createExecutableExtension(ConfigurationElement.java:246)
	at org.eclipse.core.internal.registry.ConfigurationElementHandle.createExecutableExtension(ConfigurationElementHandle.java:63)
	at org.eclipse.lsp4e.LanguageServersRegistry$ExtensionLanguageServerDefinition.createConnectionProvider(LanguageServersRegistry.java:161)
	at org.eclipse.lsp4e.LanguageServerWrapper.lambda$0(LanguageServerWrapper.java:233)
	at java.base/java.util.concurrent.CompletableFuture$AsyncSupply.run(CompletableFuture.java:1768)
	at java.base/java.util.concurrent.CompletableFuture$AsyncSupply.exec(CompletableFuture.java:1760)
	at java.base/java.util.concurrent.ForkJoinTask.doExec(ForkJoinTask.java:373)
	at java.base/java.util.concurrent.ForkJoinPool$WorkQueue.topLevelExec(ForkJoinPool.java:1182)
	at java.base/java.util.concurrent.ForkJoinPool.scan(ForkJoinPool.java:1655)
	at java.base/java.util.concurrent.ForkJoinPool.runWorker(ForkJoinPool.java:1622)
	at java.base/java.util.concurrent.ForkJoinWorkerThread.run(ForkJoinWorkerThread.java:165)

!ENTRY org.eclipse.lsp4e 4 0 2025-02-15 22:17:28.868
!MESSAGE Exception occurred while creating an instance of the stream connection provider
!STACK 0
java.lang.RuntimeException: Exception occurred while creating an instance of the stream connection provider
	at org.eclipse.lsp4e.LanguageServersRegistry$ExtensionLanguageServerDefinition.createConnectionProvider(LanguageServersRegistry.java:164)
	at org.eclipse.lsp4e.LanguageServerWrapper.lambda$0(LanguageServerWrapper.java:233)
	at java.base/java.util.concurrent.CompletableFuture$AsyncSupply.run(CompletableFuture.java:1768)
	at java.base/java.util.concurrent.CompletableFuture$AsyncSupply.exec(CompletableFuture.java:1760)
	at java.base/java.util.concurrent.ForkJoinTask.doExec(ForkJoinTask.java:373)
	at java.base/java.util.concurrent.ForkJoinPool$WorkQueue.topLevelExec(ForkJoinPool.java:1182)
	at java.base/java.util.concurrent.ForkJoinPool.scan(ForkJoinPool.java:1655)
	at java.base/java.util.concurrent.ForkJoinPool.runWorker(ForkJoinPool.java:1622)
	at java.base/java.util.concurrent.ForkJoinWorkerThread.run(ForkJoinWorkerThread.java:165)
Caused by: org.eclipse.core.runtime.CoreException: プラグイン "org.eclipse.wildwebdeveloper" は、クラス "org.eclipse.wildwebdeveloper.html.HTMLLanguageServer" をインスタンス化できませんでした。
	at org.eclipse.core.internal.registry.osgi.RegistryStrategyOSGI.throwException(RegistryStrategyOSGI.java:212)
	at org.eclipse.core.internal.registry.osgi.RegistryStrategyOSGI.createExecutableExtension(RegistryStrategyOSGI.java:206)
	at org.eclipse.core.internal.registry.ExtensionRegistry.createExecutableExtension(ExtensionRegistry.java:920)
	at org.eclipse.core.internal.registry.ConfigurationElement.createExecutableExtension(ConfigurationElement.java:246)
	at org.eclipse.core.internal.registry.ConfigurationElementHandle.createExecutableExtension(ConfigurationElementHandle.java:63)
	at org.eclipse.lsp4e.LanguageServersRegistry$ExtensionLanguageServerDefinition.createConnectionProvider(LanguageServersRegistry.java:161)
	... 8 more
Caused by: java.lang.reflect.InvocationTargetException
	at jdk.internal.reflect.GeneratedConstructorAccessor101.newInstance(Unknown Source)
	at java.base/jdk.internal.reflect.DelegatingConstructorAccessorImpl.newInstance(DelegatingConstructorAccessorImpl.java:45)
	at java.base/java.lang.reflect.Constructor.newInstanceWithCaller(Constructor.java:499)
	at java.base/java.lang.reflect.Constructor.newInstance(Constructor.java:480)
	at org.eclipse.core.internal.registry.osgi.RegistryStrategyOSGI.createExecutableExtension(RegistryStrategyOSGI.java:204)
	... 12 more
Caused by: java.lang.NullPointerException: Cannot invoke "java.io.File.getAbsolutePath()" because the return value of "org.eclipse.wildwebdeveloper.embedder.node.NodeJSManager.getNodeJsLocation()" is null
	at org.eclipse.wildwebdeveloper.html.HTMLLanguageServer.<init>(HTMLLanguageServer.java:40)
	... 17 more

!ENTRY org.eclipse.lsp4e 4 0 2025-02-15 22:17:28.870
!MESSAGE Cannot invoke "org.eclipse.lsp4e.server.StreamConnectionProvider.getInputStream()" because "this.lspStreamProvider" is null
!STACK 0
java.lang.NullPointerException: Cannot invoke "org.eclipse.lsp4e.server.StreamConnectionProvider.getInputStream()" because "this.lspStreamProvider" is null
	at org.eclipse.lsp4e.LanguageServerWrapper.lambda$1(LanguageServerWrapper.java:284)
	at java.base/java.util.concurrent.CompletableFuture$UniApply.tryFire(CompletableFuture.java:646)
	at java.base/java.util.concurrent.CompletableFuture.postComplete(CompletableFuture.java:510)
	at java.base/java.util.concurrent.CompletableFuture$AsyncSupply.run(CompletableFuture.java:1773)
	at java.base/java.util.concurrent.CompletableFuture$AsyncSupply.exec(CompletableFuture.java:1760)
	at java.base/java.util.concurrent.ForkJoinTask.doExec(ForkJoinTask.java:373)
	at java.base/java.util.concurrent.ForkJoinPool$WorkQueue.topLevelExec(ForkJoinPool.java:1182)
	at java.base/java.util.concurrent.ForkJoinPool.scan(ForkJoinPool.java:1655)
	at java.base/java.util.concurrent.ForkJoinPool.runWorker(ForkJoinPool.java:1622)
	at java.base/java.util.concurrent.ForkJoinWorkerThread.run(ForkJoinWorkerThread.java:165)

!ENTRY org.eclipse.lsp4e 4 0 2025-02-15 22:17:28.969
!MESSAGE プラグイン "org.eclipse.wildwebdeveloper" は、クラス "org.eclipse.wildwebdeveloper.angular.AngularLanguageServer" をインスタンス化できませんでした。
!STACK 1
org.eclipse.core.runtime.CoreException: プラグイン "org.eclipse.wildwebdeveloper" は、クラス "org.eclipse.wildwebdeveloper.angular.AngularLanguageServer" をインスタンス化できませんでした。
	at org.eclipse.core.internal.registry.osgi.RegistryStrategyOSGI.throwException(RegistryStrategyOSGI.java:212)
	at org.eclipse.core.internal.registry.osgi.RegistryStrategyOSGI.createExecutableExtension(RegistryStrategyOSGI.java:206)
	at org.eclipse.core.internal.registry.ExtensionRegistry.createExecutableExtension(ExtensionRegistry.java:920)
	at org.eclipse.core.internal.registry.ConfigurationElement.createExecutableExtension(ConfigurationElement.java:246)
	at org.eclipse.core.internal.registry.ConfigurationElementHandle.createExecutableExtension(ConfigurationElementHandle.java:63)
	at org.eclipse.lsp4e.LanguageServersRegistry$ExtensionLanguageServerDefinition.createConnectionProvider(LanguageServersRegistry.java:161)
	at org.eclipse.lsp4e.LanguageServerWrapper.lambda$0(LanguageServerWrapper.java:233)
	at java.base/java.util.concurrent.CompletableFuture$AsyncSupply.run(CompletableFuture.java:1768)
	at java.base/java.util.concurrent.CompletableFuture$AsyncSupply.exec(CompletableFuture.java:1760)
	at java.base/java.util.concurrent.ForkJoinTask.doExec(ForkJoinTask.java:373)
	at java.base/java.util.concurrent.ForkJoinPool$WorkQueue.topLevelExec(ForkJoinPool.java:1182)
	at java.base/java.util.concurrent.ForkJoinPool.scan(ForkJoinPool.java:1655)
	at java.base/java.util.concurrent.ForkJoinPool.runWorker(ForkJoinPool.java:1622)
	at java.base/java.util.concurrent.ForkJoinWorkerThread.run(ForkJoinWorkerThread.java:165)
Caused by: java.lang.reflect.InvocationTargetException
	at jdk.internal.reflect.GeneratedConstructorAccessor99.newInstance(Unknown Source)
	at java.base/jdk.internal.reflect.DelegatingConstructorAccessorImpl.newInstance(DelegatingConstructorAccessorImpl.java:45)
	at java.base/java.lang.reflect.Constructor.newInstanceWithCaller(Constructor.java:499)
	at java.base/java.lang.reflect.Constructor.newInstance(Constructor.java:480)
	at org.eclipse.core.internal.registry.osgi.RegistryStrategyOSGI.createExecutableExtension(RegistryStrategyOSGI.java:204)
	... 12 more
Caused by: java.lang.NullPointerException: Cannot invoke "java.io.File.getAbsolutePath()" because the return value of "org.eclipse.wildwebdeveloper.embedder.node.NodeJSManager.getNodeJsLocation()" is null
	at org.eclipse.wildwebdeveloper.angular.AngularLanguageServer.<init>(AngularLanguageServer.java:43)
	... 17 more
!SUBENTRY 1 org.eclipse.equinox.registry 4 1 2025-02-15 22:17:28.969
!MESSAGE プラグイン "org.eclipse.wildwebdeveloper" は、クラス "org.eclipse.wildwebdeveloper.angular.AngularLanguageServer" をインスタンス化できませんでした。
!STACK 0
java.lang.reflect.InvocationTargetException
	at jdk.internal.reflect.GeneratedConstructorAccessor99.newInstance(Unknown Source)
	at java.base/jdk.internal.reflect.DelegatingConstructorAccessorImpl.newInstance(DelegatingConstructorAccessorImpl.java:45)
	at java.base/java.lang.reflect.Constructor.newInstanceWithCaller(Constructor.java:499)
	at java.base/java.lang.reflect.Constructor.newInstance(Constructor.java:480)
	at org.eclipse.core.internal.registry.osgi.RegistryStrategyOSGI.createExecutableExtension(RegistryStrategyOSGI.java:204)
	at org.eclipse.core.internal.registry.ExtensionRegistry.createExecutableExtension(ExtensionRegistry.java:920)
	at org.eclipse.core.internal.registry.ConfigurationElement.createExecutableExtension(ConfigurationElement.java:246)
	at org.eclipse.core.internal.registry.ConfigurationElementHandle.createExecutableExtension(ConfigurationElementHandle.java:63)
	at org.eclipse.lsp4e.LanguageServersRegistry$ExtensionLanguageServerDefinition.createConnectionProvider(LanguageServersRegistry.java:161)
	at org.eclipse.lsp4e.LanguageServerWrapper.lambda$0(LanguageServerWrapper.java:233)
	at java.base/java.util.concurrent.CompletableFuture$AsyncSupply.run(CompletableFuture.java:1768)
	at java.base/java.util.concurrent.CompletableFuture$AsyncSupply.exec(CompletableFuture.java:1760)
	at java.base/java.util.concurrent.ForkJoinTask.doExec(ForkJoinTask.java:373)
	at java.base/java.util.concurrent.ForkJoinPool$WorkQueue.topLevelExec(ForkJoinPool.java:1182)
	at java.base/java.util.concurrent.ForkJoinPool.scan(ForkJoinPool.java:1655)
	at java.base/java.util.concurrent.ForkJoinPool.runWorker(ForkJoinPool.java:1622)
	at java.base/java.util.concurrent.ForkJoinWorkerThread.run(ForkJoinWorkerThread.java:165)
Caused by: java.lang.NullPointerException: Cannot invoke "java.io.File.getAbsolutePath()" because the return value of "org.eclipse.wildwebdeveloper.embedder.node.NodeJSManager.getNodeJsLocation()" is null
	at org.eclipse.wildwebdeveloper.angular.AngularLanguageServer.<init>(AngularLanguageServer.java:43)
	... 17 more
Root exception:
java.lang.NullPointerException: Cannot invoke "java.io.File.getAbsolutePath()" because the return value of "org.eclipse.wildwebdeveloper.embedder.node.NodeJSManager.getNodeJsLocation()" is null
	at org.eclipse.wildwebdeveloper.angular.AngularLanguageServer.<init>(AngularLanguageServer.java:43)
	at jdk.internal.reflect.GeneratedConstructorAccessor99.newInstance(Unknown Source)
	at java.base/jdk.internal.reflect.DelegatingConstructorAccessorImpl.newInstance(DelegatingConstructorAccessorImpl.java:45)
	at java.base/java.lang.reflect.Constructor.newInstanceWithCaller(Constructor.java:499)
	at java.base/java.lang.reflect.Constructor.newInstance(Constructor.java:480)
	at org.eclipse.core.internal.registry.osgi.RegistryStrategyOSGI.createExecutableExtension(RegistryStrategyOSGI.java:204)
	at org.eclipse.core.internal.registry.ExtensionRegistry.createExecutableExtension(ExtensionRegistry.java:920)
	at org.eclipse.core.internal.registry.ConfigurationElement.createExecutableExtension(ConfigurationElement.java:246)
	at org.eclipse.core.internal.registry.ConfigurationElementHandle.createExecutableExtension(ConfigurationElementHandle.java:63)
	at org.eclipse.lsp4e.LanguageServersRegistry$ExtensionLanguageServerDefinition.createConnectionProvider(LanguageServersRegistry.java:161)
	at org.eclipse.lsp4e.LanguageServerWrapper.lambda$0(LanguageServerWrapper.java:233)
	at java.base/java.util.concurrent.CompletableFuture$AsyncSupply.run(CompletableFuture.java:1768)
	at java.base/java.util.concurrent.CompletableFuture$AsyncSupply.exec(CompletableFuture.java:1760)
	at java.base/java.util.concurrent.ForkJoinTask.doExec(ForkJoinTask.java:373)
	at java.base/java.util.concurrent.ForkJoinPool$WorkQueue.topLevelExec(ForkJoinPool.java:1182)
	at java.base/java.util.concurrent.ForkJoinPool.scan(ForkJoinPool.java:1655)
	at java.base/java.util.concurrent.ForkJoinPool.runWorker(ForkJoinPool.java:1622)
	at java.base/java.util.concurrent.ForkJoinWorkerThread.run(ForkJoinWorkerThread.java:165)

!ENTRY org.eclipse.lsp4e 4 0 2025-02-15 22:17:28.970
!MESSAGE Exception occurred while creating an instance of the stream connection provider
!STACK 0
java.lang.RuntimeException: Exception occurred while creating an instance of the stream connection provider
	at org.eclipse.lsp4e.LanguageServersRegistry$ExtensionLanguageServerDefinition.createConnectionProvider(LanguageServersRegistry.java:164)
	at org.eclipse.lsp4e.LanguageServerWrapper.lambda$0(LanguageServerWrapper.java:233)
	at java.base/java.util.concurrent.CompletableFuture$AsyncSupply.run(CompletableFuture.java:1768)
	at java.base/java.util.concurrent.CompletableFuture$AsyncSupply.exec(CompletableFuture.java:1760)
	at java.base/java.util.concurrent.ForkJoinTask.doExec(ForkJoinTask.java:373)
	at java.base/java.util.concurrent.ForkJoinPool$WorkQueue.topLevelExec(ForkJoinPool.java:1182)
	at java.base/java.util.concurrent.ForkJoinPool.scan(ForkJoinPool.java:1655)
	at java.base/java.util.concurrent.ForkJoinPool.runWorker(ForkJoinPool.java:1622)
	at java.base/java.util.concurrent.ForkJoinWorkerThread.run(ForkJoinWorkerThread.java:165)
Caused by: org.eclipse.core.runtime.CoreException: プラグイン "org.eclipse.wildwebdeveloper" は、クラス "org.eclipse.wildwebdeveloper.angular.AngularLanguageServer" をインスタンス化できませんでした。
	at org.eclipse.core.internal.registry.osgi.RegistryStrategyOSGI.throwException(RegistryStrategyOSGI.java:212)
	at org.eclipse.core.internal.registry.osgi.RegistryStrategyOSGI.createExecutableExtension(RegistryStrategyOSGI.java:206)
	at org.eclipse.core.internal.registry.ExtensionRegistry.createExecutableExtension(ExtensionRegistry.java:920)
	at org.eclipse.core.internal.registry.ConfigurationElement.createExecutableExtension(ConfigurationElement.java:246)
	at org.eclipse.core.internal.registry.ConfigurationElementHandle.createExecutableExtension(ConfigurationElementHandle.java:63)
	at org.eclipse.lsp4e.LanguageServersRegistry$ExtensionLanguageServerDefinition.createConnectionProvider(LanguageServersRegistry.java:161)
	... 8 more
Caused by: java.lang.reflect.InvocationTargetException
	at jdk.internal.reflect.GeneratedConstructorAccessor99.newInstance(Unknown Source)
	at java.base/jdk.internal.reflect.DelegatingConstructorAccessorImpl.newInstance(DelegatingConstructorAccessorImpl.java:45)
	at java.base/java.lang.reflect.Constructor.newInstanceWithCaller(Constructor.java:499)
	at java.base/java.lang.reflect.Constructor.newInstance(Constructor.java:480)
	at org.eclipse.core.internal.registry.osgi.RegistryStrategyOSGI.createExecutableExtension(RegistryStrategyOSGI.java:204)
	... 12 more
Caused by: java.lang.NullPointerException: Cannot invoke "java.io.File.getAbsolutePath()" because the return value of "org.eclipse.wildwebdeveloper.embedder.node.NodeJSManager.getNodeJsLocation()" is null
	at org.eclipse.wildwebdeveloper.angular.AngularLanguageServer.<init>(AngularLanguageServer.java:43)
	... 17 more

!ENTRY org.eclipse.lsp4e 4 0 2025-02-15 22:17:28.972
!MESSAGE Cannot invoke "org.eclipse.lsp4e.server.StreamConnectionProvider.getInputStream()" because "this.lspStreamProvider" is null
!STACK 0
java.lang.NullPointerException: Cannot invoke "org.eclipse.lsp4e.server.StreamConnectionProvider.getInputStream()" because "this.lspStreamProvider" is null
	at org.eclipse.lsp4e.LanguageServerWrapper.lambda$1(LanguageServerWrapper.java:284)
	at java.base/java.util.concurrent.CompletableFuture$UniApply.tryFire(CompletableFuture.java:646)
	at java.base/java.util.concurrent.CompletableFuture.postComplete(CompletableFuture.java:510)
	at java.base/java.util.concurrent.CompletableFuture$AsyncSupply.run(CompletableFuture.java:1773)
	at java.base/java.util.concurrent.CompletableFuture$AsyncSupply.exec(CompletableFuture.java:1760)
	at java.base/java.util.concurrent.ForkJoinTask.doExec(ForkJoinTask.java:373)
	at java.base/java.util.concurrent.ForkJoinPool$WorkQueue.topLevelExec(ForkJoinPool.java:1182)
	at java.base/java.util.concurrent.ForkJoinPool.scan(ForkJoinPool.java:1655)
	at java.base/java.util.concurrent.ForkJoinPool.runWorker(ForkJoinPool.java:1622)
	at java.base/java.util.concurrent.ForkJoinWorkerThread.run(ForkJoinWorkerThread.java:165)

!ENTRY org.eclipse.lsp4e 4 0 2025-02-15 22:17:28.984
!MESSAGE プラグイン "org.eclipse.wildwebdeveloper" は、クラス "org.eclipse.wildwebdeveloper.angular.AngularLanguageServer" をインスタンス化できませんでした。
!STACK 1
org.eclipse.core.runtime.CoreException: プラグイン "org.eclipse.wildwebdeveloper" は、クラス "org.eclipse.wildwebdeveloper.angular.AngularLanguageServer" をインスタンス化できませんでした。
	at org.eclipse.core.internal.registry.osgi.RegistryStrategyOSGI.throwException(RegistryStrategyOSGI.java:212)
	at org.eclipse.core.internal.registry.osgi.RegistryStrategyOSGI.createExecutableExtension(RegistryStrategyOSGI.java:206)
	at org.eclipse.core.internal.registry.ExtensionRegistry.createExecutableExtension(ExtensionRegistry.java:920)
	at org.eclipse.core.internal.registry.ConfigurationElement.createExecutableExtension(ConfigurationElement.java:246)
	at org.eclipse.core.internal.registry.ConfigurationElementHandle.createExecutableExtension(ConfigurationElementHandle.java:63)
	at org.eclipse.lsp4e.LanguageServersRegistry$ExtensionLanguageServerDefinition.createConnectionProvider(LanguageServersRegistry.java:161)
	at org.eclipse.lsp4e.LanguageServerWrapper.lambda$0(LanguageServerWrapper.java:233)
	at java.base/java.util.concurrent.CompletableFuture$AsyncSupply.run(CompletableFuture.java:1768)
	at java.base/java.util.concurrent.CompletableFuture$AsyncSupply.exec(CompletableFuture.java:1760)
	at java.base/java.util.concurrent.ForkJoinTask.doExec(ForkJoinTask.java:373)
	at java.base/java.util.concurrent.ForkJoinPool$WorkQueue.topLevelExec(ForkJoinPool.java:1182)
	at java.base/java.util.concurrent.ForkJoinPool.scan(ForkJoinPool.java:1655)
	at java.base/java.util.concurrent.ForkJoinPool.runWorker(ForkJoinPool.java:1622)
	at java.base/java.util.concurrent.ForkJoinWorkerThread.run(ForkJoinWorkerThread.java:165)
Caused by: java.lang.reflect.InvocationTargetException
	at jdk.internal.reflect.GeneratedConstructorAccessor99.newInstance(Unknown Source)
	at java.base/jdk.internal.reflect.DelegatingConstructorAccessorImpl.newInstance(DelegatingConstructorAccessorImpl.java:45)
	at java.base/java.lang.reflect.Constructor.newInstanceWithCaller(Constructor.java:499)
	at java.base/java.lang.reflect.Constructor.newInstance(Constructor.java:480)
	at org.eclipse.core.internal.registry.osgi.RegistryStrategyOSGI.createExecutableExtension(RegistryStrategyOSGI.java:204)
	... 12 more
Caused by: java.lang.NullPointerException: Cannot invoke "java.io.File.getAbsolutePath()" because the return value of "org.eclipse.wildwebdeveloper.embedder.node.NodeJSManager.getNodeJsLocation()" is null
	at org.eclipse.wildwebdeveloper.angular.AngularLanguageServer.<init>(AngularLanguageServer.java:43)
	... 17 more
!SUBENTRY 1 org.eclipse.equinox.registry 4 1 2025-02-15 22:17:28.984
!MESSAGE プラグイン "org.eclipse.wildwebdeveloper" は、クラス "org.eclipse.wildwebdeveloper.angular.AngularLanguageServer" をインスタンス化できませんでした。
!STACK 0
java.lang.reflect.InvocationTargetException
	at jdk.internal.reflect.GeneratedConstructorAccessor99.newInstance(Unknown Source)
	at java.base/jdk.internal.reflect.DelegatingConstructorAccessorImpl.newInstance(DelegatingConstructorAccessorImpl.java:45)
	at java.base/java.lang.reflect.Constructor.newInstanceWithCaller(Constructor.java:499)
	at java.base/java.lang.reflect.Constructor.newInstance(Constructor.java:480)
	at org.eclipse.core.internal.registry.osgi.RegistryStrategyOSGI.createExecutableExtension(RegistryStrategyOSGI.java:204)
	at org.eclipse.core.internal.registry.ExtensionRegistry.createExecutableExtension(ExtensionRegistry.java:920)
	at org.eclipse.core.internal.registry.ConfigurationElement.createExecutableExtension(ConfigurationElement.java:246)
	at org.eclipse.core.internal.registry.ConfigurationElementHandle.createExecutableExtension(ConfigurationElementHandle.java:63)
	at org.eclipse.lsp4e.LanguageServersRegistry$ExtensionLanguageServerDefinition.createConnectionProvider(LanguageServersRegistry.java:161)
	at org.eclipse.lsp4e.LanguageServerWrapper.lambda$0(LanguageServerWrapper.java:233)
	at java.base/java.util.concurrent.CompletableFuture$AsyncSupply.run(CompletableFuture.java:1768)
	at java.base/java.util.concurrent.CompletableFuture$AsyncSupply.exec(CompletableFuture.java:1760)
	at java.base/java.util.concurrent.ForkJoinTask.doExec(ForkJoinTask.java:373)
	at java.base/java.util.concurrent.ForkJoinPool$WorkQueue.topLevelExec(ForkJoinPool.java:1182)
	at java.base/java.util.concurrent.ForkJoinPool.scan(ForkJoinPool.java:1655)
	at java.base/java.util.concurrent.ForkJoinPool.runWorker(ForkJoinPool.java:1622)
	at java.base/java.util.concurrent.ForkJoinWorkerThread.run(ForkJoinWorkerThread.java:165)
Caused by: java.lang.NullPointerException: Cannot invoke "java.io.File.getAbsolutePath()" because the return value of "org.eclipse.wildwebdeveloper.embedder.node.NodeJSManager.getNodeJsLocation()" is null
	at org.eclipse.wildwebdeveloper.angular.AngularLanguageServer.<init>(AngularLanguageServer.java:43)
	... 17 more
Root exception:
java.lang.NullPointerException: Cannot invoke "java.io.File.getAbsolutePath()" because the return value of "org.eclipse.wildwebdeveloper.embedder.node.NodeJSManager.getNodeJsLocation()" is null
	at org.eclipse.wildwebdeveloper.angular.AngularLanguageServer.<init>(AngularLanguageServer.java:43)
	at jdk.internal.reflect.GeneratedConstructorAccessor99.newInstance(Unknown Source)
	at java.base/jdk.internal.reflect.DelegatingConstructorAccessorImpl.newInstance(DelegatingConstructorAccessorImpl.java:45)
	at java.base/java.lang.reflect.Constructor.newInstanceWithCaller(Constructor.java:499)
	at java.base/java.lang.reflect.Constructor.newInstance(Constructor.java:480)
	at org.eclipse.core.internal.registry.osgi.RegistryStrategyOSGI.createExecutableExtension(RegistryStrategyOSGI.java:204)
	at org.eclipse.core.internal.registry.ExtensionRegistry.createExecutableExtension(ExtensionRegistry.java:920)
	at org.eclipse.core.internal.registry.ConfigurationElement.createExecutableExtension(ConfigurationElement.java:246)
	at org.eclipse.core.internal.registry.ConfigurationElementHandle.createExecutableExtension(ConfigurationElementHandle.java:63)
	at org.eclipse.lsp4e.LanguageServersRegistry$ExtensionLanguageServerDefinition.createConnectionProvider(LanguageServersRegistry.java:161)
	at org.eclipse.lsp4e.LanguageServerWrapper.lambda$0(LanguageServerWrapper.java:233)
	at java.base/java.util.concurrent.CompletableFuture$AsyncSupply.run(CompletableFuture.java:1768)
	at java.base/java.util.concurrent.CompletableFuture$AsyncSupply.exec(CompletableFuture.java:1760)
	at java.base/java.util.concurrent.ForkJoinTask.doExec(ForkJoinTask.java:373)
	at java.base/java.util.concurrent.ForkJoinPool$WorkQueue.topLevelExec(ForkJoinPool.java:1182)
	at java.base/java.util.concurrent.ForkJoinPool.scan(ForkJoinPool.java:1655)
	at java.base/java.util.concurrent.ForkJoinPool.runWorker(ForkJoinPool.java:1622)
	at java.base/java.util.concurrent.ForkJoinWorkerThread.run(ForkJoinWorkerThread.java:165)

!ENTRY org.eclipse.lsp4e 4 0 2025-02-15 22:17:28.986
!MESSAGE Exception occurred while creating an instance of the stream connection provider
!STACK 0
java.lang.RuntimeException: Exception occurred while creating an instance of the stream connection provider
	at org.eclipse.lsp4e.LanguageServersRegistry$ExtensionLanguageServerDefinition.createConnectionProvider(LanguageServersRegistry.java:164)
	at org.eclipse.lsp4e.LanguageServerWrapper.lambda$0(LanguageServerWrapper.java:233)
	at java.base/java.util.concurrent.CompletableFuture$AsyncSupply.run(CompletableFuture.java:1768)
	at java.base/java.util.concurrent.CompletableFuture$AsyncSupply.exec(CompletableFuture.java:1760)
	at java.base/java.util.concurrent.ForkJoinTask.doExec(ForkJoinTask.java:373)
	at java.base/java.util.concurrent.ForkJoinPool$WorkQueue.topLevelExec(ForkJoinPool.java:1182)
	at java.base/java.util.concurrent.ForkJoinPool.scan(ForkJoinPool.java:1655)
	at java.base/java.util.concurrent.ForkJoinPool.runWorker(ForkJoinPool.java:1622)
	at java.base/java.util.concurrent.ForkJoinWorkerThread.run(ForkJoinWorkerThread.java:165)
Caused by: org.eclipse.core.runtime.CoreException: プラグイン "org.eclipse.wildwebdeveloper" は、クラス "org.eclipse.wildwebdeveloper.angular.AngularLanguageServer" をインスタンス化できませんでした。
	at org.eclipse.core.internal.registry.osgi.RegistryStrategyOSGI.throwException(RegistryStrategyOSGI.java:212)
	at org.eclipse.core.internal.registry.osgi.RegistryStrategyOSGI.createExecutableExtension(RegistryStrategyOSGI.java:206)
	at org.eclipse.core.internal.registry.ExtensionRegistry.createExecutableExtension(ExtensionRegistry.java:920)
	at org.eclipse.core.internal.registry.ConfigurationElement.createExecutableExtension(ConfigurationElement.java:246)
	at org.eclipse.core.internal.registry.ConfigurationElementHandle.createExecutableExtension(ConfigurationElementHandle.java:63)
	at org.eclipse.lsp4e.LanguageServersRegistry$ExtensionLanguageServerDefinition.createConnectionProvider(LanguageServersRegistry.java:161)
	... 8 more
Caused by: java.lang.reflect.InvocationTargetException
	at jdk.internal.reflect.GeneratedConstructorAccessor99.newInstance(Unknown Source)
	at java.base/jdk.internal.reflect.DelegatingConstructorAccessorImpl.newInstance(DelegatingConstructorAccessorImpl.java:45)
	at java.base/java.lang.reflect.Constructor.newInstanceWithCaller(Constructor.java:499)
	at java.base/java.lang.reflect.Constructor.newInstance(Constructor.java:480)
	at org.eclipse.core.internal.registry.osgi.RegistryStrategyOSGI.createExecutableExtension(RegistryStrategyOSGI.java:204)
	... 12 more
Caused by: java.lang.NullPointerException: Cannot invoke "java.io.File.getAbsolutePath()" because the return value of "org.eclipse.wildwebdeveloper.embedder.node.NodeJSManager.getNodeJsLocation()" is null
	at org.eclipse.wildwebdeveloper.angular.AngularLanguageServer.<init>(AngularLanguageServer.java:43)
	... 17 more

!ENTRY org.eclipse.lsp4e 4 0 2025-02-15 22:17:28.987
!MESSAGE Cannot invoke "org.eclipse.lsp4e.server.StreamConnectionProvider.getInputStream()" because "this.lspStreamProvider" is null
!STACK 0
java.lang.NullPointerException: Cannot invoke "org.eclipse.lsp4e.server.StreamConnectionProvider.getInputStream()" because "this.lspStreamProvider" is null
	at org.eclipse.lsp4e.LanguageServerWrapper.lambda$1(LanguageServerWrapper.java:284)
	at java.base/java.util.concurrent.CompletableFuture$UniApply.tryFire(CompletableFuture.java:646)
	at java.base/java.util.concurrent.CompletableFuture.postComplete(CompletableFuture.java:510)
	at java.base/java.util.concurrent.CompletableFuture$AsyncSupply.run(CompletableFuture.java:1773)
	at java.base/java.util.concurrent.CompletableFuture$AsyncSupply.exec(CompletableFuture.java:1760)
	at java.base/java.util.concurrent.ForkJoinTask.doExec(ForkJoinTask.java:373)
	at java.base/java.util.concurrent.ForkJoinPool$WorkQueue.topLevelExec(ForkJoinPool.java:1182)
	at java.base/java.util.concurrent.ForkJoinPool.scan(ForkJoinPool.java:1655)
	at java.base/java.util.concurrent.ForkJoinPool.runWorker(ForkJoinPool.java:1622)
	at java.base/java.util.concurrent.ForkJoinWorkerThread.run(ForkJoinWorkerThread.java:165)

!ENTRY org.eclipse.lsp4e 4 0 2025-02-15 22:17:29.022
!MESSAGE プラグイン "org.eclipse.wildwebdeveloper" は、クラス "org.eclipse.wildwebdeveloper.html.HTMLLanguageServer" をインスタンス化できませんでした。
!STACK 1
org.eclipse.core.runtime.CoreException: プラグイン "org.eclipse.wildwebdeveloper" は、クラス "org.eclipse.wildwebdeveloper.html.HTMLLanguageServer" をインスタンス化できませんでした。
	at org.eclipse.core.internal.registry.osgi.RegistryStrategyOSGI.throwException(RegistryStrategyOSGI.java:212)
	at org.eclipse.core.internal.registry.osgi.RegistryStrategyOSGI.createExecutableExtension(RegistryStrategyOSGI.java:206)
	at org.eclipse.core.internal.registry.ExtensionRegistry.createExecutableExtension(ExtensionRegistry.java:920)
	at org.eclipse.core.internal.registry.ConfigurationElement.createExecutableExtension(ConfigurationElement.java:246)
	at org.eclipse.core.internal.registry.ConfigurationElementHandle.createExecutableExtension(ConfigurationElementHandle.java:63)
	at org.eclipse.lsp4e.LanguageServersRegistry$ExtensionLanguageServerDefinition.createConnectionProvider(LanguageServersRegistry.java:161)
	at org.eclipse.lsp4e.LanguageServerWrapper.lambda$0(LanguageServerWrapper.java:233)
	at java.base/java.util.concurrent.CompletableFuture$AsyncSupply.run(CompletableFuture.java:1768)
	at java.base/java.util.concurrent.CompletableFuture$AsyncSupply.exec(CompletableFuture.java:1760)
	at java.base/java.util.concurrent.ForkJoinTask.doExec(ForkJoinTask.java:373)
	at java.base/java.util.concurrent.ForkJoinPool$WorkQueue.topLevelExec(ForkJoinPool.java:1182)
	at java.base/java.util.concurrent.ForkJoinPool.scan(ForkJoinPool.java:1655)
	at java.base/java.util.concurrent.ForkJoinPool.runWorker(ForkJoinPool.java:1622)
	at java.base/java.util.concurrent.ForkJoinWorkerThread.run(ForkJoinWorkerThread.java:165)
Caused by: java.lang.reflect.InvocationTargetException
	at jdk.internal.reflect.GeneratedConstructorAccessor101.newInstance(Unknown Source)
	at java.base/jdk.internal.reflect.DelegatingConstructorAccessorImpl.newInstance(DelegatingConstructorAccessorImpl.java:45)
	at java.base/java.lang.reflect.Constructor.newInstanceWithCaller(Constructor.java:499)
	at java.base/java.lang.reflect.Constructor.newInstance(Constructor.java:480)
	at org.eclipse.core.internal.registry.osgi.RegistryStrategyOSGI.createExecutableExtension(RegistryStrategyOSGI.java:204)
	... 12 more
Caused by: java.lang.NullPointerException: Cannot invoke "java.io.File.getAbsolutePath()" because the return value of "org.eclipse.wildwebdeveloper.embedder.node.NodeJSManager.getNodeJsLocation()" is null
	at org.eclipse.wildwebdeveloper.html.HTMLLanguageServer.<init>(HTMLLanguageServer.java:40)
	... 17 more
!SUBENTRY 1 org.eclipse.equinox.registry 4 1 2025-02-15 22:17:29.023
!MESSAGE プラグイン "org.eclipse.wildwebdeveloper" は、クラス "org.eclipse.wildwebdeveloper.html.HTMLLanguageServer" をインスタンス化できませんでした。
!STACK 0
java.lang.reflect.InvocationTargetException
	at jdk.internal.reflect.GeneratedConstructorAccessor101.newInstance(Unknown Source)
	at java.base/jdk.internal.reflect.DelegatingConstructorAccessorImpl.newInstance(DelegatingConstructorAccessorImpl.java:45)
	at java.base/java.lang.reflect.Constructor.newInstanceWithCaller(Constructor.java:499)
	at java.base/java.lang.reflect.Constructor.newInstance(Constructor.java:480)
	at org.eclipse.core.internal.registry.osgi.RegistryStrategyOSGI.createExecutableExtension(RegistryStrategyOSGI.java:204)
	at org.eclipse.core.internal.registry.ExtensionRegistry.createExecutableExtension(ExtensionRegistry.java:920)
	at org.eclipse.core.internal.registry.ConfigurationElement.createExecutableExtension(ConfigurationElement.java:246)
	at org.eclipse.core.internal.registry.ConfigurationElementHandle.createExecutableExtension(ConfigurationElementHandle.java:63)
	at org.eclipse.lsp4e.LanguageServersRegistry$ExtensionLanguageServerDefinition.createConnectionProvider(LanguageServersRegistry.java:161)
	at org.eclipse.lsp4e.LanguageServerWrapper.lambda$0(LanguageServerWrapper.java:233)
	at java.base/java.util.concurrent.CompletableFuture$AsyncSupply.run(CompletableFuture.java:1768)
	at java.base/java.util.concurrent.CompletableFuture$AsyncSupply.exec(CompletableFuture.java:1760)
	at java.base/java.util.concurrent.ForkJoinTask.doExec(ForkJoinTask.java:373)
	at java.base/java.util.concurrent.ForkJoinPool$WorkQueue.topLevelExec(ForkJoinPool.java:1182)
	at java.base/java.util.concurrent.ForkJoinPool.scan(ForkJoinPool.java:1655)
	at java.base/java.util.concurrent.ForkJoinPool.runWorker(ForkJoinPool.java:1622)
	at java.base/java.util.concurrent.ForkJoinWorkerThread.run(ForkJoinWorkerThread.java:165)
Caused by: java.lang.NullPointerException: Cannot invoke "java.io.File.getAbsolutePath()" because the return value of "org.eclipse.wildwebdeveloper.embedder.node.NodeJSManager.getNodeJsLocation()" is null
	at org.eclipse.wildwebdeveloper.html.HTMLLanguageServer.<init>(HTMLLanguageServer.java:40)
	... 17 more
Root exception:
java.lang.NullPointerException: Cannot invoke "java.io.File.getAbsolutePath()" because the return value of "org.eclipse.wildwebdeveloper.embedder.node.NodeJSManager.getNodeJsLocation()" is null
	at org.eclipse.wildwebdeveloper.html.HTMLLanguageServer.<init>(HTMLLanguageServer.java:40)
	at jdk.internal.reflect.GeneratedConstructorAccessor101.newInstance(Unknown Source)
	at java.base/jdk.internal.reflect.DelegatingConstructorAccessorImpl.newInstance(DelegatingConstructorAccessorImpl.java:45)
	at java.base/java.lang.reflect.Constructor.newInstanceWithCaller(Constructor.java:499)
	at java.base/java.lang.reflect.Constructor.newInstance(Constructor.java:480)
	at org.eclipse.core.internal.registry.osgi.RegistryStrategyOSGI.createExecutableExtension(RegistryStrategyOSGI.java:204)
	at org.eclipse.core.internal.registry.ExtensionRegistry.createExecutableExtension(ExtensionRegistry.java:920)
	at org.eclipse.core.internal.registry.ConfigurationElement.createExecutableExtension(ConfigurationElement.java:246)
	at org.eclipse.core.internal.registry.ConfigurationElementHandle.createExecutableExtension(ConfigurationElementHandle.java:63)
	at org.eclipse.lsp4e.LanguageServersRegistry$ExtensionLanguageServerDefinition.createConnectionProvider(LanguageServersRegistry.java:161)
	at org.eclipse.lsp4e.LanguageServerWrapper.lambda$0(LanguageServerWrapper.java:233)
	at java.base/java.util.concurrent.CompletableFuture$AsyncSupply.run(CompletableFuture.java:1768)
	at java.base/java.util.concurrent.CompletableFuture$AsyncSupply.exec(CompletableFuture.java:1760)
	at java.base/java.util.concurrent.ForkJoinTask.doExec(ForkJoinTask.java:373)
	at java.base/java.util.concurrent.ForkJoinPool$WorkQueue.topLevelExec(ForkJoinPool.java:1182)
	at java.base/java.util.concurrent.ForkJoinPool.scan(ForkJoinPool.java:1655)
	at java.base/java.util.concurrent.ForkJoinPool.runWorker(ForkJoinPool.java:1622)
	at java.base/java.util.concurrent.ForkJoinWorkerThread.run(ForkJoinWorkerThread.java:165)

!ENTRY org.eclipse.lsp4e 4 0 2025-02-15 22:17:29.023
!MESSAGE Exception occurred while creating an instance of the stream connection provider
!STACK 0
java.lang.RuntimeException: Exception occurred while creating an instance of the stream connection provider
	at org.eclipse.lsp4e.LanguageServersRegistry$ExtensionLanguageServerDefinition.createConnectionProvider(LanguageServersRegistry.java:164)
	at org.eclipse.lsp4e.LanguageServerWrapper.lambda$0(LanguageServerWrapper.java:233)
	at java.base/java.util.concurrent.CompletableFuture$AsyncSupply.run(CompletableFuture.java:1768)
	at java.base/java.util.concurrent.CompletableFuture$AsyncSupply.exec(CompletableFuture.java:1760)
	at java.base/java.util.concurrent.ForkJoinTask.doExec(ForkJoinTask.java:373)
	at java.base/java.util.concurrent.ForkJoinPool$WorkQueue.topLevelExec(ForkJoinPool.java:1182)
	at java.base/java.util.concurrent.ForkJoinPool.scan(ForkJoinPool.java:1655)
	at java.base/java.util.concurrent.ForkJoinPool.runWorker(ForkJoinPool.java:1622)
	at java.base/java.util.concurrent.ForkJoinWorkerThread.run(ForkJoinWorkerThread.java:165)
Caused by: org.eclipse.core.runtime.CoreException: プラグイン "org.eclipse.wildwebdeveloper" は、クラス "org.eclipse.wildwebdeveloper.html.HTMLLanguageServer" をインスタンス化できませんでした。
	at org.eclipse.core.internal.registry.osgi.RegistryStrategyOSGI.throwException(RegistryStrategyOSGI.java:212)
	at org.eclipse.core.internal.registry.osgi.RegistryStrategyOSGI.createExecutableExtension(RegistryStrategyOSGI.java:206)
	at org.eclipse.core.internal.registry.ExtensionRegistry.createExecutableExtension(ExtensionRegistry.java:920)
	at org.eclipse.core.internal.registry.ConfigurationElement.createExecutableExtension(ConfigurationElement.java:246)
	at org.eclipse.core.internal.registry.ConfigurationElementHandle.createExecutableExtension(ConfigurationElementHandle.java:63)
	at org.eclipse.lsp4e.LanguageServersRegistry$ExtensionLanguageServerDefinition.createConnectionProvider(LanguageServersRegistry.java:161)
	... 8 more
Caused by: java.lang.reflect.InvocationTargetException
	at jdk.internal.reflect.GeneratedConstructorAccessor101.newInstance(Unknown Source)
	at java.base/jdk.internal.reflect.DelegatingConstructorAccessorImpl.newInstance(DelegatingConstructorAccessorImpl.java:45)
	at java.base/java.lang.reflect.Constructor.newInstanceWithCaller(Constructor.java:499)
	at java.base/java.lang.reflect.Constructor.newInstance(Constructor.java:480)
	at org.eclipse.core.internal.registry.osgi.RegistryStrategyOSGI.createExecutableExtension(RegistryStrategyOSGI.java:204)
	... 12 more
Caused by: java.lang.NullPointerException: Cannot invoke "java.io.File.getAbsolutePath()" because the return value of "org.eclipse.wildwebdeveloper.embedder.node.NodeJSManager.getNodeJsLocation()" is null
	at org.eclipse.wildwebdeveloper.html.HTMLLanguageServer.<init>(HTMLLanguageServer.java:40)
	... 17 more

!ENTRY org.eclipse.lsp4e 4 0 2025-02-15 22:17:29.024
!MESSAGE Cannot invoke "org.eclipse.lsp4e.server.StreamConnectionProvider.getInputStream()" because "this.lspStreamProvider" is null
!STACK 0
java.lang.NullPointerException: Cannot invoke "org.eclipse.lsp4e.server.StreamConnectionProvider.getInputStream()" because "this.lspStreamProvider" is null
	at org.eclipse.lsp4e.LanguageServerWrapper.lambda$1(LanguageServerWrapper.java:284)
	at java.base/java.util.concurrent.CompletableFuture$UniApply.tryFire(CompletableFuture.java:646)
	at java.base/java.util.concurrent.CompletableFuture.postComplete(CompletableFuture.java:510)
	at java.base/java.util.concurrent.CompletableFuture$AsyncSupply.run(CompletableFuture.java:1773)
	at java.base/java.util.concurrent.CompletableFuture$AsyncSupply.exec(CompletableFuture.java:1760)
	at java.base/java.util.concurrent.ForkJoinTask.doExec(ForkJoinTask.java:373)
	at java.base/java.util.concurrent.ForkJoinPool$WorkQueue.topLevelExec(ForkJoinPool.java:1182)
	at java.base/java.util.concurrent.ForkJoinPool.scan(ForkJoinPool.java:1655)
	at java.base/java.util.concurrent.ForkJoinPool.runWorker(ForkJoinPool.java:1622)
	at java.base/java.util.concurrent.ForkJoinWorkerThread.run(ForkJoinWorkerThread.java:165)

!ENTRY org.eclipse.lsp4e 4 0 2025-02-15 22:17:29.087
!MESSAGE プラグイン "org.eclipse.wildwebdeveloper" は、クラス "org.eclipse.wildwebdeveloper.angular.AngularLanguageServer" をインスタンス化できませんでした。
!STACK 1
org.eclipse.core.runtime.CoreException: プラグイン "org.eclipse.wildwebdeveloper" は、クラス "org.eclipse.wildwebdeveloper.angular.AngularLanguageServer" をインスタンス化できませんでした。
	at org.eclipse.core.internal.registry.osgi.RegistryStrategyOSGI.throwException(RegistryStrategyOSGI.java:212)
	at org.eclipse.core.internal.registry.osgi.RegistryStrategyOSGI.createExecutableExtension(RegistryStrategyOSGI.java:206)
	at org.eclipse.core.internal.registry.ExtensionRegistry.createExecutableExtension(ExtensionRegistry.java:920)
	at org.eclipse.core.internal.registry.ConfigurationElement.createExecutableExtension(ConfigurationElement.java:246)
	at org.eclipse.core.internal.registry.ConfigurationElementHandle.createExecutableExtension(ConfigurationElementHandle.java:63)
	at org.eclipse.lsp4e.LanguageServersRegistry$ExtensionLanguageServerDefinition.createConnectionProvider(LanguageServersRegistry.java:161)
	at org.eclipse.lsp4e.LanguageServerWrapper.lambda$0(LanguageServerWrapper.java:233)
	at java.base/java.util.concurrent.CompletableFuture$AsyncSupply.run(CompletableFuture.java:1768)
	at java.base/java.util.concurrent.CompletableFuture$AsyncSupply.exec(CompletableFuture.java:1760)
	at java.base/java.util.concurrent.ForkJoinTask.doExec(ForkJoinTask.java:373)
	at java.base/java.util.concurrent.ForkJoinPool$WorkQueue.topLevelExec(ForkJoinPool.java:1182)
	at java.base/java.util.concurrent.ForkJoinPool.scan(ForkJoinPool.java:1655)
	at java.base/java.util.concurrent.ForkJoinPool.runWorker(ForkJoinPool.java:1622)
	at java.base/java.util.concurrent.ForkJoinWorkerThread.run(ForkJoinWorkerThread.java:165)
Caused by: java.lang.reflect.InvocationTargetException
	at jdk.internal.reflect.GeneratedConstructorAccessor99.newInstance(Unknown Source)
	at java.base/jdk.internal.reflect.DelegatingConstructorAccessorImpl.newInstance(DelegatingConstructorAccessorImpl.java:45)
	at java.base/java.lang.reflect.Constructor.newInstanceWithCaller(Constructor.java:499)
	at java.base/java.lang.reflect.Constructor.newInstance(Constructor.java:480)
	at org.eclipse.core.internal.registry.osgi.RegistryStrategyOSGI.createExecutableExtension(RegistryStrategyOSGI.java:204)
	... 12 more
Caused by: java.lang.NullPointerException: Cannot invoke "java.io.File.getAbsolutePath()" because the return value of "org.eclipse.wildwebdeveloper.embedder.node.NodeJSManager.getNodeJsLocation()" is null
	at org.eclipse.wildwebdeveloper.angular.AngularLanguageServer.<init>(AngularLanguageServer.java:43)
	... 17 more
!SUBENTRY 1 org.eclipse.equinox.registry 4 1 2025-02-15 22:17:29.089
!MESSAGE プラグイン "org.eclipse.wildwebdeveloper" は、クラス "org.eclipse.wildwebdeveloper.angular.AngularLanguageServer" をインスタンス化できませんでした。
!STACK 0
java.lang.reflect.InvocationTargetException
	at jdk.internal.reflect.GeneratedConstructorAccessor99.newInstance(Unknown Source)
	at java.base/jdk.internal.reflect.DelegatingConstructorAccessorImpl.newInstance(DelegatingConstructorAccessorImpl.java:45)
	at java.base/java.lang.reflect.Constructor.newInstanceWithCaller(Constructor.java:499)
	at java.base/java.lang.reflect.Constructor.newInstance(Constructor.java:480)
	at org.eclipse.core.internal.registry.osgi.RegistryStrategyOSGI.createExecutableExtension(RegistryStrategyOSGI.java:204)
	at org.eclipse.core.internal.registry.ExtensionRegistry.createExecutableExtension(ExtensionRegistry.java:920)
	at org.eclipse.core.internal.registry.ConfigurationElement.createExecutableExtension(ConfigurationElement.java:246)
	at org.eclipse.core.internal.registry.ConfigurationElementHandle.createExecutableExtension(ConfigurationElementHandle.java:63)
	at org.eclipse.lsp4e.LanguageServersRegistry$ExtensionLanguageServerDefinition.createConnectionProvider(LanguageServersRegistry.java:161)
	at org.eclipse.lsp4e.LanguageServerWrapper.lambda$0(LanguageServerWrapper.java:233)
	at java.base/java.util.concurrent.CompletableFuture$AsyncSupply.run(CompletableFuture.java:1768)
	at java.base/java.util.concurrent.CompletableFuture$AsyncSupply.exec(CompletableFuture.java:1760)
	at java.base/java.util.concurrent.ForkJoinTask.doExec(ForkJoinTask.java:373)
	at java.base/java.util.concurrent.ForkJoinPool$WorkQueue.topLevelExec(ForkJoinPool.java:1182)
	at java.base/java.util.concurrent.ForkJoinPool.scan(ForkJoinPool.java:1655)
	at java.base/java.util.concurrent.ForkJoinPool.runWorker(ForkJoinPool.java:1622)
	at java.base/java.util.concurrent.ForkJoinWorkerThread.run(ForkJoinWorkerThread.java:165)
Caused by: java.lang.NullPointerException: Cannot invoke "java.io.File.getAbsolutePath()" because the return value of "org.eclipse.wildwebdeveloper.embedder.node.NodeJSManager.getNodeJsLocation()" is null
	at org.eclipse.wildwebdeveloper.angular.AngularLanguageServer.<init>(AngularLanguageServer.java:43)
	... 17 more
Root exception:
java.lang.NullPointerException: Cannot invoke "java.io.File.getAbsolutePath()" because the return value of "org.eclipse.wildwebdeveloper.embedder.node.NodeJSManager.getNodeJsLocation()" is null
	at org.eclipse.wildwebdeveloper.angular.AngularLanguageServer.<init>(AngularLanguageServer.java:43)
	at jdk.internal.reflect.GeneratedConstructorAccessor99.newInstance(Unknown Source)
	at java.base/jdk.internal.reflect.DelegatingConstructorAccessorImpl.newInstance(DelegatingConstructorAccessorImpl.java:45)
	at java.base/java.lang.reflect.Constructor.newInstanceWithCaller(Constructor.java:499)
	at java.base/java.lang.reflect.Constructor.newInstance(Constructor.java:480)
	at org.eclipse.core.internal.registry.osgi.RegistryStrategyOSGI.createExecutableExtension(RegistryStrategyOSGI.java:204)
	at org.eclipse.core.internal.registry.ExtensionRegistry.createExecutableExtension(ExtensionRegistry.java:920)
	at org.eclipse.core.internal.registry.ConfigurationElement.createExecutableExtension(ConfigurationElement.java:246)
	at org.eclipse.core.internal.registry.ConfigurationElementHandle.createExecutableExtension(ConfigurationElementHandle.java:63)
	at org.eclipse.lsp4e.LanguageServersRegistry$ExtensionLanguageServerDefinition.createConnectionProvider(LanguageServersRegistry.java:161)
	at org.eclipse.lsp4e.LanguageServerWrapper.lambda$0(LanguageServerWrapper.java:233)
	at java.base/java.util.concurrent.CompletableFuture$AsyncSupply.run(CompletableFuture.java:1768)
	at java.base/java.util.concurrent.CompletableFuture$AsyncSupply.exec(CompletableFuture.java:1760)
	at java.base/java.util.concurrent.ForkJoinTask.doExec(ForkJoinTask.java:373)
	at java.base/java.util.concurrent.ForkJoinPool$WorkQueue.topLevelExec(ForkJoinPool.java:1182)
	at java.base/java.util.concurrent.ForkJoinPool.scan(ForkJoinPool.java:1655)
	at java.base/java.util.concurrent.ForkJoinPool.runWorker(ForkJoinPool.java:1622)
	at java.base/java.util.concurrent.ForkJoinWorkerThread.run(ForkJoinWorkerThread.java:165)
