2024-11-28 22:25:01,919 [Worker-3: Loading available Gradle versions] INFO  o.e.b.c.i.u.g.PublishedGradleVersions - Gradle version information cache is up-to-date. Trying to read.
2024-11-28 22:28:00,668 [Worker-12: Maven プロジェクト構成の更新] INFO  o.e.m.c.i.p.ProjectConfigurationManager - Update started
2024-11-28 22:28:01,939 [Worker-12: Maven プロジェクト構成の更新] INFO  o.e.m.c.i.l.LifecycleMappingFactory - Using org.eclipse.m2e.jdt.JarLifecycleMapping lifecycle mapping for MavenProject: com.digitalojt:DroneInventorySystem:0.0.1-SNAPSHOT @ C:\Users\miche\OneDrive\Desktop\DOJT\digital-ojt-development-beginner-cause-DroneInventorySystem\DroneInventorySystem\pom.xml.
2024-11-28 22:28:03,470 [Worker-12: Maven プロジェクト構成の更新] INFO  o.e.m.j.i.AbstractJavaProjectConfigurator - Adding source folder /DroneInventorySystem/src/main/java
2024-11-28 22:28:03,470 [Worker-12: Maven プロジェクト構成の更新] INFO  o.e.m.j.i.AbstractJavaProjectConfigurator - Adding resource folder /DroneInventorySystem/src/main/resources
2024-11-28 22:28:03,543 [Worker-12: Maven プロジェクト構成の更新] INFO  o.e.m.j.i.AbstractJavaProjectConfigurator - Adding resource folder /DroneInventorySystem/src/main/resources
2024-11-28 22:28:03,548 [Worker-12: Maven プロジェクト構成の更新] INFO  o.e.m.j.i.AbstractJavaProjectConfigurator - Adding source folder /DroneInventorySystem/src/test/java
2024-11-28 22:28:05,023 [Worker-11: ビルド] INFO  o.a.m.s.f.DefaultMavenResourcesFiltering - Copying 1 resource from src\main\resources to target\classes
2024-11-28 22:28:05,048 [Worker-11: ビルド] INFO  o.a.m.s.f.DefaultMavenResourcesFiltering - Copying 46 resources from src\main\resources to target\classes
2024-11-28 22:28:05,128 [Worker-11: ビルド] INFO  o.a.m.s.f.DefaultMavenResourcesFiltering - skip non existing resourceDirectory C:\Users\miche\OneDrive\Desktop\DOJT\digital-ojt-development-beginner-cause-DroneInventorySystem\DroneInventorySystem\src\test\resources
2024-11-28 22:28:08,041 [Worker-12: Maven プロジェクト構成の更新] INFO  o.e.m.c.i.p.ProjectConfigurationManager - Update completed: 7 sec
2024-11-28 22:28:08,300 [Worker-14: ビルド] INFO  o.a.m.s.f.DefaultMavenResourcesFiltering - Copying 1 resource from src\main\resources to target\classes
2024-11-28 22:28:08,308 [Worker-14: ビルド] INFO  o.a.m.s.f.DefaultMavenResourcesFiltering - Copying 46 resources from src\main\resources to target\classes
2024-11-28 22:28:08,518 [Worker-14: ビルド] INFO  o.a.m.s.f.DefaultMavenResourcesFiltering - skip non existing resourceDirectory C:\Users\miche\OneDrive\Desktop\DOJT\digital-ojt-development-beginner-cause-DroneInventorySystem\DroneInventorySystem\src\test\resources
2024-11-28 22:29:07,869 [Worker-12: ビルド] INFO  o.a.m.s.f.DefaultMavenResourcesFiltering - Copying 1 resource from src\main\resources to target\classes
2024-11-28 22:29:07,944 [Worker-12: ビルド] INFO  o.a.m.s.f.DefaultMavenResourcesFiltering - Copying 0 resource from src\main\resources to target\classes
2024-11-28 22:29:07,944 [Worker-12: ビルド] INFO  o.a.m.s.f.DefaultMavenResourcesFiltering - skip non existing resourceDirectory C:\Users\miche\OneDrive\Desktop\DOJT\digital-ojt-development-beginner-cause-DroneInventorySystem\DroneInventorySystem\src\test\resources
2024-11-28 22:32:49,314 [Worker-4: Loading available Gradle versions] INFO  o.e.b.c.i.u.g.PublishedGradleVersions - Gradle version information cache is up-to-date. Trying to read.
2024-11-28 22:36:21,614 [Worker-8: ビルド] INFO  o.a.m.s.f.DefaultMavenResourcesFiltering - Copying 1 resource from src\main\resources to target\classes
2024-11-28 22:36:21,630 [Worker-8: ビルド] INFO  o.a.m.s.f.DefaultMavenResourcesFiltering - Copying 46 resources from src\main\resources to target\classes
2024-11-28 22:36:21,646 [Worker-8: ビルド] INFO  o.a.m.s.f.DefaultMavenResourcesFiltering - skip non existing resourceDirectory C:\Users\miche\OneDrive\Desktop\DOJT\digital-ojt-development-beginner-cause-DroneInventorySystem\DroneInventorySystem\src\test\resources
2024-11-28 22:59:11,404 [Worker-34: ビルド] INFO  o.a.m.s.f.DefaultMavenResourcesFiltering - Copying 1 resource from src\main\resources to target\classes
2024-11-28 22:59:11,580 [Worker-34: ビルド] INFO  o.a.m.s.f.DefaultMavenResourcesFiltering - Copying 46 resources from src\main\resources to target\classes
2024-11-28 22:59:11,627 [Worker-34: ビルド] INFO  o.a.m.s.f.DefaultMavenResourcesFiltering - skip non existing resourceDirectory C:\Users\miche\OneDrive\Desktop\DOJT\digital-ojt-development-beginner-cause-DroneInventorySystem\DroneInventorySystem\src\test\resources
2024-11-28 23:00:19,719 [Worker-35: ビルド] INFO  o.a.m.s.f.DefaultMavenResourcesFiltering - Copying 1 resource from src\main\resources to target\classes
2024-11-28 23:00:19,804 [Worker-35: ビルド] INFO  o.a.m.s.f.DefaultMavenResourcesFiltering - Copying 46 resources from src\main\resources to target\classes
2024-11-28 23:00:19,834 [Worker-35: ビルド] INFO  o.a.m.s.f.DefaultMavenResourcesFiltering - skip non existing resourceDirectory C:\Users\miche\OneDrive\Desktop\DOJT\digital-ojt-development-beginner-cause-DroneInventorySystem\DroneInventorySystem\src\test\resources
2024-11-28 23:02:17,131 [Worker-35: ビルド] INFO  o.a.m.s.f.DefaultMavenResourcesFiltering - Copying 1 resource from src\main\resources to target\classes
2024-11-28 23:02:17,140 [Worker-35: ビルド] INFO  o.a.m.s.f.DefaultMavenResourcesFiltering - Copying 0 resource from src\main\resources to target\classes
2024-11-28 23:02:17,142 [Worker-35: ビルド] INFO  o.a.m.s.f.DefaultMavenResourcesFiltering - skip non existing resourceDirectory C:\Users\miche\OneDrive\Desktop\DOJT\digital-ojt-development-beginner-cause-DroneInventorySystem\DroneInventorySystem\src\test\resources
2024-12-01 17:15:33,981 [Worker-4: Loading available Gradle versions] INFO  o.e.b.c.i.u.g.PublishedGradleVersions - Gradle version information cache is out-of-date. Trying to update.
2024-12-01 18:21:14,122 [Worker-19: ビルド] INFO  o.a.m.s.f.DefaultMavenResourcesFiltering - Copying 1 resource from src\main\resources to target\classes
2024-12-01 18:21:14,153 [Worker-19: ビルド] INFO  o.a.m.s.f.DefaultMavenResourcesFiltering - Copying 46 resources from src\main\resources to target\classes
2024-12-01 18:21:14,181 [Worker-19: ビルド] INFO  o.a.m.s.f.DefaultMavenResourcesFiltering - skip non existing resourceDirectory C:\Users\miche\OneDrive\Desktop\DOJT\digital-ojt-development-beginner-cause-DroneInventorySystem\DroneInventorySystem\src\test\resources
2024-12-01 18:26:37,752 [Worker-19: ビルド] INFO  o.a.m.s.f.DefaultMavenResourcesFiltering - Copying 0 resource from src\main\resources to target\classes
2024-12-01 18:26:37,752 [Worker-19: ビルド] INFO  o.a.m.s.f.DefaultMavenResourcesFiltering - Copying 0 resource from src\main\resources to target\classes
2024-12-01 18:26:37,754 [Worker-19: ビルド] INFO  o.a.m.s.f.DefaultMavenResourcesFiltering - skip non existing resourceDirectory C:\Users\miche\OneDrive\Desktop\DOJT\digital-ojt-development-beginner-cause-DroneInventorySystem\DroneInventorySystem\src\test\resources
2024-12-01 18:27:18,558 [Worker-19: ビルド] INFO  o.a.m.s.f.DefaultMavenResourcesFiltering - Copying 0 resource from src\main\resources to target\classes
2024-12-01 18:27:18,558 [Worker-19: ビルド] INFO  o.a.m.s.f.DefaultMavenResourcesFiltering - Copying 0 resource from src\main\resources to target\classes
2024-12-01 18:27:18,560 [Worker-19: ビルド] INFO  o.a.m.s.f.DefaultMavenResourcesFiltering - skip non existing resourceDirectory C:\Users\miche\OneDrive\Desktop\DOJT\digital-ojt-development-beginner-cause-DroneInventorySystem\DroneInventorySystem\src\test\resources
2024-12-01 18:28:10,402 [Worker-19: ビルド] INFO  o.a.m.s.f.DefaultMavenResourcesFiltering - Copying 0 resource from src\main\resources to target\classes
2024-12-01 18:28:10,403 [Worker-19: ビルド] INFO  o.a.m.s.f.DefaultMavenResourcesFiltering - Copying 1 resource from src\main\resources to target\classes
2024-12-01 18:28:10,406 [Worker-19: ビルド] INFO  o.a.m.s.f.DefaultMavenResourcesFiltering - skip non existing resourceDirectory C:\Users\miche\OneDrive\Desktop\DOJT\digital-ojt-development-beginner-cause-DroneInventorySystem\DroneInventorySystem\src\test\resources
2024-12-01 18:28:11,432 [Worker-19: ビルド] INFO  o.a.m.s.f.DefaultMavenResourcesFiltering - Copying 0 resource from src\main\resources to target\classes
2024-12-01 18:28:11,432 [Worker-19: ビルド] INFO  o.a.m.s.f.DefaultMavenResourcesFiltering - Copying 1 resource from src\main\resources to target\classes
2024-12-01 18:28:11,436 [Worker-19: ビルド] INFO  o.a.m.s.f.DefaultMavenResourcesFiltering - skip non existing resourceDirectory C:\Users\miche\OneDrive\Desktop\DOJT\digital-ojt-development-beginner-cause-DroneInventorySystem\DroneInventorySystem\src\test\resources
2024-12-01 18:29:36,803 [Worker-24: ビルド] INFO  o.a.m.s.f.DefaultMavenResourcesFiltering - Copying 0 resource from src\main\resources to target\classes
2024-12-01 18:29:36,805 [Worker-24: ビルド] INFO  o.a.m.s.f.DefaultMavenResourcesFiltering - Copying 1 resource from src\main\resources to target\classes
2024-12-01 18:29:36,811 [Worker-24: ビルド] INFO  o.a.m.s.f.DefaultMavenResourcesFiltering - skip non existing resourceDirectory C:\Users\miche\OneDrive\Desktop\DOJT\digital-ojt-development-beginner-cause-DroneInventorySystem\DroneInventorySystem\src\test\resources
2024-12-01 18:35:43,272 [Worker-26: ビルド] INFO  o.a.m.s.f.DefaultMavenResourcesFiltering - Copying 0 resource from src\main\resources to target\classes
2024-12-01 18:35:43,273 [Worker-26: ビルド] INFO  o.a.m.s.f.DefaultMavenResourcesFiltering - Copying 1 resource from src\main\resources to target\classes
2024-12-01 18:35:43,277 [Worker-26: ビルド] INFO  o.a.m.s.f.DefaultMavenResourcesFiltering - skip non existing resourceDirectory C:\Users\miche\OneDrive\Desktop\DOJT\digital-ojt-development-beginner-cause-DroneInventorySystem\DroneInventorySystem\src\test\resources
2024-12-01 18:43:37,626 [Worker-28: ビルド] INFO  o.a.m.s.f.DefaultMavenResourcesFiltering - Copying 1 resource from src\main\resources to target\classes
2024-12-01 18:43:37,637 [Worker-28: ビルド] INFO  o.a.m.s.f.DefaultMavenResourcesFiltering - Copying 47 resources from src\main\resources to target\classes
2024-12-01 18:43:37,653 [Worker-28: ビルド] INFO  o.a.m.s.f.DefaultMavenResourcesFiltering - skip non existing resourceDirectory C:\Users\miche\OneDrive\Desktop\DOJT\digital-ojt-development-beginner-cause-DroneInventorySystem\DroneInventorySystem\src\test\resources
2024-12-01 18:59:15,712 [Worker-38: ビルド] INFO  o.a.m.s.f.DefaultMavenResourcesFiltering - Copying 1 resource from src\main\resources to target\classes
2024-12-01 18:59:15,725 [Worker-38: ビルド] INFO  o.a.m.s.f.DefaultMavenResourcesFiltering - Copying 47 resources from src\main\resources to target\classes
2024-12-01 18:59:15,747 [Worker-38: ビルド] INFO  o.a.m.s.f.DefaultMavenResourcesFiltering - skip non existing resourceDirectory C:\Users\miche\OneDrive\Desktop\DOJT\digital-ojt-development-beginner-cause-DroneInventorySystem\DroneInventorySystem\src\test\resources
2024-12-01 19:04:18,283 [Worker-42: ビルド] INFO  o.a.m.s.f.DefaultMavenResourcesFiltering - Copying 1 resource from src\main\resources to target\classes
2024-12-01 19:04:18,298 [Worker-42: ビルド] INFO  o.a.m.s.f.DefaultMavenResourcesFiltering - Copying 47 resources from src\main\resources to target\classes
2024-12-01 19:04:18,314 [Worker-42: ビルド] INFO  o.a.m.s.f.DefaultMavenResourcesFiltering - skip non existing resourceDirectory C:\Users\miche\OneDrive\Desktop\DOJT\digital-ojt-development-beginner-cause-DroneInventorySystem\DroneInventorySystem\src\test\resources
2024-12-01 19:09:16,653 [Worker-43: ビルド] INFO  o.a.m.s.f.DefaultMavenResourcesFiltering - Copying 1 resource from src\main\resources to target\classes
2024-12-01 19:09:16,665 [Worker-43: ビルド] INFO  o.a.m.s.f.DefaultMavenResourcesFiltering - Copying 47 resources from src\main\resources to target\classes
2024-12-01 19:09:16,682 [Worker-43: ビルド] INFO  o.a.m.s.f.DefaultMavenResourcesFiltering - skip non existing resourceDirectory C:\Users\miche\OneDrive\Desktop\DOJT\digital-ojt-development-beginner-cause-DroneInventorySystem\DroneInventorySystem\src\test\resources
2024-12-01 19:12:22,958 [Worker-39: ビルド] INFO  o.a.m.s.f.DefaultMavenResourcesFiltering - Copying 1 resource from src\main\resources to target\classes
2024-12-01 19:12:22,968 [Worker-39: ビルド] INFO  o.a.m.s.f.DefaultMavenResourcesFiltering - Copying 47 resources from src\main\resources to target\classes
2024-12-01 19:12:22,986 [Worker-39: ビルド] INFO  o.a.m.s.f.DefaultMavenResourcesFiltering - skip non existing resourceDirectory C:\Users\miche\OneDrive\Desktop\DOJT\digital-ojt-development-beginner-cause-DroneInventorySystem\DroneInventorySystem\src\test\resources
2024-12-01 19:14:17,595 [Worker-39: ビルド] INFO  o.a.m.s.f.DefaultMavenResourcesFiltering - Copying 0 resource from src\main\resources to target\classes
2024-12-01 19:14:17,595 [Worker-39: ビルド] INFO  o.a.m.s.f.DefaultMavenResourcesFiltering - Copying 1 resource from src\main\resources to target\classes
2024-12-01 19:14:17,599 [Worker-39: ビルド] INFO  o.a.m.s.f.DefaultMavenResourcesFiltering - skip non existing resourceDirectory C:\Users\miche\OneDrive\Desktop\DOJT\digital-ojt-development-beginner-cause-DroneInventorySystem\DroneInventorySystem\src\test\resources
2024-12-01 19:16:21,320 [Worker-39: DroneInventorySystem - DroneInventorySystemApplication の起動] INFO  o.a.m.s.f.DefaultMavenResourcesFiltering - Copying 1 resource from src\main\resources to target\classes
2024-12-01 19:16:21,334 [Worker-39: DroneInventorySystem - DroneInventorySystemApplication の起動] INFO  o.a.m.s.f.DefaultMavenResourcesFiltering - Copying 47 resources from src\main\resources to target\classes
2024-12-01 19:16:21,357 [Worker-39: DroneInventorySystem - DroneInventorySystemApplication の起動] INFO  o.a.m.s.f.DefaultMavenResourcesFiltering - skip non existing resourceDirectory C:\Users\miche\OneDrive\Desktop\DOJT\digital-ojt-development-beginner-cause-DroneInventorySystem\DroneInventorySystem\src\test\resources
2024-12-01 19:20:14,126 [Worker-50: ビルド] INFO  o.a.m.s.f.DefaultMavenResourcesFiltering - Copying 1 resource from src\main\resources to target\classes
2024-12-01 19:20:14,137 [Worker-50: ビルド] INFO  o.a.m.s.f.DefaultMavenResourcesFiltering - Copying 47 resources from src\main\resources to target\classes
2024-12-01 19:20:14,153 [Worker-50: ビルド] INFO  o.a.m.s.f.DefaultMavenResourcesFiltering - skip non existing resourceDirectory C:\Users\miche\OneDrive\Desktop\DOJT\digital-ojt-development-beginner-cause-DroneInventorySystem\DroneInventorySystem\src\test\resources
2024-12-01 19:20:22,230 [Worker-52: ビルド] INFO  o.a.m.s.f.DefaultMavenResourcesFiltering - Copying 1 resource from src\main\resources to target\classes
2024-12-01 19:20:22,244 [Worker-52: ビルド] INFO  o.a.m.s.f.DefaultMavenResourcesFiltering - Copying 47 resources from src\main\resources to target\classes
2024-12-01 19:20:22,272 [Worker-52: ビルド] INFO  o.a.m.s.f.DefaultMavenResourcesFiltering - skip non existing resourceDirectory C:\Users\miche\OneDrive\Desktop\DOJT\digital-ojt-development-beginner-cause-DroneInventorySystem\DroneInventorySystem\src\test\resources
2024-12-01 19:23:03,223 [Worker-50: ビルド] INFO  o.a.m.s.f.DefaultMavenResourcesFiltering - Copying 1 resource from src\main\resources to target\classes
2024-12-01 19:23:03,234 [Worker-50: ビルド] INFO  o.a.m.s.f.DefaultMavenResourcesFiltering - Copying 47 resources from src\main\resources to target\classes
2024-12-01 19:23:03,249 [Worker-50: ビルド] INFO  o.a.m.s.f.DefaultMavenResourcesFiltering - skip non existing resourceDirectory C:\Users\miche\OneDrive\Desktop\DOJT\digital-ojt-development-beginner-cause-DroneInventorySystem\DroneInventorySystem\src\test\resources
2024-12-01 19:24:28,385 [Worker-55: ビルド] INFO  o.a.m.s.f.DefaultMavenResourcesFiltering - Copying 1 resource from src\main\resources to target\classes
2024-12-01 19:24:28,396 [Worker-55: ビルド] INFO  o.a.m.s.f.DefaultMavenResourcesFiltering - Copying 47 resources from src\main\resources to target\classes
2024-12-01 19:24:28,410 [Worker-55: ビルド] INFO  o.a.m.s.f.DefaultMavenResourcesFiltering - skip non existing resourceDirectory C:\Users\miche\OneDrive\Desktop\DOJT\digital-ojt-development-beginner-cause-DroneInventorySystem\DroneInventorySystem\src\test\resources
2024-12-01 19:24:44,756 [Worker-53: ビルド] INFO  o.a.m.s.f.DefaultMavenResourcesFiltering - Copying 1 resource from src\main\resources to target\classes
2024-12-01 19:24:44,769 [Worker-53: ビルド] INFO  o.a.m.s.f.DefaultMavenResourcesFiltering - Copying 47 resources from src\main\resources to target\classes
2024-12-01 19:24:44,790 [Worker-53: ビルド] INFO  o.a.m.s.f.DefaultMavenResourcesFiltering - skip non existing resourceDirectory C:\Users\miche\OneDrive\Desktop\DOJT\digital-ojt-development-beginner-cause-DroneInventorySystem\DroneInventorySystem\src\test\resources
2024-12-01 19:36:59,263 [Worker-60: ビルド] INFO  o.a.m.s.f.DefaultMavenResourcesFiltering - Copying 1 resource from src\main\resources to target\classes
2024-12-01 19:36:59,274 [Worker-60: ビルド] INFO  o.a.m.s.f.DefaultMavenResourcesFiltering - Copying 47 resources from src\main\resources to target\classes
2024-12-01 19:36:59,289 [Worker-60: ビルド] INFO  o.a.m.s.f.DefaultMavenResourcesFiltering - skip non existing resourceDirectory C:\Users\miche\OneDrive\Desktop\DOJT\digital-ojt-development-beginner-cause-DroneInventorySystem\DroneInventorySystem\src\test\resources
2024-12-01 19:37:32,296 [Worker-57: ビルド] INFO  o.a.m.s.f.DefaultMavenResourcesFiltering - Copying 1 resource from src\main\resources to target\classes
2024-12-01 19:37:32,305 [Worker-57: ビルド] INFO  o.a.m.s.f.DefaultMavenResourcesFiltering - Copying 47 resources from src\main\resources to target\classes
2024-12-01 19:37:32,319 [Worker-57: ビルド] INFO  o.a.m.s.f.DefaultMavenResourcesFiltering - skip non existing resourceDirectory C:\Users\miche\OneDrive\Desktop\DOJT\digital-ojt-development-beginner-cause-DroneInventorySystem\DroneInventorySystem\src\test\resources
2024-12-01 19:37:47,594 [Worker-60: ビルド] INFO  o.a.m.s.f.DefaultMavenResourcesFiltering - Copying 1 resource from src\main\resources to target\classes
2024-12-01 19:37:47,603 [Worker-60: ビルド] INFO  o.a.m.s.f.DefaultMavenResourcesFiltering - Copying 47 resources from src\main\resources to target\classes
2024-12-01 19:37:47,617 [Worker-60: ビルド] INFO  o.a.m.s.f.DefaultMavenResourcesFiltering - skip non existing resourceDirectory C:\Users\miche\OneDrive\Desktop\DOJT\digital-ojt-development-beginner-cause-DroneInventorySystem\DroneInventorySystem\src\test\resources
2024-12-01 19:39:28,885 [Worker-56: ビルド] INFO  o.a.m.s.f.DefaultMavenResourcesFiltering - Copying 1 resource from src\main\resources to target\classes
2024-12-01 19:39:28,906 [Worker-56: ビルド] INFO  o.a.m.s.f.DefaultMavenResourcesFiltering - Copying 47 resources from src\main\resources to target\classes
2024-12-01 19:39:28,924 [Worker-56: ビルド] INFO  o.a.m.s.f.DefaultMavenResourcesFiltering - skip non existing resourceDirectory C:\Users\miche\OneDrive\Desktop\DOJT\digital-ojt-development-beginner-cause-DroneInventorySystem\DroneInventorySystem\src\test\resources
2024-12-01 19:43:53,716 [Worker-60: ビルド] INFO  o.a.m.s.f.DefaultMavenResourcesFiltering - Copying 1 resource from src\main\resources to target\classes
2024-12-01 19:43:53,727 [Worker-60: ビルド] INFO  o.a.m.s.f.DefaultMavenResourcesFiltering - Copying 47 resources from src\main\resources to target\classes
2024-12-01 19:43:53,751 [Worker-60: ビルド] INFO  o.a.m.s.f.DefaultMavenResourcesFiltering - skip non existing resourceDirectory C:\Users\miche\OneDrive\Desktop\DOJT\digital-ojt-development-beginner-cause-DroneInventorySystem\DroneInventorySystem\src\test\resources
2024-12-01 19:46:00,112 [Worker-57: ビルド] INFO  o.a.m.s.f.DefaultMavenResourcesFiltering - Copying 1 resource from src\main\resources to target\classes
2024-12-01 19:46:00,133 [Worker-57: ビルド] INFO  o.a.m.s.f.DefaultMavenResourcesFiltering - Copying 47 resources from src\main\resources to target\classes
2024-12-01 19:46:00,149 [Worker-57: ビルド] INFO  o.a.m.s.f.DefaultMavenResourcesFiltering - skip non existing resourceDirectory C:\Users\miche\OneDrive\Desktop\DOJT\digital-ojt-development-beginner-cause-DroneInventorySystem\DroneInventorySystem\src\test\resources
2024-12-01 19:46:59,437 [Worker-57: ビルド] INFO  o.a.m.s.f.DefaultMavenResourcesFiltering - Copying 0 resource from src\main\resources to target\classes
2024-12-01 19:46:59,437 [Worker-57: ビルド] INFO  o.a.m.s.f.DefaultMavenResourcesFiltering - Copying 1 resource from src\main\resources to target\classes
2024-12-01 19:46:59,440 [Worker-57: ビルド] INFO  o.a.m.s.f.DefaultMavenResourcesFiltering - skip non existing resourceDirectory C:\Users\miche\OneDrive\Desktop\DOJT\digital-ojt-development-beginner-cause-DroneInventorySystem\DroneInventorySystem\src\test\resources
2024-12-01 21:24:26,645 [Worker-56: ビルド] INFO  o.a.m.s.f.DefaultMavenResourcesFiltering - Copying 1 resource from src\main\resources to target\classes
2024-12-01 21:24:26,670 [Worker-56: ビルド] INFO  o.a.m.s.f.DefaultMavenResourcesFiltering - Copying 47 resources from src\main\resources to target\classes
2024-12-01 21:24:26,686 [Worker-56: ビルド] INFO  o.a.m.s.f.DefaultMavenResourcesFiltering - skip non existing resourceDirectory C:\Users\miche\OneDrive\Desktop\DOJT\digital-ojt-development-beginner-cause-DroneInventorySystem\DroneInventorySystem\src\test\resources
2024-12-01 21:32:19,127 [Worker-81: ビルド] INFO  o.a.m.s.f.DefaultMavenResourcesFiltering - Copying 1 resource from src\main\resources to target\classes
2024-12-01 21:32:19,185 [Worker-81: ビルド] INFO  o.a.m.s.f.DefaultMavenResourcesFiltering - Copying 47 resources from src\main\resources to target\classes
2024-12-01 21:32:19,201 [Worker-81: ビルド] INFO  o.a.m.s.f.DefaultMavenResourcesFiltering - skip non existing resourceDirectory C:\Users\miche\OneDrive\Desktop\DOJT\digital-ojt-development-beginner-cause-DroneInventorySystem\DroneInventorySystem\src\test\resources
2024-12-01 21:37:59,578 [main] INFO  o.t.e.e.d.ProjectDependencyDialectLocator - Scanning for dialect help files on project dependencies
2024-12-01 21:37:59,820 [pool-370-thread-5] INFO  o.t.e.e.d.ProjectDependencyDialectLocator - Help file found: Standard-Dialect.xml
2024-12-01 21:42:44,434 [Worker-85: ビルド] INFO  o.a.m.s.f.DefaultMavenResourcesFiltering - Copying 0 resource from src\main\resources to target\classes
2024-12-01 21:42:44,435 [Worker-85: ビルド] INFO  o.a.m.s.f.DefaultMavenResourcesFiltering - Copying 1 resource from src\main\resources to target\classes
2024-12-01 21:42:44,441 [Worker-85: ビルド] INFO  o.a.m.s.f.DefaultMavenResourcesFiltering - skip non existing resourceDirectory C:\Users\miche\OneDrive\Desktop\DOJT\digital-ojt-development-beginner-cause-DroneInventorySystem\DroneInventorySystem\src\test\resources
2024-12-01 21:44:13,042 [Worker-86: ビルド] INFO  o.a.m.s.f.DefaultMavenResourcesFiltering - Copying 0 resource from src\main\resources to target\classes
2024-12-01 21:44:13,042 [Worker-86: ビルド] INFO  o.a.m.s.f.DefaultMavenResourcesFiltering - Copying 1 resource from src\main\resources to target\classes
2024-12-01 21:44:13,045 [Worker-86: ビルド] INFO  o.a.m.s.f.DefaultMavenResourcesFiltering - skip non existing resourceDirectory C:\Users\miche\OneDrive\Desktop\DOJT\digital-ojt-development-beginner-cause-DroneInventorySystem\DroneInventorySystem\src\test\resources
2024-12-01 21:45:49,419 [Worker-85: ビルド] INFO  o.a.m.s.f.DefaultMavenResourcesFiltering - Copying 0 resource from src\main\resources to target\classes
2024-12-01 21:45:49,420 [Worker-85: ビルド] INFO  o.a.m.s.f.DefaultMavenResourcesFiltering - Copying 1 resource from src\main\resources to target\classes
2024-12-01 21:45:49,424 [Worker-85: ビルド] INFO  o.a.m.s.f.DefaultMavenResourcesFiltering - skip non existing resourceDirectory C:\Users\miche\OneDrive\Desktop\DOJT\digital-ojt-development-beginner-cause-DroneInventorySystem\DroneInventorySystem\src\test\resources
2024-12-01 21:46:06,913 [Worker-89: ビルド] INFO  o.a.m.s.f.DefaultMavenResourcesFiltering - Copying 0 resource from src\main\resources to target\classes
2024-12-01 21:46:06,914 [Worker-89: ビルド] INFO  o.a.m.s.f.DefaultMavenResourcesFiltering - Copying 1 resource from src\main\resources to target\classes
2024-12-01 21:46:06,918 [Worker-89: ビルド] INFO  o.a.m.s.f.DefaultMavenResourcesFiltering - skip non existing resourceDirectory C:\Users\miche\OneDrive\Desktop\DOJT\digital-ojt-development-beginner-cause-DroneInventorySystem\DroneInventorySystem\src\test\resources
2024-12-01 22:36:35,900 [Worker-95: ビルド] ERROR o.e.m.c.i.URLConnectionCaches - Unexpected URLConnection defaultUseCaches enabled
2024-12-01 22:36:35,952 [Worker-95: ビルド] INFO  o.a.m.s.f.DefaultMavenResourcesFiltering - Copying 0 resource from src\main\resources to target\classes
2024-12-01 22:36:35,953 [Worker-95: ビルド] INFO  o.a.m.s.f.DefaultMavenResourcesFiltering - Copying 1 resource from src\main\resources to target\classes
2024-12-01 22:36:35,957 [Worker-95: ビルド] INFO  o.a.m.s.f.DefaultMavenResourcesFiltering - skip non existing resourceDirectory C:\Users\miche\OneDrive\Desktop\DOJT\digital-ojt-development-beginner-cause-DroneInventorySystem\DroneInventorySystem\src\test\resources
2024-12-01 23:00:01,970 [Worker-102: ビルド] ERROR o.e.m.c.i.URLConnectionCaches - Unexpected URLConnection defaultUseCaches enabled
2024-12-01 23:00:01,997 [Worker-102: ビルド] INFO  o.a.m.s.f.DefaultMavenResourcesFiltering - Copying 1 resource from src\main\resources to target\classes
2024-12-01 23:00:02,019 [Worker-102: ビルド] INFO  o.a.m.s.f.DefaultMavenResourcesFiltering - Copying 47 resources from src\main\resources to target\classes
2024-12-01 23:00:02,040 [Worker-102: ビルド] INFO  o.a.m.s.f.DefaultMavenResourcesFiltering - skip non existing resourceDirectory C:\Users\miche\OneDrive\Desktop\DOJT\digital-ojt-development-beginner-cause-DroneInventorySystem\DroneInventorySystem\src\test\resources
2024-12-02 19:13:56,138 [Worker-1: Loading available Gradle versions] INFO  o.e.b.c.i.u.g.PublishedGradleVersions - Gradle version information cache is out-of-date. Trying to update.
2024-12-02 22:25:42,656 [Worker-12: ビルド] INFO  o.a.m.s.f.DefaultMavenResourcesFiltering - Copying 1 resource from src\main\resources to target\classes
2024-12-02 22:25:42,801 [Worker-12: ビルド] INFO  o.a.m.s.f.DefaultMavenResourcesFiltering - Copying 47 resources from src\main\resources to target\classes
2024-12-02 22:25:42,837 [Worker-12: ビルド] INFO  o.a.m.s.f.DefaultMavenResourcesFiltering - skip non existing resourceDirectory C:\Users\miche\OneDrive\Desktop\DOJT\digital-ojt-development-beginner-cause-DroneInventorySystem\DroneInventorySystem\src\test\resources
2024-12-02 22:50:19,167 [Worker-31: ビルド] INFO  o.a.m.s.f.DefaultMavenResourcesFiltering - Copying 0 resource from src\main\resources to target\classes
2024-12-02 22:50:19,168 [Worker-31: ビルド] INFO  o.a.m.s.f.DefaultMavenResourcesFiltering - Copying 1 resource from src\main\resources to target\classes
2024-12-02 22:50:19,172 [Worker-31: ビルド] INFO  o.a.m.s.f.DefaultMavenResourcesFiltering - skip non existing resourceDirectory C:\Users\miche\OneDrive\Desktop\DOJT\digital-ojt-development-beginner-cause-DroneInventorySystem\DroneInventorySystem\src\test\resources
2024-12-02 22:51:42,787 [Worker-29: ビルド] INFO  o.a.m.s.f.DefaultMavenResourcesFiltering - Copying 0 resource from src\main\resources to target\classes
2024-12-02 22:51:42,787 [Worker-29: ビルド] INFO  o.a.m.s.f.DefaultMavenResourcesFiltering - Copying 1 resource from src\main\resources to target\classes
2024-12-02 22:51:42,790 [Worker-29: ビルド] INFO  o.a.m.s.f.DefaultMavenResourcesFiltering - skip non existing resourceDirectory C:\Users\miche\OneDrive\Desktop\DOJT\digital-ojt-development-beginner-cause-DroneInventorySystem\DroneInventorySystem\src\test\resources
2024-12-02 22:54:23,278 [Worker-33: ビルド] INFO  o.a.m.s.f.DefaultMavenResourcesFiltering - Copying 0 resource from src\main\resources to target\classes
2024-12-02 22:54:23,278 [Worker-33: ビルド] INFO  o.a.m.s.f.DefaultMavenResourcesFiltering - Copying 1 resource from src\main\resources to target\classes
2024-12-02 22:54:23,283 [Worker-33: ビルド] INFO  o.a.m.s.f.DefaultMavenResourcesFiltering - skip non existing resourceDirectory C:\Users\miche\OneDrive\Desktop\DOJT\digital-ojt-development-beginner-cause-DroneInventorySystem\DroneInventorySystem\src\test\resources
2024-12-02 22:54:36,896 [Worker-37: ビルド] INFO  o.a.m.s.f.DefaultMavenResourcesFiltering - Copying 0 resource from src\main\resources to target\classes
2024-12-02 22:54:36,897 [Worker-37: ビルド] INFO  o.a.m.s.f.DefaultMavenResourcesFiltering - Copying 1 resource from src\main\resources to target\classes
2024-12-02 22:54:36,900 [Worker-37: ビルド] INFO  o.a.m.s.f.DefaultMavenResourcesFiltering - skip non existing resourceDirectory C:\Users\miche\OneDrive\Desktop\DOJT\digital-ojt-development-beginner-cause-DroneInventorySystem\DroneInventorySystem\src\test\resources
2024-12-02 22:55:51,849 [Worker-38: ビルド] INFO  o.a.m.s.f.DefaultMavenResourcesFiltering - Copying 0 resource from src\main\resources to target\classes
2024-12-02 22:55:51,849 [Worker-38: ビルド] INFO  o.a.m.s.f.DefaultMavenResourcesFiltering - Copying 1 resource from src\main\resources to target\classes
2024-12-02 22:55:51,852 [Worker-38: ビルド] INFO  o.a.m.s.f.DefaultMavenResourcesFiltering - skip non existing resourceDirectory C:\Users\miche\OneDrive\Desktop\DOJT\digital-ojt-development-beginner-cause-DroneInventorySystem\DroneInventorySystem\src\test\resources
2024-12-02 22:57:04,661 [Worker-36: ビルド] INFO  o.a.m.s.f.DefaultMavenResourcesFiltering - Copying 0 resource from src\main\resources to target\classes
2024-12-02 22:57:04,661 [Worker-36: ビルド] INFO  o.a.m.s.f.DefaultMavenResourcesFiltering - Copying 1 resource from src\main\resources to target\classes
2024-12-02 22:57:04,664 [Worker-36: ビルド] INFO  o.a.m.s.f.DefaultMavenResourcesFiltering - skip non existing resourceDirectory C:\Users\miche\OneDrive\Desktop\DOJT\digital-ojt-development-beginner-cause-DroneInventorySystem\DroneInventorySystem\src\test\resources
2024-12-02 22:57:26,375 [Worker-33: ビルド] INFO  o.a.m.s.f.DefaultMavenResourcesFiltering - Copying 0 resource from src\main\resources to target\classes
2024-12-02 22:57:26,375 [Worker-33: ビルド] INFO  o.a.m.s.f.DefaultMavenResourcesFiltering - Copying 1 resource from src\main\resources to target\classes
2024-12-02 22:57:26,376 [Worker-33: ビルド] INFO  o.a.m.s.f.DefaultMavenResourcesFiltering - skip non existing resourceDirectory C:\Users\miche\OneDrive\Desktop\DOJT\digital-ojt-development-beginner-cause-DroneInventorySystem\DroneInventorySystem\src\test\resources
2024-12-02 22:57:49,249 [Worker-38: ビルド] INFO  o.a.m.s.f.DefaultMavenResourcesFiltering - Copying 0 resource from src\main\resources to target\classes
2024-12-02 22:57:49,249 [Worker-38: ビルド] INFO  o.a.m.s.f.DefaultMavenResourcesFiltering - Copying 1 resource from src\main\resources to target\classes
2024-12-02 22:57:49,253 [Worker-38: ビルド] INFO  o.a.m.s.f.DefaultMavenResourcesFiltering - skip non existing resourceDirectory C:\Users\miche\OneDrive\Desktop\DOJT\digital-ojt-development-beginner-cause-DroneInventorySystem\DroneInventorySystem\src\test\resources
2024-12-02 23:00:16,321 [Worker-38: ビルド] INFO  o.a.m.s.f.DefaultMavenResourcesFiltering - Copying 0 resource from src\main\resources to target\classes
2024-12-02 23:00:16,322 [Worker-38: ビルド] INFO  o.a.m.s.f.DefaultMavenResourcesFiltering - Copying 1 resource from src\main\resources to target\classes
2024-12-02 23:00:16,326 [Worker-38: ビルド] INFO  o.a.m.s.f.DefaultMavenResourcesFiltering - skip non existing resourceDirectory C:\Users\miche\OneDrive\Desktop\DOJT\digital-ojt-development-beginner-cause-DroneInventorySystem\DroneInventorySystem\src\test\resources
2024-12-02 23:00:57,977 [Worker-43: ビルド] INFO  o.a.m.s.f.DefaultMavenResourcesFiltering - Copying 0 resource from src\main\resources to target\classes
2024-12-02 23:00:57,978 [Worker-43: ビルド] INFO  o.a.m.s.f.DefaultMavenResourcesFiltering - Copying 1 resource from src\main\resources to target\classes
2024-12-02 23:00:57,981 [Worker-43: ビルド] INFO  o.a.m.s.f.DefaultMavenResourcesFiltering - skip non existing resourceDirectory C:\Users\miche\OneDrive\Desktop\DOJT\digital-ojt-development-beginner-cause-DroneInventorySystem\DroneInventorySystem\src\test\resources
2024-12-02 23:05:06,906 [Worker-38: ビルド] INFO  o.a.m.s.f.DefaultMavenResourcesFiltering - Copying 0 resource from src\main\resources to target\classes
2024-12-02 23:05:06,907 [Worker-38: ビルド] INFO  o.a.m.s.f.DefaultMavenResourcesFiltering - Copying 1 resource from src\main\resources to target\classes
2024-12-02 23:05:06,910 [Worker-38: ビルド] INFO  o.a.m.s.f.DefaultMavenResourcesFiltering - skip non existing resourceDirectory C:\Users\miche\OneDrive\Desktop\DOJT\digital-ojt-development-beginner-cause-DroneInventorySystem\DroneInventorySystem\src\test\resources
2024-12-02 23:05:25,938 [Worker-38: ビルド] INFO  o.a.m.s.f.DefaultMavenResourcesFiltering - Copying 0 resource from src\main\resources to target\classes
2024-12-02 23:05:25,939 [Worker-38: ビルド] INFO  o.a.m.s.f.DefaultMavenResourcesFiltering - Copying 1 resource from src\main\resources to target\classes
2024-12-02 23:05:25,942 [Worker-38: ビルド] INFO  o.a.m.s.f.DefaultMavenResourcesFiltering - skip non existing resourceDirectory C:\Users\miche\OneDrive\Desktop\DOJT\digital-ojt-development-beginner-cause-DroneInventorySystem\DroneInventorySystem\src\test\resources
2024-12-02 23:21:54,035 [Worker-49: ビルド] INFO  o.a.m.s.f.DefaultMavenResourcesFiltering - Copying 1 resource from src\main\resources to target\classes
2024-12-02 23:21:54,054 [Worker-49: ビルド] INFO  o.a.m.s.f.DefaultMavenResourcesFiltering - Copying 47 resources from src\main\resources to target\classes
2024-12-02 23:21:54,072 [Worker-49: ビルド] INFO  o.a.m.s.f.DefaultMavenResourcesFiltering - skip non existing resourceDirectory C:\Users\miche\OneDrive\Desktop\DOJT\digital-ojt-development-beginner-cause-DroneInventorySystem\DroneInventorySystem\src\test\resources
2024-12-02 23:23:54,194 [Worker-49: ビルド] INFO  o.a.m.s.f.DefaultMavenResourcesFiltering - Copying 1 resource from src\main\resources to target\classes
2024-12-02 23:23:54,204 [Worker-49: ビルド] INFO  o.a.m.s.f.DefaultMavenResourcesFiltering - Copying 47 resources from src\main\resources to target\classes
2024-12-02 23:23:54,221 [Worker-49: ビルド] INFO  o.a.m.s.f.DefaultMavenResourcesFiltering - skip non existing resourceDirectory C:\Users\miche\OneDrive\Desktop\DOJT\digital-ojt-development-beginner-cause-DroneInventorySystem\DroneInventorySystem\src\test\resources
2024-12-02 23:25:29,398 [Worker-54: ビルド] INFO  o.a.m.s.f.DefaultMavenResourcesFiltering - Copying 0 resource from src\main\resources to target\classes
2024-12-02 23:25:29,399 [Worker-54: ビルド] INFO  o.a.m.s.f.DefaultMavenResourcesFiltering - Copying 1 resource from src\main\resources to target\classes
2024-12-02 23:25:29,404 [Worker-54: ビルド] INFO  o.a.m.s.f.DefaultMavenResourcesFiltering - skip non existing resourceDirectory C:\Users\miche\OneDrive\Desktop\DOJT\digital-ojt-development-beginner-cause-DroneInventorySystem\DroneInventorySystem\src\test\resources
2024-12-02 23:26:10,952 [Worker-56: ビルド] INFO  o.a.m.s.f.DefaultMavenResourcesFiltering - Copying 0 resource from src\main\resources to target\classes
2024-12-02 23:26:10,953 [Worker-56: ビルド] INFO  o.a.m.s.f.DefaultMavenResourcesFiltering - Copying 1 resource from src\main\resources to target\classes
2024-12-02 23:26:10,960 [Worker-56: ビルド] INFO  o.a.m.s.f.DefaultMavenResourcesFiltering - skip non existing resourceDirectory C:\Users\miche\OneDrive\Desktop\DOJT\digital-ojt-development-beginner-cause-DroneInventorySystem\DroneInventorySystem\src\test\resources
2024-12-02 23:28:07,833 [Worker-54: ビルド] INFO  o.a.m.s.f.DefaultMavenResourcesFiltering - Copying 0 resource from src\main\resources to target\classes
2024-12-02 23:28:07,833 [Worker-54: ビルド] INFO  o.a.m.s.f.DefaultMavenResourcesFiltering - Copying 1 resource from src\main\resources to target\classes
2024-12-02 23:28:07,837 [Worker-54: ビルド] INFO  o.a.m.s.f.DefaultMavenResourcesFiltering - skip non existing resourceDirectory C:\Users\miche\OneDrive\Desktop\DOJT\digital-ojt-development-beginner-cause-DroneInventorySystem\DroneInventorySystem\src\test\resources
2024-12-02 23:31:43,191 [Worker-54: ビルド] INFO  o.a.m.s.f.DefaultMavenResourcesFiltering - Copying 0 resource from src\main\resources to target\classes
2024-12-02 23:31:43,192 [Worker-54: ビルド] INFO  o.a.m.s.f.DefaultMavenResourcesFiltering - Copying 1 resource from src\main\resources to target\classes
2024-12-02 23:31:43,195 [Worker-54: ビルド] INFO  o.a.m.s.f.DefaultMavenResourcesFiltering - skip non existing resourceDirectory C:\Users\miche\OneDrive\Desktop\DOJT\digital-ojt-development-beginner-cause-DroneInventorySystem\DroneInventorySystem\src\test\resources
2024-12-02 23:32:18,462 [Worker-60: ビルド] INFO  o.a.m.s.f.DefaultMavenResourcesFiltering - Copying 0 resource from src\main\resources to target\classes
2024-12-02 23:32:18,462 [Worker-60: ビルド] INFO  o.a.m.s.f.DefaultMavenResourcesFiltering - Copying 0 resource from src\main\resources to target\classes
2024-12-02 23:32:18,464 [Worker-60: ビルド] INFO  o.a.m.s.f.DefaultMavenResourcesFiltering - skip non existing resourceDirectory C:\Users\miche\OneDrive\Desktop\DOJT\digital-ojt-development-beginner-cause-DroneInventorySystem\DroneInventorySystem\src\test\resources
2024-12-02 23:32:22,140 [Worker-58: ビルド] INFO  o.a.m.s.f.DefaultMavenResourcesFiltering - Copying 0 resource from src\main\resources to target\classes
2024-12-02 23:32:22,140 [Worker-58: ビルド] INFO  o.a.m.s.f.DefaultMavenResourcesFiltering - Copying 0 resource from src\main\resources to target\classes
2024-12-02 23:32:22,142 [Worker-58: ビルド] INFO  o.a.m.s.f.DefaultMavenResourcesFiltering - skip non existing resourceDirectory C:\Users\miche\OneDrive\Desktop\DOJT\digital-ojt-development-beginner-cause-DroneInventorySystem\DroneInventorySystem\src\test\resources
2024-12-02 23:48:51,580 [Worker-69: ビルド] INFO  o.a.m.s.f.DefaultMavenResourcesFiltering - Copying 1 resource from src\main\resources to target\classes
2024-12-02 23:48:51,614 [Worker-69: ビルド] INFO  o.a.m.s.f.DefaultMavenResourcesFiltering - Copying 47 resources from src\main\resources to target\classes
2024-12-02 23:48:51,629 [Worker-69: ビルド] INFO  o.a.m.s.f.DefaultMavenResourcesFiltering - skip non existing resourceDirectory C:\Users\miche\OneDrive\Desktop\DOJT\digital-ojt-development-beginner-cause-DroneInventorySystem\DroneInventorySystem\src\test\resources
2024-12-02 23:48:58,045 [Worker-69: ビルド] INFO  o.a.m.s.f.DefaultMavenResourcesFiltering - Copying 1 resource from src\main\resources to target\classes
2024-12-02 23:48:58,059 [Worker-69: ビルド] INFO  o.a.m.s.f.DefaultMavenResourcesFiltering - Copying 47 resources from src\main\resources to target\classes
2024-12-02 23:48:58,082 [Worker-69: ビルド] INFO  o.a.m.s.f.DefaultMavenResourcesFiltering - skip non existing resourceDirectory C:\Users\miche\OneDrive\Desktop\DOJT\digital-ojt-development-beginner-cause-DroneInventorySystem\DroneInventorySystem\src\test\resources
2024-12-02 23:52:39,873 [Worker-66: ビルド] INFO  o.a.m.s.f.DefaultMavenResourcesFiltering - Copying 0 resource from src\main\resources to target\classes
2024-12-02 23:52:39,874 [Worker-66: ビルド] INFO  o.a.m.s.f.DefaultMavenResourcesFiltering - Copying 1 resource from src\main\resources to target\classes
2024-12-02 23:52:39,877 [Worker-66: ビルド] INFO  o.a.m.s.f.DefaultMavenResourcesFiltering - skip non existing resourceDirectory C:\Users\miche\OneDrive\Desktop\DOJT\digital-ojt-development-beginner-cause-DroneInventorySystem\DroneInventorySystem\src\test\resources
2024-12-02 23:52:59,302 [Worker-69: ビルド] INFO  o.a.m.s.f.DefaultMavenResourcesFiltering - Copying 1 resource from src\main\resources to target\classes
2024-12-02 23:52:59,365 [Worker-69: ビルド] INFO  o.a.m.s.f.DefaultMavenResourcesFiltering - Copying 47 resources from src\main\resources to target\classes
2024-12-02 23:52:59,380 [Worker-69: ビルド] INFO  o.a.m.s.f.DefaultMavenResourcesFiltering - skip non existing resourceDirectory C:\Users\miche\OneDrive\Desktop\DOJT\digital-ojt-development-beginner-cause-DroneInventorySystem\DroneInventorySystem\src\test\resources
2024-12-02 23:53:06,253 [Worker-72: ビルド] INFO  o.a.m.s.f.DefaultMavenResourcesFiltering - Copying 1 resource from src\main\resources to target\classes
2024-12-02 23:53:06,626 [Worker-72: ビルド] INFO  o.a.m.s.f.DefaultMavenResourcesFiltering - Copying 47 resources from src\main\resources to target\classes
2024-12-02 23:53:06,650 [Worker-72: ビルド] INFO  o.a.m.s.f.DefaultMavenResourcesFiltering - skip non existing resourceDirectory C:\Users\miche\OneDrive\Desktop\DOJT\digital-ojt-development-beginner-cause-DroneInventorySystem\DroneInventorySystem\src\test\resources
2024-12-02 23:55:56,835 [Worker-71: ビルド] INFO  o.a.m.s.f.DefaultMavenResourcesFiltering - Copying 1 resource from src\main\resources to target\classes
2024-12-02 23:55:56,845 [Worker-71: ビルド] INFO  o.a.m.s.f.DefaultMavenResourcesFiltering - Copying 47 resources from src\main\resources to target\classes
2024-12-02 23:55:56,861 [Worker-71: ビルド] INFO  o.a.m.s.f.DefaultMavenResourcesFiltering - skip non existing resourceDirectory C:\Users\miche\OneDrive\Desktop\DOJT\digital-ojt-development-beginner-cause-DroneInventorySystem\DroneInventorySystem\src\test\resources
2024-12-02 23:59:15,631 [Worker-74: ビルド] INFO  o.a.m.s.f.DefaultMavenResourcesFiltering - Copying 1 resource from src\main\resources to target\classes
2024-12-02 23:59:15,645 [Worker-74: ビルド] INFO  o.a.m.s.f.DefaultMavenResourcesFiltering - Copying 47 resources from src\main\resources to target\classes
2024-12-02 23:59:15,660 [Worker-74: ビルド] INFO  o.a.m.s.f.DefaultMavenResourcesFiltering - skip non existing resourceDirectory C:\Users\miche\OneDrive\Desktop\DOJT\digital-ojt-development-beginner-cause-DroneInventorySystem\DroneInventorySystem\src\test\resources
2024-12-02 23:59:18,850 [Worker-66: ビルド] INFO  o.a.m.s.f.DefaultMavenResourcesFiltering - Copying 1 resource from src\main\resources to target\classes
2024-12-02 23:59:18,860 [Worker-66: ビルド] INFO  o.a.m.s.f.DefaultMavenResourcesFiltering - Copying 47 resources from src\main\resources to target\classes
2024-12-02 23:59:18,874 [Worker-66: ビルド] INFO  o.a.m.s.f.DefaultMavenResourcesFiltering - skip non existing resourceDirectory C:\Users\miche\OneDrive\Desktop\DOJT\digital-ojt-development-beginner-cause-DroneInventorySystem\DroneInventorySystem\src\test\resources
2024-12-03 00:06:53,602 [Worker-77: ビルド] INFO  o.a.m.s.f.DefaultMavenResourcesFiltering - Copying 1 resource from src\main\resources to target\classes
2024-12-03 00:06:53,614 [Worker-77: ビルド] INFO  o.a.m.s.f.DefaultMavenResourcesFiltering - Copying 47 resources from src\main\resources to target\classes
2024-12-03 00:06:53,628 [Worker-77: ビルド] INFO  o.a.m.s.f.DefaultMavenResourcesFiltering - skip non existing resourceDirectory C:\Users\miche\OneDrive\Desktop\DOJT\digital-ojt-development-beginner-cause-DroneInventorySystem\DroneInventorySystem\src\test\resources
2024-12-03 00:08:19,910 [Worker-76: ビルド] INFO  o.a.m.s.f.DefaultMavenResourcesFiltering - Copying 1 resource from src\main\resources to target\classes
2024-12-03 00:08:19,925 [Worker-76: ビルド] INFO  o.a.m.s.f.DefaultMavenResourcesFiltering - Copying 47 resources from src\main\resources to target\classes
2024-12-03 00:08:19,941 [Worker-76: ビルド] INFO  o.a.m.s.f.DefaultMavenResourcesFiltering - skip non existing resourceDirectory C:\Users\miche\OneDrive\Desktop\DOJT\digital-ojt-development-beginner-cause-DroneInventorySystem\DroneInventorySystem\src\test\resources
2024-12-03 00:09:14,735 [Worker-66: ビルド] INFO  o.a.m.s.f.DefaultMavenResourcesFiltering - Copying 0 resource from src\main\resources to target\classes
2024-12-03 00:09:14,735 [Worker-66: ビルド] INFO  o.a.m.s.f.DefaultMavenResourcesFiltering - Copying 1 resource from src\main\resources to target\classes
2024-12-03 00:09:14,740 [Worker-66: ビルド] INFO  o.a.m.s.f.DefaultMavenResourcesFiltering - skip non existing resourceDirectory C:\Users\miche\OneDrive\Desktop\DOJT\digital-ojt-development-beginner-cause-DroneInventorySystem\DroneInventorySystem\src\test\resources
2024-12-03 00:16:11,236 [Worker-80: ビルド] INFO  o.a.m.s.f.DefaultMavenResourcesFiltering - Copying 1 resource from src\main\resources to target\classes
2024-12-03 00:16:11,248 [Worker-80: ビルド] INFO  o.a.m.s.f.DefaultMavenResourcesFiltering - Copying 47 resources from src\main\resources to target\classes
2024-12-03 00:16:11,262 [Worker-80: ビルド] INFO  o.a.m.s.f.DefaultMavenResourcesFiltering - skip non existing resourceDirectory C:\Users\miche\OneDrive\Desktop\DOJT\digital-ojt-development-beginner-cause-DroneInventorySystem\DroneInventorySystem\src\test\resources
2024-12-03 19:50:03,207 [Worker-2: Loading available Gradle versions] INFO  o.e.b.c.i.u.g.PublishedGradleVersions - Gradle version information cache is out-of-date. Trying to update.
2024-12-03 20:05:12,521 [Worker-14: ビルド] INFO  o.a.m.s.f.DefaultMavenResourcesFiltering - Copying 1 resource from src\main\resources to target\classes
2024-12-03 20:05:12,541 [Worker-14: ビルド] INFO  o.a.m.s.f.DefaultMavenResourcesFiltering - Copying 47 resources from src\main\resources to target\classes
2024-12-03 20:05:12,575 [Worker-14: ビルド] INFO  o.a.m.s.f.DefaultMavenResourcesFiltering - skip non existing resourceDirectory C:\Users\miche\OneDrive\Desktop\DOJT\digital-ojt-development-beginner-cause-DroneInventorySystem\DroneInventorySystem\src\test\resources
2024-12-03 20:10:44,055 [Worker-24: ビルド] INFO  o.a.m.s.f.DefaultMavenResourcesFiltering - Copying 0 resource from src\main\resources to target\classes
2024-12-03 20:10:44,055 [Worker-24: ビルド] INFO  o.a.m.s.f.DefaultMavenResourcesFiltering - Copying 1 resource from src\main\resources to target\classes
2024-12-03 20:10:44,061 [Worker-24: ビルド] INFO  o.a.m.s.f.DefaultMavenResourcesFiltering - skip non existing resourceDirectory C:\Users\miche\OneDrive\Desktop\DOJT\digital-ojt-development-beginner-cause-DroneInventorySystem\DroneInventorySystem\src\test\resources
2024-12-03 20:13:10,592 [Worker-25: ビルド] INFO  o.a.m.s.f.DefaultMavenResourcesFiltering - Copying 1 resource from src\main\resources to target\classes
2024-12-03 20:13:10,605 [Worker-25: ビルド] INFO  o.a.m.s.f.DefaultMavenResourcesFiltering - Copying 47 resources from src\main\resources to target\classes
2024-12-03 20:13:10,620 [Worker-25: ビルド] INFO  o.a.m.s.f.DefaultMavenResourcesFiltering - skip non existing resourceDirectory C:\Users\miche\OneDrive\Desktop\DOJT\digital-ojt-development-beginner-cause-DroneInventorySystem\DroneInventorySystem\src\test\resources
2024-12-03 21:13:49,692 [Worker-42: ビルド] INFO  o.a.m.s.f.DefaultMavenResourcesFiltering - Copying 0 resource from src\main\resources to target\classes
2024-12-03 21:13:49,695 [Worker-42: ビルド] INFO  o.a.m.s.f.DefaultMavenResourcesFiltering - Copying 0 resource from src\main\resources to target\classes
2024-12-03 21:13:49,699 [Worker-42: ビルド] INFO  o.a.m.s.f.DefaultMavenResourcesFiltering - skip non existing resourceDirectory C:\Users\miche\OneDrive\Desktop\DOJT\digital-ojt-development-beginner-cause-DroneInventorySystem\DroneInventorySystem\src\test\resources
2024-12-03 21:13:50,769 [Worker-42: ビルド] INFO  o.a.m.s.f.DefaultMavenResourcesFiltering - Copying 0 resource from src\main\resources to target\classes
2024-12-03 21:13:50,769 [Worker-42: ビルド] INFO  o.a.m.s.f.DefaultMavenResourcesFiltering - Copying 0 resource from src\main\resources to target\classes
2024-12-03 21:13:50,772 [Worker-42: ビルド] INFO  o.a.m.s.f.DefaultMavenResourcesFiltering - skip non existing resourceDirectory C:\Users\miche\OneDrive\Desktop\DOJT\digital-ojt-development-beginner-cause-DroneInventorySystem\DroneInventorySystem\src\test\resources
2024-12-03 21:14:11,495 [Worker-44: ビルド] INFO  o.a.m.s.f.DefaultMavenResourcesFiltering - Copying 0 resource from src\main\resources to target\classes
2024-12-03 21:14:11,496 [Worker-44: ビルド] INFO  o.a.m.s.f.DefaultMavenResourcesFiltering - Copying 0 resource from src\main\resources to target\classes
2024-12-03 21:14:11,500 [Worker-44: ビルド] INFO  o.a.m.s.f.DefaultMavenResourcesFiltering - skip non existing resourceDirectory C:\Users\miche\OneDrive\Desktop\DOJT\digital-ojt-development-beginner-cause-DroneInventorySystem\DroneInventorySystem\src\test\resources
2024-12-03 21:14:15,023 [Worker-45: ビルド] INFO  o.a.m.s.f.DefaultMavenResourcesFiltering - Copying 0 resource from src\main\resources to target\classes
2024-12-03 21:14:15,023 [Worker-45: ビルド] INFO  o.a.m.s.f.DefaultMavenResourcesFiltering - Copying 0 resource from src\main\resources to target\classes
2024-12-03 21:14:15,026 [Worker-45: ビルド] INFO  o.a.m.s.f.DefaultMavenResourcesFiltering - skip non existing resourceDirectory C:\Users\miche\OneDrive\Desktop\DOJT\digital-ojt-development-beginner-cause-DroneInventorySystem\DroneInventorySystem\src\test\resources
2024-12-03 21:14:17,044 [Worker-41: ビルド] INFO  o.a.m.s.f.DefaultMavenResourcesFiltering - Copying 0 resource from src\main\resources to target\classes
2024-12-03 21:14:17,045 [Worker-41: ビルド] INFO  o.a.m.s.f.DefaultMavenResourcesFiltering - Copying 0 resource from src\main\resources to target\classes
2024-12-03 21:14:17,049 [Worker-41: ビルド] INFO  o.a.m.s.f.DefaultMavenResourcesFiltering - skip non existing resourceDirectory C:\Users\miche\OneDrive\Desktop\DOJT\digital-ojt-development-beginner-cause-DroneInventorySystem\DroneInventorySystem\src\test\resources
2024-12-03 22:02:29,186 [Worker-48: ビルド] INFO  o.a.m.s.f.DefaultMavenResourcesFiltering - Copying 1 resource from src\main\resources to target\classes
2024-12-03 22:02:29,202 [Worker-48: ビルド] INFO  o.a.m.s.f.DefaultMavenResourcesFiltering - Copying 47 resources from src\main\resources to target\classes
2024-12-03 22:02:29,219 [Worker-48: ビルド] INFO  o.a.m.s.f.DefaultMavenResourcesFiltering - skip non existing resourceDirectory C:\Users\miche\OneDrive\Desktop\DOJT\digital-ojt-development-beginner-cause-DroneInventorySystem\DroneInventorySystem\src\test\resources
2024-12-03 22:04:23,579 [Worker-53: ビルド] INFO  o.a.m.s.f.DefaultMavenResourcesFiltering - Copying 1 resource from src\main\resources to target\classes
2024-12-03 22:04:23,592 [Worker-53: ビルド] INFO  o.a.m.s.f.DefaultMavenResourcesFiltering - Copying 47 resources from src\main\resources to target\classes
2024-12-03 22:04:23,608 [Worker-53: ビルド] INFO  o.a.m.s.f.DefaultMavenResourcesFiltering - skip non existing resourceDirectory C:\Users\miche\OneDrive\Desktop\DOJT\digital-ojt-development-beginner-cause-DroneInventorySystem\DroneInventorySystem\src\test\resources
2024-12-03 22:10:46,597 [Worker-51: ビルド] INFO  o.a.m.s.f.DefaultMavenResourcesFiltering - Copying 1 resource from src\main\resources to target\classes
2024-12-03 22:10:46,647 [Worker-51: ビルド] INFO  o.a.m.s.f.DefaultMavenResourcesFiltering - Copying 47 resources from src\main\resources to target\classes
2024-12-03 22:10:46,665 [Worker-51: ビルド] INFO  o.a.m.s.f.DefaultMavenResourcesFiltering - skip non existing resourceDirectory C:\Users\miche\OneDrive\Desktop\DOJT\digital-ojt-development-beginner-cause-DroneInventorySystem\DroneInventorySystem\src\test\resources
2024-12-05 20:35:50,685 [Worker-3: Loading available Gradle versions] INFO  o.e.b.c.i.u.g.PublishedGradleVersions - Gradle version information cache is out-of-date. Trying to update.
2024-12-05 20:42:37,557 [Worker-11: ビルド] INFO  o.a.m.s.f.DefaultMavenResourcesFiltering - Copying 1 resource from src\main\resources to target\classes
2024-12-05 20:42:37,589 [Worker-11: ビルド] INFO  o.a.m.s.f.DefaultMavenResourcesFiltering - Copying 47 resources from src\main\resources to target\classes
2024-12-05 20:42:37,653 [Worker-11: ビルド] INFO  o.a.m.s.f.DefaultMavenResourcesFiltering - skip non existing resourceDirectory C:\Users\miche\OneDrive\Desktop\DOJT\digital-ojt-development-beginner-cause-DroneInventorySystem\DroneInventorySystem\src\test\resources
2024-12-05 20:43:37,473 [Worker-11: ビルド] INFO  o.a.m.s.f.DefaultMavenResourcesFiltering - Copying 1 resource from src\main\resources to target\classes
2024-12-05 20:43:37,487 [Worker-11: ビルド] INFO  o.a.m.s.f.DefaultMavenResourcesFiltering - Copying 47 resources from src\main\resources to target\classes
2024-12-05 20:43:37,506 [Worker-11: ビルド] INFO  o.a.m.s.f.DefaultMavenResourcesFiltering - skip non existing resourceDirectory C:\Users\miche\OneDrive\Desktop\DOJT\digital-ojt-development-beginner-cause-DroneInventorySystem\DroneInventorySystem\src\test\resources
2024-12-06 21:07:25,709 [Worker-4: Loading available Gradle versions] INFO  o.e.b.c.i.u.g.PublishedGradleVersions - Gradle version information cache is out-of-date. Trying to update.
2024-12-06 21:33:07,044 [Worker-20: ビルド] INFO  o.a.m.s.f.DefaultMavenResourcesFiltering - Copying 1 resource from src\main\resources to target\classes
2024-12-06 21:33:07,068 [Worker-20: ビルド] INFO  o.a.m.s.f.DefaultMavenResourcesFiltering - Copying 47 resources from src\main\resources to target\classes
2024-12-06 21:33:07,086 [Worker-20: ビルド] INFO  o.a.m.s.f.DefaultMavenResourcesFiltering - skip non existing resourceDirectory C:\Users\miche\OneDrive\Desktop\DOJT\digital-ojt-development-beginner-cause-DroneInventorySystem\DroneInventorySystem\src\test\resources
2024-12-06 21:37:08,690 [Worker-20: ビルド] INFO  o.a.m.s.f.DefaultMavenResourcesFiltering - Copying 0 resource from src\main\resources to target\classes
2024-12-06 21:37:08,690 [Worker-20: ビルド] INFO  o.a.m.s.f.DefaultMavenResourcesFiltering - Copying 1 resource from src\main\resources to target\classes
2024-12-06 21:37:08,695 [Worker-20: ビルド] INFO  o.a.m.s.f.DefaultMavenResourcesFiltering - skip non existing resourceDirectory C:\Users\miche\OneDrive\Desktop\DOJT\digital-ojt-development-beginner-cause-DroneInventorySystem\DroneInventorySystem\src\test\resources
2024-12-06 21:37:34,328 [Worker-24: ビルド] INFO  o.a.m.s.f.DefaultMavenResourcesFiltering - Copying 0 resource from src\main\resources to target\classes
2024-12-06 21:37:34,329 [Worker-24: ビルド] INFO  o.a.m.s.f.DefaultMavenResourcesFiltering - Copying 1 resource from src\main\resources to target\classes
2024-12-06 21:37:34,331 [Worker-24: ビルド] INFO  o.a.m.s.f.DefaultMavenResourcesFiltering - skip non existing resourceDirectory C:\Users\miche\OneDrive\Desktop\DOJT\digital-ojt-development-beginner-cause-DroneInventorySystem\DroneInventorySystem\src\test\resources
2024-12-06 21:38:37,936 [Worker-25: ビルド] INFO  o.a.m.s.f.DefaultMavenResourcesFiltering - Copying 0 resource from src\main\resources to target\classes
2024-12-06 21:38:37,936 [Worker-25: ビルド] INFO  o.a.m.s.f.DefaultMavenResourcesFiltering - Copying 1 resource from src\main\resources to target\classes
2024-12-06 21:38:37,939 [Worker-25: ビルド] INFO  o.a.m.s.f.DefaultMavenResourcesFiltering - skip non existing resourceDirectory C:\Users\miche\OneDrive\Desktop\DOJT\digital-ojt-development-beginner-cause-DroneInventorySystem\DroneInventorySystem\src\test\resources
2024-12-06 21:45:21,095 [Worker-23: ビルド] INFO  o.a.m.s.f.DefaultMavenResourcesFiltering - Copying 0 resource from src\main\resources to target\classes
2024-12-06 21:45:21,095 [Worker-23: ビルド] INFO  o.a.m.s.f.DefaultMavenResourcesFiltering - Copying 1 resource from src\main\resources to target\classes
2024-12-06 21:45:21,098 [Worker-23: ビルド] INFO  o.a.m.s.f.DefaultMavenResourcesFiltering - skip non existing resourceDirectory C:\Users\miche\OneDrive\Desktop\DOJT\digital-ojt-development-beginner-cause-DroneInventorySystem\DroneInventorySystem\src\test\resources
2024-12-06 21:54:38,782 [Worker-30: ビルド] INFO  o.a.m.s.f.DefaultMavenResourcesFiltering - Copying 0 resource from src\main\resources to target\classes
2024-12-06 21:54:38,782 [Worker-30: ビルド] INFO  o.a.m.s.f.DefaultMavenResourcesFiltering - Copying 1 resource from src\main\resources to target\classes
2024-12-06 21:54:38,785 [Worker-30: ビルド] INFO  o.a.m.s.f.DefaultMavenResourcesFiltering - skip non existing resourceDirectory C:\Users\miche\OneDrive\Desktop\DOJT\digital-ojt-development-beginner-cause-DroneInventorySystem\DroneInventorySystem\src\test\resources
2024-12-06 21:55:13,831 [Worker-23: ビルド] INFO  o.a.m.s.f.DefaultMavenResourcesFiltering - Copying 0 resource from src\main\resources to target\classes
2024-12-06 21:55:13,831 [Worker-23: ビルド] INFO  o.a.m.s.f.DefaultMavenResourcesFiltering - Copying 1 resource from src\main\resources to target\classes
2024-12-06 21:55:13,834 [Worker-23: ビルド] INFO  o.a.m.s.f.DefaultMavenResourcesFiltering - skip non existing resourceDirectory C:\Users\miche\OneDrive\Desktop\DOJT\digital-ojt-development-beginner-cause-DroneInventorySystem\DroneInventorySystem\src\test\resources
2024-12-06 21:56:00,842 [Worker-29: ビルド] INFO  o.a.m.s.f.DefaultMavenResourcesFiltering - Copying 0 resource from src\main\resources to target\classes
2024-12-06 21:56:00,842 [Worker-29: ビルド] INFO  o.a.m.s.f.DefaultMavenResourcesFiltering - Copying 1 resource from src\main\resources to target\classes
2024-12-06 21:56:00,846 [Worker-29: ビルド] INFO  o.a.m.s.f.DefaultMavenResourcesFiltering - skip non existing resourceDirectory C:\Users\miche\OneDrive\Desktop\DOJT\digital-ojt-development-beginner-cause-DroneInventorySystem\DroneInventorySystem\src\test\resources
2024-12-06 21:56:42,233 [Worker-31: ビルド] INFO  o.a.m.s.f.DefaultMavenResourcesFiltering - Copying 0 resource from src\main\resources to target\classes
2024-12-06 21:56:42,234 [Worker-31: ビルド] INFO  o.a.m.s.f.DefaultMavenResourcesFiltering - Copying 1 resource from src\main\resources to target\classes
2024-12-06 21:56:42,237 [Worker-31: ビルド] INFO  o.a.m.s.f.DefaultMavenResourcesFiltering - skip non existing resourceDirectory C:\Users\miche\OneDrive\Desktop\DOJT\digital-ojt-development-beginner-cause-DroneInventorySystem\DroneInventorySystem\src\test\resources
2024-12-06 21:58:10,660 [Worker-32: ビルド] INFO  o.a.m.s.f.DefaultMavenResourcesFiltering - Copying 0 resource from src\main\resources to target\classes
2024-12-06 21:58:10,661 [Worker-32: ビルド] INFO  o.a.m.s.f.DefaultMavenResourcesFiltering - Copying 1 resource from src\main\resources to target\classes
2024-12-06 21:58:10,664 [Worker-32: ビルド] INFO  o.a.m.s.f.DefaultMavenResourcesFiltering - skip non existing resourceDirectory C:\Users\miche\OneDrive\Desktop\DOJT\digital-ojt-development-beginner-cause-DroneInventorySystem\DroneInventorySystem\src\test\resources
2024-12-06 21:59:39,840 [Worker-32: ビルド] INFO  o.a.m.s.f.DefaultMavenResourcesFiltering - Copying 0 resource from src\main\resources to target\classes
2024-12-06 21:59:39,841 [Worker-32: ビルド] INFO  o.a.m.s.f.DefaultMavenResourcesFiltering - Copying 1 resource from src\main\resources to target\classes
2024-12-06 21:59:39,844 [Worker-32: ビルド] INFO  o.a.m.s.f.DefaultMavenResourcesFiltering - skip non existing resourceDirectory C:\Users\miche\OneDrive\Desktop\DOJT\digital-ojt-development-beginner-cause-DroneInventorySystem\DroneInventorySystem\src\test\resources
2024-12-06 22:01:03,397 [Worker-31: ビルド] INFO  o.a.m.s.f.DefaultMavenResourcesFiltering - Copying 0 resource from src\main\resources to target\classes
2024-12-06 22:01:03,397 [Worker-31: ビルド] INFO  o.a.m.s.f.DefaultMavenResourcesFiltering - Copying 1 resource from src\main\resources to target\classes
2024-12-06 22:01:03,401 [Worker-31: ビルド] INFO  o.a.m.s.f.DefaultMavenResourcesFiltering - skip non existing resourceDirectory C:\Users\miche\OneDrive\Desktop\DOJT\digital-ojt-development-beginner-cause-DroneInventorySystem\DroneInventorySystem\src\test\resources
2024-12-06 22:01:19,638 [Worker-39: ビルド] INFO  o.a.m.s.f.DefaultMavenResourcesFiltering - Copying 0 resource from src\main\resources to target\classes
2024-12-06 22:01:19,639 [Worker-39: ビルド] INFO  o.a.m.s.f.DefaultMavenResourcesFiltering - Copying 1 resource from src\main\resources to target\classes
2024-12-06 22:01:19,644 [Worker-39: ビルド] INFO  o.a.m.s.f.DefaultMavenResourcesFiltering - skip non existing resourceDirectory C:\Users\miche\OneDrive\Desktop\DOJT\digital-ojt-development-beginner-cause-DroneInventorySystem\DroneInventorySystem\src\test\resources
2024-12-06 22:02:28,010 [Worker-37: ビルド] INFO  o.a.m.s.f.DefaultMavenResourcesFiltering - Copying 0 resource from src\main\resources to target\classes
2024-12-06 22:02:28,011 [Worker-37: ビルド] INFO  o.a.m.s.f.DefaultMavenResourcesFiltering - Copying 1 resource from src\main\resources to target\classes
2024-12-06 22:02:28,014 [Worker-37: ビルド] INFO  o.a.m.s.f.DefaultMavenResourcesFiltering - skip non existing resourceDirectory C:\Users\miche\OneDrive\Desktop\DOJT\digital-ojt-development-beginner-cause-DroneInventorySystem\DroneInventorySystem\src\test\resources
2024-12-06 22:04:12,653 [Worker-42: ビルド] INFO  o.a.m.s.f.DefaultMavenResourcesFiltering - Copying 0 resource from src\main\resources to target\classes
2024-12-06 22:04:12,654 [Worker-42: ビルド] INFO  o.a.m.s.f.DefaultMavenResourcesFiltering - Copying 1 resource from src\main\resources to target\classes
2024-12-06 22:04:12,658 [Worker-42: ビルド] INFO  o.a.m.s.f.DefaultMavenResourcesFiltering - skip non existing resourceDirectory C:\Users\miche\OneDrive\Desktop\DOJT\digital-ojt-development-beginner-cause-DroneInventorySystem\DroneInventorySystem\src\test\resources
2024-12-06 22:04:36,522 [Worker-43: ビルド] INFO  o.a.m.s.f.DefaultMavenResourcesFiltering - Copying 0 resource from src\main\resources to target\classes
2024-12-06 22:04:36,522 [Worker-43: ビルド] INFO  o.a.m.s.f.DefaultMavenResourcesFiltering - Copying 1 resource from src\main\resources to target\classes
2024-12-06 22:04:36,527 [Worker-43: ビルド] INFO  o.a.m.s.f.DefaultMavenResourcesFiltering - skip non existing resourceDirectory C:\Users\miche\OneDrive\Desktop\DOJT\digital-ojt-development-beginner-cause-DroneInventorySystem\DroneInventorySystem\src\test\resources
2024-12-06 22:04:58,450 [Worker-43: ビルド] INFO  o.a.m.s.f.DefaultMavenResourcesFiltering - Copying 0 resource from src\main\resources to target\classes
2024-12-06 22:04:58,450 [Worker-43: ビルド] INFO  o.a.m.s.f.DefaultMavenResourcesFiltering - Copying 1 resource from src\main\resources to target\classes
2024-12-06 22:04:58,453 [Worker-43: ビルド] INFO  o.a.m.s.f.DefaultMavenResourcesFiltering - skip non existing resourceDirectory C:\Users\miche\OneDrive\Desktop\DOJT\digital-ojt-development-beginner-cause-DroneInventorySystem\DroneInventorySystem\src\test\resources
2024-12-06 22:05:03,755 [Worker-43: ビルド] INFO  o.a.m.s.f.DefaultMavenResourcesFiltering - Copying 0 resource from src\main\resources to target\classes
2024-12-06 22:05:03,755 [Worker-43: ビルド] INFO  o.a.m.s.f.DefaultMavenResourcesFiltering - Copying 1 resource from src\main\resources to target\classes
2024-12-06 22:05:03,758 [Worker-43: ビルド] INFO  o.a.m.s.f.DefaultMavenResourcesFiltering - skip non existing resourceDirectory C:\Users\miche\OneDrive\Desktop\DOJT\digital-ojt-development-beginner-cause-DroneInventorySystem\DroneInventorySystem\src\test\resources
2024-12-06 22:05:27,721 [Worker-43: ビルド] INFO  o.a.m.s.f.DefaultMavenResourcesFiltering - Copying 0 resource from src\main\resources to target\classes
2024-12-06 22:05:27,721 [Worker-43: ビルド] INFO  o.a.m.s.f.DefaultMavenResourcesFiltering - Copying 1 resource from src\main\resources to target\classes
2024-12-06 22:05:27,725 [Worker-43: ビルド] INFO  o.a.m.s.f.DefaultMavenResourcesFiltering - skip non existing resourceDirectory C:\Users\miche\OneDrive\Desktop\DOJT\digital-ojt-development-beginner-cause-DroneInventorySystem\DroneInventorySystem\src\test\resources
2024-12-06 22:08:04,030 [Text Viewer Hover Presenter] INFO  o.t.e.e.d.ProjectDependencyDialectLocator - Scanning for dialect help files on project dependencies
2024-12-06 22:08:04,228 [pool-292-thread-2] INFO  o.t.e.e.d.ProjectDependencyDialectLocator - Help file found: Standard-Dialect.xml
2024-12-06 22:09:17,478 [Worker-47: ビルド] INFO  o.a.m.s.f.DefaultMavenResourcesFiltering - Copying 0 resource from src\main\resources to target\classes
2024-12-06 22:09:17,478 [Worker-47: ビルド] INFO  o.a.m.s.f.DefaultMavenResourcesFiltering - Copying 1 resource from src\main\resources to target\classes
2024-12-06 22:09:17,481 [Worker-47: ビルド] INFO  o.a.m.s.f.DefaultMavenResourcesFiltering - skip non existing resourceDirectory C:\Users\miche\OneDrive\Desktop\DOJT\digital-ojt-development-beginner-cause-DroneInventorySystem\DroneInventorySystem\src\test\resources
2024-12-06 22:10:07,086 [Worker-46: ビルド] INFO  o.a.m.s.f.DefaultMavenResourcesFiltering - Copying 1 resource from src\main\resources to target\classes
2024-12-06 22:10:07,097 [Worker-46: ビルド] INFO  o.a.m.s.f.DefaultMavenResourcesFiltering - Copying 47 resources from src\main\resources to target\classes
2024-12-06 22:10:07,112 [Worker-46: ビルド] INFO  o.a.m.s.f.DefaultMavenResourcesFiltering - skip non existing resourceDirectory C:\Users\miche\OneDrive\Desktop\DOJT\digital-ojt-development-beginner-cause-DroneInventorySystem\DroneInventorySystem\src\test\resources
2024-12-06 22:41:28,623 [Worker-56: ビルド] INFO  o.a.m.s.f.DefaultMavenResourcesFiltering - Copying 1 resource from src\main\resources to target\classes
2024-12-06 22:41:28,635 [Worker-56: ビルド] INFO  o.a.m.s.f.DefaultMavenResourcesFiltering - Copying 47 resources from src\main\resources to target\classes
2024-12-06 22:41:28,654 [Worker-56: ビルド] INFO  o.a.m.s.f.DefaultMavenResourcesFiltering - skip non existing resourceDirectory C:\Users\miche\OneDrive\Desktop\DOJT\digital-ojt-development-beginner-cause-DroneInventorySystem\DroneInventorySystem\src\test\resources
2024-12-07 20:01:38,396 [Worker-0: Loading available Gradle versions] INFO  o.e.b.c.i.u.g.PublishedGradleVersions - Gradle version information cache is up-to-date. Trying to read.
2024-12-07 20:11:53,811 [Worker-13: ビルド] INFO  o.a.m.s.f.DefaultMavenResourcesFiltering - Copying 1 resource from src\main\resources to target\classes
2024-12-07 20:11:53,831 [Worker-13: ビルド] INFO  o.a.m.s.f.DefaultMavenResourcesFiltering - Copying 47 resources from src\main\resources to target\classes
2024-12-07 20:11:53,865 [Worker-13: ビルド] INFO  o.a.m.s.f.DefaultMavenResourcesFiltering - skip non existing resourceDirectory C:\Users\miche\OneDrive\Desktop\DOJT\digital-ojt-development-beginner-cause-DroneInventorySystem\DroneInventorySystem\src\test\resources
2024-12-07 20:12:25,073 [Worker-14: ビルド] INFO  o.a.m.s.f.DefaultMavenResourcesFiltering - Copying 0 resource from src\main\resources to target\classes
2024-12-07 20:12:25,074 [Worker-14: ビルド] INFO  o.a.m.s.f.DefaultMavenResourcesFiltering - Copying 1 resource from src\main\resources to target\classes
2024-12-07 20:12:25,078 [Worker-14: ビルド] INFO  o.a.m.s.f.DefaultMavenResourcesFiltering - skip non existing resourceDirectory C:\Users\miche\OneDrive\Desktop\DOJT\digital-ojt-development-beginner-cause-DroneInventorySystem\DroneInventorySystem\src\test\resources
2024-12-07 20:13:18,455 [Text Viewer Hover Presenter] INFO  o.t.e.e.d.ProjectDependencyDialectLocator - Scanning for dialect help files on project dependencies
2024-12-07 20:13:18,627 [pool-41-thread-3] INFO  o.t.e.e.d.ProjectDependencyDialectLocator - Help file found: Standard-Dialect.xml
2024-12-07 20:27:10,226 [Worker-19: ビルド] INFO  o.a.m.s.f.DefaultMavenResourcesFiltering - Copying 1 resource from src\main\resources to target\classes
2024-12-07 20:27:10,239 [Worker-19: ビルド] INFO  o.a.m.s.f.DefaultMavenResourcesFiltering - Copying 47 resources from src\main\resources to target\classes
2024-12-07 20:27:10,261 [Worker-19: ビルド] INFO  o.a.m.s.f.DefaultMavenResourcesFiltering - skip non existing resourceDirectory C:\Users\miche\OneDrive\Desktop\DOJT\digital-ojt-development-beginner-cause-DroneInventorySystem\DroneInventorySystem\src\test\resources
2024-12-07 20:52:21,549 [Worker-27: ビルド] INFO  o.a.m.s.f.DefaultMavenResourcesFiltering - Copying 1 resource from src\main\resources to target\classes
2024-12-07 20:52:21,563 [Worker-27: ビルド] INFO  o.a.m.s.f.DefaultMavenResourcesFiltering - Copying 47 resources from src\main\resources to target\classes
2024-12-07 20:52:21,592 [Worker-27: ビルド] INFO  o.a.m.s.f.DefaultMavenResourcesFiltering - skip non existing resourceDirectory C:\Users\miche\OneDrive\Desktop\DOJT\digital-ojt-development-beginner-cause-DroneInventorySystem\DroneInventorySystem\src\test\resources
2024-12-07 20:52:36,182 [Worker-29: ビルド] INFO  o.a.m.s.f.DefaultMavenResourcesFiltering - Copying 0 resource from src\main\resources to target\classes
2024-12-07 20:52:36,183 [Worker-29: ビルド] INFO  o.a.m.s.f.DefaultMavenResourcesFiltering - Copying 1 resource from src\main\resources to target\classes
2024-12-07 20:52:36,189 [Worker-29: ビルド] INFO  o.a.m.s.f.DefaultMavenResourcesFiltering - skip non existing resourceDirectory C:\Users\miche\OneDrive\Desktop\DOJT\digital-ojt-development-beginner-cause-DroneInventorySystem\DroneInventorySystem\src\test\resources
2024-12-07 21:45:34,041 [Worker-42: ビルド] INFO  o.a.m.s.f.DefaultMavenResourcesFiltering - Copying 1 resource from src\main\resources to target\classes
2024-12-07 21:45:34,065 [Worker-42: ビルド] INFO  o.a.m.s.f.DefaultMavenResourcesFiltering - Copying 47 resources from src\main\resources to target\classes
2024-12-07 21:45:34,081 [Worker-42: ビルド] INFO  o.a.m.s.f.DefaultMavenResourcesFiltering - skip non existing resourceDirectory C:\Users\miche\OneDrive\Desktop\DOJT\digital-ojt-development-beginner-cause-DroneInventorySystem\DroneInventorySystem\src\test\resources
2024-12-07 22:03:34,245 [Worker-47: ビルド] INFO  o.a.m.s.f.DefaultMavenResourcesFiltering - Copying 1 resource from src\main\resources to target\classes
2024-12-07 22:03:34,256 [Worker-47: ビルド] INFO  o.a.m.s.f.DefaultMavenResourcesFiltering - Copying 47 resources from src\main\resources to target\classes
2024-12-07 22:03:34,272 [Worker-47: ビルド] INFO  o.a.m.s.f.DefaultMavenResourcesFiltering - skip non existing resourceDirectory C:\Users\miche\OneDrive\Desktop\DOJT\digital-ojt-development-beginner-cause-DroneInventorySystem\DroneInventorySystem\src\test\resources
2024-12-07 22:23:43,772 [Worker-43: ビルド] INFO  o.a.m.s.f.DefaultMavenResourcesFiltering - Copying 1 resource from src\main\resources to target\classes
2024-12-07 22:23:43,783 [Worker-43: ビルド] INFO  o.a.m.s.f.DefaultMavenResourcesFiltering - Copying 47 resources from src\main\resources to target\classes
2024-12-07 22:23:43,800 [Worker-43: ビルド] INFO  o.a.m.s.f.DefaultMavenResourcesFiltering - skip non existing resourceDirectory C:\Users\miche\OneDrive\Desktop\DOJT\digital-ojt-development-beginner-cause-DroneInventorySystem\DroneInventorySystem\src\test\resources
2024-12-07 22:46:54,498 [Worker-54: ビルド] INFO  o.a.m.s.f.DefaultMavenResourcesFiltering - Copying 1 resource from src\main\resources to target\classes
2024-12-07 22:46:54,515 [Worker-54: ビルド] INFO  o.a.m.s.f.DefaultMavenResourcesFiltering - Copying 47 resources from src\main\resources to target\classes
2024-12-07 22:46:54,533 [Worker-54: ビルド] INFO  o.a.m.s.f.DefaultMavenResourcesFiltering - skip non existing resourceDirectory C:\Users\miche\OneDrive\Desktop\DOJT\digital-ojt-development-beginner-cause-DroneInventorySystem\DroneInventorySystem\src\test\resources
2024-12-07 22:55:59,038 [Worker-58: ビルド] INFO  o.a.m.s.f.DefaultMavenResourcesFiltering - Copying 1 resource from src\main\resources to target\classes
2024-12-07 22:55:59,085 [Worker-58: ビルド] INFO  o.a.m.s.f.DefaultMavenResourcesFiltering - Copying 47 resources from src\main\resources to target\classes
2024-12-07 22:55:59,101 [Worker-58: ビルド] INFO  o.a.m.s.f.DefaultMavenResourcesFiltering - skip non existing resourceDirectory C:\Users\miche\OneDrive\Desktop\DOJT\digital-ojt-development-beginner-cause-DroneInventorySystem\DroneInventorySystem\src\test\resources
2024-12-07 22:59:49,302 [Worker-61: ビルド] INFO  o.a.m.s.f.DefaultMavenResourcesFiltering - Copying 1 resource from src\main\resources to target\classes
2024-12-07 22:59:49,322 [Worker-61: ビルド] INFO  o.a.m.s.f.DefaultMavenResourcesFiltering - Copying 47 resources from src\main\resources to target\classes
2024-12-07 22:59:49,337 [Worker-61: ビルド] INFO  o.a.m.s.f.DefaultMavenResourcesFiltering - skip non existing resourceDirectory C:\Users\miche\OneDrive\Desktop\DOJT\digital-ojt-development-beginner-cause-DroneInventorySystem\DroneInventorySystem\src\test\resources
2024-12-07 23:05:52,651 [Worker-54: ビルド] INFO  o.a.m.s.f.DefaultMavenResourcesFiltering - Copying 1 resource from src\main\resources to target\classes
2024-12-07 23:05:52,662 [Worker-54: ビルド] INFO  o.a.m.s.f.DefaultMavenResourcesFiltering - Copying 47 resources from src\main\resources to target\classes
2024-12-07 23:05:52,683 [Worker-54: ビルド] INFO  o.a.m.s.f.DefaultMavenResourcesFiltering - skip non existing resourceDirectory C:\Users\miche\OneDrive\Desktop\DOJT\digital-ojt-development-beginner-cause-DroneInventorySystem\DroneInventorySystem\src\test\resources
2024-12-07 23:06:47,174 [Worker-58: ビルド] INFO  o.a.m.s.f.DefaultMavenResourcesFiltering - Copying 1 resource from src\main\resources to target\classes
2024-12-07 23:06:47,184 [Worker-58: ビルド] INFO  o.a.m.s.f.DefaultMavenResourcesFiltering - Copying 47 resources from src\main\resources to target\classes
2024-12-07 23:06:47,203 [Worker-58: ビルド] INFO  o.a.m.s.f.DefaultMavenResourcesFiltering - skip non existing resourceDirectory C:\Users\miche\OneDrive\Desktop\DOJT\digital-ojt-development-beginner-cause-DroneInventorySystem\DroneInventorySystem\src\test\resources
2024-12-07 23:08:24,089 [Worker-60: ビルド] INFO  o.a.m.s.f.DefaultMavenResourcesFiltering - Copying 1 resource from src\main\resources to target\classes
2024-12-07 23:08:24,101 [Worker-60: ビルド] INFO  o.a.m.s.f.DefaultMavenResourcesFiltering - Copying 47 resources from src\main\resources to target\classes
2024-12-07 23:08:24,121 [Worker-60: ビルド] INFO  o.a.m.s.f.DefaultMavenResourcesFiltering - skip non existing resourceDirectory C:\Users\miche\OneDrive\Desktop\DOJT\digital-ojt-development-beginner-cause-DroneInventorySystem\DroneInventorySystem\src\test\resources
2024-12-07 23:09:49,354 [Worker-59: ビルド] INFO  o.a.m.s.f.DefaultMavenResourcesFiltering - Copying 1 resource from src\main\resources to target\classes
2024-12-07 23:09:49,365 [Worker-59: ビルド] INFO  o.a.m.s.f.DefaultMavenResourcesFiltering - Copying 47 resources from src\main\resources to target\classes
2024-12-07 23:09:49,381 [Worker-59: ビルド] INFO  o.a.m.s.f.DefaultMavenResourcesFiltering - skip non existing resourceDirectory C:\Users\miche\OneDrive\Desktop\DOJT\digital-ojt-development-beginner-cause-DroneInventorySystem\DroneInventorySystem\src\test\resources
2024-12-07 23:26:34,045 [Worker-59: DroneInventorySystem - DroneInventorySystemApplication の起動] INFO  o.a.m.s.f.DefaultMavenResourcesFiltering - Copying 1 resource from src\main\resources to target\classes
2024-12-07 23:26:34,058 [Worker-59: DroneInventorySystem - DroneInventorySystemApplication の起動] INFO  o.a.m.s.f.DefaultMavenResourcesFiltering - Copying 47 resources from src\main\resources to target\classes
2024-12-07 23:26:34,075 [Worker-59: DroneInventorySystem - DroneInventorySystemApplication の起動] INFO  o.a.m.s.f.DefaultMavenResourcesFiltering - skip non existing resourceDirectory C:\Users\miche\OneDrive\Desktop\DOJT\digital-ojt-development-beginner-cause-DroneInventorySystem\DroneInventorySystem\src\test\resources
2024-12-07 23:28:18,027 [Worker-62: ビルド] INFO  o.a.m.s.f.DefaultMavenResourcesFiltering - Copying 1 resource from src\main\resources to target\classes
2024-12-07 23:28:18,040 [Worker-62: ビルド] INFO  o.a.m.s.f.DefaultMavenResourcesFiltering - Copying 47 resources from src\main\resources to target\classes
2024-12-07 23:28:18,058 [Worker-62: ビルド] INFO  o.a.m.s.f.DefaultMavenResourcesFiltering - skip non existing resourceDirectory C:\Users\miche\OneDrive\Desktop\DOJT\digital-ojt-development-beginner-cause-DroneInventorySystem\DroneInventorySystem\src\test\resources
2024-12-07 23:28:21,248 [Worker-59: ビルド] INFO  o.a.m.s.f.DefaultMavenResourcesFiltering - Copying 1 resource from src\main\resources to target\classes
2024-12-07 23:28:21,276 [Worker-59: ビルド] INFO  o.a.m.s.f.DefaultMavenResourcesFiltering - Copying 47 resources from src\main\resources to target\classes
2024-12-07 23:28:21,293 [Worker-59: ビルド] INFO  o.a.m.s.f.DefaultMavenResourcesFiltering - skip non existing resourceDirectory C:\Users\miche\OneDrive\Desktop\DOJT\digital-ojt-development-beginner-cause-DroneInventorySystem\DroneInventorySystem\src\test\resources
2024-12-07 23:36:50,393 [Worker-61: ビルド] INFO  o.a.m.s.f.DefaultMavenResourcesFiltering - Copying 1 resource from src\main\resources to target\classes
2024-12-07 23:36:50,408 [Worker-61: ビルド] INFO  o.a.m.s.f.DefaultMavenResourcesFiltering - Copying 47 resources from src\main\resources to target\classes
2024-12-07 23:36:50,427 [Worker-61: ビルド] INFO  o.a.m.s.f.DefaultMavenResourcesFiltering - skip non existing resourceDirectory C:\Users\miche\OneDrive\Desktop\DOJT\digital-ojt-development-beginner-cause-DroneInventorySystem\DroneInventorySystem\src\test\resources
2024-12-07 23:46:45,754 [Worker-78: ビルド] INFO  o.a.m.s.f.DefaultMavenResourcesFiltering - Copying 1 resource from src\main\resources to target\classes
2024-12-07 23:46:45,769 [Worker-78: ビルド] INFO  o.a.m.s.f.DefaultMavenResourcesFiltering - Copying 47 resources from src\main\resources to target\classes
2024-12-07 23:46:45,791 [Worker-78: ビルド] INFO  o.a.m.s.f.DefaultMavenResourcesFiltering - skip non existing resourceDirectory C:\Users\miche\OneDrive\Desktop\DOJT\digital-ojt-development-beginner-cause-DroneInventorySystem\DroneInventorySystem\src\test\resources
2024-12-07 23:59:13,634 [Worker-78: ビルド] INFO  o.a.m.s.f.DefaultMavenResourcesFiltering - Copying 1 resource from src\main\resources to target\classes
2024-12-07 23:59:13,650 [Worker-78: ビルド] INFO  o.a.m.s.f.DefaultMavenResourcesFiltering - Copying 47 resources from src\main\resources to target\classes
2024-12-07 23:59:13,671 [Worker-78: ビルド] INFO  o.a.m.s.f.DefaultMavenResourcesFiltering - skip non existing resourceDirectory C:\Users\miche\OneDrive\Desktop\DOJT\digital-ojt-development-beginner-cause-DroneInventorySystem\DroneInventorySystem\src\test\resources
2024-12-08 18:42:45,066 [Worker-4: Loading available Gradle versions] INFO  o.e.b.c.i.u.g.PublishedGradleVersions - Gradle version information cache is out-of-date. Trying to update.
2024-12-08 18:42:56,148 [Worker-2: ビルド] INFO  o.a.m.s.f.DefaultMavenResourcesFiltering - Copying 1 resource from src\main\resources to target\classes
2024-12-08 18:42:56,192 [Worker-2: ビルド] INFO  o.a.m.s.f.DefaultMavenResourcesFiltering - Copying 47 resources from src\main\resources to target\classes
2024-12-08 18:42:56,235 [Worker-2: ビルド] INFO  o.a.m.s.f.DefaultMavenResourcesFiltering - skip non existing resourceDirectory C:\Users\miche\OneDrive\Desktop\DOJT\digital-ojt-development-beginner-cause-DroneInventorySystem\DroneInventorySystem\src\test\resources
2024-12-08 19:31:01,648 [Worker-15: ビルド] INFO  o.a.m.s.f.DefaultMavenResourcesFiltering - Copying 1 resource from src\main\resources to target\classes
2024-12-08 19:31:01,862 [Worker-15: ビルド] INFO  o.a.m.s.f.DefaultMavenResourcesFiltering - Copying 47 resources from src\main\resources to target\classes
2024-12-08 19:31:01,938 [Worker-15: ビルド] INFO  o.a.m.s.f.DefaultMavenResourcesFiltering - skip non existing resourceDirectory C:\Users\miche\OneDrive\Desktop\DOJT\digital-ojt-development-beginner-cause-DroneInventorySystem\DroneInventorySystem\src\test\resources
2024-12-08 19:36:59,722 [Worker-21: ビルド] INFO  o.a.m.s.f.DefaultMavenResourcesFiltering - Copying 1 resource from src\main\resources to target\classes
2024-12-08 19:37:00,182 [Worker-21: ビルド] INFO  o.a.m.s.f.DefaultMavenResourcesFiltering - Copying 47 resources from src\main\resources to target\classes
2024-12-08 19:37:00,287 [Worker-21: ビルド] INFO  o.a.m.s.f.DefaultMavenResourcesFiltering - skip non existing resourceDirectory C:\Users\miche\OneDrive\Desktop\DOJT\digital-ojt-development-beginner-cause-DroneInventorySystem\DroneInventorySystem\src\test\resources
2024-12-08 19:38:15,277 [Worker-14: ビルド] INFO  o.a.m.s.f.DefaultMavenResourcesFiltering - Copying 1 resource from src\main\resources to target\classes
2024-12-08 19:38:15,336 [Worker-14: ビルド] INFO  o.a.m.s.f.DefaultMavenResourcesFiltering - Copying 47 resources from src\main\resources to target\classes
2024-12-08 19:38:15,391 [Worker-14: ビルド] INFO  o.a.m.s.f.DefaultMavenResourcesFiltering - skip non existing resourceDirectory C:\Users\miche\OneDrive\Desktop\DOJT\digital-ojt-development-beginner-cause-DroneInventorySystem\DroneInventorySystem\src\test\resources
2024-12-08 19:44:10,083 [Worker-24: ビルド] INFO  o.a.m.s.f.DefaultMavenResourcesFiltering - Copying 1 resource from src\main\resources to target\classes
2024-12-08 19:44:10,106 [Worker-24: ビルド] INFO  o.a.m.s.f.DefaultMavenResourcesFiltering - Copying 47 resources from src\main\resources to target\classes
2024-12-08 19:44:10,162 [Worker-24: ビルド] INFO  o.a.m.s.f.DefaultMavenResourcesFiltering - skip non existing resourceDirectory C:\Users\miche\OneDrive\Desktop\DOJT\digital-ojt-development-beginner-cause-DroneInventorySystem\DroneInventorySystem\src\test\resources
2024-12-08 19:46:00,587 [Worker-23: ビルド] INFO  o.a.m.s.f.DefaultMavenResourcesFiltering - Copying 1 resource from src\main\resources to target\classes
2024-12-08 19:46:00,627 [Worker-23: ビルド] INFO  o.a.m.s.f.DefaultMavenResourcesFiltering - Copying 47 resources from src\main\resources to target\classes
2024-12-08 19:46:00,666 [Worker-23: ビルド] INFO  o.a.m.s.f.DefaultMavenResourcesFiltering - skip non existing resourceDirectory C:\Users\miche\OneDrive\Desktop\DOJT\digital-ojt-development-beginner-cause-DroneInventorySystem\DroneInventorySystem\src\test\resources
2024-12-08 19:56:12,698 [Worker-32: DroneInventorySystem - DroneInventorySystemApplication の起動] INFO  o.a.m.s.f.DefaultMavenResourcesFiltering - Copying 1 resource from src\main\resources to target\classes
2024-12-08 19:56:12,714 [Worker-32: DroneInventorySystem - DroneInventorySystemApplication の起動] INFO  o.a.m.s.f.DefaultMavenResourcesFiltering - Copying 47 resources from src\main\resources to target\classes
2024-12-08 19:56:12,744 [Worker-32: DroneInventorySystem - DroneInventorySystemApplication の起動] INFO  o.a.m.s.f.DefaultMavenResourcesFiltering - skip non existing resourceDirectory C:\Users\miche\OneDrive\Desktop\DOJT\digital-ojt-development-beginner-cause-DroneInventorySystem\DroneInventorySystem\src\test\resources
2024-12-08 20:03:11,182 [Worker-30: ビルド] INFO  o.a.m.s.f.DefaultMavenResourcesFiltering - Copying 1 resource from src\main\resources to target\classes
2024-12-08 20:03:11,701 [Worker-30: ビルド] INFO  o.a.m.s.f.DefaultMavenResourcesFiltering - Copying 47 resources from src\main\resources to target\classes
2024-12-08 20:03:11,770 [Worker-30: ビルド] INFO  o.a.m.s.f.DefaultMavenResourcesFiltering - skip non existing resourceDirectory C:\Users\miche\OneDrive\Desktop\DOJT\digital-ojt-development-beginner-cause-DroneInventorySystem\DroneInventorySystem\src\test\resources
2024-12-08 20:12:10,126 [Worker-43: ビルド] INFO  o.a.m.s.f.DefaultMavenResourcesFiltering - Copying 0 resource from src\main\resources to target\classes
2024-12-08 20:12:10,127 [Worker-43: ビルド] INFO  o.a.m.s.f.DefaultMavenResourcesFiltering - Copying 1 resource from src\main\resources to target\classes
2024-12-08 20:12:10,133 [Worker-43: ビルド] INFO  o.a.m.s.f.DefaultMavenResourcesFiltering - skip non existing resourceDirectory C:\Users\miche\OneDrive\Desktop\DOJT\digital-ojt-development-beginner-cause-DroneInventorySystem\DroneInventorySystem\src\test\resources
2024-12-08 20:15:35,761 [Worker-42: ビルド] INFO  o.a.m.s.f.DefaultMavenResourcesFiltering - Copying 1 resource from src\main\resources to target\classes
2024-12-08 20:15:35,775 [Worker-42: ビルド] INFO  o.a.m.s.f.DefaultMavenResourcesFiltering - Copying 47 resources from src\main\resources to target\classes
2024-12-08 20:15:35,794 [Worker-42: ビルド] INFO  o.a.m.s.f.DefaultMavenResourcesFiltering - skip non existing resourceDirectory C:\Users\miche\OneDrive\Desktop\DOJT\digital-ojt-development-beginner-cause-DroneInventorySystem\DroneInventorySystem\src\test\resources
2024-12-08 20:16:24,438 [Worker-44: ビルド] INFO  o.a.m.s.f.DefaultMavenResourcesFiltering - Copying 0 resource from src\main\resources to target\classes
2024-12-08 20:16:24,438 [Worker-44: ビルド] INFO  o.a.m.s.f.DefaultMavenResourcesFiltering - Copying 1 resource from src\main\resources to target\classes
2024-12-08 20:16:24,443 [Worker-44: ビルド] INFO  o.a.m.s.f.DefaultMavenResourcesFiltering - skip non existing resourceDirectory C:\Users\miche\OneDrive\Desktop\DOJT\digital-ojt-development-beginner-cause-DroneInventorySystem\DroneInventorySystem\src\test\resources
2024-12-08 20:17:12,337 [Worker-36: ビルド] INFO  o.a.m.s.f.DefaultMavenResourcesFiltering - Copying 0 resource from src\main\resources to target\classes
2024-12-08 20:17:12,337 [Worker-36: ビルド] INFO  o.a.m.s.f.DefaultMavenResourcesFiltering - Copying 1 resource from src\main\resources to target\classes
2024-12-08 20:17:12,342 [Worker-36: ビルド] INFO  o.a.m.s.f.DefaultMavenResourcesFiltering - skip non existing resourceDirectory C:\Users\miche\OneDrive\Desktop\DOJT\digital-ojt-development-beginner-cause-DroneInventorySystem\DroneInventorySystem\src\test\resources
2024-12-08 20:23:37,588 [Worker-45: ビルド] INFO  o.a.m.s.f.DefaultMavenResourcesFiltering - Copying 1 resource from src\main\resources to target\classes
2024-12-08 20:23:37,598 [Worker-45: ビルド] INFO  o.a.m.s.f.DefaultMavenResourcesFiltering - Copying 47 resources from src\main\resources to target\classes
2024-12-08 20:23:37,613 [Worker-45: ビルド] INFO  o.a.m.s.f.DefaultMavenResourcesFiltering - skip non existing resourceDirectory C:\Users\miche\OneDrive\Desktop\DOJT\digital-ojt-development-beginner-cause-DroneInventorySystem\DroneInventorySystem\src\test\resources
2024-12-08 20:48:47,294 [Worker-49: ビルド] INFO  o.a.m.s.f.DefaultMavenResourcesFiltering - Copying 1 resource from src\main\resources to target\classes
2024-12-08 20:48:47,309 [Worker-49: ビルド] INFO  o.a.m.s.f.DefaultMavenResourcesFiltering - Copying 47 resources from src\main\resources to target\classes
2024-12-08 20:48:47,323 [Worker-49: ビルド] INFO  o.a.m.s.f.DefaultMavenResourcesFiltering - skip non existing resourceDirectory C:\Users\miche\OneDrive\Desktop\DOJT\digital-ojt-development-beginner-cause-DroneInventorySystem\DroneInventorySystem\src\test\resources
2024-12-08 20:49:17,990 [Worker-47: ビルド] INFO  o.a.m.s.f.DefaultMavenResourcesFiltering - Copying 1 resource from src\main\resources to target\classes
2024-12-08 20:49:18,002 [Worker-47: ビルド] INFO  o.a.m.s.f.DefaultMavenResourcesFiltering - Copying 47 resources from src\main\resources to target\classes
2024-12-08 20:49:18,022 [Worker-47: ビルド] INFO  o.a.m.s.f.DefaultMavenResourcesFiltering - skip non existing resourceDirectory C:\Users\miche\OneDrive\Desktop\DOJT\digital-ojt-development-beginner-cause-DroneInventorySystem\DroneInventorySystem\src\test\resources
2024-12-08 20:50:06,178 [Worker-50: ビルド] INFO  o.a.m.s.f.DefaultMavenResourcesFiltering - Copying 1 resource from src\main\resources to target\classes
2024-12-08 20:50:06,190 [Worker-50: ビルド] INFO  o.a.m.s.f.DefaultMavenResourcesFiltering - Copying 47 resources from src\main\resources to target\classes
2024-12-08 20:50:06,208 [Worker-50: ビルド] INFO  o.a.m.s.f.DefaultMavenResourcesFiltering - skip non existing resourceDirectory C:\Users\miche\OneDrive\Desktop\DOJT\digital-ojt-development-beginner-cause-DroneInventorySystem\DroneInventorySystem\src\test\resources
2024-12-08 21:00:13,392 [Worker-53: ビルド] INFO  o.a.m.s.f.DefaultMavenResourcesFiltering - Copying 1 resource from src\main\resources to target\classes
2024-12-08 21:00:13,401 [Worker-53: ビルド] INFO  o.a.m.s.f.DefaultMavenResourcesFiltering - Copying 47 resources from src\main\resources to target\classes
2024-12-08 21:00:13,417 [Worker-53: ビルド] INFO  o.a.m.s.f.DefaultMavenResourcesFiltering - skip non existing resourceDirectory C:\Users\miche\OneDrive\Desktop\DOJT\digital-ojt-development-beginner-cause-DroneInventorySystem\DroneInventorySystem\src\test\resources
2024-12-08 21:07:26,387 [Worker-58: ビルド] INFO  o.a.m.s.f.DefaultMavenResourcesFiltering - Copying 1 resource from src\main\resources to target\classes
2024-12-08 21:07:26,399 [Worker-58: ビルド] INFO  o.a.m.s.f.DefaultMavenResourcesFiltering - Copying 47 resources from src\main\resources to target\classes
2024-12-08 21:07:26,414 [Worker-58: ビルド] INFO  o.a.m.s.f.DefaultMavenResourcesFiltering - skip non existing resourceDirectory C:\Users\miche\OneDrive\Desktop\DOJT\digital-ojt-development-beginner-cause-DroneInventorySystem\DroneInventorySystem\src\test\resources
2024-12-08 21:15:51,948 [Worker-52: ビルド] INFO  o.a.m.s.f.DefaultMavenResourcesFiltering - Copying 0 resource from src\main\resources to target\classes
2024-12-08 21:15:51,950 [Worker-52: ビルド] INFO  o.a.m.s.f.DefaultMavenResourcesFiltering - Copying 1 resource from src\main\resources to target\classes
2024-12-08 21:15:51,954 [Worker-52: ビルド] INFO  o.a.m.s.f.DefaultMavenResourcesFiltering - skip non existing resourceDirectory C:\Users\miche\OneDrive\Desktop\DOJT\digital-ojt-development-beginner-cause-DroneInventorySystem\DroneInventorySystem\src\test\resources
2024-12-08 21:18:49,458 [Worker-52: ビルド] INFO  o.a.m.s.f.DefaultMavenResourcesFiltering - Copying 0 resource from src\main\resources to target\classes
2024-12-08 21:18:49,459 [Worker-52: ビルド] INFO  o.a.m.s.f.DefaultMavenResourcesFiltering - Copying 1 resource from src\main\resources to target\classes
2024-12-08 21:18:49,463 [Worker-52: ビルド] INFO  o.a.m.s.f.DefaultMavenResourcesFiltering - skip non existing resourceDirectory C:\Users\miche\OneDrive\Desktop\DOJT\digital-ojt-development-beginner-cause-DroneInventorySystem\DroneInventorySystem\src\test\resources
2024-12-08 21:19:00,439 [Worker-65: ビルド] INFO  o.a.m.s.f.DefaultMavenResourcesFiltering - Copying 0 resource from src\main\resources to target\classes
2024-12-08 21:19:00,440 [Worker-65: ビルド] INFO  o.a.m.s.f.DefaultMavenResourcesFiltering - Copying 1 resource from src\main\resources to target\classes
2024-12-08 21:19:00,443 [Worker-65: ビルド] INFO  o.a.m.s.f.DefaultMavenResourcesFiltering - skip non existing resourceDirectory C:\Users\miche\OneDrive\Desktop\DOJT\digital-ojt-development-beginner-cause-DroneInventorySystem\DroneInventorySystem\src\test\resources
2024-12-08 21:19:26,261 [Worker-68: ビルド] INFO  o.a.m.s.f.DefaultMavenResourcesFiltering - Copying 0 resource from src\main\resources to target\classes
2024-12-08 21:19:26,262 [Worker-68: ビルド] INFO  o.a.m.s.f.DefaultMavenResourcesFiltering - Copying 1 resource from src\main\resources to target\classes
2024-12-08 21:19:26,265 [Worker-68: ビルド] INFO  o.a.m.s.f.DefaultMavenResourcesFiltering - skip non existing resourceDirectory C:\Users\miche\OneDrive\Desktop\DOJT\digital-ojt-development-beginner-cause-DroneInventorySystem\DroneInventorySystem\src\test\resources
2024-12-08 21:42:25,280 [Worker-76: ビルド] INFO  o.a.m.s.f.DefaultMavenResourcesFiltering - Copying 1 resource from src\main\resources to target\classes
2024-12-08 21:42:25,346 [Worker-76: ビルド] INFO  o.a.m.s.f.DefaultMavenResourcesFiltering - Copying 47 resources from src\main\resources to target\classes
2024-12-08 21:42:25,364 [Worker-76: ビルド] INFO  o.a.m.s.f.DefaultMavenResourcesFiltering - skip non existing resourceDirectory C:\Users\miche\OneDrive\Desktop\DOJT\digital-ojt-development-beginner-cause-DroneInventorySystem\DroneInventorySystem\src\test\resources
2024-12-08 21:48:03,369 [Worker-77: ビルド] INFO  o.a.m.s.f.DefaultMavenResourcesFiltering - Copying 1 resource from src\main\resources to target\classes
2024-12-08 21:48:03,383 [Worker-77: ビルド] INFO  o.a.m.s.f.DefaultMavenResourcesFiltering - Copying 47 resources from src\main\resources to target\classes
2024-12-08 21:48:03,398 [Worker-77: ビルド] INFO  o.a.m.s.f.DefaultMavenResourcesFiltering - skip non existing resourceDirectory C:\Users\miche\OneDrive\Desktop\DOJT\digital-ojt-development-beginner-cause-DroneInventorySystem\DroneInventorySystem\src\test\resources
2024-12-09 20:18:16,538 [Worker-3: Loading available Gradle versions] INFO  o.e.b.c.i.u.g.PublishedGradleVersions - Gradle version information cache is out-of-date. Trying to update.
2024-12-09 20:20:20,014 [Worker-5: ビルド] INFO  o.a.m.s.f.DefaultMavenResourcesFiltering - Copying 1 resource from src\main\resources to target\classes
2024-12-09 20:20:20,039 [Worker-5: ビルド] INFO  o.a.m.s.f.DefaultMavenResourcesFiltering - Copying 47 resources from src\main\resources to target\classes
2024-12-09 20:20:20,070 [Worker-5: ビルド] INFO  o.a.m.s.f.DefaultMavenResourcesFiltering - skip non existing resourceDirectory C:\Users\miche\OneDrive\Desktop\DOJT\digital-ojt-development-beginner-cause-DroneInventorySystem\DroneInventorySystem\src\test\resources
2024-12-09 20:23:15,971 [Worker-5: ビルド] INFO  o.a.m.s.f.DefaultMavenResourcesFiltering - Copying 1 resource from src\main\resources to target\classes
2024-12-09 20:23:15,983 [Worker-5: ビルド] INFO  o.a.m.s.f.DefaultMavenResourcesFiltering - Copying 47 resources from src\main\resources to target\classes
2024-12-09 20:23:16,000 [Worker-5: ビルド] INFO  o.a.m.s.f.DefaultMavenResourcesFiltering - skip non existing resourceDirectory C:\Users\miche\OneDrive\Desktop\DOJT\digital-ojt-development-beginner-cause-DroneInventorySystem\DroneInventorySystem\src\test\resources
2024-12-09 20:25:04,084 [Worker-11: ビルド] INFO  o.a.m.s.f.DefaultMavenResourcesFiltering - Copying 1 resource from src\main\resources to target\classes
2024-12-09 20:25:04,130 [Worker-11: ビルド] INFO  o.a.m.s.f.DefaultMavenResourcesFiltering - Copying 47 resources from src\main\resources to target\classes
2024-12-09 20:25:04,148 [Worker-11: ビルド] INFO  o.a.m.s.f.DefaultMavenResourcesFiltering - skip non existing resourceDirectory C:\Users\miche\OneDrive\Desktop\DOJT\digital-ojt-development-beginner-cause-DroneInventorySystem\DroneInventorySystem\src\test\resources
2024-12-09 20:26:39,472 [Worker-18: ビルド] INFO  o.a.m.s.f.DefaultMavenResourcesFiltering - Copying 0 resource from src\main\resources to target\classes
2024-12-09 20:26:39,473 [Worker-18: ビルド] INFO  o.a.m.s.f.DefaultMavenResourcesFiltering - Copying 1 resource from src\main\resources to target\classes
2024-12-09 20:26:39,480 [Worker-18: ビルド] INFO  o.a.m.s.f.DefaultMavenResourcesFiltering - skip non existing resourceDirectory C:\Users\miche\OneDrive\Desktop\DOJT\digital-ojt-development-beginner-cause-DroneInventorySystem\DroneInventorySystem\src\test\resources
2024-12-09 20:27:14,009 [Worker-11: ビルド] INFO  o.a.m.s.f.DefaultMavenResourcesFiltering - Copying 0 resource from src\main\resources to target\classes
2024-12-09 20:27:14,009 [Worker-11: ビルド] INFO  o.a.m.s.f.DefaultMavenResourcesFiltering - Copying 1 resource from src\main\resources to target\classes
2024-12-09 20:27:14,017 [Worker-11: ビルド] INFO  o.a.m.s.f.DefaultMavenResourcesFiltering - skip non existing resourceDirectory C:\Users\miche\OneDrive\Desktop\DOJT\digital-ojt-development-beginner-cause-DroneInventorySystem\DroneInventorySystem\src\test\resources
2024-12-09 20:27:56,396 [Worker-16: ビルド] INFO  o.a.m.s.f.DefaultMavenResourcesFiltering - Copying 1 resource from src\main\resources to target\classes
2024-12-09 20:27:56,462 [Worker-16: ビルド] INFO  o.a.m.s.f.DefaultMavenResourcesFiltering - Copying 47 resources from src\main\resources to target\classes
2024-12-09 20:27:56,488 [Worker-16: ビルド] INFO  o.a.m.s.f.DefaultMavenResourcesFiltering - skip non existing resourceDirectory C:\Users\miche\OneDrive\Desktop\DOJT\digital-ojt-development-beginner-cause-DroneInventorySystem\DroneInventorySystem\src\test\resources
2024-12-09 21:05:03,246 [Worker-27: ビルド] INFO  o.a.m.s.f.DefaultMavenResourcesFiltering - Copying 1 resource from src\main\resources to target\classes
2024-12-09 21:05:03,348 [Worker-27: ビルド] INFO  o.a.m.s.f.DefaultMavenResourcesFiltering - Copying 47 resources from src\main\resources to target\classes
2024-12-09 21:05:03,371 [Worker-27: ビルド] INFO  o.a.m.s.f.DefaultMavenResourcesFiltering - skip non existing resourceDirectory C:\Users\miche\OneDrive\Desktop\DOJT\digital-ojt-development-beginner-cause-DroneInventorySystem\DroneInventorySystem\src\test\resources
2024-12-09 23:32:08,613 [Worker-52: ビルド] INFO  o.a.m.s.f.DefaultMavenResourcesFiltering - Copying 1 resource from src\main\resources to target\classes
2024-12-09 23:32:08,750 [Worker-52: ビルド] INFO  o.a.m.s.f.DefaultMavenResourcesFiltering - Copying 47 resources from src\main\resources to target\classes
2024-12-09 23:32:08,778 [Worker-52: ビルド] INFO  o.a.m.s.f.DefaultMavenResourcesFiltering - skip non existing resourceDirectory C:\Users\miche\OneDrive\Desktop\DOJT\digital-ojt-development-beginner-cause-DroneInventorySystem\DroneInventorySystem\src\test\resources
2024-12-09 23:34:00,762 [Worker-49: ビルド] INFO  o.a.m.s.f.DefaultMavenResourcesFiltering - Copying 1 resource from src\main\resources to target\classes
2024-12-09 23:34:00,780 [Worker-49: ビルド] INFO  o.a.m.s.f.DefaultMavenResourcesFiltering - Copying 47 resources from src\main\resources to target\classes
2024-12-09 23:34:00,808 [Worker-49: ビルド] INFO  o.a.m.s.f.DefaultMavenResourcesFiltering - skip non existing resourceDirectory C:\Users\miche\OneDrive\Desktop\DOJT\digital-ojt-development-beginner-cause-DroneInventorySystem\DroneInventorySystem\src\test\resources
2024-12-09 23:34:48,715 [Worker-51: ビルド] INFO  o.a.m.s.f.DefaultMavenResourcesFiltering - Copying 0 resource from src\main\resources to target\classes
2024-12-09 23:34:48,715 [Worker-51: ビルド] INFO  o.a.m.s.f.DefaultMavenResourcesFiltering - Copying 1 resource from src\main\resources to target\classes
2024-12-09 23:34:48,724 [Worker-51: ビルド] INFO  o.a.m.s.f.DefaultMavenResourcesFiltering - skip non existing resourceDirectory C:\Users\miche\OneDrive\Desktop\DOJT\digital-ojt-development-beginner-cause-DroneInventorySystem\DroneInventorySystem\src\test\resources
2024-12-09 23:35:39,304 [Worker-52: ビルド] INFO  o.a.m.s.f.DefaultMavenResourcesFiltering - Copying 1 resource from src\main\resources to target\classes
2024-12-09 23:35:39,323 [Worker-52: ビルド] INFO  o.a.m.s.f.DefaultMavenResourcesFiltering - Copying 47 resources from src\main\resources to target\classes
2024-12-09 23:35:39,347 [Worker-52: ビルド] INFO  o.a.m.s.f.DefaultMavenResourcesFiltering - skip non existing resourceDirectory C:\Users\miche\OneDrive\Desktop\DOJT\digital-ojt-development-beginner-cause-DroneInventorySystem\DroneInventorySystem\src\test\resources
2024-12-09 23:41:29,404 [Worker-54: ビルド] INFO  o.a.m.s.f.DefaultMavenResourcesFiltering - Copying 0 resource from src\main\resources to target\classes
2024-12-09 23:41:29,404 [Worker-54: ビルド] INFO  o.a.m.s.f.DefaultMavenResourcesFiltering - Copying 1 resource from src\main\resources to target\classes
2024-12-09 23:41:29,412 [Worker-54: ビルド] INFO  o.a.m.s.f.DefaultMavenResourcesFiltering - skip non existing resourceDirectory C:\Users\miche\OneDrive\Desktop\DOJT\digital-ojt-development-beginner-cause-DroneInventorySystem\DroneInventorySystem\src\test\resources
2024-12-10 21:19:54,110 [Worker-4: Loading available Gradle versions] INFO  o.e.b.c.i.u.g.PublishedGradleVersions - Gradle version information cache is out-of-date. Trying to update.
2024-12-10 22:00:03,941 [Worker-28: ビルド] INFO  o.a.m.s.f.DefaultMavenResourcesFiltering - Copying 1 resource from src\main\resources to target\classes
2024-12-10 22:00:04,151 [Worker-28: ビルド] INFO  o.a.m.s.f.DefaultMavenResourcesFiltering - Copying 47 resources from src\main\resources to target\classes
2024-12-10 22:00:04,196 [Worker-28: ビルド] INFO  o.a.m.s.f.DefaultMavenResourcesFiltering - skip non existing resourceDirectory C:\Users\miche\OneDrive\Desktop\DOJT\digital-ojt-development-beginner-cause-DroneInventorySystem\DroneInventorySystem\src\test\resources
2024-12-10 22:06:45,703 [Worker-30: DroneInventorySystem - DroneInventorySystemApplication の起動] INFO  o.a.m.s.f.DefaultMavenResourcesFiltering - Copying 1 resource from src\main\resources to target\classes
2024-12-10 22:06:45,733 [Worker-30: DroneInventorySystem - DroneInventorySystemApplication の起動] INFO  o.a.m.s.f.DefaultMavenResourcesFiltering - Copying 47 resources from src\main\resources to target\classes
2024-12-10 22:06:45,759 [Worker-30: DroneInventorySystem - DroneInventorySystemApplication の起動] INFO  o.a.m.s.f.DefaultMavenResourcesFiltering - skip non existing resourceDirectory C:\Users\miche\OneDrive\Desktop\DOJT\digital-ojt-development-beginner-cause-DroneInventorySystem\DroneInventorySystem\src\test\resources
2024-12-10 22:11:03,655 [Worker-28: ビルド] INFO  o.a.m.s.f.DefaultMavenResourcesFiltering - Copying 1 resource from src\main\resources to target\classes
2024-12-10 22:11:03,669 [Worker-28: ビルド] INFO  o.a.m.s.f.DefaultMavenResourcesFiltering - Copying 47 resources from src\main\resources to target\classes
2024-12-10 22:11:03,692 [Worker-28: ビルド] INFO  o.a.m.s.f.DefaultMavenResourcesFiltering - skip non existing resourceDirectory C:\Users\miche\OneDrive\Desktop\DOJT\digital-ojt-development-beginner-cause-DroneInventorySystem\DroneInventorySystem\src\test\resources
2024-12-10 22:12:14,426 [Worker-33: ビルド] INFO  o.a.m.s.f.DefaultMavenResourcesFiltering - Copying 1 resource from src\main\resources to target\classes
2024-12-10 22:12:14,438 [Worker-33: ビルド] INFO  o.a.m.s.f.DefaultMavenResourcesFiltering - Copying 47 resources from src\main\resources to target\classes
2024-12-10 22:12:14,456 [Worker-33: ビルド] INFO  o.a.m.s.f.DefaultMavenResourcesFiltering - skip non existing resourceDirectory C:\Users\miche\OneDrive\Desktop\DOJT\digital-ojt-development-beginner-cause-DroneInventorySystem\DroneInventorySystem\src\test\resources
2024-12-10 22:13:56,903 [Worker-31: ビルド] INFO  o.a.m.s.f.DefaultMavenResourcesFiltering - Copying 1 resource from src\main\resources to target\classes
2024-12-10 22:13:56,918 [Worker-31: ビルド] INFO  o.a.m.s.f.DefaultMavenResourcesFiltering - Copying 47 resources from src\main\resources to target\classes
2024-12-10 22:13:56,935 [Worker-31: ビルド] INFO  o.a.m.s.f.DefaultMavenResourcesFiltering - skip non existing resourceDirectory C:\Users\miche\OneDrive\Desktop\DOJT\digital-ojt-development-beginner-cause-DroneInventorySystem\DroneInventorySystem\src\test\resources
2024-12-10 22:14:11,941 [Worker-28: ビルド] INFO  o.a.m.s.f.DefaultMavenResourcesFiltering - Copying 1 resource from src\main\resources to target\classes
2024-12-10 22:14:11,953 [Worker-28: ビルド] INFO  o.a.m.s.f.DefaultMavenResourcesFiltering - Copying 47 resources from src\main\resources to target\classes
2024-12-10 22:14:11,975 [Worker-28: ビルド] INFO  o.a.m.s.f.DefaultMavenResourcesFiltering - skip non existing resourceDirectory C:\Users\miche\OneDrive\Desktop\DOJT\digital-ojt-development-beginner-cause-DroneInventorySystem\DroneInventorySystem\src\test\resources
2024-12-10 22:15:57,161 [Worker-28: ビルド] INFO  o.a.m.s.f.DefaultMavenResourcesFiltering - Copying 1 resource from src\main\resources to target\classes
2024-12-10 22:15:57,174 [Worker-28: ビルド] INFO  o.a.m.s.f.DefaultMavenResourcesFiltering - Copying 47 resources from src\main\resources to target\classes
2024-12-10 22:15:57,195 [Worker-28: ビルド] INFO  o.a.m.s.f.DefaultMavenResourcesFiltering - skip non existing resourceDirectory C:\Users\miche\OneDrive\Desktop\DOJT\digital-ojt-development-beginner-cause-DroneInventorySystem\DroneInventorySystem\src\test\resources
2024-12-10 22:16:20,091 [Worker-34: ビルド] INFO  o.a.m.s.f.DefaultMavenResourcesFiltering - Copying 1 resource from src\main\resources to target\classes
2024-12-10 22:16:20,108 [Worker-34: ビルド] INFO  o.a.m.s.f.DefaultMavenResourcesFiltering - Copying 47 resources from src\main\resources to target\classes
2024-12-10 22:16:20,136 [Worker-34: ビルド] INFO  o.a.m.s.f.DefaultMavenResourcesFiltering - skip non existing resourceDirectory C:\Users\miche\OneDrive\Desktop\DOJT\digital-ojt-development-beginner-cause-DroneInventorySystem\DroneInventorySystem\src\test\resources
2024-12-10 22:22:19,778 [Worker-37: ビルド] INFO  o.a.m.s.f.DefaultMavenResourcesFiltering - Copying 1 resource from src\main\resources to target\classes
2024-12-10 22:22:19,793 [Worker-37: ビルド] INFO  o.a.m.s.f.DefaultMavenResourcesFiltering - Copying 47 resources from src\main\resources to target\classes
2024-12-10 22:22:19,813 [Worker-37: ビルド] INFO  o.a.m.s.f.DefaultMavenResourcesFiltering - skip non existing resourceDirectory C:\Users\miche\OneDrive\Desktop\DOJT\digital-ojt-development-beginner-cause-DroneInventorySystem\DroneInventorySystem\src\test\resources
2024-12-11 21:34:51,636 [Worker-1: Loading available Gradle versions] INFO  o.e.b.c.i.u.g.PublishedGradleVersions - Gradle version information cache is out-of-date. Trying to update.
2024-12-11 21:38:38,576 [Worker-7: Loading available Gradle versions] INFO  o.e.b.c.i.u.g.PublishedGradleVersions - Gradle version information cache is up-to-date. Trying to read.
2024-12-15 11:27:03,211 [Worker-5: Loading available Gradle versions] INFO  o.e.b.c.i.u.g.PublishedGradleVersions - Gradle version information cache is out-of-date. Trying to update.
2024-12-15 17:07:44,872 [Worker-5: Loading available Gradle versions] INFO  o.e.b.c.i.u.g.PublishedGradleVersions - Gradle version information cache is up-to-date. Trying to read.
2024-12-15 21:54:20,530 [Worker-34: ビルド] INFO  o.a.m.s.f.DefaultMavenResourcesFiltering - Copying 1 resource from src\main\resources to target\classes
2024-12-15 21:54:20,563 [Worker-34: ビルド] INFO  o.a.m.s.f.DefaultMavenResourcesFiltering - Copying 47 resources from src\main\resources to target\classes
2024-12-15 21:54:20,604 [Worker-34: ビルド] INFO  o.a.m.s.f.DefaultMavenResourcesFiltering - skip non existing resourceDirectory C:\Users\miche\OneDrive\Desktop\DOJT\digital-ojt-development-beginner-cause-DroneInventorySystem\DroneInventorySystem\src\test\resources
2024-12-15 21:54:46,748 [Worker-35: ビルド] INFO  o.a.m.s.f.DefaultMavenResourcesFiltering - Copying 1 resource from src\main\resources to target\classes
2024-12-15 21:54:46,762 [Worker-35: ビルド] INFO  o.a.m.s.f.DefaultMavenResourcesFiltering - Copying 47 resources from src\main\resources to target\classes
2024-12-15 21:54:46,780 [Worker-35: ビルド] INFO  o.a.m.s.f.DefaultMavenResourcesFiltering - skip non existing resourceDirectory C:\Users\miche\OneDrive\Desktop\DOJT\digital-ojt-development-beginner-cause-DroneInventorySystem\DroneInventorySystem\src\test\resources
2024-12-15 22:11:33,898 [Worker-39: ビルド] INFO  o.a.m.s.f.DefaultMavenResourcesFiltering - Copying 1 resource from src\main\resources to target\classes
2024-12-15 22:11:33,929 [Worker-39: ビルド] INFO  o.a.m.s.f.DefaultMavenResourcesFiltering - Copying 47 resources from src\main\resources to target\classes
2024-12-15 22:11:33,962 [Worker-39: ビルド] INFO  o.a.m.s.f.DefaultMavenResourcesFiltering - skip non existing resourceDirectory C:\Users\miche\OneDrive\Desktop\DOJT\digital-ojt-development-beginner-cause-DroneInventorySystem\DroneInventorySystem\src\test\resources
2024-12-15 22:16:07,643 [Worker-45: ビルド] INFO  o.a.m.s.f.DefaultMavenResourcesFiltering - Copying 0 resource from src\main\resources to target\classes
2024-12-15 22:16:07,643 [Worker-45: ビルド] INFO  o.a.m.s.f.DefaultMavenResourcesFiltering - Copying 1 resource from src\main\resources to target\classes
2024-12-15 22:16:07,652 [Worker-45: ビルド] INFO  o.a.m.s.f.DefaultMavenResourcesFiltering - skip non existing resourceDirectory C:\Users\miche\OneDrive\Desktop\DOJT\digital-ojt-development-beginner-cause-DroneInventorySystem\DroneInventorySystem\src\test\resources
2024-12-15 22:17:49,565 [Worker-45: ビルド] INFO  o.a.m.s.f.DefaultMavenResourcesFiltering - Copying 0 resource from src\main\resources to target\classes
2024-12-15 22:17:49,566 [Worker-45: ビルド] INFO  o.a.m.s.f.DefaultMavenResourcesFiltering - Copying 1 resource from src\main\resources to target\classes
2024-12-15 22:17:49,573 [Worker-45: ビルド] INFO  o.a.m.s.f.DefaultMavenResourcesFiltering - skip non existing resourceDirectory C:\Users\miche\OneDrive\Desktop\DOJT\digital-ojt-development-beginner-cause-DroneInventorySystem\DroneInventorySystem\src\test\resources
2024-12-15 22:18:32,681 [Worker-39: ビルド] INFO  o.a.m.s.f.DefaultMavenResourcesFiltering - Copying 0 resource from src\main\resources to target\classes
2024-12-15 22:18:32,682 [Worker-39: ビルド] INFO  o.a.m.s.f.DefaultMavenResourcesFiltering - Copying 1 resource from src\main\resources to target\classes
2024-12-15 22:18:32,689 [Worker-39: ビルド] INFO  o.a.m.s.f.DefaultMavenResourcesFiltering - skip non existing resourceDirectory C:\Users\miche\OneDrive\Desktop\DOJT\digital-ojt-development-beginner-cause-DroneInventorySystem\DroneInventorySystem\src\test\resources
2024-12-15 22:25:24,537 [Worker-39: ビルド] INFO  o.a.m.s.f.DefaultMavenResourcesFiltering - Copying 1 resource from src\main\resources to target\classes
2024-12-15 22:25:24,557 [Worker-39: ビルド] INFO  o.a.m.s.f.DefaultMavenResourcesFiltering - Copying 47 resources from src\main\resources to target\classes
2024-12-15 22:25:24,582 [Worker-39: ビルド] INFO  o.a.m.s.f.DefaultMavenResourcesFiltering - skip non existing resourceDirectory C:\Users\miche\OneDrive\Desktop\DOJT\digital-ojt-development-beginner-cause-DroneInventorySystem\DroneInventorySystem\src\test\resources
2024-12-15 22:25:55,161 [Worker-48: ビルド] INFO  o.a.m.s.f.DefaultMavenResourcesFiltering - Copying 1 resource from src\main\resources to target\classes
2024-12-15 22:25:55,173 [Worker-48: ビルド] INFO  o.a.m.s.f.DefaultMavenResourcesFiltering - Copying 47 resources from src\main\resources to target\classes
2024-12-15 22:25:55,194 [Worker-48: ビルド] INFO  o.a.m.s.f.DefaultMavenResourcesFiltering - skip non existing resourceDirectory C:\Users\miche\OneDrive\Desktop\DOJT\digital-ojt-development-beginner-cause-DroneInventorySystem\DroneInventorySystem\src\test\resources
2024-12-15 22:29:32,575 [Worker-48: ビルド] INFO  o.a.m.s.f.DefaultMavenResourcesFiltering - Copying 1 resource from src\main\resources to target\classes
2024-12-15 22:29:32,575 [Worker-48: ビルド] INFO  o.a.m.s.f.DefaultMavenResourcesFiltering - Copying 47 resources from src\main\resources to target\classes
2024-12-15 22:29:32,607 [Worker-48: ビルド] INFO  o.a.m.s.f.DefaultMavenResourcesFiltering - skip non existing resourceDirectory C:\Users\miche\OneDrive\Desktop\DOJT\digital-ojt-development-beginner-cause-DroneInventorySystem\DroneInventorySystem\src\test\resources
2024-12-15 22:30:22,722 [Worker-44: ビルド] INFO  o.a.m.s.f.DefaultMavenResourcesFiltering - Copying 1 resource from src\main\resources to target\classes
2024-12-15 22:30:22,731 [Worker-44: ビルド] INFO  o.a.m.s.f.DefaultMavenResourcesFiltering - Copying 47 resources from src\main\resources to target\classes
2024-12-15 22:30:22,748 [Worker-44: ビルド] INFO  o.a.m.s.f.DefaultMavenResourcesFiltering - skip non existing resourceDirectory C:\Users\miche\OneDrive\Desktop\DOJT\digital-ojt-development-beginner-cause-DroneInventorySystem\DroneInventorySystem\src\test\resources
2024-12-15 22:30:36,447 [Worker-39: ビルド] INFO  o.a.m.s.f.DefaultMavenResourcesFiltering - Copying 1 resource from src\main\resources to target\classes
2024-12-15 22:30:36,459 [Worker-39: ビルド] INFO  o.a.m.s.f.DefaultMavenResourcesFiltering - Copying 47 resources from src\main\resources to target\classes
2024-12-15 22:30:36,476 [Worker-39: ビルド] INFO  o.a.m.s.f.DefaultMavenResourcesFiltering - skip non existing resourceDirectory C:\Users\miche\OneDrive\Desktop\DOJT\digital-ojt-development-beginner-cause-DroneInventorySystem\DroneInventorySystem\src\test\resources
2024-12-15 22:33:32,965 [Worker-51: ビルド] INFO  o.a.m.s.f.DefaultMavenResourcesFiltering - Copying 1 resource from src\main\resources to target\classes
2024-12-15 22:33:32,989 [Worker-51: ビルド] INFO  o.a.m.s.f.DefaultMavenResourcesFiltering - Copying 47 resources from src\main\resources to target\classes
2024-12-15 22:33:33,007 [Worker-51: ビルド] INFO  o.a.m.s.f.DefaultMavenResourcesFiltering - skip non existing resourceDirectory C:\Users\miche\OneDrive\Desktop\DOJT\digital-ojt-development-beginner-cause-DroneInventorySystem\DroneInventorySystem\src\test\resources
2024-12-15 22:48:16,303 [Worker-54: ビルド] INFO  o.a.m.s.f.DefaultMavenResourcesFiltering - Copying 1 resource from src\main\resources to target\classes
2024-12-15 22:48:16,314 [Worker-54: ビルド] INFO  o.a.m.s.f.DefaultMavenResourcesFiltering - Copying 47 resources from src\main\resources to target\classes
2024-12-15 22:48:16,333 [Worker-54: ビルド] INFO  o.a.m.s.f.DefaultMavenResourcesFiltering - skip non existing resourceDirectory C:\Users\miche\OneDrive\Desktop\DOJT\digital-ojt-development-beginner-cause-DroneInventorySystem\DroneInventorySystem\src\test\resources
2024-12-15 22:51:23,635 [Worker-50: ビルド] INFO  o.a.m.s.f.DefaultMavenResourcesFiltering - Copying 1 resource from src\main\resources to target\classes
2024-12-15 22:51:23,644 [Worker-50: ビルド] INFO  o.a.m.s.f.DefaultMavenResourcesFiltering - Copying 47 resources from src\main\resources to target\classes
2024-12-15 22:51:23,660 [Worker-50: ビルド] INFO  o.a.m.s.f.DefaultMavenResourcesFiltering - skip non existing resourceDirectory C:\Users\miche\OneDrive\Desktop\DOJT\digital-ojt-development-beginner-cause-DroneInventorySystem\DroneInventorySystem\src\test\resources
2024-12-15 22:51:31,474 [Worker-56: ビルド] INFO  o.a.m.s.f.DefaultMavenResourcesFiltering - Copying 1 resource from src\main\resources to target\classes
2024-12-15 22:51:31,486 [Worker-56: ビルド] INFO  o.a.m.s.f.DefaultMavenResourcesFiltering - Copying 47 resources from src\main\resources to target\classes
2024-12-15 22:51:31,507 [Worker-56: ビルド] INFO  o.a.m.s.f.DefaultMavenResourcesFiltering - skip non existing resourceDirectory C:\Users\miche\OneDrive\Desktop\DOJT\digital-ojt-development-beginner-cause-DroneInventorySystem\DroneInventorySystem\src\test\resources
2024-12-15 22:52:18,114 [Worker-58: ビルド] INFO  o.a.m.s.f.DefaultMavenResourcesFiltering - Copying 1 resource from src\main\resources to target\classes
2024-12-15 22:52:18,123 [Worker-58: ビルド] INFO  o.a.m.s.f.DefaultMavenResourcesFiltering - Copying 47 resources from src\main\resources to target\classes
2024-12-15 22:52:18,141 [Worker-58: ビルド] INFO  o.a.m.s.f.DefaultMavenResourcesFiltering - skip non existing resourceDirectory C:\Users\miche\OneDrive\Desktop\DOJT\digital-ojt-development-beginner-cause-DroneInventorySystem\DroneInventorySystem\src\test\resources
2024-12-15 22:52:44,764 [Worker-54: ビルド] INFO  o.a.m.s.f.DefaultMavenResourcesFiltering - Copying 1 resource from src\main\resources to target\classes
2024-12-15 22:52:44,793 [Worker-54: ビルド] INFO  o.a.m.s.f.DefaultMavenResourcesFiltering - Copying 47 resources from src\main\resources to target\classes
2024-12-15 22:52:44,809 [Worker-54: ビルド] INFO  o.a.m.s.f.DefaultMavenResourcesFiltering - skip non existing resourceDirectory C:\Users\miche\OneDrive\Desktop\DOJT\digital-ojt-development-beginner-cause-DroneInventorySystem\DroneInventorySystem\src\test\resources
2024-12-15 22:54:07,168 [Worker-55: ビルド] INFO  o.a.m.s.f.DefaultMavenResourcesFiltering - Copying 1 resource from src\main\resources to target\classes
2024-12-15 22:54:07,368 [Worker-55: ビルド] INFO  o.a.m.s.f.DefaultMavenResourcesFiltering - Copying 47 resources from src\main\resources to target\classes
2024-12-15 22:54:07,385 [Worker-55: ビルド] INFO  o.a.m.s.f.DefaultMavenResourcesFiltering - skip non existing resourceDirectory C:\Users\miche\OneDrive\Desktop\DOJT\digital-ojt-development-beginner-cause-DroneInventorySystem\DroneInventorySystem\src\test\resources
2024-12-15 22:54:47,825 [Worker-50: ビルド] INFO  o.a.m.s.f.DefaultMavenResourcesFiltering - Copying 1 resource from src\main\resources to target\classes
2024-12-15 22:54:47,836 [Worker-50: ビルド] INFO  o.a.m.s.f.DefaultMavenResourcesFiltering - Copying 47 resources from src\main\resources to target\classes
2024-12-15 22:54:47,855 [Worker-50: ビルド] INFO  o.a.m.s.f.DefaultMavenResourcesFiltering - skip non existing resourceDirectory C:\Users\miche\OneDrive\Desktop\DOJT\digital-ojt-development-beginner-cause-DroneInventorySystem\DroneInventorySystem\src\test\resources
2024-12-15 22:57:07,908 [Text Viewer Hover Presenter] INFO  o.t.e.e.d.ProjectDependencyDialectLocator - Scanning for dialect help files on project dependencies
2024-12-15 22:57:08,082 [pool-106-thread-1] INFO  o.t.e.e.d.ProjectDependencyDialectLocator - Help file found: Standard-Dialect.xml
2024-12-15 22:58:38,072 [Worker-58: ビルド] INFO  o.a.m.s.f.DefaultMavenResourcesFiltering - Copying 0 resource from src\main\resources to target\classes
2024-12-15 22:58:38,072 [Worker-58: ビルド] INFO  o.a.m.s.f.DefaultMavenResourcesFiltering - Copying 1 resource from src\main\resources to target\classes
2024-12-15 22:58:38,078 [Worker-58: ビルド] INFO  o.a.m.s.f.DefaultMavenResourcesFiltering - skip non existing resourceDirectory C:\Users\miche\OneDrive\Desktop\DOJT\digital-ojt-development-beginner-cause-DroneInventorySystem\DroneInventorySystem\src\test\resources
2024-12-15 23:06:37,505 [Worker-62: ビルド] INFO  o.a.m.s.f.DefaultMavenResourcesFiltering - Copying 1 resource from src\main\resources to target\classes
2024-12-15 23:06:37,517 [Worker-62: ビルド] INFO  o.a.m.s.f.DefaultMavenResourcesFiltering - Copying 47 resources from src\main\resources to target\classes
2024-12-15 23:06:37,542 [Worker-62: ビルド] INFO  o.a.m.s.f.DefaultMavenResourcesFiltering - skip non existing resourceDirectory C:\Users\miche\OneDrive\Desktop\DOJT\digital-ojt-development-beginner-cause-DroneInventorySystem\DroneInventorySystem\src\test\resources
2024-12-15 23:18:14,589 [Worker-58: ビルド] INFO  o.a.m.s.f.DefaultMavenResourcesFiltering - Copying 1 resource from src\main\resources to target\classes
2024-12-15 23:18:14,602 [Worker-58: ビルド] INFO  o.a.m.s.f.DefaultMavenResourcesFiltering - Copying 47 resources from src\main\resources to target\classes
2024-12-15 23:18:14,632 [Worker-58: ビルド] INFO  o.a.m.s.f.DefaultMavenResourcesFiltering - skip non existing resourceDirectory C:\Users\miche\OneDrive\Desktop\DOJT\digital-ojt-development-beginner-cause-DroneInventorySystem\DroneInventorySystem\src\test\resources
2024-12-15 23:22:00,863 [Worker-69: ビルド] INFO  o.a.m.s.f.DefaultMavenResourcesFiltering - Copying 1 resource from src\main\resources to target\classes
2024-12-15 23:22:00,873 [Worker-69: ビルド] INFO  o.a.m.s.f.DefaultMavenResourcesFiltering - Copying 47 resources from src\main\resources to target\classes
2024-12-15 23:22:00,891 [Worker-69: ビルド] INFO  o.a.m.s.f.DefaultMavenResourcesFiltering - skip non existing resourceDirectory C:\Users\miche\OneDrive\Desktop\DOJT\digital-ojt-development-beginner-cause-DroneInventorySystem\DroneInventorySystem\src\test\resources
2024-12-15 23:46:42,861 [Worker-69: DroneInventorySystem - DroneInventorySystemApplication の起動] INFO  o.a.m.s.f.DefaultMavenResourcesFiltering - Copying 1 resource from src\main\resources to target\classes
2024-12-15 23:46:42,877 [Worker-69: DroneInventorySystem - DroneInventorySystemApplication の起動] INFO  o.a.m.s.f.DefaultMavenResourcesFiltering - Copying 47 resources from src\main\resources to target\classes
2024-12-15 23:46:42,901 [Worker-69: DroneInventorySystem - DroneInventorySystemApplication の起動] INFO  o.a.m.s.f.DefaultMavenResourcesFiltering - skip non existing resourceDirectory C:\Users\miche\OneDrive\Desktop\DOJT\digital-ojt-development-beginner-cause-DroneInventorySystem\DroneInventorySystem\src\test\resources
2024-12-15 23:48:39,647 [Worker-86: ビルド] INFO  o.a.m.s.f.DefaultMavenResourcesFiltering - Copying 0 resource from src\main\resources to target\classes
2024-12-15 23:48:39,648 [Worker-86: ビルド] INFO  o.a.m.s.f.DefaultMavenResourcesFiltering - Copying 1 resource from src\main\resources to target\classes
2024-12-15 23:48:39,655 [Worker-86: ビルド] INFO  o.a.m.s.f.DefaultMavenResourcesFiltering - skip non existing resourceDirectory C:\Users\miche\OneDrive\Desktop\DOJT\digital-ojt-development-beginner-cause-DroneInventorySystem\DroneInventorySystem\src\test\resources
2024-12-15 23:52:39,324 [Worker-74: ビルド] INFO  o.a.m.s.f.DefaultMavenResourcesFiltering - Copying 0 resource from src\main\resources to target\classes
2024-12-15 23:52:39,324 [Worker-74: ビルド] INFO  o.a.m.s.f.DefaultMavenResourcesFiltering - Copying 1 resource from src\main\resources to target\classes
2024-12-15 23:52:39,331 [Worker-74: ビルド] INFO  o.a.m.s.f.DefaultMavenResourcesFiltering - skip non existing resourceDirectory C:\Users\miche\OneDrive\Desktop\DOJT\digital-ojt-development-beginner-cause-DroneInventorySystem\DroneInventorySystem\src\test\resources
2024-12-15 23:52:58,548 [Worker-71: ビルド] INFO  o.a.m.s.f.DefaultMavenResourcesFiltering - Copying 1 resource from src\main\resources to target\classes
2024-12-15 23:52:58,560 [Worker-71: ビルド] INFO  o.a.m.s.f.DefaultMavenResourcesFiltering - Copying 47 resources from src\main\resources to target\classes
2024-12-15 23:52:58,582 [Worker-71: ビルド] INFO  o.a.m.s.f.DefaultMavenResourcesFiltering - skip non existing resourceDirectory C:\Users\miche\OneDrive\Desktop\DOJT\digital-ojt-development-beginner-cause-DroneInventorySystem\DroneInventorySystem\src\test\resources
2024-12-15 23:55:15,187 [Worker-71: ビルド] INFO  o.a.m.s.f.DefaultMavenResourcesFiltering - Copying 0 resource from src\main\resources to target\classes
2024-12-15 23:55:15,187 [Worker-71: ビルド] INFO  o.a.m.s.f.DefaultMavenResourcesFiltering - Copying 1 resource from src\main\resources to target\classes
2024-12-15 23:55:15,194 [Worker-71: ビルド] INFO  o.a.m.s.f.DefaultMavenResourcesFiltering - skip non existing resourceDirectory C:\Users\miche\OneDrive\Desktop\DOJT\digital-ojt-development-beginner-cause-DroneInventorySystem\DroneInventorySystem\src\test\resources
2024-12-15 23:57:46,668 [Worker-93: ビルド] INFO  o.a.m.s.f.DefaultMavenResourcesFiltering - Copying 0 resource from src\main\resources to target\classes
2024-12-15 23:57:46,669 [Worker-93: ビルド] INFO  o.a.m.s.f.DefaultMavenResourcesFiltering - Copying 1 resource from src\main\resources to target\classes
2024-12-15 23:57:46,676 [Worker-93: ビルド] INFO  o.a.m.s.f.DefaultMavenResourcesFiltering - skip non existing resourceDirectory C:\Users\miche\OneDrive\Desktop\DOJT\digital-ojt-development-beginner-cause-DroneInventorySystem\DroneInventorySystem\src\test\resources
2024-12-15 23:59:31,270 [Worker-98: ビルド] INFO  o.a.m.s.f.DefaultMavenResourcesFiltering - Copying 0 resource from src\main\resources to target\classes
2024-12-15 23:59:31,270 [Worker-98: ビルド] INFO  o.a.m.s.f.DefaultMavenResourcesFiltering - Copying 1 resource from src\main\resources to target\classes
2024-12-15 23:59:31,277 [Worker-98: ビルド] INFO  o.a.m.s.f.DefaultMavenResourcesFiltering - skip non existing resourceDirectory C:\Users\miche\OneDrive\Desktop\DOJT\digital-ojt-development-beginner-cause-DroneInventorySystem\DroneInventorySystem\src\test\resources
2024-12-16 00:01:17,247 [Worker-77: ビルド] INFO  o.a.m.s.f.DefaultMavenResourcesFiltering - Copying 1 resource from src\main\resources to target\classes
2024-12-16 00:01:17,258 [Worker-77: ビルド] INFO  o.a.m.s.f.DefaultMavenResourcesFiltering - Copying 47 resources from src\main\resources to target\classes
2024-12-16 00:01:17,277 [Worker-77: ビルド] INFO  o.a.m.s.f.DefaultMavenResourcesFiltering - skip non existing resourceDirectory C:\Users\miche\OneDrive\Desktop\DOJT\digital-ojt-development-beginner-cause-DroneInventorySystem\DroneInventorySystem\src\test\resources
2024-12-16 00:01:21,382 [Worker-98: ビルド] INFO  o.a.m.s.f.DefaultMavenResourcesFiltering - Copying 0 resource from src\main\resources to target\classes
2024-12-16 00:01:21,383 [Worker-98: ビルド] INFO  o.a.m.s.f.DefaultMavenResourcesFiltering - Copying 1 resource from src\main\resources to target\classes
2024-12-16 00:01:21,389 [Worker-98: ビルド] INFO  o.a.m.s.f.DefaultMavenResourcesFiltering - skip non existing resourceDirectory C:\Users\miche\OneDrive\Desktop\DOJT\digital-ojt-development-beginner-cause-DroneInventorySystem\DroneInventorySystem\src\test\resources
2024-12-16 00:04:39,669 [Worker-90: ビルド] INFO  o.a.m.s.f.DefaultMavenResourcesFiltering - Copying 1 resource from src\main\resources to target\classes
2024-12-16 00:04:39,729 [Worker-90: ビルド] INFO  o.a.m.s.f.DefaultMavenResourcesFiltering - Copying 47 resources from src\main\resources to target\classes
2024-12-16 00:04:39,748 [Worker-90: ビルド] INFO  o.a.m.s.f.DefaultMavenResourcesFiltering - skip non existing resourceDirectory C:\Users\miche\OneDrive\Desktop\DOJT\digital-ojt-development-beginner-cause-DroneInventorySystem\DroneInventorySystem\src\test\resources
2024-12-16 00:09:05,520 [Worker-90: ビルド] INFO  o.a.m.s.f.DefaultMavenResourcesFiltering - Copying 0 resource from src\main\resources to target\classes
2024-12-16 00:09:05,521 [Worker-90: ビルド] INFO  o.a.m.s.f.DefaultMavenResourcesFiltering - Copying 1 resource from src\main\resources to target\classes
2024-12-16 00:09:05,527 [Worker-90: ビルド] INFO  o.a.m.s.f.DefaultMavenResourcesFiltering - skip non existing resourceDirectory C:\Users\miche\OneDrive\Desktop\DOJT\digital-ojt-development-beginner-cause-DroneInventorySystem\DroneInventorySystem\src\test\resources
2024-12-16 00:10:47,747 [Worker-106: ビルド] INFO  o.a.m.s.f.DefaultMavenResourcesFiltering - Copying 0 resource from src\main\resources to target\classes
2024-12-16 00:10:47,748 [Worker-106: ビルド] INFO  o.a.m.s.f.DefaultMavenResourcesFiltering - Copying 1 resource from src\main\resources to target\classes
2024-12-16 00:10:47,754 [Worker-106: ビルド] INFO  o.a.m.s.f.DefaultMavenResourcesFiltering - skip non existing resourceDirectory C:\Users\miche\OneDrive\Desktop\DOJT\digital-ojt-development-beginner-cause-DroneInventorySystem\DroneInventorySystem\src\test\resources
2024-12-17 20:02:06,443 [Worker-4: Loading available Gradle versions] INFO  o.e.b.c.i.u.g.PublishedGradleVersions - Gradle version information cache is out-of-date. Trying to update.
2024-12-17 20:11:34,287 [Worker-15: ビルド] INFO  o.a.m.s.f.DefaultMavenResourcesFiltering - Copying 1 resource from src\main\resources to target\classes
2024-12-17 20:11:34,333 [Worker-15: ビルド] INFO  o.a.m.s.f.DefaultMavenResourcesFiltering - Copying 47 resources from src\main\resources to target\classes
2024-12-17 20:11:34,379 [Worker-15: ビルド] INFO  o.a.m.s.f.DefaultMavenResourcesFiltering - skip non existing resourceDirectory C:\Users\miche\OneDrive\Desktop\DOJT\digital-ojt-development-beginner-cause-DroneInventorySystem\DroneInventorySystem\src\test\resources
2024-12-18 21:39:07,647 [Worker-3: Loading available Gradle versions] INFO  o.e.b.c.i.u.g.PublishedGradleVersions - Gradle version information cache is out-of-date. Trying to update.
2024-12-18 22:22:10,449 [Worker-11: ビルド] INFO  o.a.m.s.f.DefaultMavenResourcesFiltering - Copying 1 resource from src\main\resources to target\classes
2024-12-18 22:22:10,476 [Worker-11: ビルド] INFO  o.a.m.s.f.DefaultMavenResourcesFiltering - Copying 47 resources from src\main\resources to target\classes
2024-12-18 22:22:10,505 [Worker-11: ビルド] INFO  o.a.m.s.f.DefaultMavenResourcesFiltering - skip non existing resourceDirectory C:\Users\miche\OneDrive\Desktop\DOJT\digital-ojt-development-beginner-cause-DroneInventorySystem\DroneInventorySystem\src\test\resources
2024-12-18 22:23:35,148 [Worker-15: ビルド] INFO  o.a.m.s.f.DefaultMavenResourcesFiltering - Copying 1 resource from src\main\resources to target\classes
2024-12-18 22:23:35,170 [Worker-15: ビルド] INFO  o.a.m.s.f.DefaultMavenResourcesFiltering - Copying 47 resources from src\main\resources to target\classes
2024-12-18 22:23:35,187 [Worker-15: ビルド] INFO  o.a.m.s.f.DefaultMavenResourcesFiltering - skip non existing resourceDirectory C:\Users\miche\OneDrive\Desktop\DOJT\digital-ojt-development-beginner-cause-DroneInventorySystem\DroneInventorySystem\src\test\resources
2024-12-18 22:24:35,637 [Worker-11: ビルド] INFO  o.a.m.s.f.DefaultMavenResourcesFiltering - Copying 1 resource from src\main\resources to target\classes
2024-12-18 22:24:35,647 [Worker-11: ビルド] INFO  o.a.m.s.f.DefaultMavenResourcesFiltering - Copying 47 resources from src\main\resources to target\classes
2024-12-18 22:24:35,664 [Worker-11: ビルド] INFO  o.a.m.s.f.DefaultMavenResourcesFiltering - skip non existing resourceDirectory C:\Users\miche\OneDrive\Desktop\DOJT\digital-ojt-development-beginner-cause-DroneInventorySystem\DroneInventorySystem\src\test\resources
2024-12-18 22:29:24,809 [Worker-21: ビルド] INFO  o.a.m.s.f.DefaultMavenResourcesFiltering - Copying 1 resource from src\main\resources to target\classes
2024-12-18 22:29:24,821 [Worker-21: ビルド] INFO  o.a.m.s.f.DefaultMavenResourcesFiltering - Copying 47 resources from src\main\resources to target\classes
2024-12-18 22:29:24,840 [Worker-21: ビルド] INFO  o.a.m.s.f.DefaultMavenResourcesFiltering - skip non existing resourceDirectory C:\Users\miche\OneDrive\Desktop\DOJT\digital-ojt-development-beginner-cause-DroneInventorySystem\DroneInventorySystem\src\test\resources
2024-12-18 22:34:15,758 [Worker-24: ビルド] INFO  o.a.m.s.f.DefaultMavenResourcesFiltering - Copying 1 resource from src\main\resources to target\classes
2024-12-18 22:34:15,763 [Worker-24: ビルド] INFO  o.a.m.s.f.DefaultMavenResourcesFiltering - Copying 0 resource from src\main\resources to target\classes
2024-12-18 22:34:15,765 [Worker-24: ビルド] INFO  o.a.m.s.f.DefaultMavenResourcesFiltering - skip non existing resourceDirectory C:\Users\miche\OneDrive\Desktop\DOJT\digital-ojt-development-beginner-cause-DroneInventorySystem\DroneInventorySystem\src\test\resources
2024-12-18 22:35:01,350 [Worker-24: ビルド] INFO  o.a.m.s.f.DefaultMavenResourcesFiltering - Copying 1 resource from src\main\resources to target\classes
2024-12-18 22:35:01,356 [Worker-24: ビルド] INFO  o.a.m.s.f.DefaultMavenResourcesFiltering - Copying 0 resource from src\main\resources to target\classes
2024-12-18 22:35:01,358 [Worker-24: ビルド] INFO  o.a.m.s.f.DefaultMavenResourcesFiltering - skip non existing resourceDirectory C:\Users\miche\OneDrive\Desktop\DOJT\digital-ojt-development-beginner-cause-DroneInventorySystem\DroneInventorySystem\src\test\resources
2024-12-18 22:36:22,424 [Worker-24: ビルド] INFO  o.a.m.s.f.DefaultMavenResourcesFiltering - Copying 1 resource from src\main\resources to target\classes
2024-12-18 22:36:22,433 [Worker-24: ビルド] INFO  o.a.m.s.f.DefaultMavenResourcesFiltering - Copying 0 resource from src\main\resources to target\classes
2024-12-18 22:36:22,438 [Worker-24: ビルド] INFO  o.a.m.s.f.DefaultMavenResourcesFiltering - skip non existing resourceDirectory C:\Users\miche\OneDrive\Desktop\DOJT\digital-ojt-development-beginner-cause-DroneInventorySystem\DroneInventorySystem\src\test\resources
2024-12-18 22:37:10,679 [Worker-24: ビルド] INFO  o.a.m.s.f.DefaultMavenResourcesFiltering - Copying 1 resource from src\main\resources to target\classes
2024-12-18 22:37:10,685 [Worker-24: ビルド] INFO  o.a.m.s.f.DefaultMavenResourcesFiltering - Copying 0 resource from src\main\resources to target\classes
2024-12-18 22:37:10,691 [Worker-24: ビルド] INFO  o.a.m.s.f.DefaultMavenResourcesFiltering - skip non existing resourceDirectory C:\Users\miche\OneDrive\Desktop\DOJT\digital-ojt-development-beginner-cause-DroneInventorySystem\DroneInventorySystem\src\test\resources
2024-12-18 22:42:52,389 [Worker-17: ビルド] INFO  o.a.m.s.f.DefaultMavenResourcesFiltering - Copying 1 resource from src\main\resources to target\classes
2024-12-18 22:42:52,400 [Worker-17: ビルド] INFO  o.a.m.s.f.DefaultMavenResourcesFiltering - Copying 47 resources from src\main\resources to target\classes
2024-12-18 22:42:52,419 [Worker-17: ビルド] INFO  o.a.m.s.f.DefaultMavenResourcesFiltering - skip non existing resourceDirectory C:\Users\miche\OneDrive\Desktop\DOJT\digital-ojt-development-beginner-cause-DroneInventorySystem\DroneInventorySystem\src\test\resources
2024-12-18 22:44:10,732 [Worker-31: ビルド] INFO  o.a.m.s.f.DefaultMavenResourcesFiltering - Copying 1 resource from src\main\resources to target\classes
2024-12-18 22:44:10,742 [Worker-31: ビルド] INFO  o.a.m.s.f.DefaultMavenResourcesFiltering - Copying 47 resources from src\main\resources to target\classes
2024-12-18 22:44:10,760 [Worker-31: ビルド] INFO  o.a.m.s.f.DefaultMavenResourcesFiltering - skip non existing resourceDirectory C:\Users\miche\OneDrive\Desktop\DOJT\digital-ojt-development-beginner-cause-DroneInventorySystem\DroneInventorySystem\src\test\resources
2024-12-18 23:03:43,308 [Worker-33: ビルド] INFO  o.a.m.s.f.DefaultMavenResourcesFiltering - Copying 1 resource from src\main\resources to target\classes
2024-12-18 23:03:43,331 [Worker-33: ビルド] INFO  o.a.m.s.f.DefaultMavenResourcesFiltering - Copying 47 resources from src\main\resources to target\classes
2024-12-18 23:03:43,356 [Worker-33: ビルド] INFO  o.a.m.s.f.DefaultMavenResourcesFiltering - skip non existing resourceDirectory C:\Users\miche\OneDrive\Desktop\DOJT\digital-ojt-development-beginner-cause-DroneInventorySystem\DroneInventorySystem\src\test\resources
2024-12-18 23:04:11,076 [Worker-33: ビルド] INFO  o.a.m.s.f.DefaultMavenResourcesFiltering - Copying 1 resource from src\main\resources to target\classes
2024-12-18 23:04:11,086 [Worker-33: ビルド] INFO  o.a.m.s.f.DefaultMavenResourcesFiltering - Copying 47 resources from src\main\resources to target\classes
2024-12-18 23:04:11,103 [Worker-33: ビルド] INFO  o.a.m.s.f.DefaultMavenResourcesFiltering - skip non existing resourceDirectory C:\Users\miche\OneDrive\Desktop\DOJT\digital-ojt-development-beginner-cause-DroneInventorySystem\DroneInventorySystem\src\test\resources
2024-12-18 23:07:23,605 [Worker-38: ビルド] INFO  o.a.m.s.f.DefaultMavenResourcesFiltering - Copying 1 resource from src\main\resources to target\classes
2024-12-18 23:07:23,616 [Worker-38: ビルド] INFO  o.a.m.s.f.DefaultMavenResourcesFiltering - Copying 47 resources from src\main\resources to target\classes
2024-12-18 23:07:23,632 [Worker-38: ビルド] INFO  o.a.m.s.f.DefaultMavenResourcesFiltering - skip non existing resourceDirectory C:\Users\miche\OneDrive\Desktop\DOJT\digital-ojt-development-beginner-cause-DroneInventorySystem\DroneInventorySystem\src\test\resources
2024-12-19 19:22:09,051 [Worker-4: Loading available Gradle versions] INFO  o.e.b.c.i.u.g.PublishedGradleVersions - Gradle version information cache is up-to-date. Trying to read.
2024-12-19 19:31:43,028 [Worker-14: ビルド] INFO  o.a.m.s.f.DefaultMavenResourcesFiltering - Copying 1 resource from src\main\resources to target\classes
2024-12-19 19:31:43,052 [Worker-14: ビルド] INFO  o.a.m.s.f.DefaultMavenResourcesFiltering - Copying 47 resources from src\main\resources to target\classes
2024-12-19 19:31:43,090 [Worker-14: ビルド] INFO  o.a.m.s.f.DefaultMavenResourcesFiltering - skip non existing resourceDirectory C:\Users\miche\OneDrive\Desktop\DOJT\digital-ojt-development-beginner-cause-DroneInventorySystem\DroneInventorySystem\src\test\resources
2024-12-19 19:32:33,650 [Worker-13: ビルド] INFO  o.a.m.s.f.DefaultMavenResourcesFiltering - Copying 1 resource from src\main\resources to target\classes
2024-12-19 19:32:33,662 [Worker-13: ビルド] INFO  o.a.m.s.f.DefaultMavenResourcesFiltering - Copying 47 resources from src\main\resources to target\classes
2024-12-19 19:32:33,682 [Worker-13: ビルド] INFO  o.a.m.s.f.DefaultMavenResourcesFiltering - skip non existing resourceDirectory C:\Users\miche\OneDrive\Desktop\DOJT\digital-ojt-development-beginner-cause-DroneInventorySystem\DroneInventorySystem\src\test\resources
2024-12-19 19:33:16,756 [Worker-14: ビルド] INFO  o.a.m.s.f.DefaultMavenResourcesFiltering - Copying 1 resource from src\main\resources to target\classes
2024-12-19 19:33:16,764 [Worker-14: ビルド] INFO  o.a.m.s.f.DefaultMavenResourcesFiltering - Copying 47 resources from src\main\resources to target\classes
2024-12-19 19:33:16,782 [Worker-14: ビルド] INFO  o.a.m.s.f.DefaultMavenResourcesFiltering - skip non existing resourceDirectory C:\Users\miche\OneDrive\Desktop\DOJT\digital-ojt-development-beginner-cause-DroneInventorySystem\DroneInventorySystem\src\test\resources
2024-12-19 19:38:41,886 [Worker-13: ビルド] INFO  o.a.m.s.f.DefaultMavenResourcesFiltering - Copying 1 resource from src\main\resources to target\classes
2024-12-19 19:38:41,899 [Worker-13: ビルド] INFO  o.a.m.s.f.DefaultMavenResourcesFiltering - Copying 47 resources from src\main\resources to target\classes
2024-12-19 19:38:41,916 [Worker-13: ビルド] INFO  o.a.m.s.f.DefaultMavenResourcesFiltering - skip non existing resourceDirectory C:\Users\miche\OneDrive\Desktop\DOJT\digital-ojt-development-beginner-cause-DroneInventorySystem\DroneInventorySystem\src\test\resources
2024-12-19 21:22:48,266 [Worker-7: Loading available Gradle versions] INFO  o.e.b.c.i.u.g.PublishedGradleVersions - Gradle version information cache is up-to-date. Trying to read.
2024-12-21 18:41:46,638 [Worker-9: ビルド] INFO  o.a.m.s.f.DefaultMavenResourcesFiltering - Copying 1 resource from src\main\resources to target\classes
2024-12-21 18:41:46,666 [Worker-9: ビルド] INFO  o.a.m.s.f.DefaultMavenResourcesFiltering - Copying 47 resources from src\main\resources to target\classes
2024-12-21 18:41:46,763 [Worker-9: ビルド] INFO  o.a.m.s.f.DefaultMavenResourcesFiltering - skip non existing resourceDirectory C:\Users\miche\OneDrive\Desktop\DOJT\digital-ojt-development-beginner-cause-DroneInventorySystem\DroneInventorySystem\src\test\resources
2024-12-21 18:58:56,721 [Worker-15: Loading available Gradle versions] INFO  o.e.b.c.i.u.g.PublishedGradleVersions - Gradle version information cache is out-of-date. Trying to update.
2024-12-21 19:24:58,573 [Worker-23: ビルド] INFO  o.a.m.s.f.DefaultMavenResourcesFiltering - Copying 0 resource from src\main\resources to target\classes
2024-12-21 19:24:58,575 [Worker-23: ビルド] INFO  o.a.m.s.f.DefaultMavenResourcesFiltering - Copying 1 resource from src\main\resources to target\classes
2024-12-21 19:24:58,579 [Worker-23: ビルド] INFO  o.a.m.s.f.DefaultMavenResourcesFiltering - skip non existing resourceDirectory C:\Users\miche\OneDrive\Desktop\DOJT\digital-ojt-development-beginner-cause-DroneInventorySystem\DroneInventorySystem\src\test\resources
2024-12-21 19:25:54,319 [Worker-25: ビルド] INFO  o.a.m.s.f.DefaultMavenResourcesFiltering - Copying 1 resource from src\main\resources to target\classes
2024-12-21 19:25:54,333 [Worker-25: ビルド] INFO  o.a.m.s.f.DefaultMavenResourcesFiltering - Copying 47 resources from src\main\resources to target\classes
2024-12-21 19:25:54,367 [Worker-25: ビルド] INFO  o.a.m.s.f.DefaultMavenResourcesFiltering - skip non existing resourceDirectory C:\Users\miche\OneDrive\Desktop\DOJT\digital-ojt-development-beginner-cause-DroneInventorySystem\DroneInventorySystem\src\test\resources
2024-12-21 19:27:08,038 [Worker-25: ビルド] INFO  o.a.m.s.f.DefaultMavenResourcesFiltering - Copying 1 resource from src\main\resources to target\classes
2024-12-21 19:27:08,047 [Worker-25: ビルド] INFO  o.a.m.s.f.DefaultMavenResourcesFiltering - Copying 47 resources from src\main\resources to target\classes
2024-12-21 19:27:08,069 [Worker-25: ビルド] INFO  o.a.m.s.f.DefaultMavenResourcesFiltering - skip non existing resourceDirectory C:\Users\miche\OneDrive\Desktop\DOJT\digital-ojt-development-beginner-cause-DroneInventorySystem\DroneInventorySystem\src\test\resources
2024-12-21 19:28:54,155 [Worker-23: ビルド] INFO  o.a.m.s.f.DefaultMavenResourcesFiltering - Copying 1 resource from src\main\resources to target\classes
2024-12-21 19:28:54,166 [Worker-23: ビルド] INFO  o.a.m.s.f.DefaultMavenResourcesFiltering - Copying 47 resources from src\main\resources to target\classes
2024-12-21 19:28:54,188 [Worker-23: ビルド] INFO  o.a.m.s.f.DefaultMavenResourcesFiltering - skip non existing resourceDirectory C:\Users\miche\OneDrive\Desktop\DOJT\digital-ojt-development-beginner-cause-DroneInventorySystem\DroneInventorySystem\src\test\resources
2024-12-21 19:29:41,841 [Worker-25: ビルド] INFO  o.a.m.s.f.DefaultMavenResourcesFiltering - Copying 1 resource from src\main\resources to target\classes
2024-12-21 19:29:41,853 [Worker-25: ビルド] INFO  o.a.m.s.f.DefaultMavenResourcesFiltering - Copying 47 resources from src\main\resources to target\classes
2024-12-21 19:29:41,871 [Worker-25: ビルド] INFO  o.a.m.s.f.DefaultMavenResourcesFiltering - skip non existing resourceDirectory C:\Users\miche\OneDrive\Desktop\DOJT\digital-ojt-development-beginner-cause-DroneInventorySystem\DroneInventorySystem\src\test\resources
2024-12-21 19:30:49,796 [Worker-28: ビルド] INFO  o.a.m.s.f.DefaultMavenResourcesFiltering - Copying 1 resource from src\main\resources to target\classes
2024-12-21 19:30:49,807 [Worker-28: ビルド] INFO  o.a.m.s.f.DefaultMavenResourcesFiltering - Copying 47 resources from src\main\resources to target\classes
2024-12-21 19:30:49,824 [Worker-28: ビルド] INFO  o.a.m.s.f.DefaultMavenResourcesFiltering - skip non existing resourceDirectory C:\Users\miche\OneDrive\Desktop\DOJT\digital-ojt-development-beginner-cause-DroneInventorySystem\DroneInventorySystem\src\test\resources
2024-12-21 19:30:56,792 [Worker-27: ビルド] INFO  o.a.m.s.f.DefaultMavenResourcesFiltering - Copying 1 resource from src\main\resources to target\classes
2024-12-21 19:30:56,802 [Worker-27: ビルド] INFO  o.a.m.s.f.DefaultMavenResourcesFiltering - Copying 47 resources from src\main\resources to target\classes
2024-12-21 19:30:56,820 [Worker-27: ビルド] INFO  o.a.m.s.f.DefaultMavenResourcesFiltering - skip non existing resourceDirectory C:\Users\miche\OneDrive\Desktop\DOJT\digital-ojt-development-beginner-cause-DroneInventorySystem\DroneInventorySystem\src\test\resources
2024-12-21 19:34:39,430 [Worker-22: ビルド] INFO  o.a.m.s.f.DefaultMavenResourcesFiltering - Copying 1 resource from src\main\resources to target\classes
2024-12-21 19:34:39,439 [Worker-22: ビルド] INFO  o.a.m.s.f.DefaultMavenResourcesFiltering - Copying 47 resources from src\main\resources to target\classes
2024-12-21 19:34:39,455 [Worker-22: ビルド] INFO  o.a.m.s.f.DefaultMavenResourcesFiltering - skip non existing resourceDirectory C:\Users\miche\OneDrive\Desktop\DOJT\digital-ojt-development-beginner-cause-DroneInventorySystem\DroneInventorySystem\src\test\resources
2024-12-21 19:52:46,452 [Worker-34: ビルド] INFO  o.a.m.s.f.DefaultMavenResourcesFiltering - Copying 1 resource from src\main\resources to target\classes
2024-12-21 19:52:46,474 [Worker-34: ビルド] INFO  o.a.m.s.f.DefaultMavenResourcesFiltering - Copying 47 resources from src\main\resources to target\classes
2024-12-21 19:52:46,491 [Worker-34: ビルド] INFO  o.a.m.s.f.DefaultMavenResourcesFiltering - skip non existing resourceDirectory C:\Users\miche\OneDrive\Desktop\DOJT\digital-ojt-development-beginner-cause-DroneInventorySystem\DroneInventorySystem\src\test\resources
2024-12-21 19:53:43,357 [Worker-37: ビルド] INFO  o.a.m.s.f.DefaultMavenResourcesFiltering - Copying 1 resource from src\main\resources to target\classes
2024-12-21 19:53:43,366 [Worker-37: ビルド] INFO  o.a.m.s.f.DefaultMavenResourcesFiltering - Copying 47 resources from src\main\resources to target\classes
2024-12-21 19:53:43,382 [Worker-37: ビルド] INFO  o.a.m.s.f.DefaultMavenResourcesFiltering - skip non existing resourceDirectory C:\Users\miche\OneDrive\Desktop\DOJT\digital-ojt-development-beginner-cause-DroneInventorySystem\DroneInventorySystem\src\test\resources
2024-12-21 19:53:52,975 [Worker-38: ビルド] INFO  o.a.m.s.f.DefaultMavenResourcesFiltering - Copying 1 resource from src\main\resources to target\classes
2024-12-21 19:53:52,994 [Worker-38: ビルド] INFO  o.a.m.s.f.DefaultMavenResourcesFiltering - Copying 47 resources from src\main\resources to target\classes
2024-12-21 19:53:53,009 [Worker-38: ビルド] INFO  o.a.m.s.f.DefaultMavenResourcesFiltering - skip non existing resourceDirectory C:\Users\miche\OneDrive\Desktop\DOJT\digital-ojt-development-beginner-cause-DroneInventorySystem\DroneInventorySystem\src\test\resources
2024-12-21 19:54:51,054 [Worker-25: ビルド] INFO  o.a.m.s.f.DefaultMavenResourcesFiltering - Copying 1 resource from src\main\resources to target\classes
2024-12-21 19:54:51,067 [Worker-25: ビルド] INFO  o.a.m.s.f.DefaultMavenResourcesFiltering - Copying 47 resources from src\main\resources to target\classes
2024-12-21 19:54:51,086 [Worker-25: ビルド] INFO  o.a.m.s.f.DefaultMavenResourcesFiltering - skip non existing resourceDirectory C:\Users\miche\OneDrive\Desktop\DOJT\digital-ojt-development-beginner-cause-DroneInventorySystem\DroneInventorySystem\src\test\resources
2024-12-21 20:02:39,359 [Worker-36: ビルド] INFO  o.a.m.s.f.DefaultMavenResourcesFiltering - Copying 1 resource from src\main\resources to target\classes
2024-12-21 20:02:39,391 [Worker-36: ビルド] INFO  o.a.m.s.f.DefaultMavenResourcesFiltering - Copying 47 resources from src\main\resources to target\classes
2024-12-21 20:02:39,409 [Worker-36: ビルド] INFO  o.a.m.s.f.DefaultMavenResourcesFiltering - skip non existing resourceDirectory C:\Users\miche\OneDrive\Desktop\DOJT\digital-ojt-development-beginner-cause-DroneInventorySystem\DroneInventorySystem\src\test\resources
2024-12-24 19:39:36,531 [Worker-4: Loading available Gradle versions] INFO  o.e.b.c.i.u.g.PublishedGradleVersions - Gradle version information cache is out-of-date. Trying to update.
2024-12-24 19:46:51,333 [Worker-7: ビルド] INFO  o.a.m.s.f.DefaultMavenResourcesFiltering - Copying 1 resource from src\main\resources to target\classes
2024-12-24 19:46:51,351 [Worker-7: ビルド] INFO  o.a.m.s.f.DefaultMavenResourcesFiltering - Copying 47 resources from src\main\resources to target\classes
2024-12-24 19:46:51,379 [Worker-7: ビルド] INFO  o.a.m.s.f.DefaultMavenResourcesFiltering - skip non existing resourceDirectory C:\Users\miche\OneDrive\Desktop\DOJT\digital-ojt-development-beginner-cause-DroneInventorySystem\DroneInventorySystem\src\test\resources
2024-12-24 19:49:08,131 [Worker-7: ビルド] INFO  o.a.m.s.f.DefaultMavenResourcesFiltering - Copying 1 resource from src\main\resources to target\classes
2024-12-24 19:49:08,141 [Worker-7: ビルド] INFO  o.a.m.s.f.DefaultMavenResourcesFiltering - Copying 47 resources from src\main\resources to target\classes
2024-12-24 19:49:08,159 [Worker-7: ビルド] INFO  o.a.m.s.f.DefaultMavenResourcesFiltering - skip non existing resourceDirectory C:\Users\miche\OneDrive\Desktop\DOJT\digital-ojt-development-beginner-cause-DroneInventorySystem\DroneInventorySystem\src\test\resources
2024-12-24 20:45:50,449 [Worker-19: ビルド] INFO  o.a.m.s.f.DefaultMavenResourcesFiltering - Copying 1 resource from src\main\resources to target\classes
2024-12-24 20:45:50,471 [Worker-19: ビルド] INFO  o.a.m.s.f.DefaultMavenResourcesFiltering - Copying 47 resources from src\main\resources to target\classes
2024-12-24 20:45:50,492 [Worker-19: ビルド] INFO  o.a.m.s.f.DefaultMavenResourcesFiltering - skip non existing resourceDirectory C:\Users\miche\OneDrive\Desktop\DOJT\digital-ojt-development-beginner-cause-DroneInventorySystem\DroneInventorySystem\src\test\resources
2024-12-24 20:46:45,699 [Worker-17: ビルド] INFO  o.a.m.s.f.DefaultMavenResourcesFiltering - Copying 1 resource from src\main\resources to target\classes
2024-12-24 20:46:45,709 [Worker-17: ビルド] INFO  o.a.m.s.f.DefaultMavenResourcesFiltering - Copying 47 resources from src\main\resources to target\classes
2024-12-24 20:46:45,727 [Worker-17: ビルド] INFO  o.a.m.s.f.DefaultMavenResourcesFiltering - skip non existing resourceDirectory C:\Users\miche\OneDrive\Desktop\DOJT\digital-ojt-development-beginner-cause-DroneInventorySystem\DroneInventorySystem\src\test\resources
2024-12-24 20:55:42,877 [Worker-20: ビルド] INFO  o.a.m.s.f.DefaultMavenResourcesFiltering - Copying 1 resource from src\main\resources to target\classes
2024-12-24 20:55:43,248 [Worker-20: ビルド] INFO  o.a.m.s.f.DefaultMavenResourcesFiltering - Copying 47 resources from src\main\resources to target\classes
2024-12-24 20:55:43,267 [Worker-20: ビルド] INFO  o.a.m.s.f.DefaultMavenResourcesFiltering - skip non existing resourceDirectory C:\Users\miche\OneDrive\Desktop\DOJT\digital-ojt-development-beginner-cause-DroneInventorySystem\DroneInventorySystem\src\test\resources
2024-12-24 20:56:36,614 [Worker-23: DroneInventorySystem - DroneInventorySystemApplication の起動] INFO  o.a.m.s.f.DefaultMavenResourcesFiltering - Copying 1 resource from src\main\resources to target\classes
2024-12-24 20:56:36,635 [Worker-23: DroneInventorySystem - DroneInventorySystemApplication の起動] INFO  o.a.m.s.f.DefaultMavenResourcesFiltering - Copying 47 resources from src\main\resources to target\classes
2024-12-24 20:56:36,658 [Worker-23: DroneInventorySystem - DroneInventorySystemApplication の起動] INFO  o.a.m.s.f.DefaultMavenResourcesFiltering - skip non existing resourceDirectory C:\Users\miche\OneDrive\Desktop\DOJT\digital-ojt-development-beginner-cause-DroneInventorySystem\DroneInventorySystem\src\test\resources
2024-12-24 20:58:11,101 [Worker-29: ビルド] INFO  o.a.m.s.f.DefaultMavenResourcesFiltering - Copying 1 resource from src\main\resources to target\classes
2024-12-24 20:58:11,111 [Worker-29: ビルド] INFO  o.a.m.s.f.DefaultMavenResourcesFiltering - Copying 47 resources from src\main\resources to target\classes
2024-12-24 20:58:11,126 [Worker-29: ビルド] INFO  o.a.m.s.f.DefaultMavenResourcesFiltering - skip non existing resourceDirectory C:\Users\miche\OneDrive\Desktop\DOJT\digital-ojt-development-beginner-cause-DroneInventorySystem\DroneInventorySystem\src\test\resources
2024-12-24 20:59:21,617 [Worker-28: ビルド] INFO  o.a.m.s.f.DefaultMavenResourcesFiltering - Copying 1 resource from src\main\resources to target\classes
2024-12-24 20:59:21,626 [Worker-28: ビルド] INFO  o.a.m.s.f.DefaultMavenResourcesFiltering - Copying 47 resources from src\main\resources to target\classes
2024-12-24 20:59:21,646 [Worker-28: ビルド] INFO  o.a.m.s.f.DefaultMavenResourcesFiltering - skip non existing resourceDirectory C:\Users\miche\OneDrive\Desktop\DOJT\digital-ojt-development-beginner-cause-DroneInventorySystem\DroneInventorySystem\src\test\resources
2024-12-24 21:28:22,798 [Worker-42: ビルド] INFO  o.a.m.s.f.DefaultMavenResourcesFiltering - Copying 1 resource from src\main\resources to target\classes
2024-12-24 21:28:22,830 [Worker-42: ビルド] INFO  o.a.m.s.f.DefaultMavenResourcesFiltering - Copying 47 resources from src\main\resources to target\classes
2024-12-24 21:28:22,856 [Worker-42: ビルド] INFO  o.a.m.s.f.DefaultMavenResourcesFiltering - skip non existing resourceDirectory C:\Users\miche\OneDrive\Desktop\DOJT\digital-ojt-development-beginner-cause-DroneInventorySystem\DroneInventorySystem\src\test\resources
2024-12-24 21:49:03,030 [Worker-49: ビルド] INFO  o.a.m.s.f.DefaultMavenResourcesFiltering - Copying 1 resource from src\main\resources to target\classes
2024-12-24 21:49:03,445 [Worker-49: ビルド] INFO  o.a.m.s.f.DefaultMavenResourcesFiltering - Copying 47 resources from src\main\resources to target\classes
2024-12-24 21:49:03,469 [Worker-49: ビルド] INFO  o.a.m.s.f.DefaultMavenResourcesFiltering - skip non existing resourceDirectory C:\Users\miche\OneDrive\Desktop\DOJT\digital-ojt-development-beginner-cause-DroneInventorySystem\DroneInventorySystem\src\test\resources
2024-12-24 21:49:57,796 [Worker-45: ビルド] INFO  o.a.m.s.f.DefaultMavenResourcesFiltering - Copying 1 resource from src\main\resources to target\classes
2024-12-24 21:49:57,804 [Worker-45: ビルド] INFO  o.a.m.s.f.DefaultMavenResourcesFiltering - Copying 47 resources from src\main\resources to target\classes
2024-12-24 21:49:57,822 [Worker-45: ビルド] INFO  o.a.m.s.f.DefaultMavenResourcesFiltering - skip non existing resourceDirectory C:\Users\miche\OneDrive\Desktop\DOJT\digital-ojt-development-beginner-cause-DroneInventorySystem\DroneInventorySystem\src\test\resources
2024-12-24 21:52:09,001 [Worker-45: ビルド] INFO  o.a.m.s.f.DefaultMavenResourcesFiltering - Copying 1 resource from src\main\resources to target\classes
2024-12-24 21:52:09,010 [Worker-45: ビルド] INFO  o.a.m.s.f.DefaultMavenResourcesFiltering - Copying 47 resources from src\main\resources to target\classes
2024-12-24 21:52:09,026 [Worker-45: ビルド] INFO  o.a.m.s.f.DefaultMavenResourcesFiltering - skip non existing resourceDirectory C:\Users\miche\OneDrive\Desktop\DOJT\digital-ojt-development-beginner-cause-DroneInventorySystem\DroneInventorySystem\src\test\resources
2024-12-24 21:54:02,478 [Worker-51: ビルド] INFO  o.a.m.s.f.DefaultMavenResourcesFiltering - Copying 0 resource from src\main\resources to target\classes
2024-12-24 21:54:02,479 [Worker-51: ビルド] INFO  o.a.m.s.f.DefaultMavenResourcesFiltering - Copying 1 resource from src\main\resources to target\classes
2024-12-24 21:54:02,484 [Worker-51: ビルド] INFO  o.a.m.s.f.DefaultMavenResourcesFiltering - skip non existing resourceDirectory C:\Users\miche\OneDrive\Desktop\DOJT\digital-ojt-development-beginner-cause-DroneInventorySystem\DroneInventorySystem\src\test\resources
2024-12-24 21:55:40,428 [Worker-40: ビルド] INFO  o.a.m.s.f.DefaultMavenResourcesFiltering - Copying 0 resource from src\main\resources to target\classes
2024-12-24 21:55:40,428 [Worker-40: ビルド] INFO  o.a.m.s.f.DefaultMavenResourcesFiltering - Copying 0 resource from src\main\resources to target\classes
2024-12-24 21:55:40,432 [Worker-40: ビルド] INFO  o.a.m.s.f.DefaultMavenResourcesFiltering - skip non existing resourceDirectory C:\Users\miche\OneDrive\Desktop\DOJT\digital-ojt-development-beginner-cause-DroneInventorySystem\DroneInventorySystem\src\test\resources
2024-12-24 21:55:51,864 [Worker-50: ビルド] INFO  o.a.m.s.f.DefaultMavenResourcesFiltering - Copying 0 resource from src\main\resources to target\classes
2024-12-24 21:55:51,865 [Worker-50: ビルド] INFO  o.a.m.s.f.DefaultMavenResourcesFiltering - Copying 1 resource from src\main\resources to target\classes
2024-12-24 21:55:51,869 [Worker-50: ビルド] INFO  o.a.m.s.f.DefaultMavenResourcesFiltering - skip non existing resourceDirectory C:\Users\miche\OneDrive\Desktop\DOJT\digital-ojt-development-beginner-cause-DroneInventorySystem\DroneInventorySystem\src\test\resources
2024-12-24 21:59:33,418 [Worker-40: ビルド] INFO  o.a.m.s.f.DefaultMavenResourcesFiltering - Copying 1 resource from src\main\resources to target\classes
2024-12-24 21:59:33,431 [Worker-40: ビルド] INFO  o.a.m.s.f.DefaultMavenResourcesFiltering - Copying 47 resources from src\main\resources to target\classes
2024-12-24 21:59:33,453 [Worker-40: ビルド] INFO  o.a.m.s.f.DefaultMavenResourcesFiltering - skip non existing resourceDirectory C:\Users\miche\OneDrive\Desktop\DOJT\digital-ojt-development-beginner-cause-DroneInventorySystem\DroneInventorySystem\src\test\resources
2024-12-24 22:13:04,995 [Worker-56: ビルド] INFO  o.a.m.s.f.DefaultMavenResourcesFiltering - Copying 0 resource from src\main\resources to target\classes
2024-12-24 22:13:04,996 [Worker-56: ビルド] INFO  o.a.m.s.f.DefaultMavenResourcesFiltering - Copying 0 resource from src\main\resources to target\classes
2024-12-24 22:13:04,997 [Worker-56: ビルド] INFO  o.a.m.s.f.DefaultMavenResourcesFiltering - skip non existing resourceDirectory C:\Users\miche\OneDrive\Desktop\DOJT\digital-ojt-development-beginner-cause-DroneInventorySystem\DroneInventorySystem\src\test\resources
2024-12-26 20:41:47,536 [Worker-6: Loading available Gradle versions] INFO  o.e.b.c.i.u.g.PublishedGradleVersions - Gradle version information cache is out-of-date. Trying to update.
2024-12-26 21:29:13,831 [Worker-31: ビルド] INFO  o.a.m.s.f.DefaultMavenResourcesFiltering - Copying 1 resource from src\main\resources to target\classes
2024-12-26 21:29:13,864 [Worker-31: ビルド] INFO  o.a.m.s.f.DefaultMavenResourcesFiltering - Copying 47 resources from src\main\resources to target\classes
2024-12-26 21:29:13,895 [Worker-31: ビルド] INFO  o.a.m.s.f.DefaultMavenResourcesFiltering - skip non existing resourceDirectory C:\Users\miche\OneDrive\Desktop\DOJT\digital-ojt-development-beginner-cause-DroneInventorySystem\DroneInventorySystem\src\test\resources
2024-12-26 21:52:52,821 [Worker-34: ビルド] INFO  o.a.m.s.f.DefaultMavenResourcesFiltering - Copying 1 resource from src\main\resources to target\classes
2024-12-26 21:52:52,832 [Worker-34: ビルド] INFO  o.a.m.s.f.DefaultMavenResourcesFiltering - Copying 47 resources from src\main\resources to target\classes
2024-12-26 21:52:52,849 [Worker-34: ビルド] INFO  o.a.m.s.f.DefaultMavenResourcesFiltering - skip non existing resourceDirectory C:\Users\miche\OneDrive\Desktop\DOJT\digital-ojt-development-beginner-cause-DroneInventorySystem\DroneInventorySystem\src\test\resources
2024-12-26 22:23:26,655 [Worker-49: ビルド] INFO  o.a.m.s.f.DefaultMavenResourcesFiltering - Copying 1 resource from src\main\resources to target\classes
2024-12-26 22:23:26,673 [Worker-49: ビルド] INFO  o.a.m.s.f.DefaultMavenResourcesFiltering - Copying 47 resources from src\main\resources to target\classes
2024-12-26 22:23:26,693 [Worker-49: ビルド] INFO  o.a.m.s.f.DefaultMavenResourcesFiltering - skip non existing resourceDirectory C:\Users\miche\OneDrive\Desktop\DOJT\digital-ojt-development-beginner-cause-DroneInventorySystem\DroneInventorySystem\src\test\resources
2024-12-26 22:24:23,635 [Worker-48: ビルド] INFO  o.a.m.s.f.DefaultMavenResourcesFiltering - Copying 1 resource from src\main\resources to target\classes
2024-12-26 22:24:23,645 [Worker-48: ビルド] INFO  o.a.m.s.f.DefaultMavenResourcesFiltering - Copying 47 resources from src\main\resources to target\classes
2024-12-26 22:24:23,663 [Worker-48: ビルド] INFO  o.a.m.s.f.DefaultMavenResourcesFiltering - skip non existing resourceDirectory C:\Users\miche\OneDrive\Desktop\DOJT\digital-ojt-development-beginner-cause-DroneInventorySystem\DroneInventorySystem\src\test\resources
2024-12-26 22:33:10,111 [Worker-50: ビルド] INFO  o.a.m.s.f.DefaultMavenResourcesFiltering - Copying 1 resource from src\main\resources to target\classes
2024-12-26 22:33:10,139 [Worker-50: ビルド] INFO  o.a.m.s.f.DefaultMavenResourcesFiltering - Copying 47 resources from src\main\resources to target\classes
2024-12-26 22:33:10,156 [Worker-50: ビルド] INFO  o.a.m.s.f.DefaultMavenResourcesFiltering - skip non existing resourceDirectory C:\Users\miche\OneDrive\Desktop\DOJT\digital-ojt-development-beginner-cause-DroneInventorySystem\DroneInventorySystem\src\test\resources
2024-12-26 22:34:14,031 [Worker-56: ビルド] INFO  o.a.m.s.f.DefaultMavenResourcesFiltering - Copying 0 resource from src\main\resources to target\classes
2024-12-26 22:34:14,031 [Worker-56: ビルド] INFO  o.a.m.s.f.DefaultMavenResourcesFiltering - Copying 1 resource from src\main\resources to target\classes
2024-12-26 22:34:14,037 [Worker-56: ビルド] INFO  o.a.m.s.f.DefaultMavenResourcesFiltering - skip non existing resourceDirectory C:\Users\miche\OneDrive\Desktop\DOJT\digital-ojt-development-beginner-cause-DroneInventorySystem\DroneInventorySystem\src\test\resources
2024-12-26 22:35:46,896 [Worker-55: ビルド] INFO  o.a.m.s.f.DefaultMavenResourcesFiltering - Copying 1 resource from src\main\resources to target\classes
2024-12-26 22:35:46,905 [Worker-55: ビルド] INFO  o.a.m.s.f.DefaultMavenResourcesFiltering - Copying 47 resources from src\main\resources to target\classes
2024-12-26 22:35:46,927 [Worker-55: ビルド] INFO  o.a.m.s.f.DefaultMavenResourcesFiltering - skip non existing resourceDirectory C:\Users\miche\OneDrive\Desktop\DOJT\digital-ojt-development-beginner-cause-DroneInventorySystem\DroneInventorySystem\src\test\resources
2024-12-26 22:42:13,392 [Worker-60: ビルド] INFO  o.a.m.s.f.DefaultMavenResourcesFiltering - Copying 1 resource from src\main\resources to target\classes
2024-12-26 22:42:13,406 [Worker-60: ビルド] INFO  o.a.m.s.f.DefaultMavenResourcesFiltering - Copying 47 resources from src\main\resources to target\classes
2024-12-26 22:42:13,432 [Worker-60: ビルド] INFO  o.a.m.s.f.DefaultMavenResourcesFiltering - skip non existing resourceDirectory C:\Users\miche\OneDrive\Desktop\DOJT\digital-ojt-development-beginner-cause-DroneInventorySystem\DroneInventorySystem\src\test\resources
2024-12-26 22:43:04,005 [Worker-58: ビルド] INFO  o.a.m.s.f.DefaultMavenResourcesFiltering - Copying 1 resource from src\main\resources to target\classes
2024-12-26 22:43:04,016 [Worker-58: ビルド] INFO  o.a.m.s.f.DefaultMavenResourcesFiltering - Copying 47 resources from src\main\resources to target\classes
2024-12-26 22:43:04,035 [Worker-58: ビルド] INFO  o.a.m.s.f.DefaultMavenResourcesFiltering - skip non existing resourceDirectory C:\Users\miche\OneDrive\Desktop\DOJT\digital-ojt-development-beginner-cause-DroneInventorySystem\DroneInventorySystem\src\test\resources
2024-12-26 22:54:16,242 [Worker-62: ビルド] INFO  o.a.m.s.f.DefaultMavenResourcesFiltering - Copying 0 resource from src\main\resources to target\classes
2024-12-26 22:54:16,243 [Worker-62: ビルド] INFO  o.a.m.s.f.DefaultMavenResourcesFiltering - Copying 1 resource from src\main\resources to target\classes
2024-12-26 22:54:16,247 [Worker-62: ビルド] INFO  o.a.m.s.f.DefaultMavenResourcesFiltering - skip non existing resourceDirectory C:\Users\miche\OneDrive\Desktop\DOJT\digital-ojt-development-beginner-cause-DroneInventorySystem\DroneInventorySystem\src\test\resources
2024-12-26 22:54:41,457 [Worker-60: ビルド] INFO  o.a.m.s.f.DefaultMavenResourcesFiltering - Copying 1 resource from src\main\resources to target\classes
2024-12-26 22:54:41,477 [Worker-60: ビルド] INFO  o.a.m.s.f.DefaultMavenResourcesFiltering - Copying 47 resources from src\main\resources to target\classes
2024-12-26 22:54:41,496 [Worker-60: ビルド] INFO  o.a.m.s.f.DefaultMavenResourcesFiltering - skip non existing resourceDirectory C:\Users\miche\OneDrive\Desktop\DOJT\digital-ojt-development-beginner-cause-DroneInventorySystem\DroneInventorySystem\src\test\resources
2024-12-26 22:54:55,722 [Worker-60: ビルド] INFO  o.a.m.s.f.DefaultMavenResourcesFiltering - Copying 1 resource from src\main\resources to target\classes
2024-12-26 22:54:55,731 [Worker-60: ビルド] INFO  o.a.m.s.f.DefaultMavenResourcesFiltering - Copying 47 resources from src\main\resources to target\classes
2024-12-26 22:54:55,748 [Worker-60: ビルド] INFO  o.a.m.s.f.DefaultMavenResourcesFiltering - skip non existing resourceDirectory C:\Users\miche\OneDrive\Desktop\DOJT\digital-ojt-development-beginner-cause-DroneInventorySystem\DroneInventorySystem\src\test\resources
2024-12-26 22:55:39,922 [Worker-63: ビルド] INFO  o.a.m.s.f.DefaultMavenResourcesFiltering - Copying 1 resource from src\main\resources to target\classes
2024-12-26 22:55:40,095 [Worker-63: ビルド] INFO  o.a.m.s.f.DefaultMavenResourcesFiltering - Copying 47 resources from src\main\resources to target\classes
2024-12-26 22:55:40,115 [Worker-63: ビルド] INFO  o.a.m.s.f.DefaultMavenResourcesFiltering - skip non existing resourceDirectory C:\Users\miche\OneDrive\Desktop\DOJT\digital-ojt-development-beginner-cause-DroneInventorySystem\DroneInventorySystem\src\test\resources
2024-12-26 22:56:06,417 [Worker-60: ビルド] INFO  o.a.m.s.f.DefaultMavenResourcesFiltering - Copying 1 resource from src\main\resources to target\classes
2024-12-26 22:56:06,425 [Worker-60: ビルド] INFO  o.a.m.s.f.DefaultMavenResourcesFiltering - Copying 47 resources from src\main\resources to target\classes
2024-12-26 22:56:06,440 [Worker-60: ビルド] INFO  o.a.m.s.f.DefaultMavenResourcesFiltering - skip non existing resourceDirectory C:\Users\miche\OneDrive\Desktop\DOJT\digital-ojt-development-beginner-cause-DroneInventorySystem\DroneInventorySystem\src\test\resources
2024-12-26 22:57:15,204 [Worker-63: ビルド] INFO  o.a.m.s.f.DefaultMavenResourcesFiltering - Copying 1 resource from src\main\resources to target\classes
2024-12-26 22:57:15,226 [Worker-63: ビルド] INFO  o.a.m.s.f.DefaultMavenResourcesFiltering - Copying 47 resources from src\main\resources to target\classes
2024-12-26 22:57:15,248 [Worker-63: ビルド] INFO  o.a.m.s.f.DefaultMavenResourcesFiltering - skip non existing resourceDirectory C:\Users\miche\OneDrive\Desktop\DOJT\digital-ojt-development-beginner-cause-DroneInventorySystem\DroneInventorySystem\src\test\resources
2024-12-26 22:57:26,394 [Worker-61: ビルド] INFO  o.a.m.s.f.DefaultMavenResourcesFiltering - Copying 1 resource from src\main\resources to target\classes
2024-12-26 22:57:26,405 [Worker-61: ビルド] INFO  o.a.m.s.f.DefaultMavenResourcesFiltering - Copying 47 resources from src\main\resources to target\classes
2024-12-26 22:57:26,423 [Worker-61: ビルド] INFO  o.a.m.s.f.DefaultMavenResourcesFiltering - skip non existing resourceDirectory C:\Users\miche\OneDrive\Desktop\DOJT\digital-ojt-development-beginner-cause-DroneInventorySystem\DroneInventorySystem\src\test\resources
2024-12-26 22:58:11,082 [Worker-61: ビルド] INFO  o.a.m.s.f.DefaultMavenResourcesFiltering - Copying 1 resource from src\main\resources to target\classes
2024-12-26 22:58:11,092 [Worker-61: ビルド] INFO  o.a.m.s.f.DefaultMavenResourcesFiltering - Copying 47 resources from src\main\resources to target\classes
2024-12-26 22:58:11,108 [Worker-61: ビルド] INFO  o.a.m.s.f.DefaultMavenResourcesFiltering - skip non existing resourceDirectory C:\Users\miche\OneDrive\Desktop\DOJT\digital-ojt-development-beginner-cause-DroneInventorySystem\DroneInventorySystem\src\test\resources
2024-12-26 22:58:37,171 [Worker-64: ビルド] INFO  o.a.m.s.f.DefaultMavenResourcesFiltering - Copying 0 resource from src\main\resources to target\classes
2024-12-26 22:58:37,171 [Worker-64: ビルド] INFO  o.a.m.s.f.DefaultMavenResourcesFiltering - Copying 1 resource from src\main\resources to target\classes
2024-12-26 22:58:37,175 [Worker-64: ビルド] INFO  o.a.m.s.f.DefaultMavenResourcesFiltering - skip non existing resourceDirectory C:\Users\miche\OneDrive\Desktop\DOJT\digital-ojt-development-beginner-cause-DroneInventorySystem\DroneInventorySystem\src\test\resources
2024-12-26 23:00:41,838 [Worker-63: ビルド] INFO  o.a.m.s.f.DefaultMavenResourcesFiltering - Copying 1 resource from src\main\resources to target\classes
2024-12-26 23:00:41,858 [Worker-63: ビルド] INFO  o.a.m.s.f.DefaultMavenResourcesFiltering - Copying 47 resources from src\main\resources to target\classes
2024-12-26 23:00:41,875 [Worker-63: ビルド] INFO  o.a.m.s.f.DefaultMavenResourcesFiltering - skip non existing resourceDirectory C:\Users\miche\OneDrive\Desktop\DOJT\digital-ojt-development-beginner-cause-DroneInventorySystem\DroneInventorySystem\src\test\resources
2024-12-28 21:28:39,160 [Worker-3: Loading available Gradle versions] INFO  o.e.b.c.i.u.g.PublishedGradleVersions - Gradle version information cache is out-of-date. Trying to update.
2024-12-29 22:06:26,000 [Worker-0: Loading available Gradle versions] INFO  o.e.b.c.i.u.g.PublishedGradleVersions - Gradle version information cache is out-of-date. Trying to update.
2024-12-29 22:17:15,944 [Worker-15: ビルド] INFO  o.a.m.s.f.DefaultMavenResourcesFiltering - Copying 1 resource from src\main\resources to target\classes
2024-12-29 22:17:15,968 [Worker-15: ビルド] INFO  o.a.m.s.f.DefaultMavenResourcesFiltering - Copying 47 resources from src\main\resources to target\classes
2024-12-29 22:17:16,005 [Worker-15: ビルド] INFO  o.a.m.s.f.DefaultMavenResourcesFiltering - skip non existing resourceDirectory C:\Users\miche\OneDrive\Desktop\DOJT\digital-ojt-development-beginner-cause-DroneInventorySystem\DroneInventorySystem\src\test\resources
2024-12-29 22:17:40,677 [Worker-15: ビルド] INFO  o.a.m.s.f.DefaultMavenResourcesFiltering - Copying 1 resource from src\main\resources to target\classes
2024-12-29 22:17:40,684 [Worker-15: ビルド] INFO  o.a.m.s.f.DefaultMavenResourcesFiltering - Copying 0 resource from src\main\resources to target\classes
2024-12-29 22:17:40,685 [Worker-15: ビルド] INFO  o.a.m.s.f.DefaultMavenResourcesFiltering - skip non existing resourceDirectory C:\Users\miche\OneDrive\Desktop\DOJT\digital-ojt-development-beginner-cause-DroneInventorySystem\DroneInventorySystem\src\test\resources
2024-12-29 23:49:27,893 [Worker-38: ビルド] INFO  o.a.m.s.f.DefaultMavenResourcesFiltering - Copying 1 resource from src\main\resources to target\classes
2024-12-29 23:49:27,905 [Worker-38: ビルド] INFO  o.a.m.s.f.DefaultMavenResourcesFiltering - Copying 47 resources from src\main\resources to target\classes
2024-12-29 23:49:27,921 [Worker-38: ビルド] INFO  o.a.m.s.f.DefaultMavenResourcesFiltering - skip non existing resourceDirectory C:\Users\miche\OneDrive\Desktop\DOJT\digital-ojt-development-beginner-cause-DroneInventorySystem\DroneInventorySystem\src\test\resources
2024-12-29 23:52:09,304 [Worker-38: ビルド] INFO  o.a.m.s.f.DefaultMavenResourcesFiltering - Copying 1 resource from src\main\resources to target\classes
2024-12-29 23:52:09,317 [Worker-38: ビルド] INFO  o.a.m.s.f.DefaultMavenResourcesFiltering - Copying 47 resources from src\main\resources to target\classes
2024-12-29 23:52:09,336 [Worker-38: ビルド] INFO  o.a.m.s.f.DefaultMavenResourcesFiltering - skip non existing resourceDirectory C:\Users\miche\OneDrive\Desktop\DOJT\digital-ojt-development-beginner-cause-DroneInventorySystem\DroneInventorySystem\src\test\resources
2024-12-30 00:02:58,184 [Worker-51: ビルド] INFO  o.a.m.s.f.DefaultMavenResourcesFiltering - Copying 1 resource from src\main\resources to target\classes
2024-12-30 00:02:58,196 [Worker-51: ビルド] INFO  o.a.m.s.f.DefaultMavenResourcesFiltering - Copying 47 resources from src\main\resources to target\classes
2024-12-30 00:02:58,220 [Worker-51: ビルド] INFO  o.a.m.s.f.DefaultMavenResourcesFiltering - skip non existing resourceDirectory C:\Users\miche\OneDrive\Desktop\DOJT\digital-ojt-development-beginner-cause-DroneInventorySystem\DroneInventorySystem\src\test\resources
2024-12-30 00:07:04,833 [Worker-55: ビルド] INFO  o.a.m.s.f.DefaultMavenResourcesFiltering - Copying 1 resource from src\main\resources to target\classes
2024-12-30 00:07:04,854 [Worker-55: ビルド] INFO  o.a.m.s.f.DefaultMavenResourcesFiltering - Copying 47 resources from src\main\resources to target\classes
2024-12-30 00:07:04,873 [Worker-55: ビルド] INFO  o.a.m.s.f.DefaultMavenResourcesFiltering - skip non existing resourceDirectory C:\Users\miche\OneDrive\Desktop\DOJT\digital-ojt-development-beginner-cause-DroneInventorySystem\DroneInventorySystem\src\test\resources
2024-12-30 00:18:27,306 [Worker-6: Loading available Gradle versions] INFO  o.e.b.c.i.u.g.PublishedGradleVersions - Gradle version information cache is up-to-date. Trying to read.
2024-12-30 00:47:39,828 [Worker-3: Loading available Gradle versions] INFO  o.e.b.c.i.u.g.PublishedGradleVersions - Gradle version information cache is up-to-date. Trying to read.
2025-01-06 19:19:43,179 [Worker-10: Loading available Gradle versions] INFO  o.e.b.c.i.u.g.PublishedGradleVersions - Gradle version information cache is out-of-date. Trying to update.
2025-01-06 20:57:36,464 [Worker-12: ビルド] INFO  o.a.m.s.f.DefaultMavenResourcesFiltering - Copying 1 resource from src\main\resources to target\classes
2025-01-06 20:57:36,494 [Worker-12: ビルド] INFO  o.a.m.s.f.DefaultMavenResourcesFiltering - Copying 47 resources from src\main\resources to target\classes
2025-01-06 20:57:36,568 [Worker-12: ビルド] INFO  o.a.m.s.f.DefaultMavenResourcesFiltering - skip non existing resourceDirectory C:\Users\miche\OneDrive\Desktop\DOJT\digital-ojt-development-beginner-cause-DroneInventorySystem\DroneInventorySystem\src\test\resources
2025-01-06 20:57:50,980 [Worker-21: ビルド] INFO  o.a.m.s.f.DefaultMavenResourcesFiltering - Copying 1 resource from src\main\resources to target\classes
2025-01-06 20:57:50,996 [Worker-21: ビルド] INFO  o.a.m.s.f.DefaultMavenResourcesFiltering - Copying 47 resources from src\main\resources to target\classes
2025-01-06 20:57:51,012 [Worker-21: ビルド] INFO  o.a.m.s.f.DefaultMavenResourcesFiltering - skip non existing resourceDirectory C:\Users\miche\OneDrive\Desktop\DOJT\digital-ojt-development-beginner-cause-DroneInventorySystem\DroneInventorySystem\src\test\resources
2025-01-06 21:05:59,385 [Worker-29: ビルド] INFO  o.a.m.s.f.DefaultMavenResourcesFiltering - Copying 1 resource from src\main\resources to target\classes
2025-01-06 21:05:59,397 [Worker-29: ビルド] INFO  o.a.m.s.f.DefaultMavenResourcesFiltering - Copying 47 resources from src\main\resources to target\classes
2025-01-06 21:05:59,417 [Worker-29: ビルド] INFO  o.a.m.s.f.DefaultMavenResourcesFiltering - skip non existing resourceDirectory C:\Users\miche\OneDrive\Desktop\DOJT\digital-ojt-development-beginner-cause-DroneInventorySystem\DroneInventorySystem\src\test\resources
2025-01-06 21:25:35,952 [Worker-27: ビルド] INFO  o.a.m.s.f.DefaultMavenResourcesFiltering - Copying 0 resource from src\main\resources to target\classes
2025-01-06 21:25:35,953 [Worker-27: ビルド] INFO  o.a.m.s.f.DefaultMavenResourcesFiltering - Copying 1 resource from src\main\resources to target\classes
2025-01-06 21:25:35,959 [Worker-27: ビルド] INFO  o.a.m.s.f.DefaultMavenResourcesFiltering - skip non existing resourceDirectory C:\Users\miche\OneDrive\Desktop\DOJT\digital-ojt-development-beginner-cause-DroneInventorySystem\DroneInventorySystem\src\test\resources
2025-01-06 21:28:47,117 [Worker-32: ビルド] INFO  o.a.m.s.f.DefaultMavenResourcesFiltering - Copying 0 resource from src\main\resources to target\classes
2025-01-06 21:28:47,117 [Worker-32: ビルド] INFO  o.a.m.s.f.DefaultMavenResourcesFiltering - Copying 1 resource from src\main\resources to target\classes
2025-01-06 21:28:47,120 [Worker-32: ビルド] INFO  o.a.m.s.f.DefaultMavenResourcesFiltering - skip non existing resourceDirectory C:\Users\miche\OneDrive\Desktop\DOJT\digital-ojt-development-beginner-cause-DroneInventorySystem\DroneInventorySystem\src\test\resources
2025-01-06 21:39:56,902 [Worker-33: ビルド] INFO  o.a.m.s.f.DefaultMavenResourcesFiltering - Copying 0 resource from src\main\resources to target\classes
2025-01-06 21:39:56,902 [Worker-33: ビルド] INFO  o.a.m.s.f.DefaultMavenResourcesFiltering - Copying 1 resource from src\main\resources to target\classes
2025-01-06 21:39:56,906 [Worker-33: ビルド] INFO  o.a.m.s.f.DefaultMavenResourcesFiltering - skip non existing resourceDirectory C:\Users\miche\OneDrive\Desktop\DOJT\digital-ojt-development-beginner-cause-DroneInventorySystem\DroneInventorySystem\src\test\resources
2025-01-06 21:42:30,090 [Worker-38: ビルド] INFO  o.a.m.s.f.DefaultMavenResourcesFiltering - Copying 0 resource from src\main\resources to target\classes
2025-01-06 21:42:30,091 [Worker-38: ビルド] INFO  o.a.m.s.f.DefaultMavenResourcesFiltering - Copying 1 resource from src\main\resources to target\classes
2025-01-06 21:42:30,094 [Worker-38: ビルド] INFO  o.a.m.s.f.DefaultMavenResourcesFiltering - skip non existing resourceDirectory C:\Users\miche\OneDrive\Desktop\DOJT\digital-ojt-development-beginner-cause-DroneInventorySystem\DroneInventorySystem\src\test\resources
2025-01-06 21:47:09,681 [Worker-42: ビルド] INFO  o.a.m.s.f.DefaultMavenResourcesFiltering - Copying 0 resource from src\main\resources to target\classes
2025-01-06 21:47:09,681 [Worker-42: ビルド] INFO  o.a.m.s.f.DefaultMavenResourcesFiltering - Copying 1 resource from src\main\resources to target\classes
2025-01-06 21:47:09,688 [Worker-42: ビルド] INFO  o.a.m.s.f.DefaultMavenResourcesFiltering - skip non existing resourceDirectory C:\Users\miche\OneDrive\Desktop\DOJT\digital-ojt-development-beginner-cause-DroneInventorySystem\DroneInventorySystem\src\test\resources
2025-01-06 21:48:11,179 [Worker-47: ビルド] INFO  o.a.m.s.f.DefaultMavenResourcesFiltering - Copying 0 resource from src\main\resources to target\classes
2025-01-06 21:48:11,180 [Worker-47: ビルド] INFO  o.a.m.s.f.DefaultMavenResourcesFiltering - Copying 1 resource from src\main\resources to target\classes
2025-01-06 21:48:11,183 [Worker-47: ビルド] INFO  o.a.m.s.f.DefaultMavenResourcesFiltering - skip non existing resourceDirectory C:\Users\miche\OneDrive\Desktop\DOJT\digital-ojt-development-beginner-cause-DroneInventorySystem\DroneInventorySystem\src\test\resources
2025-01-06 21:48:25,715 [Worker-45: ビルド] INFO  o.a.m.s.f.DefaultMavenResourcesFiltering - Copying 0 resource from src\main\resources to target\classes
2025-01-06 21:48:25,715 [Worker-45: ビルド] INFO  o.a.m.s.f.DefaultMavenResourcesFiltering - Copying 1 resource from src\main\resources to target\classes
2025-01-06 21:48:25,722 [Worker-45: ビルド] INFO  o.a.m.s.f.DefaultMavenResourcesFiltering - skip non existing resourceDirectory C:\Users\miche\OneDrive\Desktop\DOJT\digital-ojt-development-beginner-cause-DroneInventorySystem\DroneInventorySystem\src\test\resources
2025-01-06 21:49:07,212 [Worker-49: ビルド] INFO  o.a.m.s.f.DefaultMavenResourcesFiltering - Copying 0 resource from src\main\resources to target\classes
2025-01-06 21:49:07,214 [Worker-49: ビルド] INFO  o.a.m.s.f.DefaultMavenResourcesFiltering - Copying 1 resource from src\main\resources to target\classes
2025-01-06 21:49:07,218 [Worker-49: ビルド] INFO  o.a.m.s.f.DefaultMavenResourcesFiltering - skip non existing resourceDirectory C:\Users\miche\OneDrive\Desktop\DOJT\digital-ojt-development-beginner-cause-DroneInventorySystem\DroneInventorySystem\src\test\resources
2025-01-06 21:55:02,231 [Worker-45: ビルド] INFO  o.a.m.s.f.DefaultMavenResourcesFiltering - Copying 0 resource from src\main\resources to target\classes
2025-01-06 21:55:02,231 [Worker-45: ビルド] INFO  o.a.m.s.f.DefaultMavenResourcesFiltering - Copying 1 resource from src\main\resources to target\classes
2025-01-06 21:55:02,235 [Worker-45: ビルド] INFO  o.a.m.s.f.DefaultMavenResourcesFiltering - skip non existing resourceDirectory C:\Users\miche\OneDrive\Desktop\DOJT\digital-ojt-development-beginner-cause-DroneInventorySystem\DroneInventorySystem\src\test\resources
2025-01-06 21:55:11,810 [Worker-50: ビルド] INFO  o.a.m.s.f.DefaultMavenResourcesFiltering - Copying 0 resource from src\main\resources to target\classes
2025-01-06 21:55:11,811 [Worker-50: ビルド] INFO  o.a.m.s.f.DefaultMavenResourcesFiltering - Copying 1 resource from src\main\resources to target\classes
2025-01-06 21:55:11,815 [Worker-50: ビルド] INFO  o.a.m.s.f.DefaultMavenResourcesFiltering - skip non existing resourceDirectory C:\Users\miche\OneDrive\Desktop\DOJT\digital-ojt-development-beginner-cause-DroneInventorySystem\DroneInventorySystem\src\test\resources
2025-01-06 22:08:47,451 [Worker-54: ビルド] INFO  o.a.m.s.f.DefaultMavenResourcesFiltering - Copying 0 resource from src\main\resources to target\classes
2025-01-06 22:08:47,452 [Worker-54: ビルド] INFO  o.a.m.s.f.DefaultMavenResourcesFiltering - Copying 1 resource from src\main\resources to target\classes
2025-01-06 22:08:47,456 [Worker-54: ビルド] INFO  o.a.m.s.f.DefaultMavenResourcesFiltering - skip non existing resourceDirectory C:\Users\miche\OneDrive\Desktop\DOJT\digital-ojt-development-beginner-cause-DroneInventorySystem\DroneInventorySystem\src\test\resources
2025-01-06 22:10:46,413 [Worker-54: ビルド] INFO  o.a.m.s.f.DefaultMavenResourcesFiltering - Copying 0 resource from src\main\resources to target\classes
2025-01-06 22:10:46,413 [Worker-54: ビルド] INFO  o.a.m.s.f.DefaultMavenResourcesFiltering - Copying 1 resource from src\main\resources to target\classes
2025-01-06 22:10:46,417 [Worker-54: ビルド] INFO  o.a.m.s.f.DefaultMavenResourcesFiltering - skip non existing resourceDirectory C:\Users\miche\OneDrive\Desktop\DOJT\digital-ojt-development-beginner-cause-DroneInventorySystem\DroneInventorySystem\src\test\resources
2025-01-06 22:15:10,984 [Worker-60: ビルド] INFO  o.a.m.s.f.DefaultMavenResourcesFiltering - Copying 0 resource from src\main\resources to target\classes
2025-01-06 22:15:10,984 [Worker-60: ビルド] INFO  o.a.m.s.f.DefaultMavenResourcesFiltering - Copying 1 resource from src\main\resources to target\classes
2025-01-06 22:15:10,990 [Worker-60: ビルド] INFO  o.a.m.s.f.DefaultMavenResourcesFiltering - skip non existing resourceDirectory C:\Users\miche\OneDrive\Desktop\DOJT\digital-ojt-development-beginner-cause-DroneInventorySystem\DroneInventorySystem\src\test\resources
2025-01-06 22:16:09,198 [Worker-61: ビルド] INFO  o.a.m.s.f.DefaultMavenResourcesFiltering - Copying 0 resource from src\main\resources to target\classes
2025-01-06 22:16:09,199 [Worker-61: ビルド] INFO  o.a.m.s.f.DefaultMavenResourcesFiltering - Copying 1 resource from src\main\resources to target\classes
2025-01-06 22:16:09,202 [Worker-61: ビルド] INFO  o.a.m.s.f.DefaultMavenResourcesFiltering - skip non existing resourceDirectory C:\Users\miche\OneDrive\Desktop\DOJT\digital-ojt-development-beginner-cause-DroneInventorySystem\DroneInventorySystem\src\test\resources
2025-01-06 22:17:00,741 [Worker-54: ビルド] INFO  o.a.m.s.f.DefaultMavenResourcesFiltering - Copying 0 resource from src\main\resources to target\classes
2025-01-06 22:17:00,742 [Worker-54: ビルド] INFO  o.a.m.s.f.DefaultMavenResourcesFiltering - Copying 1 resource from src\main\resources to target\classes
2025-01-06 22:17:00,745 [Worker-54: ビルド] INFO  o.a.m.s.f.DefaultMavenResourcesFiltering - skip non existing resourceDirectory C:\Users\miche\OneDrive\Desktop\DOJT\digital-ojt-development-beginner-cause-DroneInventorySystem\DroneInventorySystem\src\test\resources
2025-01-07 21:56:48,040 [Worker-64: ビルド] INFO  o.a.m.s.f.DefaultMavenResourcesFiltering - Copying 0 resource from src\main\resources to target\classes
2025-01-07 21:56:48,042 [Worker-64: ビルド] INFO  o.a.m.s.f.DefaultMavenResourcesFiltering - Copying 1 resource from src\main\resources to target\classes
2025-01-07 21:56:48,048 [Worker-64: ビルド] INFO  o.a.m.s.f.DefaultMavenResourcesFiltering - skip non existing resourceDirectory C:\Users\miche\OneDrive\Desktop\DOJT\digital-ojt-development-beginner-cause-DroneInventorySystem\DroneInventorySystem\src\test\resources
2025-01-07 22:01:56,496 [Worker-71: ビルド] INFO  o.a.m.s.f.DefaultMavenResourcesFiltering - Copying 0 resource from src\main\resources to target\classes
2025-01-07 22:01:56,497 [Worker-71: ビルド] INFO  o.a.m.s.f.DefaultMavenResourcesFiltering - Copying 1 resource from src\main\resources to target\classes
2025-01-07 22:01:56,503 [Worker-71: ビルド] INFO  o.a.m.s.f.DefaultMavenResourcesFiltering - skip non existing resourceDirectory C:\Users\miche\OneDrive\Desktop\DOJT\digital-ojt-development-beginner-cause-DroneInventorySystem\DroneInventorySystem\src\test\resources
2025-01-07 22:03:34,513 [Worker-72: ビルド] INFO  o.a.m.s.f.DefaultMavenResourcesFiltering - Copying 0 resource from src\main\resources to target\classes
2025-01-07 22:03:34,514 [Worker-72: ビルド] INFO  o.a.m.s.f.DefaultMavenResourcesFiltering - Copying 1 resource from src\main\resources to target\classes
2025-01-07 22:03:34,521 [Worker-72: ビルド] INFO  o.a.m.s.f.DefaultMavenResourcesFiltering - skip non existing resourceDirectory C:\Users\miche\OneDrive\Desktop\DOJT\digital-ojt-development-beginner-cause-DroneInventorySystem\DroneInventorySystem\src\test\resources
2025-01-07 22:06:51,497 [Worker-75: ビルド] INFO  o.a.m.s.f.DefaultMavenResourcesFiltering - Copying 0 resource from src\main\resources to target\classes
2025-01-07 22:06:51,498 [Worker-75: ビルド] INFO  o.a.m.s.f.DefaultMavenResourcesFiltering - Copying 1 resource from src\main\resources to target\classes
2025-01-07 22:06:51,501 [Worker-75: ビルド] INFO  o.a.m.s.f.DefaultMavenResourcesFiltering - skip non existing resourceDirectory C:\Users\miche\OneDrive\Desktop\DOJT\digital-ojt-development-beginner-cause-DroneInventorySystem\DroneInventorySystem\src\test\resources
2025-01-07 22:07:15,480 [Worker-71: ビルド] INFO  o.a.m.s.f.DefaultMavenResourcesFiltering - Copying 0 resource from src\main\resources to target\classes
2025-01-07 22:07:15,482 [Worker-71: ビルド] INFO  o.a.m.s.f.DefaultMavenResourcesFiltering - Copying 1 resource from src\main\resources to target\classes
2025-01-07 22:07:15,487 [Worker-71: ビルド] INFO  o.a.m.s.f.DefaultMavenResourcesFiltering - skip non existing resourceDirectory C:\Users\miche\OneDrive\Desktop\DOJT\digital-ojt-development-beginner-cause-DroneInventorySystem\DroneInventorySystem\src\test\resources
2025-01-07 22:09:02,964 [Worker-71: ビルド] INFO  o.a.m.s.f.DefaultMavenResourcesFiltering - Copying 0 resource from src\main\resources to target\classes
2025-01-07 22:09:02,964 [Worker-71: ビルド] INFO  o.a.m.s.f.DefaultMavenResourcesFiltering - Copying 1 resource from src\main\resources to target\classes
2025-01-07 22:09:02,968 [Worker-71: ビルド] INFO  o.a.m.s.f.DefaultMavenResourcesFiltering - skip non existing resourceDirectory C:\Users\miche\OneDrive\Desktop\DOJT\digital-ojt-development-beginner-cause-DroneInventorySystem\DroneInventorySystem\src\test\resources
2025-01-07 22:18:44,430 [Worker-74: ビルド] INFO  o.a.m.s.f.DefaultMavenResourcesFiltering - Copying 0 resource from src\main\resources to target\classes
2025-01-07 22:18:44,430 [Worker-74: ビルド] INFO  o.a.m.s.f.DefaultMavenResourcesFiltering - Copying 1 resource from src\main\resources to target\classes
2025-01-07 22:18:44,435 [Worker-74: ビルド] INFO  o.a.m.s.f.DefaultMavenResourcesFiltering - skip non existing resourceDirectory C:\Users\miche\OneDrive\Desktop\DOJT\digital-ojt-development-beginner-cause-DroneInventorySystem\DroneInventorySystem\src\test\resources
2025-01-07 22:18:56,913 [Worker-79: ビルド] INFO  o.a.m.s.f.DefaultMavenResourcesFiltering - Copying 0 resource from src\main\resources to target\classes
2025-01-07 22:18:56,913 [Worker-79: ビルド] INFO  o.a.m.s.f.DefaultMavenResourcesFiltering - Copying 1 resource from src\main\resources to target\classes
2025-01-07 22:18:56,916 [Worker-79: ビルド] INFO  o.a.m.s.f.DefaultMavenResourcesFiltering - skip non existing resourceDirectory C:\Users\miche\OneDrive\Desktop\DOJT\digital-ojt-development-beginner-cause-DroneInventorySystem\DroneInventorySystem\src\test\resources
2025-01-07 22:19:32,462 [Worker-78: ビルド] INFO  o.a.m.s.f.DefaultMavenResourcesFiltering - Copying 0 resource from src\main\resources to target\classes
2025-01-07 22:19:32,464 [Worker-78: ビルド] INFO  o.a.m.s.f.DefaultMavenResourcesFiltering - Copying 1 resource from src\main\resources to target\classes
2025-01-07 22:19:32,469 [Worker-78: ビルド] INFO  o.a.m.s.f.DefaultMavenResourcesFiltering - skip non existing resourceDirectory C:\Users\miche\OneDrive\Desktop\DOJT\digital-ojt-development-beginner-cause-DroneInventorySystem\DroneInventorySystem\src\test\resources
2025-01-07 22:19:37,001 [Text Viewer Hover Presenter] INFO  o.t.e.e.d.ProjectDependencyDialectLocator - Scanning for dialect help files on project dependencies
2025-01-07 22:19:37,184 [pool-757-thread-7] INFO  o.t.e.e.d.ProjectDependencyDialectLocator - Help file found: Standard-Dialect.xml
2025-01-07 22:19:50,690 [Worker-78: ビルド] INFO  o.a.m.s.f.DefaultMavenResourcesFiltering - Copying 0 resource from src\main\resources to target\classes
2025-01-07 22:19:50,691 [Worker-78: ビルド] INFO  o.a.m.s.f.DefaultMavenResourcesFiltering - Copying 1 resource from src\main\resources to target\classes
2025-01-07 22:19:50,694 [Worker-78: ビルド] INFO  o.a.m.s.f.DefaultMavenResourcesFiltering - skip non existing resourceDirectory C:\Users\miche\OneDrive\Desktop\DOJT\digital-ojt-development-beginner-cause-DroneInventorySystem\DroneInventorySystem\src\test\resources
2025-01-07 22:24:37,211 [Worker-77: ビルド] INFO  o.a.m.s.f.DefaultMavenResourcesFiltering - Copying 0 resource from src\main\resources to target\classes
2025-01-07 22:24:37,211 [Worker-77: ビルド] INFO  o.a.m.s.f.DefaultMavenResourcesFiltering - Copying 1 resource from src\main\resources to target\classes
2025-01-07 22:24:37,216 [Worker-77: ビルド] INFO  o.a.m.s.f.DefaultMavenResourcesFiltering - skip non existing resourceDirectory C:\Users\miche\OneDrive\Desktop\DOJT\digital-ojt-development-beginner-cause-DroneInventorySystem\DroneInventorySystem\src\test\resources
2025-01-07 22:24:41,174 [Worker-77: ビルド] INFO  o.a.m.s.f.DefaultMavenResourcesFiltering - Copying 0 resource from src\main\resources to target\classes
2025-01-07 22:24:41,174 [Worker-77: ビルド] INFO  o.a.m.s.f.DefaultMavenResourcesFiltering - Copying 1 resource from src\main\resources to target\classes
2025-01-07 22:24:41,178 [Worker-77: ビルド] INFO  o.a.m.s.f.DefaultMavenResourcesFiltering - skip non existing resourceDirectory C:\Users\miche\OneDrive\Desktop\DOJT\digital-ojt-development-beginner-cause-DroneInventorySystem\DroneInventorySystem\src\test\resources
2025-01-07 22:26:29,536 [Worker-77: ビルド] INFO  o.a.m.s.f.DefaultMavenResourcesFiltering - Copying 0 resource from src\main\resources to target\classes
2025-01-07 22:26:29,537 [Worker-77: ビルド] INFO  o.a.m.s.f.DefaultMavenResourcesFiltering - Copying 1 resource from src\main\resources to target\classes
2025-01-07 22:26:29,539 [Worker-77: ビルド] INFO  o.a.m.s.f.DefaultMavenResourcesFiltering - skip non existing resourceDirectory C:\Users\miche\OneDrive\Desktop\DOJT\digital-ojt-development-beginner-cause-DroneInventorySystem\DroneInventorySystem\src\test\resources
2025-01-07 22:27:07,787 [Worker-77: ビルド] INFO  o.a.m.s.f.DefaultMavenResourcesFiltering - Copying 0 resource from src\main\resources to target\classes
2025-01-07 22:27:07,787 [Worker-77: ビルド] INFO  o.a.m.s.f.DefaultMavenResourcesFiltering - Copying 1 resource from src\main\resources to target\classes
2025-01-07 22:27:07,792 [Worker-77: ビルド] INFO  o.a.m.s.f.DefaultMavenResourcesFiltering - skip non existing resourceDirectory C:\Users\miche\OneDrive\Desktop\DOJT\digital-ojt-development-beginner-cause-DroneInventorySystem\DroneInventorySystem\src\test\resources
2025-01-07 22:29:30,509 [Worker-86: ビルド] INFO  o.a.m.s.f.DefaultMavenResourcesFiltering - Copying 0 resource from src\main\resources to target\classes
2025-01-07 22:29:30,509 [Worker-86: ビルド] INFO  o.a.m.s.f.DefaultMavenResourcesFiltering - Copying 1 resource from src\main\resources to target\classes
2025-01-07 22:29:30,513 [Worker-86: ビルド] INFO  o.a.m.s.f.DefaultMavenResourcesFiltering - skip non existing resourceDirectory C:\Users\miche\OneDrive\Desktop\DOJT\digital-ojt-development-beginner-cause-DroneInventorySystem\DroneInventorySystem\src\test\resources
2025-01-07 22:30:46,534 [Worker-84: ビルド] INFO  o.a.m.s.f.DefaultMavenResourcesFiltering - Copying 0 resource from src\main\resources to target\classes
2025-01-07 22:30:46,534 [Worker-84: ビルド] INFO  o.a.m.s.f.DefaultMavenResourcesFiltering - Copying 1 resource from src\main\resources to target\classes
2025-01-07 22:30:46,538 [Worker-84: ビルド] INFO  o.a.m.s.f.DefaultMavenResourcesFiltering - skip non existing resourceDirectory C:\Users\miche\OneDrive\Desktop\DOJT\digital-ojt-development-beginner-cause-DroneInventorySystem\DroneInventorySystem\src\test\resources
2025-01-07 22:31:12,400 [Worker-86: ビルド] INFO  o.a.m.s.f.DefaultMavenResourcesFiltering - Copying 0 resource from src\main\resources to target\classes
2025-01-07 22:31:12,401 [Worker-86: ビルド] INFO  o.a.m.s.f.DefaultMavenResourcesFiltering - Copying 1 resource from src\main\resources to target\classes
2025-01-07 22:31:12,405 [Worker-86: ビルド] INFO  o.a.m.s.f.DefaultMavenResourcesFiltering - skip non existing resourceDirectory C:\Users\miche\OneDrive\Desktop\DOJT\digital-ojt-development-beginner-cause-DroneInventorySystem\DroneInventorySystem\src\test\resources
2025-01-07 22:32:38,568 [Worker-88: ビルド] INFO  o.a.m.s.f.DefaultMavenResourcesFiltering - Copying 0 resource from src\main\resources to target\classes
2025-01-07 22:32:38,569 [Worker-88: ビルド] INFO  o.a.m.s.f.DefaultMavenResourcesFiltering - Copying 1 resource from src\main\resources to target\classes
2025-01-07 22:32:38,571 [Worker-88: ビルド] INFO  o.a.m.s.f.DefaultMavenResourcesFiltering - skip non existing resourceDirectory C:\Users\miche\OneDrive\Desktop\DOJT\digital-ojt-development-beginner-cause-DroneInventorySystem\DroneInventorySystem\src\test\resources
2025-01-07 22:39:28,421 [Worker-94: ビルド] INFO  o.a.m.s.f.DefaultMavenResourcesFiltering - Copying 0 resource from src\main\resources to target\classes
2025-01-07 22:39:28,422 [Worker-94: ビルド] INFO  o.a.m.s.f.DefaultMavenResourcesFiltering - Copying 1 resource from src\main\resources to target\classes
2025-01-07 22:39:28,425 [Worker-94: ビルド] INFO  o.a.m.s.f.DefaultMavenResourcesFiltering - skip non existing resourceDirectory C:\Users\miche\OneDrive\Desktop\DOJT\digital-ojt-development-beginner-cause-DroneInventorySystem\DroneInventorySystem\src\test\resources
2025-01-07 22:42:10,389 [Worker-90: ビルド] INFO  o.a.m.s.f.DefaultMavenResourcesFiltering - Copying 0 resource from src\main\resources to target\classes
2025-01-07 22:42:10,390 [Worker-90: ビルド] INFO  o.a.m.s.f.DefaultMavenResourcesFiltering - Copying 1 resource from src\main\resources to target\classes
2025-01-07 22:42:10,393 [Worker-90: ビルド] INFO  o.a.m.s.f.DefaultMavenResourcesFiltering - skip non existing resourceDirectory C:\Users\miche\OneDrive\Desktop\DOJT\digital-ojt-development-beginner-cause-DroneInventorySystem\DroneInventorySystem\src\test\resources
2025-01-07 22:42:21,438 [Worker-99: ビルド] INFO  o.a.m.s.f.DefaultMavenResourcesFiltering - Copying 0 resource from src\main\resources to target\classes
2025-01-07 22:42:21,438 [Worker-99: ビルド] INFO  o.a.m.s.f.DefaultMavenResourcesFiltering - Copying 1 resource from src\main\resources to target\classes
2025-01-07 22:42:21,438 [Worker-99: ビルド] INFO  o.a.m.s.f.DefaultMavenResourcesFiltering - skip non existing resourceDirectory C:\Users\miche\OneDrive\Desktop\DOJT\digital-ojt-development-beginner-cause-DroneInventorySystem\DroneInventorySystem\src\test\resources
2025-01-07 22:47:58,772 [Worker-97: ビルド] INFO  o.a.m.s.f.DefaultMavenResourcesFiltering - Copying 0 resource from src\main\resources to target\classes
2025-01-07 22:47:58,773 [Worker-97: ビルド] INFO  o.a.m.s.f.DefaultMavenResourcesFiltering - Copying 1 resource from src\main\resources to target\classes
2025-01-07 22:47:58,776 [Worker-97: ビルド] INFO  o.a.m.s.f.DefaultMavenResourcesFiltering - skip non existing resourceDirectory C:\Users\miche\OneDrive\Desktop\DOJT\digital-ojt-development-beginner-cause-DroneInventorySystem\DroneInventorySystem\src\test\resources
2025-01-07 22:48:12,216 [Worker-97: ビルド] INFO  o.a.m.s.f.DefaultMavenResourcesFiltering - Copying 0 resource from src\main\resources to target\classes
2025-01-07 22:48:12,216 [Worker-97: ビルド] INFO  o.a.m.s.f.DefaultMavenResourcesFiltering - Copying 1 resource from src\main\resources to target\classes
2025-01-07 22:48:12,219 [Worker-97: ビルド] INFO  o.a.m.s.f.DefaultMavenResourcesFiltering - skip non existing resourceDirectory C:\Users\miche\OneDrive\Desktop\DOJT\digital-ojt-development-beginner-cause-DroneInventorySystem\DroneInventorySystem\src\test\resources
2025-01-07 22:48:30,406 [Worker-90: ビルド] INFO  o.a.m.s.f.DefaultMavenResourcesFiltering - Copying 0 resource from src\main\resources to target\classes
2025-01-07 22:48:30,406 [Worker-90: ビルド] INFO  o.a.m.s.f.DefaultMavenResourcesFiltering - Copying 1 resource from src\main\resources to target\classes
2025-01-07 22:48:30,410 [Worker-90: ビルド] INFO  o.a.m.s.f.DefaultMavenResourcesFiltering - skip non existing resourceDirectory C:\Users\miche\OneDrive\Desktop\DOJT\digital-ojt-development-beginner-cause-DroneInventorySystem\DroneInventorySystem\src\test\resources
2025-01-07 22:49:55,181 [Worker-102: ビルド] INFO  o.a.m.s.f.DefaultMavenResourcesFiltering - Copying 0 resource from src\main\resources to target\classes
2025-01-07 22:49:55,182 [Worker-102: ビルド] INFO  o.a.m.s.f.DefaultMavenResourcesFiltering - Copying 1 resource from src\main\resources to target\classes
2025-01-07 22:49:55,186 [Worker-102: ビルド] INFO  o.a.m.s.f.DefaultMavenResourcesFiltering - skip non existing resourceDirectory C:\Users\miche\OneDrive\Desktop\DOJT\digital-ojt-development-beginner-cause-DroneInventorySystem\DroneInventorySystem\src\test\resources
2025-01-07 22:50:22,812 [Worker-97: ビルド] INFO  o.a.m.s.f.DefaultMavenResourcesFiltering - Copying 0 resource from src\main\resources to target\classes
2025-01-07 22:50:22,813 [Worker-97: ビルド] INFO  o.a.m.s.f.DefaultMavenResourcesFiltering - Copying 1 resource from src\main\resources to target\classes
2025-01-07 22:50:22,816 [Worker-97: ビルド] INFO  o.a.m.s.f.DefaultMavenResourcesFiltering - skip non existing resourceDirectory C:\Users\miche\OneDrive\Desktop\DOJT\digital-ojt-development-beginner-cause-DroneInventorySystem\DroneInventorySystem\src\test\resources
2025-01-07 23:01:48,577 [Worker-107: ビルド] INFO  o.a.m.s.f.DefaultMavenResourcesFiltering - Copying 0 resource from src\main\resources to target\classes
2025-01-07 23:01:48,577 [Worker-107: ビルド] INFO  o.a.m.s.f.DefaultMavenResourcesFiltering - Copying 1 resource from src\main\resources to target\classes
2025-01-07 23:01:48,580 [Worker-107: ビルド] INFO  o.a.m.s.f.DefaultMavenResourcesFiltering - skip non existing resourceDirectory C:\Users\miche\OneDrive\Desktop\DOJT\digital-ojt-development-beginner-cause-DroneInventorySystem\DroneInventorySystem\src\test\resources
2025-01-07 23:02:09,140 [Worker-107: ビルド] INFO  o.a.m.s.f.DefaultMavenResourcesFiltering - Copying 0 resource from src\main\resources to target\classes
2025-01-07 23:02:09,140 [Worker-107: ビルド] INFO  o.a.m.s.f.DefaultMavenResourcesFiltering - Copying 1 resource from src\main\resources to target\classes
2025-01-07 23:02:09,144 [Worker-107: ビルド] INFO  o.a.m.s.f.DefaultMavenResourcesFiltering - skip non existing resourceDirectory C:\Users\miche\OneDrive\Desktop\DOJT\digital-ojt-development-beginner-cause-DroneInventorySystem\DroneInventorySystem\src\test\resources
2025-01-07 23:04:58,186 [Worker-108: ビルド] INFO  o.a.m.s.f.DefaultMavenResourcesFiltering - Copying 0 resource from src\main\resources to target\classes
2025-01-07 23:04:58,187 [Worker-108: ビルド] INFO  o.a.m.s.f.DefaultMavenResourcesFiltering - Copying 1 resource from src\main\resources to target\classes
2025-01-07 23:04:58,190 [Worker-108: ビルド] INFO  o.a.m.s.f.DefaultMavenResourcesFiltering - skip non existing resourceDirectory C:\Users\miche\OneDrive\Desktop\DOJT\digital-ojt-development-beginner-cause-DroneInventorySystem\DroneInventorySystem\src\test\resources
2025-01-07 23:05:13,585 [Worker-109: ビルド] INFO  o.a.m.s.f.DefaultMavenResourcesFiltering - Copying 0 resource from src\main\resources to target\classes
2025-01-07 23:05:13,586 [Worker-109: ビルド] INFO  o.a.m.s.f.DefaultMavenResourcesFiltering - Copying 1 resource from src\main\resources to target\classes
2025-01-07 23:05:13,590 [Worker-109: ビルド] INFO  o.a.m.s.f.DefaultMavenResourcesFiltering - skip non existing resourceDirectory C:\Users\miche\OneDrive\Desktop\DOJT\digital-ojt-development-beginner-cause-DroneInventorySystem\DroneInventorySystem\src\test\resources
2025-01-08 21:46:24,919 [Worker-6: Loading available Gradle versions] INFO  o.e.b.c.i.u.g.PublishedGradleVersions - Gradle version information cache is out-of-date. Trying to update.
2025-01-10 22:20:47,375 [Worker-6: Loading available Gradle versions] INFO  o.e.b.c.i.u.g.PublishedGradleVersions - Gradle version information cache is out-of-date. Trying to update.
2025-01-10 22:21:40,037 [Worker-10: ビルド] INFO  o.a.m.s.f.DefaultMavenResourcesFiltering - Copying 1 resource from src\main\resources to target\classes
2025-01-10 22:21:40,058 [Worker-10: ビルド] INFO  o.a.m.s.f.DefaultMavenResourcesFiltering - Copying 48 resources from src\main\resources to target\classes
2025-01-10 22:21:40,137 [Worker-10: ビルド] INFO  o.a.m.s.f.DefaultMavenResourcesFiltering - skip non existing resourceDirectory C:\Users\miche\OneDrive\Desktop\DOJT\digital-ojt-development-beginner-cause-DroneInventorySystem\DroneInventorySystem\src\test\resources
2025-01-12 20:32:31,193 [Worker-3: Loading available Gradle versions] INFO  o.e.b.c.i.u.g.PublishedGradleVersions - Gradle version information cache is out-of-date. Trying to update.
2025-01-14 20:12:21,526 [Worker-4: Loading available Gradle versions] INFO  o.e.b.c.i.u.g.PublishedGradleVersions - Gradle version information cache is out-of-date. Trying to update.
2025-01-18 18:36:15,362 [Worker-2: Loading available Gradle versions] INFO  o.e.b.c.i.u.g.PublishedGradleVersions - Gradle version information cache is out-of-date. Trying to update.
2025-01-20 19:18:26,911 [Worker-4: Loading available Gradle versions] INFO  o.e.b.c.i.u.g.PublishedGradleVersions - Gradle version information cache is out-of-date. Trying to update.
2025-01-20 19:22:34,585 [Worker-7: ビルド] INFO  o.a.m.s.f.DefaultMavenResourcesFiltering - Copying 1 resource from src\main\resources to target\classes
2025-01-20 19:22:34,621 [Worker-7: ビルド] INFO  o.a.m.s.f.DefaultMavenResourcesFiltering - Copying 48 resources from src\main\resources to target\classes
2025-01-20 19:22:34,663 [Worker-7: ビルド] INFO  o.a.m.s.f.DefaultMavenResourcesFiltering - skip non existing resourceDirectory C:\Users\miche\OneDrive\Desktop\DOJT\digital-ojt-development-beginner-cause-DroneInventorySystem\DroneInventorySystem\src\test\resources
2025-01-20 19:35:36,742 [Worker-22: ビルド] INFO  o.a.m.s.f.DefaultMavenResourcesFiltering - Copying 0 resource from src\main\resources to target\classes
2025-01-20 19:35:36,744 [Worker-22: ビルド] INFO  o.a.m.s.f.DefaultMavenResourcesFiltering - Copying 1 resource from src\main\resources to target\classes
2025-01-20 19:35:36,748 [Worker-22: ビルド] INFO  o.a.m.s.f.DefaultMavenResourcesFiltering - skip non existing resourceDirectory C:\Users\miche\OneDrive\Desktop\DOJT\digital-ojt-development-beginner-cause-DroneInventorySystem\DroneInventorySystem\src\test\resources
2025-01-20 19:39:40,086 [Worker-24: ビルド] INFO  o.a.m.s.f.DefaultMavenResourcesFiltering - Copying 0 resource from src\main\resources to target\classes
2025-01-20 19:39:40,086 [Worker-24: ビルド] INFO  o.a.m.s.f.DefaultMavenResourcesFiltering - Copying 1 resource from src\main\resources to target\classes
2025-01-20 19:39:40,090 [Worker-24: ビルド] INFO  o.a.m.s.f.DefaultMavenResourcesFiltering - skip non existing resourceDirectory C:\Users\miche\OneDrive\Desktop\DOJT\digital-ojt-development-beginner-cause-DroneInventorySystem\DroneInventorySystem\src\test\resources
2025-01-20 19:42:06,965 [Worker-29: ビルド] INFO  o.a.m.s.f.DefaultMavenResourcesFiltering - Copying 0 resource from src\main\resources to target\classes
2025-01-20 19:42:06,965 [Worker-29: ビルド] INFO  o.a.m.s.f.DefaultMavenResourcesFiltering - Copying 1 resource from src\main\resources to target\classes
2025-01-20 19:42:06,970 [Worker-29: ビルド] INFO  o.a.m.s.f.DefaultMavenResourcesFiltering - skip non existing resourceDirectory C:\Users\miche\OneDrive\Desktop\DOJT\digital-ojt-development-beginner-cause-DroneInventorySystem\DroneInventorySystem\src\test\resources
2025-01-20 19:52:44,152 [Worker-27: ビルド] INFO  o.a.m.s.f.DefaultMavenResourcesFiltering - Copying 0 resource from src\main\resources to target\classes
2025-01-20 19:52:44,153 [Worker-27: ビルド] INFO  o.a.m.s.f.DefaultMavenResourcesFiltering - Copying 1 resource from src\main\resources to target\classes
2025-01-20 19:52:44,157 [Worker-27: ビルド] INFO  o.a.m.s.f.DefaultMavenResourcesFiltering - skip non existing resourceDirectory C:\Users\miche\OneDrive\Desktop\DOJT\digital-ojt-development-beginner-cause-DroneInventorySystem\DroneInventorySystem\src\test\resources
2025-01-20 19:53:41,526 [Worker-35: ビルド] INFO  o.a.m.s.f.DefaultMavenResourcesFiltering - Copying 0 resource from src\main\resources to target\classes
2025-01-20 19:53:41,526 [Worker-35: ビルド] INFO  o.a.m.s.f.DefaultMavenResourcesFiltering - Copying 1 resource from src\main\resources to target\classes
2025-01-20 19:53:41,530 [Worker-35: ビルド] INFO  o.a.m.s.f.DefaultMavenResourcesFiltering - skip non existing resourceDirectory C:\Users\miche\OneDrive\Desktop\DOJT\digital-ojt-development-beginner-cause-DroneInventorySystem\DroneInventorySystem\src\test\resources
2025-01-20 19:54:00,388 [Worker-27: ビルド] INFO  o.a.m.s.f.DefaultMavenResourcesFiltering - Copying 0 resource from src\main\resources to target\classes
2025-01-20 19:54:00,389 [Worker-27: ビルド] INFO  o.a.m.s.f.DefaultMavenResourcesFiltering - Copying 1 resource from src\main\resources to target\classes
2025-01-20 19:54:00,394 [Worker-27: ビルド] INFO  o.a.m.s.f.DefaultMavenResourcesFiltering - skip non existing resourceDirectory C:\Users\miche\OneDrive\Desktop\DOJT\digital-ojt-development-beginner-cause-DroneInventorySystem\DroneInventorySystem\src\test\resources
2025-01-20 19:54:50,768 [Worker-36: ビルド] INFO  o.a.m.s.f.DefaultMavenResourcesFiltering - Copying 0 resource from src\main\resources to target\classes
2025-01-20 19:54:50,768 [Worker-36: ビルド] INFO  o.a.m.s.f.DefaultMavenResourcesFiltering - Copying 1 resource from src\main\resources to target\classes
2025-01-20 19:54:50,773 [Worker-36: ビルド] INFO  o.a.m.s.f.DefaultMavenResourcesFiltering - skip non existing resourceDirectory C:\Users\miche\OneDrive\Desktop\DOJT\digital-ojt-development-beginner-cause-DroneInventorySystem\DroneInventorySystem\src\test\resources
2025-01-20 19:55:13,384 [Worker-35: ビルド] INFO  o.a.m.s.f.DefaultMavenResourcesFiltering - Copying 0 resource from src\main\resources to target\classes
2025-01-20 19:55:13,385 [Worker-35: ビルド] INFO  o.a.m.s.f.DefaultMavenResourcesFiltering - Copying 1 resource from src\main\resources to target\classes
2025-01-20 19:55:13,389 [Worker-35: ビルド] INFO  o.a.m.s.f.DefaultMavenResourcesFiltering - skip non existing resourceDirectory C:\Users\miche\OneDrive\Desktop\DOJT\digital-ojt-development-beginner-cause-DroneInventorySystem\DroneInventorySystem\src\test\resources
2025-01-20 19:55:28,769 [Worker-37: ビルド] INFO  o.a.m.s.f.DefaultMavenResourcesFiltering - Copying 0 resource from src\main\resources to target\classes
2025-01-20 19:55:28,769 [Worker-37: ビルド] INFO  o.a.m.s.f.DefaultMavenResourcesFiltering - Copying 1 resource from src\main\resources to target\classes
2025-01-20 19:55:28,775 [Worker-37: ビルド] INFO  o.a.m.s.f.DefaultMavenResourcesFiltering - skip non existing resourceDirectory C:\Users\miche\OneDrive\Desktop\DOJT\digital-ojt-development-beginner-cause-DroneInventorySystem\DroneInventorySystem\src\test\resources
2025-01-20 19:56:14,047 [Worker-27: ビルド] INFO  o.a.m.s.f.DefaultMavenResourcesFiltering - Copying 0 resource from src\main\resources to target\classes
2025-01-20 19:56:14,048 [Worker-27: ビルド] INFO  o.a.m.s.f.DefaultMavenResourcesFiltering - Copying 1 resource from src\main\resources to target\classes
2025-01-20 19:56:14,053 [Worker-27: ビルド] INFO  o.a.m.s.f.DefaultMavenResourcesFiltering - skip non existing resourceDirectory C:\Users\miche\OneDrive\Desktop\DOJT\digital-ojt-development-beginner-cause-DroneInventorySystem\DroneInventorySystem\src\test\resources
2025-01-20 19:56:24,680 [Worker-34: ビルド] INFO  o.a.m.s.f.DefaultMavenResourcesFiltering - Copying 0 resource from src\main\resources to target\classes
2025-01-20 19:56:24,681 [Worker-34: ビルド] INFO  o.a.m.s.f.DefaultMavenResourcesFiltering - Copying 1 resource from src\main\resources to target\classes
2025-01-20 19:56:24,685 [Worker-34: ビルド] INFO  o.a.m.s.f.DefaultMavenResourcesFiltering - skip non existing resourceDirectory C:\Users\miche\OneDrive\Desktop\DOJT\digital-ojt-development-beginner-cause-DroneInventorySystem\DroneInventorySystem\src\test\resources
2025-01-20 19:59:48,325 [Worker-34: ビルド] INFO  o.a.m.s.f.DefaultMavenResourcesFiltering - Copying 0 resource from src\main\resources to target\classes
2025-01-20 19:59:48,326 [Worker-34: ビルド] INFO  o.a.m.s.f.DefaultMavenResourcesFiltering - Copying 1 resource from src\main\resources to target\classes
2025-01-20 19:59:48,329 [Worker-34: ビルド] INFO  o.a.m.s.f.DefaultMavenResourcesFiltering - skip non existing resourceDirectory C:\Users\miche\OneDrive\Desktop\DOJT\digital-ojt-development-beginner-cause-DroneInventorySystem\DroneInventorySystem\src\test\resources
2025-01-20 20:05:05,491 [Worker-39: ビルド] INFO  o.a.m.s.f.DefaultMavenResourcesFiltering - Copying 0 resource from src\main\resources to target\classes
2025-01-20 20:05:05,492 [Worker-39: ビルド] INFO  o.a.m.s.f.DefaultMavenResourcesFiltering - Copying 1 resource from src\main\resources to target\classes
2025-01-20 20:05:05,496 [Worker-39: ビルド] INFO  o.a.m.s.f.DefaultMavenResourcesFiltering - skip non existing resourceDirectory C:\Users\miche\OneDrive\Desktop\DOJT\digital-ojt-development-beginner-cause-DroneInventorySystem\DroneInventorySystem\src\test\resources
2025-01-20 20:22:35,126 [Worker-44: ビルド] INFO  o.a.m.s.f.DefaultMavenResourcesFiltering - Copying 0 resource from src\main\resources to target\classes
2025-01-20 20:22:35,127 [Worker-44: ビルド] INFO  o.a.m.s.f.DefaultMavenResourcesFiltering - Copying 1 resource from src\main\resources to target\classes
2025-01-20 20:22:35,133 [Worker-44: ビルド] INFO  o.a.m.s.f.DefaultMavenResourcesFiltering - skip non existing resourceDirectory C:\Users\miche\OneDrive\Desktop\DOJT\digital-ojt-development-beginner-cause-DroneInventorySystem\DroneInventorySystem\src\test\resources
2025-01-20 20:23:51,571 [Worker-44: ビルド] INFO  o.a.m.s.f.DefaultMavenResourcesFiltering - Copying 0 resource from src\main\resources to target\classes
2025-01-20 20:23:51,571 [Worker-44: ビルド] INFO  o.a.m.s.f.DefaultMavenResourcesFiltering - Copying 1 resource from src\main\resources to target\classes
2025-01-20 20:23:51,576 [Worker-44: ビルド] INFO  o.a.m.s.f.DefaultMavenResourcesFiltering - skip non existing resourceDirectory C:\Users\miche\OneDrive\Desktop\DOJT\digital-ojt-development-beginner-cause-DroneInventorySystem\DroneInventorySystem\src\test\resources
2025-01-20 20:24:37,308 [main] INFO  o.t.e.e.d.ProjectDependencyDialectLocator - Scanning for dialect help files on project dependencies
2025-01-20 20:24:37,497 [pool-151-thread-4] INFO  o.t.e.e.d.ProjectDependencyDialectLocator - Help file found: Standard-Dialect.xml
2025-01-20 20:24:53,544 [Worker-44: ビルド] INFO  o.a.m.s.f.DefaultMavenResourcesFiltering - Copying 0 resource from src\main\resources to target\classes
2025-01-20 20:24:53,545 [Worker-44: ビルド] INFO  o.a.m.s.f.DefaultMavenResourcesFiltering - Copying 1 resource from src\main\resources to target\classes
2025-01-20 20:24:53,548 [Worker-44: ビルド] INFO  o.a.m.s.f.DefaultMavenResourcesFiltering - skip non existing resourceDirectory C:\Users\miche\OneDrive\Desktop\DOJT\digital-ojt-development-beginner-cause-DroneInventorySystem\DroneInventorySystem\src\test\resources
2025-01-20 20:28:31,115 [Worker-44: ビルド] INFO  o.a.m.s.f.DefaultMavenResourcesFiltering - Copying 0 resource from src\main\resources to target\classes
2025-01-20 20:28:31,115 [Worker-44: ビルド] INFO  o.a.m.s.f.DefaultMavenResourcesFiltering - Copying 1 resource from src\main\resources to target\classes
2025-01-20 20:28:31,119 [Worker-44: ビルド] INFO  o.a.m.s.f.DefaultMavenResourcesFiltering - skip non existing resourceDirectory C:\Users\miche\OneDrive\Desktop\DOJT\digital-ojt-development-beginner-cause-DroneInventorySystem\DroneInventorySystem\src\test\resources
2025-01-20 20:29:06,224 [Worker-49: ビルド] INFO  o.a.m.s.f.DefaultMavenResourcesFiltering - Copying 0 resource from src\main\resources to target\classes
2025-01-20 20:29:06,224 [Worker-49: ビルド] INFO  o.a.m.s.f.DefaultMavenResourcesFiltering - Copying 1 resource from src\main\resources to target\classes
2025-01-20 20:29:06,228 [Worker-49: ビルド] INFO  o.a.m.s.f.DefaultMavenResourcesFiltering - skip non existing resourceDirectory C:\Users\miche\OneDrive\Desktop\DOJT\digital-ojt-development-beginner-cause-DroneInventorySystem\DroneInventorySystem\src\test\resources
2025-01-20 20:29:58,692 [Worker-49: ビルド] INFO  o.a.m.s.f.DefaultMavenResourcesFiltering - Copying 0 resource from src\main\resources to target\classes
2025-01-20 20:29:58,693 [Worker-49: ビルド] INFO  o.a.m.s.f.DefaultMavenResourcesFiltering - Copying 1 resource from src\main\resources to target\classes
2025-01-20 20:29:58,700 [Worker-49: ビルド] INFO  o.a.m.s.f.DefaultMavenResourcesFiltering - skip non existing resourceDirectory C:\Users\miche\OneDrive\Desktop\DOJT\digital-ojt-development-beginner-cause-DroneInventorySystem\DroneInventorySystem\src\test\resources
2025-01-20 20:31:18,092 [Worker-51: ビルド] INFO  o.a.m.s.f.DefaultMavenResourcesFiltering - Copying 0 resource from src\main\resources to target\classes
2025-01-20 20:31:18,093 [Worker-51: ビルド] INFO  o.a.m.s.f.DefaultMavenResourcesFiltering - Copying 1 resource from src\main\resources to target\classes
2025-01-20 20:31:18,101 [Worker-51: ビルド] INFO  o.a.m.s.f.DefaultMavenResourcesFiltering - skip non existing resourceDirectory C:\Users\miche\OneDrive\Desktop\DOJT\digital-ojt-development-beginner-cause-DroneInventorySystem\DroneInventorySystem\src\test\resources
2025-01-20 20:33:32,106 [Worker-44: ビルド] INFO  o.a.m.s.f.DefaultMavenResourcesFiltering - Copying 0 resource from src\main\resources to target\classes
2025-01-20 20:33:32,107 [Worker-44: ビルド] INFO  o.a.m.s.f.DefaultMavenResourcesFiltering - Copying 1 resource from src\main\resources to target\classes
2025-01-20 20:33:32,115 [Worker-44: ビルド] INFO  o.a.m.s.f.DefaultMavenResourcesFiltering - skip non existing resourceDirectory C:\Users\miche\OneDrive\Desktop\DOJT\digital-ojt-development-beginner-cause-DroneInventorySystem\DroneInventorySystem\src\test\resources
2025-01-25 09:54:54,960 [Worker-3: Loading available Gradle versions] INFO  o.e.b.c.i.u.g.PublishedGradleVersions - Gradle version information cache is out-of-date. Trying to update.
2025-01-25 09:54:56,232 [Worker-8: ビルド] INFO  o.a.m.s.f.DefaultMavenResourcesFiltering - Copying 1 resource from src\main\resources to target\classes
2025-01-25 09:54:56,249 [Worker-8: ビルド] INFO  o.a.m.s.f.DefaultMavenResourcesFiltering - Copying 48 resources from src\main\resources to target\classes
2025-01-25 09:54:56,283 [Worker-8: ビルド] INFO  o.a.m.s.f.DefaultMavenResourcesFiltering - skip non existing resourceDirectory C:\Users\miche\OneDrive\Desktop\DOJT\digital-ojt-development-beginner-cause-DroneInventorySystem\DroneInventorySystem\src\test\resources
2025-01-25 10:10:01,386 [Worker-24: ビルド] INFO  o.a.m.s.f.DefaultMavenResourcesFiltering - Copying 1 resource from src\main\resources to target\classes
2025-01-25 10:10:01,404 [Worker-24: ビルド] INFO  o.a.m.s.f.DefaultMavenResourcesFiltering - Copying 48 resources from src\main\resources to target\classes
2025-01-25 10:10:01,421 [Worker-24: ビルド] INFO  o.a.m.s.f.DefaultMavenResourcesFiltering - skip non existing resourceDirectory C:\Users\miche\OneDrive\Desktop\DOJT\digital-ojt-development-beginner-cause-DroneInventorySystem\DroneInventorySystem\src\test\resources
2025-01-25 10:13:11,322 [Worker-23: ビルド] INFO  o.a.m.s.f.DefaultMavenResourcesFiltering - Copying 1 resource from src\main\resources to target\classes
2025-01-25 10:13:11,333 [Worker-23: ビルド] INFO  o.a.m.s.f.DefaultMavenResourcesFiltering - Copying 48 resources from src\main\resources to target\classes
2025-01-25 10:13:11,355 [Worker-23: ビルド] INFO  o.a.m.s.f.DefaultMavenResourcesFiltering - skip non existing resourceDirectory C:\Users\miche\OneDrive\Desktop\DOJT\digital-ojt-development-beginner-cause-DroneInventorySystem\DroneInventorySystem\src\test\resources
2025-01-25 10:23:11,823 [Worker-27: ビルド] INFO  o.a.m.s.f.DefaultMavenResourcesFiltering - Copying 1 resource from src\main\resources to target\classes
2025-01-25 10:23:11,833 [Worker-27: ビルド] INFO  o.a.m.s.f.DefaultMavenResourcesFiltering - Copying 48 resources from src\main\resources to target\classes
2025-01-25 10:23:11,849 [Worker-27: ビルド] INFO  o.a.m.s.f.DefaultMavenResourcesFiltering - skip non existing resourceDirectory C:\Users\miche\OneDrive\Desktop\DOJT\digital-ojt-development-beginner-cause-DroneInventorySystem\DroneInventorySystem\src\test\resources
2025-01-25 10:23:18,349 [Worker-27: ビルド] INFO  o.a.m.s.f.DefaultMavenResourcesFiltering - Copying 1 resource from src\main\resources to target\classes
2025-01-25 10:23:18,358 [Worker-27: ビルド] INFO  o.a.m.s.f.DefaultMavenResourcesFiltering - Copying 48 resources from src\main\resources to target\classes
2025-01-25 10:23:18,374 [Worker-27: ビルド] INFO  o.a.m.s.f.DefaultMavenResourcesFiltering - skip non existing resourceDirectory C:\Users\miche\OneDrive\Desktop\DOJT\digital-ojt-development-beginner-cause-DroneInventorySystem\DroneInventorySystem\src\test\resources
2025-01-25 10:29:44,359 [Worker-34: ビルド] INFO  o.a.m.s.f.DefaultMavenResourcesFiltering - Copying 1 resource from src\main\resources to target\classes
2025-01-25 10:29:44,368 [Worker-34: ビルド] INFO  o.a.m.s.f.DefaultMavenResourcesFiltering - Copying 48 resources from src\main\resources to target\classes
2025-01-25 10:29:44,384 [Worker-34: ビルド] INFO  o.a.m.s.f.DefaultMavenResourcesFiltering - skip non existing resourceDirectory C:\Users\miche\OneDrive\Desktop\DOJT\digital-ojt-development-beginner-cause-DroneInventorySystem\DroneInventorySystem\src\test\resources
2025-01-25 10:32:04,248 [Worker-28: ビルド] INFO  o.a.m.s.f.DefaultMavenResourcesFiltering - Copying 1 resource from src\main\resources to target\classes
2025-01-25 10:32:04,260 [Worker-28: ビルド] INFO  o.a.m.s.f.DefaultMavenResourcesFiltering - Copying 48 resources from src\main\resources to target\classes
2025-01-25 10:32:04,278 [Worker-28: ビルド] INFO  o.a.m.s.f.DefaultMavenResourcesFiltering - skip non existing resourceDirectory C:\Users\miche\OneDrive\Desktop\DOJT\digital-ojt-development-beginner-cause-DroneInventorySystem\DroneInventorySystem\src\test\resources
2025-01-25 10:32:18,107 [Worker-37: ビルド] INFO  o.a.m.s.f.DefaultMavenResourcesFiltering - Copying 1 resource from src\main\resources to target\classes
2025-01-25 10:32:18,133 [Worker-37: ビルド] INFO  o.a.m.s.f.DefaultMavenResourcesFiltering - Copying 48 resources from src\main\resources to target\classes
2025-01-25 10:32:18,161 [Worker-37: ビルド] INFO  o.a.m.s.f.DefaultMavenResourcesFiltering - skip non existing resourceDirectory C:\Users\miche\OneDrive\Desktop\DOJT\digital-ojt-development-beginner-cause-DroneInventorySystem\DroneInventorySystem\src\test\resources
2025-01-25 10:36:09,753 [Worker-35: ビルド] INFO  o.a.m.s.f.DefaultMavenResourcesFiltering - Copying 1 resource from src\main\resources to target\classes
2025-01-25 10:36:09,783 [Worker-35: ビルド] INFO  o.a.m.s.f.DefaultMavenResourcesFiltering - Copying 48 resources from src\main\resources to target\classes
2025-01-25 10:36:09,801 [Worker-35: ビルド] INFO  o.a.m.s.f.DefaultMavenResourcesFiltering - skip non existing resourceDirectory C:\Users\miche\OneDrive\Desktop\DOJT\digital-ojt-development-beginner-cause-DroneInventorySystem\DroneInventorySystem\src\test\resources
2025-01-25 10:36:28,600 [Worker-36: ビルド] INFO  o.a.m.s.f.DefaultMavenResourcesFiltering - Copying 1 resource from src\main\resources to target\classes
2025-01-25 10:36:28,615 [Worker-36: ビルド] INFO  o.a.m.s.f.DefaultMavenResourcesFiltering - Copying 48 resources from src\main\resources to target\classes
2025-01-25 10:36:28,639 [Worker-36: ビルド] INFO  o.a.m.s.f.DefaultMavenResourcesFiltering - skip non existing resourceDirectory C:\Users\miche\OneDrive\Desktop\DOJT\digital-ojt-development-beginner-cause-DroneInventorySystem\DroneInventorySystem\src\test\resources
2025-01-25 10:43:24,462 [Worker-36: ビルド] INFO  o.a.m.s.f.DefaultMavenResourcesFiltering - Copying 1 resource from src\main\resources to target\classes
2025-01-25 10:43:24,472 [Worker-36: ビルド] INFO  o.a.m.s.f.DefaultMavenResourcesFiltering - Copying 48 resources from src\main\resources to target\classes
2025-01-25 10:43:24,487 [Worker-36: ビルド] INFO  o.a.m.s.f.DefaultMavenResourcesFiltering - skip non existing resourceDirectory C:\Users\miche\OneDrive\Desktop\DOJT\digital-ojt-development-beginner-cause-DroneInventorySystem\DroneInventorySystem\src\test\resources
2025-01-25 10:44:09,600 [Worker-36: ビルド] INFO  o.a.m.s.f.DefaultMavenResourcesFiltering - Copying 1 resource from src\main\resources to target\classes
2025-01-25 10:44:09,615 [Worker-36: ビルド] INFO  o.a.m.s.f.DefaultMavenResourcesFiltering - Copying 48 resources from src\main\resources to target\classes
2025-01-25 10:44:09,633 [Worker-36: ビルド] INFO  o.a.m.s.f.DefaultMavenResourcesFiltering - skip non existing resourceDirectory C:\Users\miche\OneDrive\Desktop\DOJT\digital-ojt-development-beginner-cause-DroneInventorySystem\DroneInventorySystem\src\test\resources
2025-01-25 10:45:43,467 [Worker-42: ビルド] INFO  o.a.m.s.f.DefaultMavenResourcesFiltering - Copying 1 resource from src\main\resources to target\classes
2025-01-25 10:45:43,486 [Worker-42: ビルド] INFO  o.a.m.s.f.DefaultMavenResourcesFiltering - Copying 48 resources from src\main\resources to target\classes
2025-01-25 10:45:43,502 [Worker-42: ビルド] INFO  o.a.m.s.f.DefaultMavenResourcesFiltering - skip non existing resourceDirectory C:\Users\miche\OneDrive\Desktop\DOJT\digital-ojt-development-beginner-cause-DroneInventorySystem\DroneInventorySystem\src\test\resources
2025-01-25 10:49:06,291 [Worker-36: ビルド] INFO  o.a.m.s.f.DefaultMavenResourcesFiltering - Copying 1 resource from src\main\resources to target\classes
2025-01-25 10:49:06,315 [Worker-36: ビルド] INFO  o.a.m.s.f.DefaultMavenResourcesFiltering - Copying 48 resources from src\main\resources to target\classes
2025-01-25 10:49:06,332 [Worker-36: ビルド] INFO  o.a.m.s.f.DefaultMavenResourcesFiltering - skip non existing resourceDirectory C:\Users\miche\OneDrive\Desktop\DOJT\digital-ojt-development-beginner-cause-DroneInventorySystem\DroneInventorySystem\src\test\resources
2025-01-25 10:51:25,793 [Text Viewer Hover Presenter] INFO  o.t.e.e.d.ProjectDependencyDialectLocator - Scanning for dialect help files on project dependencies
2025-01-25 10:51:25,966 [pool-69-thread-3] INFO  o.t.e.e.d.ProjectDependencyDialectLocator - Help file found: Standard-Dialect.xml
2025-01-25 10:52:35,342 [Worker-43: ビルド] INFO  o.a.m.s.f.DefaultMavenResourcesFiltering - Copying 0 resource from src\main\resources to target\classes
2025-01-25 10:52:35,343 [Worker-43: ビルド] INFO  o.a.m.s.f.DefaultMavenResourcesFiltering - Copying 1 resource from src\main\resources to target\classes
2025-01-25 10:52:35,347 [Worker-43: ビルド] INFO  o.a.m.s.f.DefaultMavenResourcesFiltering - skip non existing resourceDirectory C:\Users\miche\OneDrive\Desktop\DOJT\digital-ojt-development-beginner-cause-DroneInventorySystem\DroneInventorySystem\src\test\resources
2025-01-25 11:14:54,481 [Worker-54: ビルド] INFO  o.a.m.s.f.DefaultMavenResourcesFiltering - Copying 1 resource from src\main\resources to target\classes
2025-01-25 11:14:54,514 [Worker-54: ビルド] INFO  o.a.m.s.f.DefaultMavenResourcesFiltering - Copying 48 resources from src\main\resources to target\classes
2025-01-25 11:14:54,532 [Worker-54: ビルド] INFO  o.a.m.s.f.DefaultMavenResourcesFiltering - skip non existing resourceDirectory C:\Users\miche\OneDrive\Desktop\DOJT\digital-ojt-development-beginner-cause-DroneInventorySystem\DroneInventorySystem\src\test\resources
2025-01-25 11:16:51,535 [Worker-54: ビルド] INFO  o.a.m.s.f.DefaultMavenResourcesFiltering - Copying 0 resource from src\main\resources to target\classes
2025-01-25 11:16:51,535 [Worker-54: ビルド] INFO  o.a.m.s.f.DefaultMavenResourcesFiltering - Copying 1 resource from src\main\resources to target\classes
2025-01-25 11:16:51,539 [Worker-54: ビルド] INFO  o.a.m.s.f.DefaultMavenResourcesFiltering - skip non existing resourceDirectory C:\Users\miche\OneDrive\Desktop\DOJT\digital-ojt-development-beginner-cause-DroneInventorySystem\DroneInventorySystem\src\test\resources
2025-01-25 11:17:36,427 [Worker-54: ビルド] INFO  o.a.m.s.f.DefaultMavenResourcesFiltering - Copying 0 resource from src\main\resources to target\classes
2025-01-25 11:17:36,428 [Worker-54: ビルド] INFO  o.a.m.s.f.DefaultMavenResourcesFiltering - Copying 1 resource from src\main\resources to target\classes
2025-01-25 11:17:36,433 [Worker-54: ビルド] INFO  o.a.m.s.f.DefaultMavenResourcesFiltering - skip non existing resourceDirectory C:\Users\miche\OneDrive\Desktop\DOJT\digital-ojt-development-beginner-cause-DroneInventorySystem\DroneInventorySystem\src\test\resources
2025-01-25 11:18:43,298 [Worker-54: ビルド] INFO  o.a.m.s.f.DefaultMavenResourcesFiltering - Copying 0 resource from src\main\resources to target\classes
2025-01-25 11:18:43,298 [Worker-54: ビルド] INFO  o.a.m.s.f.DefaultMavenResourcesFiltering - Copying 1 resource from src\main\resources to target\classes
2025-01-25 11:18:43,303 [Worker-54: ビルド] INFO  o.a.m.s.f.DefaultMavenResourcesFiltering - skip non existing resourceDirectory C:\Users\miche\OneDrive\Desktop\DOJT\digital-ojt-development-beginner-cause-DroneInventorySystem\DroneInventorySystem\src\test\resources
2025-01-25 11:21:38,313 [Worker-55: ビルド] INFO  o.a.m.s.f.DefaultMavenResourcesFiltering - Copying 0 resource from src\main\resources to target\classes
2025-01-25 11:21:38,315 [Worker-55: ビルド] INFO  o.a.m.s.f.DefaultMavenResourcesFiltering - Copying 1 resource from src\main\resources to target\classes
2025-01-25 11:21:38,319 [Worker-55: ビルド] INFO  o.a.m.s.f.DefaultMavenResourcesFiltering - skip non existing resourceDirectory C:\Users\miche\OneDrive\Desktop\DOJT\digital-ojt-development-beginner-cause-DroneInventorySystem\DroneInventorySystem\src\test\resources
2025-01-25 11:30:52,269 [Worker-57: ビルド] INFO  o.a.m.s.f.DefaultMavenResourcesFiltering - Copying 1 resource from src\main\resources to target\classes
2025-01-25 11:30:52,280 [Worker-57: ビルド] INFO  o.a.m.s.f.DefaultMavenResourcesFiltering - Copying 48 resources from src\main\resources to target\classes
2025-01-25 11:30:52,296 [Worker-57: ビルド] INFO  o.a.m.s.f.DefaultMavenResourcesFiltering - skip non existing resourceDirectory C:\Users\miche\OneDrive\Desktop\DOJT\digital-ojt-development-beginner-cause-DroneInventorySystem\DroneInventorySystem\src\test\resources
2025-01-25 11:31:51,424 [Worker-66: ビルド] INFO  o.a.m.s.f.DefaultMavenResourcesFiltering - Copying 0 resource from src\main\resources to target\classes
2025-01-25 11:31:51,426 [Worker-66: ビルド] INFO  o.a.m.s.f.DefaultMavenResourcesFiltering - Copying 1 resource from src\main\resources to target\classes
2025-01-25 11:31:51,430 [Worker-66: ビルド] INFO  o.a.m.s.f.DefaultMavenResourcesFiltering - skip non existing resourceDirectory C:\Users\miche\OneDrive\Desktop\DOJT\digital-ojt-development-beginner-cause-DroneInventorySystem\DroneInventorySystem\src\test\resources
2025-01-25 11:42:26,877 [Worker-62: ビルド] INFO  o.a.m.s.f.DefaultMavenResourcesFiltering - Copying 1 resource from src\main\resources to target\classes
2025-01-25 11:42:26,898 [Worker-62: ビルド] INFO  o.a.m.s.f.DefaultMavenResourcesFiltering - Copying 48 resources from src\main\resources to target\classes
2025-01-25 11:42:26,952 [Worker-62: ビルド] INFO  o.a.m.s.f.DefaultMavenResourcesFiltering - skip non existing resourceDirectory C:\Users\miche\OneDrive\Desktop\DOJT\digital-ojt-development-beginner-cause-DroneInventorySystem\DroneInventorySystem\src\test\resources
2025-01-25 11:44:34,849 [Worker-62: ビルド] INFO  o.a.m.s.f.DefaultMavenResourcesFiltering - Copying 1 resource from src\main\resources to target\classes
2025-01-25 11:44:34,863 [Worker-62: ビルド] INFO  o.a.m.s.f.DefaultMavenResourcesFiltering - Copying 48 resources from src\main\resources to target\classes
2025-01-25 11:44:34,884 [Worker-62: ビルド] INFO  o.a.m.s.f.DefaultMavenResourcesFiltering - skip non existing resourceDirectory C:\Users\miche\OneDrive\Desktop\DOJT\digital-ojt-development-beginner-cause-DroneInventorySystem\DroneInventorySystem\src\test\resources
2025-01-25 11:46:28,104 [Worker-78: ビルド] INFO  o.a.m.s.f.DefaultMavenResourcesFiltering - Copying 1 resource from src\main\resources to target\classes
2025-01-25 11:46:28,129 [Worker-78: ビルド] INFO  o.a.m.s.f.DefaultMavenResourcesFiltering - Copying 48 resources from src\main\resources to target\classes
2025-01-25 11:46:28,146 [Worker-78: ビルド] INFO  o.a.m.s.f.DefaultMavenResourcesFiltering - skip non existing resourceDirectory C:\Users\miche\OneDrive\Desktop\DOJT\digital-ojt-development-beginner-cause-DroneInventorySystem\DroneInventorySystem\src\test\resources
2025-01-25 11:46:38,292 [Worker-75: ビルド] INFO  o.a.m.s.f.DefaultMavenResourcesFiltering - Copying 1 resource from src\main\resources to target\classes
2025-01-25 11:46:38,305 [Worker-75: ビルド] INFO  o.a.m.s.f.DefaultMavenResourcesFiltering - Copying 48 resources from src\main\resources to target\classes
2025-01-25 11:46:38,321 [Worker-75: ビルド] INFO  o.a.m.s.f.DefaultMavenResourcesFiltering - skip non existing resourceDirectory C:\Users\miche\OneDrive\Desktop\DOJT\digital-ojt-development-beginner-cause-DroneInventorySystem\DroneInventorySystem\src\test\resources
2025-01-25 11:47:07,929 [Worker-77: ビルド] INFO  o.a.m.s.f.DefaultMavenResourcesFiltering - Copying 0 resource from src\main\resources to target\classes
2025-01-25 11:47:07,930 [Worker-77: ビルド] INFO  o.a.m.s.f.DefaultMavenResourcesFiltering - Copying 1 resource from src\main\resources to target\classes
2025-01-25 11:47:07,934 [Worker-77: ビルド] INFO  o.a.m.s.f.DefaultMavenResourcesFiltering - skip non existing resourceDirectory C:\Users\miche\OneDrive\Desktop\DOJT\digital-ojt-development-beginner-cause-DroneInventorySystem\DroneInventorySystem\src\test\resources
2025-01-25 11:53:15,315 [Worker-81: ビルド] INFO  o.a.m.s.f.DefaultMavenResourcesFiltering - Copying 0 resource from src\main\resources to target\classes
2025-01-25 11:53:15,316 [Worker-81: ビルド] INFO  o.a.m.s.f.DefaultMavenResourcesFiltering - Copying 1 resource from src\main\resources to target\classes
2025-01-25 11:53:15,319 [Worker-81: ビルド] INFO  o.a.m.s.f.DefaultMavenResourcesFiltering - skip non existing resourceDirectory C:\Users\miche\OneDrive\Desktop\DOJT\digital-ojt-development-beginner-cause-DroneInventorySystem\DroneInventorySystem\src\test\resources
2025-01-25 11:56:05,383 [Worker-80: ビルド] INFO  o.a.m.s.f.DefaultMavenResourcesFiltering - Copying 0 resource from src\main\resources to target\classes
2025-01-25 11:56:05,385 [Worker-80: ビルド] INFO  o.a.m.s.f.DefaultMavenResourcesFiltering - Copying 1 resource from src\main\resources to target\classes
2025-01-25 11:56:05,388 [Worker-80: ビルド] INFO  o.a.m.s.f.DefaultMavenResourcesFiltering - skip non existing resourceDirectory C:\Users\miche\OneDrive\Desktop\DOJT\digital-ojt-development-beginner-cause-DroneInventorySystem\DroneInventorySystem\src\test\resources
2025-01-25 11:56:17,003 [Worker-80: ビルド] INFO  o.a.m.s.f.DefaultMavenResourcesFiltering - Copying 0 resource from src\main\resources to target\classes
2025-01-25 11:56:17,003 [Worker-80: ビルド] INFO  o.a.m.s.f.DefaultMavenResourcesFiltering - Copying 1 resource from src\main\resources to target\classes
2025-01-25 11:56:17,007 [Worker-80: ビルド] INFO  o.a.m.s.f.DefaultMavenResourcesFiltering - skip non existing resourceDirectory C:\Users\miche\OneDrive\Desktop\DOJT\digital-ojt-development-beginner-cause-DroneInventorySystem\DroneInventorySystem\src\test\resources
2025-01-25 12:00:56,338 [Worker-86: ビルド] INFO  o.a.m.s.f.DefaultMavenResourcesFiltering - Copying 1 resource from src\main\resources to target\classes
2025-01-25 12:00:57,116 [Worker-86: ビルド] INFO  o.a.m.s.f.DefaultMavenResourcesFiltering - Copying 48 resources from src\main\resources to target\classes
2025-01-25 12:00:57,134 [Worker-86: ビルド] INFO  o.a.m.s.f.DefaultMavenResourcesFiltering - skip non existing resourceDirectory C:\Users\miche\OneDrive\Desktop\DOJT\digital-ojt-development-beginner-cause-DroneInventorySystem\DroneInventorySystem\src\test\resources
2025-01-25 12:28:34,861 [Worker-89: ビルド] INFO  o.a.m.s.f.DefaultMavenResourcesFiltering - Copying 1 resource from src\main\resources to target\classes
2025-01-25 12:28:34,886 [Worker-89: ビルド] INFO  o.a.m.s.f.DefaultMavenResourcesFiltering - Copying 48 resources from src\main\resources to target\classes
2025-01-25 12:28:34,903 [Worker-89: ビルド] INFO  o.a.m.s.f.DefaultMavenResourcesFiltering - skip non existing resourceDirectory C:\Users\miche\OneDrive\Desktop\DOJT\digital-ojt-development-beginner-cause-DroneInventorySystem\DroneInventorySystem\src\test\resources
2025-01-25 12:36:50,680 [Worker-86: ビルド] INFO  o.a.m.s.f.DefaultMavenResourcesFiltering - Copying 0 resource from src\main\resources to target\classes
2025-01-25 12:36:50,681 [Worker-86: ビルド] INFO  o.a.m.s.f.DefaultMavenResourcesFiltering - Copying 1 resource from src\main\resources to target\classes
2025-01-25 12:36:50,685 [Worker-86: ビルド] INFO  o.a.m.s.f.DefaultMavenResourcesFiltering - skip non existing resourceDirectory C:\Users\miche\OneDrive\Desktop\DOJT\digital-ojt-development-beginner-cause-DroneInventorySystem\DroneInventorySystem\src\test\resources
2025-01-25 12:37:39,343 [Worker-96: ビルド] INFO  o.a.m.s.f.DefaultMavenResourcesFiltering - Copying 0 resource from src\main\resources to target\classes
2025-01-25 12:37:39,344 [Worker-96: ビルド] INFO  o.a.m.s.f.DefaultMavenResourcesFiltering - Copying 1 resource from src\main\resources to target\classes
2025-01-25 12:37:39,348 [Worker-96: ビルド] INFO  o.a.m.s.f.DefaultMavenResourcesFiltering - skip non existing resourceDirectory C:\Users\miche\OneDrive\Desktop\DOJT\digital-ojt-development-beginner-cause-DroneInventorySystem\DroneInventorySystem\src\test\resources
2025-01-25 12:41:07,823 [Worker-92: ビルド] INFO  o.a.m.s.f.DefaultMavenResourcesFiltering - Copying 0 resource from src\main\resources to target\classes
2025-01-25 12:41:07,823 [Worker-92: ビルド] INFO  o.a.m.s.f.DefaultMavenResourcesFiltering - Copying 1 resource from src\main\resources to target\classes
2025-01-25 12:41:07,828 [Worker-92: ビルド] INFO  o.a.m.s.f.DefaultMavenResourcesFiltering - skip non existing resourceDirectory C:\Users\miche\OneDrive\Desktop\DOJT\digital-ojt-development-beginner-cause-DroneInventorySystem\DroneInventorySystem\src\test\resources
2025-01-25 12:41:42,953 [Worker-92: ビルド] INFO  o.a.m.s.f.DefaultMavenResourcesFiltering - Copying 0 resource from src\main\resources to target\classes
2025-01-25 12:41:42,953 [Worker-92: ビルド] INFO  o.a.m.s.f.DefaultMavenResourcesFiltering - Copying 1 resource from src\main\resources to target\classes
2025-01-25 12:41:42,956 [Worker-92: ビルド] INFO  o.a.m.s.f.DefaultMavenResourcesFiltering - skip non existing resourceDirectory C:\Users\miche\OneDrive\Desktop\DOJT\digital-ojt-development-beginner-cause-DroneInventorySystem\DroneInventorySystem\src\test\resources
2025-01-25 12:41:48,727 [Worker-92: ビルド] INFO  o.a.m.s.f.DefaultMavenResourcesFiltering - Copying 0 resource from src\main\resources to target\classes
2025-01-25 12:41:48,727 [Worker-92: ビルド] INFO  o.a.m.s.f.DefaultMavenResourcesFiltering - Copying 1 resource from src\main\resources to target\classes
2025-01-25 12:41:48,730 [Worker-92: ビルド] INFO  o.a.m.s.f.DefaultMavenResourcesFiltering - skip non existing resourceDirectory C:\Users\miche\OneDrive\Desktop\DOJT\digital-ojt-development-beginner-cause-DroneInventorySystem\DroneInventorySystem\src\test\resources
2025-01-25 12:49:33,014 [Worker-103: ビルド] INFO  o.a.m.s.f.DefaultMavenResourcesFiltering - Copying 1 resource from src\main\resources to target\classes
2025-01-25 12:49:33,473 [Worker-103: ビルド] INFO  o.a.m.s.f.DefaultMavenResourcesFiltering - Copying 48 resources from src\main\resources to target\classes
2025-01-25 12:49:33,491 [Worker-103: ビルド] INFO  o.a.m.s.f.DefaultMavenResourcesFiltering - skip non existing resourceDirectory C:\Users\miche\OneDrive\Desktop\DOJT\digital-ojt-development-beginner-cause-DroneInventorySystem\DroneInventorySystem\src\test\resources
2025-01-25 12:55:09,454 [Worker-103: ビルド] INFO  o.a.m.s.f.DefaultMavenResourcesFiltering - Copying 1 resource from src\main\resources to target\classes
2025-01-25 12:55:09,464 [Worker-103: ビルド] INFO  o.a.m.s.f.DefaultMavenResourcesFiltering - Copying 48 resources from src\main\resources to target\classes
2025-01-25 12:55:09,481 [Worker-103: ビルド] INFO  o.a.m.s.f.DefaultMavenResourcesFiltering - skip non existing resourceDirectory C:\Users\miche\OneDrive\Desktop\DOJT\digital-ojt-development-beginner-cause-DroneInventorySystem\DroneInventorySystem\src\test\resources
2025-01-25 12:57:04,256 [Worker-95: ビルド] INFO  o.a.m.s.f.DefaultMavenResourcesFiltering - Copying 1 resource from src\main\resources to target\classes
2025-01-25 12:57:04,267 [Worker-95: ビルド] INFO  o.a.m.s.f.DefaultMavenResourcesFiltering - Copying 48 resources from src\main\resources to target\classes
2025-01-25 12:57:04,288 [Worker-95: ビルド] INFO  o.a.m.s.f.DefaultMavenResourcesFiltering - skip non existing resourceDirectory C:\Users\miche\OneDrive\Desktop\DOJT\digital-ojt-development-beginner-cause-DroneInventorySystem\DroneInventorySystem\src\test\resources
2025-01-25 13:07:00,922 [Worker-108: ビルド] INFO  o.a.m.s.f.DefaultMavenResourcesFiltering - Copying 0 resource from src\main\resources to target\classes
2025-01-25 13:07:00,923 [Worker-108: ビルド] INFO  o.a.m.s.f.DefaultMavenResourcesFiltering - Copying 1 resource from src\main\resources to target\classes
2025-01-25 13:07:00,926 [Worker-108: ビルド] INFO  o.a.m.s.f.DefaultMavenResourcesFiltering - skip non existing resourceDirectory C:\Users\miche\OneDrive\Desktop\DOJT\digital-ojt-development-beginner-cause-DroneInventorySystem\DroneInventorySystem\src\test\resources
2025-01-25 13:11:49,112 [Worker-114: ビルド] INFO  o.a.m.s.f.DefaultMavenResourcesFiltering - Copying 1 resource from src\main\resources to target\classes
2025-01-25 13:11:49,516 [Worker-114: ビルド] INFO  o.a.m.s.f.DefaultMavenResourcesFiltering - Copying 48 resources from src\main\resources to target\classes
2025-01-25 13:11:49,534 [Worker-114: ビルド] INFO  o.a.m.s.f.DefaultMavenResourcesFiltering - skip non existing resourceDirectory C:\Users\miche\OneDrive\Desktop\DOJT\digital-ojt-development-beginner-cause-DroneInventorySystem\DroneInventorySystem\src\test\resources
2025-01-25 13:12:04,203 [Worker-113: ビルド] INFO  o.a.m.s.f.DefaultMavenResourcesFiltering - Copying 0 resource from src\main\resources to target\classes
2025-01-25 13:12:04,204 [Worker-113: ビルド] INFO  o.a.m.s.f.DefaultMavenResourcesFiltering - Copying 1 resource from src\main\resources to target\classes
2025-01-25 13:12:04,207 [Worker-113: ビルド] INFO  o.a.m.s.f.DefaultMavenResourcesFiltering - skip non existing resourceDirectory C:\Users\miche\OneDrive\Desktop\DOJT\digital-ojt-development-beginner-cause-DroneInventorySystem\DroneInventorySystem\src\test\resources
2025-01-25 13:16:31,510 [Worker-100: ビルド] INFO  o.a.m.s.f.DefaultMavenResourcesFiltering - Copying 1 resource from src\main\resources to target\classes
2025-01-25 13:16:31,518 [Worker-100: ビルド] INFO  o.a.m.s.f.DefaultMavenResourcesFiltering - Copying 48 resources from src\main\resources to target\classes
2025-01-25 13:16:31,534 [Worker-100: ビルド] INFO  o.a.m.s.f.DefaultMavenResourcesFiltering - skip non existing resourceDirectory C:\Users\miche\OneDrive\Desktop\DOJT\digital-ojt-development-beginner-cause-DroneInventorySystem\DroneInventorySystem\src\test\resources
2025-01-25 13:17:52,136 [Worker-116: ビルド] INFO  o.a.m.s.f.DefaultMavenResourcesFiltering - Copying 1 resource from src\main\resources to target\classes
2025-01-25 13:17:52,144 [Worker-116: ビルド] INFO  o.a.m.s.f.DefaultMavenResourcesFiltering - Copying 48 resources from src\main\resources to target\classes
2025-01-25 13:17:52,160 [Worker-116: ビルド] INFO  o.a.m.s.f.DefaultMavenResourcesFiltering - skip non existing resourceDirectory C:\Users\miche\OneDrive\Desktop\DOJT\digital-ojt-development-beginner-cause-DroneInventorySystem\DroneInventorySystem\src\test\resources
2025-01-25 13:20:40,742 [Worker-113: ビルド] INFO  o.a.m.s.f.DefaultMavenResourcesFiltering - Copying 1 resource from src\main\resources to target\classes
2025-01-25 13:20:40,912 [Worker-113: ビルド] INFO  o.a.m.s.f.DefaultMavenResourcesFiltering - Copying 48 resources from src\main\resources to target\classes
2025-01-25 13:20:40,929 [Worker-113: ビルド] INFO  o.a.m.s.f.DefaultMavenResourcesFiltering - skip non existing resourceDirectory C:\Users\miche\OneDrive\Desktop\DOJT\digital-ojt-development-beginner-cause-DroneInventorySystem\DroneInventorySystem\src\test\resources
2025-01-25 13:22:00,450 [Worker-113: ビルド] INFO  o.a.m.s.f.DefaultMavenResourcesFiltering - Copying 1 resource from src\main\resources to target\classes
2025-01-25 13:22:00,462 [Worker-113: ビルド] INFO  o.a.m.s.f.DefaultMavenResourcesFiltering - Copying 48 resources from src\main\resources to target\classes
2025-01-25 13:22:00,477 [Worker-113: ビルド] INFO  o.a.m.s.f.DefaultMavenResourcesFiltering - skip non existing resourceDirectory C:\Users\miche\OneDrive\Desktop\DOJT\digital-ojt-development-beginner-cause-DroneInventorySystem\DroneInventorySystem\src\test\resources
2025-01-25 13:22:15,976 [Worker-117: ビルド] INFO  o.a.m.s.f.DefaultMavenResourcesFiltering - Copying 1 resource from src\main\resources to target\classes
2025-01-25 13:22:15,992 [Worker-117: ビルド] INFO  o.a.m.s.f.DefaultMavenResourcesFiltering - Copying 48 resources from src\main\resources to target\classes
2025-01-25 13:22:16,008 [Worker-117: ビルド] INFO  o.a.m.s.f.DefaultMavenResourcesFiltering - skip non existing resourceDirectory C:\Users\miche\OneDrive\Desktop\DOJT\digital-ojt-development-beginner-cause-DroneInventorySystem\DroneInventorySystem\src\test\resources
2025-01-25 13:23:03,858 [Worker-118: ビルド] INFO  o.a.m.s.f.DefaultMavenResourcesFiltering - Copying 0 resource from src\main\resources to target\classes
2025-01-25 13:23:03,859 [Worker-118: ビルド] INFO  o.a.m.s.f.DefaultMavenResourcesFiltering - Copying 1 resource from src\main\resources to target\classes
2025-01-25 13:23:03,864 [Worker-118: ビルド] INFO  o.a.m.s.f.DefaultMavenResourcesFiltering - skip non existing resourceDirectory C:\Users\miche\OneDrive\Desktop\DOJT\digital-ojt-development-beginner-cause-DroneInventorySystem\DroneInventorySystem\src\test\resources
2025-01-25 13:25:27,499 [Worker-119: ビルド] INFO  o.a.m.s.f.DefaultMavenResourcesFiltering - Copying 1 resource from src\main\resources to target\classes
2025-01-25 13:25:27,509 [Worker-119: ビルド] INFO  o.a.m.s.f.DefaultMavenResourcesFiltering - Copying 48 resources from src\main\resources to target\classes
2025-01-25 13:25:27,525 [Worker-119: ビルド] INFO  o.a.m.s.f.DefaultMavenResourcesFiltering - skip non existing resourceDirectory C:\Users\miche\OneDrive\Desktop\DOJT\digital-ojt-development-beginner-cause-DroneInventorySystem\DroneInventorySystem\src\test\resources
2025-01-25 13:28:59,198 [Worker-119: ビルド] INFO  o.a.m.s.f.DefaultMavenResourcesFiltering - Copying 1 resource from src\main\resources to target\classes
2025-01-25 13:28:59,217 [Worker-119: ビルド] INFO  o.a.m.s.f.DefaultMavenResourcesFiltering - Copying 48 resources from src\main\resources to target\classes
2025-01-25 13:28:59,234 [Worker-119: ビルド] INFO  o.a.m.s.f.DefaultMavenResourcesFiltering - skip non existing resourceDirectory C:\Users\miche\OneDrive\Desktop\DOJT\digital-ojt-development-beginner-cause-DroneInventorySystem\DroneInventorySystem\src\test\resources
2025-01-25 13:37:21,922 [Worker-124: ビルド] INFO  o.a.m.s.f.DefaultMavenResourcesFiltering - Copying 1 resource from src\main\resources to target\classes
2025-01-25 13:37:21,932 [Worker-124: ビルド] INFO  o.a.m.s.f.DefaultMavenResourcesFiltering - Copying 48 resources from src\main\resources to target\classes
2025-01-25 13:37:21,957 [Worker-124: ビルド] INFO  o.a.m.s.f.DefaultMavenResourcesFiltering - skip non existing resourceDirectory C:\Users\miche\OneDrive\Desktop\DOJT\digital-ojt-development-beginner-cause-DroneInventorySystem\DroneInventorySystem\src\test\resources
2025-01-25 13:37:55,755 [Worker-125: ビルド] INFO  o.a.m.s.f.DefaultMavenResourcesFiltering - Copying 1 resource from src\main\resources to target\classes
2025-01-25 13:37:55,765 [Worker-125: ビルド] INFO  o.a.m.s.f.DefaultMavenResourcesFiltering - Copying 48 resources from src\main\resources to target\classes
2025-01-25 13:37:55,780 [Worker-125: ビルド] INFO  o.a.m.s.f.DefaultMavenResourcesFiltering - skip non existing resourceDirectory C:\Users\miche\OneDrive\Desktop\DOJT\digital-ojt-development-beginner-cause-DroneInventorySystem\DroneInventorySystem\src\test\resources
2025-01-25 13:38:34,589 [Worker-120: ビルド] INFO  o.a.m.s.f.DefaultMavenResourcesFiltering - Copying 1 resource from src\main\resources to target\classes
2025-01-25 13:38:34,603 [Worker-120: ビルド] INFO  o.a.m.s.f.DefaultMavenResourcesFiltering - Copying 48 resources from src\main\resources to target\classes
2025-01-25 13:38:34,619 [Worker-120: ビルド] INFO  o.a.m.s.f.DefaultMavenResourcesFiltering - skip non existing resourceDirectory C:\Users\miche\OneDrive\Desktop\DOJT\digital-ojt-development-beginner-cause-DroneInventorySystem\DroneInventorySystem\src\test\resources
2025-01-25 13:39:28,607 [Worker-120: ビルド] INFO  o.a.m.s.f.DefaultMavenResourcesFiltering - Copying 1 resource from src\main\resources to target\classes
2025-01-25 13:39:28,616 [Worker-120: ビルド] INFO  o.a.m.s.f.DefaultMavenResourcesFiltering - Copying 48 resources from src\main\resources to target\classes
2025-01-25 13:39:28,632 [Worker-120: ビルド] INFO  o.a.m.s.f.DefaultMavenResourcesFiltering - skip non existing resourceDirectory C:\Users\miche\OneDrive\Desktop\DOJT\digital-ojt-development-beginner-cause-DroneInventorySystem\DroneInventorySystem\src\test\resources
2025-01-25 13:40:21,026 [Worker-120: ビルド] INFO  o.a.m.s.f.DefaultMavenResourcesFiltering - Copying 1 resource from src\main\resources to target\classes
2025-01-25 13:40:21,034 [Worker-120: ビルド] INFO  o.a.m.s.f.DefaultMavenResourcesFiltering - Copying 48 resources from src\main\resources to target\classes
2025-01-25 13:40:21,051 [Worker-120: ビルド] INFO  o.a.m.s.f.DefaultMavenResourcesFiltering - skip non existing resourceDirectory C:\Users\miche\OneDrive\Desktop\DOJT\digital-ojt-development-beginner-cause-DroneInventorySystem\DroneInventorySystem\src\test\resources
2025-01-25 13:40:38,971 [Worker-126: ビルド] INFO  o.a.m.s.f.DefaultMavenResourcesFiltering - Copying 0 resource from src\main\resources to target\classes
2025-01-25 13:40:38,972 [Worker-126: ビルド] INFO  o.a.m.s.f.DefaultMavenResourcesFiltering - Copying 1 resource from src\main\resources to target\classes
2025-01-25 13:40:38,976 [Worker-126: ビルド] INFO  o.a.m.s.f.DefaultMavenResourcesFiltering - skip non existing resourceDirectory C:\Users\miche\OneDrive\Desktop\DOJT\digital-ojt-development-beginner-cause-DroneInventorySystem\DroneInventorySystem\src\test\resources
2025-01-25 13:50:36,964 [Worker-123: ビルド] INFO  o.a.m.s.f.DefaultMavenResourcesFiltering - Copying 1 resource from src\main\resources to target\classes
2025-01-25 13:50:36,991 [Worker-123: ビルド] INFO  o.a.m.s.f.DefaultMavenResourcesFiltering - Copying 48 resources from src\main\resources to target\classes
2025-01-25 13:50:37,013 [Worker-123: ビルド] INFO  o.a.m.s.f.DefaultMavenResourcesFiltering - skip non existing resourceDirectory C:\Users\miche\OneDrive\Desktop\DOJT\digital-ojt-development-beginner-cause-DroneInventorySystem\DroneInventorySystem\src\test\resources
2025-01-25 13:57:13,058 [Worker-131: ビルド] INFO  o.a.m.s.f.DefaultMavenResourcesFiltering - Copying 1 resource from src\main\resources to target\classes
2025-01-25 13:57:13,252 [Worker-131: ビルド] INFO  o.a.m.s.f.DefaultMavenResourcesFiltering - Copying 48 resources from src\main\resources to target\classes
2025-01-25 13:57:13,270 [Worker-131: ビルド] INFO  o.a.m.s.f.DefaultMavenResourcesFiltering - skip non existing resourceDirectory C:\Users\miche\OneDrive\Desktop\DOJT\digital-ojt-development-beginner-cause-DroneInventorySystem\DroneInventorySystem\src\test\resources
2025-01-25 13:58:50,619 [Worker-129: ビルド] INFO  o.a.m.s.f.DefaultMavenResourcesFiltering - Copying 1 resource from src\main\resources to target\classes
2025-01-25 13:58:50,637 [Worker-129: ビルド] INFO  o.a.m.s.f.DefaultMavenResourcesFiltering - Copying 48 resources from src\main\resources to target\classes
2025-01-25 13:58:50,653 [Worker-129: ビルド] INFO  o.a.m.s.f.DefaultMavenResourcesFiltering - skip non existing resourceDirectory C:\Users\miche\OneDrive\Desktop\DOJT\digital-ojt-development-beginner-cause-DroneInventorySystem\DroneInventorySystem\src\test\resources
2025-01-25 13:58:59,047 [Worker-133: ビルド] INFO  o.a.m.s.f.DefaultMavenResourcesFiltering - Copying 1 resource from src\main\resources to target\classes
2025-01-25 13:58:59,055 [Worker-133: ビルド] INFO  o.a.m.s.f.DefaultMavenResourcesFiltering - Copying 48 resources from src\main\resources to target\classes
2025-01-25 13:58:59,073 [Worker-133: ビルド] INFO  o.a.m.s.f.DefaultMavenResourcesFiltering - skip non existing resourceDirectory C:\Users\miche\OneDrive\Desktop\DOJT\digital-ojt-development-beginner-cause-DroneInventorySystem\DroneInventorySystem\src\test\resources
2025-01-25 14:01:30,311 [Worker-129: ビルド] INFO  o.a.m.s.f.DefaultMavenResourcesFiltering - Copying 1 resource from src\main\resources to target\classes
2025-01-25 14:01:30,323 [Worker-129: ビルド] INFO  o.a.m.s.f.DefaultMavenResourcesFiltering - Copying 48 resources from src\main\resources to target\classes
2025-01-25 14:01:30,339 [Worker-129: ビルド] INFO  o.a.m.s.f.DefaultMavenResourcesFiltering - skip non existing resourceDirectory C:\Users\miche\OneDrive\Desktop\DOJT\digital-ojt-development-beginner-cause-DroneInventorySystem\DroneInventorySystem\src\test\resources
2025-01-25 14:30:15,967 [Worker-136: ビルド] INFO  o.a.m.s.f.DefaultMavenResourcesFiltering - Copying 1 resource from src\main\resources to target\classes
2025-01-25 14:30:15,982 [Worker-136: ビルド] INFO  o.a.m.s.f.DefaultMavenResourcesFiltering - Copying 48 resources from src\main\resources to target\classes
2025-01-25 14:30:15,999 [Worker-136: ビルド] INFO  o.a.m.s.f.DefaultMavenResourcesFiltering - skip non existing resourceDirectory C:\Users\miche\OneDrive\Desktop\DOJT\digital-ojt-development-beginner-cause-DroneInventorySystem\DroneInventorySystem\src\test\resources
2025-01-25 14:42:42,035 [Worker-141: ビルド] INFO  o.a.m.s.f.DefaultMavenResourcesFiltering - Copying 1 resource from src\main\resources to target\classes
2025-01-25 14:42:42,046 [Worker-141: ビルド] INFO  o.a.m.s.f.DefaultMavenResourcesFiltering - Copying 48 resources from src\main\resources to target\classes
2025-01-25 14:42:42,067 [Worker-141: ビルド] INFO  o.a.m.s.f.DefaultMavenResourcesFiltering - skip non existing resourceDirectory C:\Users\miche\OneDrive\Desktop\DOJT\digital-ojt-development-beginner-cause-DroneInventorySystem\DroneInventorySystem\src\test\resources
2025-01-25 14:43:04,332 [Worker-143: ビルド] INFO  o.a.m.s.f.DefaultMavenResourcesFiltering - Copying 1 resource from src\main\resources to target\classes
2025-01-25 14:43:04,391 [Worker-143: ビルド] INFO  o.a.m.s.f.DefaultMavenResourcesFiltering - Copying 48 resources from src\main\resources to target\classes
2025-01-25 14:43:04,416 [Worker-143: ビルド] INFO  o.a.m.s.f.DefaultMavenResourcesFiltering - skip non existing resourceDirectory C:\Users\miche\OneDrive\Desktop\DOJT\digital-ojt-development-beginner-cause-DroneInventorySystem\DroneInventorySystem\src\test\resources
2025-01-25 14:43:57,966 [Worker-136: ビルド] INFO  o.a.m.s.f.DefaultMavenResourcesFiltering - Copying 1 resource from src\main\resources to target\classes
2025-01-25 14:43:58,013 [Worker-136: ビルド] INFO  o.a.m.s.f.DefaultMavenResourcesFiltering - Copying 48 resources from src\main\resources to target\classes
2025-01-25 14:43:58,038 [Worker-136: ビルド] INFO  o.a.m.s.f.DefaultMavenResourcesFiltering - skip non existing resourceDirectory C:\Users\miche\OneDrive\Desktop\DOJT\digital-ojt-development-beginner-cause-DroneInventorySystem\DroneInventorySystem\src\test\resources
2025-01-25 14:44:22,473 [Worker-143: ビルド] INFO  o.a.m.s.f.DefaultMavenResourcesFiltering - Copying 1 resource from src\main\resources to target\classes
2025-01-25 14:44:22,485 [Worker-143: ビルド] INFO  o.a.m.s.f.DefaultMavenResourcesFiltering - Copying 48 resources from src\main\resources to target\classes
2025-01-25 14:44:22,505 [Worker-143: ビルド] INFO  o.a.m.s.f.DefaultMavenResourcesFiltering - skip non existing resourceDirectory C:\Users\miche\OneDrive\Desktop\DOJT\digital-ojt-development-beginner-cause-DroneInventorySystem\DroneInventorySystem\src\test\resources
2025-01-25 14:46:59,094 [Worker-143: ビルド] INFO  o.a.m.s.f.DefaultMavenResourcesFiltering - Copying 1 resource from src\main\resources to target\classes
2025-01-25 14:46:59,105 [Worker-143: ビルド] INFO  o.a.m.s.f.DefaultMavenResourcesFiltering - Copying 48 resources from src\main\resources to target\classes
2025-01-25 14:46:59,121 [Worker-143: ビルド] INFO  o.a.m.s.f.DefaultMavenResourcesFiltering - skip non existing resourceDirectory C:\Users\miche\OneDrive\Desktop\DOJT\digital-ojt-development-beginner-cause-DroneInventorySystem\DroneInventorySystem\src\test\resources
2025-01-25 14:48:14,458 [Worker-136: ビルド] INFO  o.a.m.s.f.DefaultMavenResourcesFiltering - Copying 1 resource from src\main\resources to target\classes
2025-01-25 14:48:14,502 [Worker-136: ビルド] INFO  o.a.m.s.f.DefaultMavenResourcesFiltering - Copying 48 resources from src\main\resources to target\classes
2025-01-25 14:48:14,524 [Worker-136: ビルド] INFO  o.a.m.s.f.DefaultMavenResourcesFiltering - skip non existing resourceDirectory C:\Users\miche\OneDrive\Desktop\DOJT\digital-ojt-development-beginner-cause-DroneInventorySystem\DroneInventorySystem\src\test\resources
2025-01-25 14:48:22,885 [Worker-143: ビルド] INFO  o.a.m.s.f.DefaultMavenResourcesFiltering - Copying 1 resource from src\main\resources to target\classes
2025-01-25 14:48:22,904 [Worker-143: ビルド] INFO  o.a.m.s.f.DefaultMavenResourcesFiltering - Copying 48 resources from src\main\resources to target\classes
2025-01-25 14:48:22,921 [Worker-143: ビルド] INFO  o.a.m.s.f.DefaultMavenResourcesFiltering - skip non existing resourceDirectory C:\Users\miche\OneDrive\Desktop\DOJT\digital-ojt-development-beginner-cause-DroneInventorySystem\DroneInventorySystem\src\test\resources
2025-01-25 14:51:04,440 [Worker-145: ビルド] INFO  o.a.m.s.f.DefaultMavenResourcesFiltering - Copying 1 resource from src\main\resources to target\classes
2025-01-25 14:51:04,485 [Worker-145: ビルド] INFO  o.a.m.s.f.DefaultMavenResourcesFiltering - Copying 48 resources from src\main\resources to target\classes
2025-01-25 14:51:04,522 [Worker-145: ビルド] INFO  o.a.m.s.f.DefaultMavenResourcesFiltering - skip non existing resourceDirectory C:\Users\miche\OneDrive\Desktop\DOJT\digital-ojt-development-beginner-cause-DroneInventorySystem\DroneInventorySystem\src\test\resources
2025-01-25 14:51:24,333 [Worker-143: ビルド] INFO  o.a.m.s.f.DefaultMavenResourcesFiltering - Copying 1 resource from src\main\resources to target\classes
2025-01-25 14:51:24,355 [Worker-143: ビルド] INFO  o.a.m.s.f.DefaultMavenResourcesFiltering - Copying 48 resources from src\main\resources to target\classes
2025-01-25 14:51:24,372 [Worker-143: ビルド] INFO  o.a.m.s.f.DefaultMavenResourcesFiltering - skip non existing resourceDirectory C:\Users\miche\OneDrive\Desktop\DOJT\digital-ojt-development-beginner-cause-DroneInventorySystem\DroneInventorySystem\src\test\resources
2025-01-25 18:38:37,619 [Worker-143: ビルド] INFO  o.a.m.s.f.DefaultMavenResourcesFiltering - Copying 1 resource from src\main\resources to target\classes
2025-01-25 18:38:37,634 [Worker-143: ビルド] INFO  o.a.m.s.f.DefaultMavenResourcesFiltering - Copying 48 resources from src\main\resources to target\classes
2025-01-25 18:38:37,649 [Worker-143: ビルド] INFO  o.a.m.s.f.DefaultMavenResourcesFiltering - skip non existing resourceDirectory C:\Users\miche\OneDrive\Desktop\DOJT\digital-ojt-development-beginner-cause-DroneInventorySystem\DroneInventorySystem\src\test\resources
2025-01-25 18:39:46,253 [Worker-152: ビルド] INFO  o.a.m.s.f.DefaultMavenResourcesFiltering - Copying 1 resource from src\main\resources to target\classes
2025-01-25 18:39:47,905 [Worker-152: ビルド] INFO  o.a.m.s.f.DefaultMavenResourcesFiltering - Copying 48 resources from src\main\resources to target\classes
2025-01-25 18:39:47,931 [Worker-152: ビルド] INFO  o.a.m.s.f.DefaultMavenResourcesFiltering - skip non existing resourceDirectory C:\Users\miche\OneDrive\Desktop\DOJT\digital-ojt-development-beginner-cause-DroneInventorySystem\DroneInventorySystem\src\test\resources
2025-01-25 18:42:29,610 [Worker-149: ビルド] INFO  o.a.m.s.f.DefaultMavenResourcesFiltering - Copying 1 resource from src\main\resources to target\classes
2025-01-25 18:42:29,646 [Worker-149: ビルド] INFO  o.a.m.s.f.DefaultMavenResourcesFiltering - Copying 48 resources from src\main\resources to target\classes
2025-01-25 18:42:29,668 [Worker-149: ビルド] INFO  o.a.m.s.f.DefaultMavenResourcesFiltering - skip non existing resourceDirectory C:\Users\miche\OneDrive\Desktop\DOJT\digital-ojt-development-beginner-cause-DroneInventorySystem\DroneInventorySystem\src\test\resources
2025-01-25 18:42:54,777 [Worker-153: ビルド] INFO  o.a.m.s.f.DefaultMavenResourcesFiltering - Copying 1 resource from src\main\resources to target\classes
2025-01-25 18:42:54,803 [Worker-153: ビルド] INFO  o.a.m.s.f.DefaultMavenResourcesFiltering - Copying 48 resources from src\main\resources to target\classes
2025-01-25 18:42:54,820 [Worker-153: ビルド] INFO  o.a.m.s.f.DefaultMavenResourcesFiltering - skip non existing resourceDirectory C:\Users\miche\OneDrive\Desktop\DOJT\digital-ojt-development-beginner-cause-DroneInventorySystem\DroneInventorySystem\src\test\resources
2025-01-25 18:51:08,225 [Worker-153: ビルド] INFO  o.a.m.s.f.DefaultMavenResourcesFiltering - Copying 1 resource from src\main\resources to target\classes
2025-01-25 18:51:08,255 [Worker-153: ビルド] INFO  o.a.m.s.f.DefaultMavenResourcesFiltering - Copying 48 resources from src\main\resources to target\classes
2025-01-25 18:51:08,273 [Worker-153: ビルド] INFO  o.a.m.s.f.DefaultMavenResourcesFiltering - skip non existing resourceDirectory C:\Users\miche\OneDrive\Desktop\DOJT\digital-ojt-development-beginner-cause-DroneInventorySystem\DroneInventorySystem\src\test\resources
2025-01-25 18:53:20,281 [Worker-157: ビルド] INFO  o.a.m.s.f.DefaultMavenResourcesFiltering - Copying 1 resource from src\main\resources to target\classes
2025-01-25 18:53:20,309 [Worker-157: ビルド] INFO  o.a.m.s.f.DefaultMavenResourcesFiltering - Copying 48 resources from src\main\resources to target\classes
2025-01-25 18:53:20,336 [Worker-157: ビルド] INFO  o.a.m.s.f.DefaultMavenResourcesFiltering - skip non existing resourceDirectory C:\Users\miche\OneDrive\Desktop\DOJT\digital-ojt-development-beginner-cause-DroneInventorySystem\DroneInventorySystem\src\test\resources
2025-01-25 18:53:48,083 [Worker-157: ビルド] INFO  o.a.m.s.f.DefaultMavenResourcesFiltering - Copying 1 resource from src\main\resources to target\classes
2025-01-25 18:53:48,100 [Worker-157: ビルド] INFO  o.a.m.s.f.DefaultMavenResourcesFiltering - Copying 48 resources from src\main\resources to target\classes
2025-01-25 18:53:48,116 [Worker-157: ビルド] INFO  o.a.m.s.f.DefaultMavenResourcesFiltering - skip non existing resourceDirectory C:\Users\miche\OneDrive\Desktop\DOJT\digital-ojt-development-beginner-cause-DroneInventorySystem\DroneInventorySystem\src\test\resources
2025-01-25 19:07:03,584 [Worker-160: ビルド] INFO  o.a.m.s.f.DefaultMavenResourcesFiltering - Copying 1 resource from src\main\resources to target\classes
2025-01-25 19:07:03,600 [Worker-160: ビルド] INFO  o.a.m.s.f.DefaultMavenResourcesFiltering - Copying 48 resources from src\main\resources to target\classes
2025-01-25 19:07:03,616 [Worker-160: ビルド] INFO  o.a.m.s.f.DefaultMavenResourcesFiltering - skip non existing resourceDirectory C:\Users\miche\OneDrive\Desktop\DOJT\digital-ojt-development-beginner-cause-DroneInventorySystem\DroneInventorySystem\src\test\resources
2025-01-25 19:08:19,023 [Worker-160: ビルド] INFO  o.a.m.s.f.DefaultMavenResourcesFiltering - Copying 1 resource from src\main\resources to target\classes
2025-01-25 19:08:19,035 [Worker-160: ビルド] INFO  o.a.m.s.f.DefaultMavenResourcesFiltering - Copying 48 resources from src\main\resources to target\classes
2025-01-25 19:08:19,053 [Worker-160: ビルド] INFO  o.a.m.s.f.DefaultMavenResourcesFiltering - skip non existing resourceDirectory C:\Users\miche\OneDrive\Desktop\DOJT\digital-ojt-development-beginner-cause-DroneInventorySystem\DroneInventorySystem\src\test\resources
2025-01-25 19:10:10,040 [Worker-160: ビルド] INFO  o.a.m.s.f.DefaultMavenResourcesFiltering - Copying 1 resource from src\main\resources to target\classes
2025-01-25 19:10:10,056 [Worker-160: ビルド] INFO  o.a.m.s.f.DefaultMavenResourcesFiltering - Copying 48 resources from src\main\resources to target\classes
2025-01-25 19:10:10,071 [Worker-160: ビルド] INFO  o.a.m.s.f.DefaultMavenResourcesFiltering - skip non existing resourceDirectory C:\Users\miche\OneDrive\Desktop\DOJT\digital-ojt-development-beginner-cause-DroneInventorySystem\DroneInventorySystem\src\test\resources
2025-01-25 19:13:26,671 [Worker-163: ビルド] INFO  o.a.m.s.f.DefaultMavenResourcesFiltering - Copying 1 resource from src\main\resources to target\classes
2025-01-25 19:13:26,685 [Worker-163: ビルド] INFO  o.a.m.s.f.DefaultMavenResourcesFiltering - Copying 48 resources from src\main\resources to target\classes
2025-01-25 19:13:26,700 [Worker-163: ビルド] INFO  o.a.m.s.f.DefaultMavenResourcesFiltering - skip non existing resourceDirectory C:\Users\miche\OneDrive\Desktop\DOJT\digital-ojt-development-beginner-cause-DroneInventorySystem\DroneInventorySystem\src\test\resources
2025-01-25 19:17:45,498 [Worker-167: ビルド] INFO  o.a.m.s.f.DefaultMavenResourcesFiltering - Copying 1 resource from src\main\resources to target\classes
2025-01-25 19:17:45,696 [Worker-167: ビルド] INFO  o.a.m.s.f.DefaultMavenResourcesFiltering - Copying 48 resources from src\main\resources to target\classes
2025-01-25 19:17:45,716 [Worker-167: ビルド] INFO  o.a.m.s.f.DefaultMavenResourcesFiltering - skip non existing resourceDirectory C:\Users\miche\OneDrive\Desktop\DOJT\digital-ojt-development-beginner-cause-DroneInventorySystem\DroneInventorySystem\src\test\resources
2025-01-25 19:19:39,737 [Worker-169: ビルド] INFO  o.a.m.s.f.DefaultMavenResourcesFiltering - Copying 1 resource from src\main\resources to target\classes
2025-01-25 19:19:39,758 [Worker-169: ビルド] INFO  o.a.m.s.f.DefaultMavenResourcesFiltering - Copying 48 resources from src\main\resources to target\classes
2025-01-25 19:19:39,780 [Worker-169: ビルド] INFO  o.a.m.s.f.DefaultMavenResourcesFiltering - skip non existing resourceDirectory C:\Users\miche\OneDrive\Desktop\DOJT\digital-ojt-development-beginner-cause-DroneInventorySystem\DroneInventorySystem\src\test\resources
2025-01-25 19:22:50,071 [Worker-168: ビルド] INFO  o.a.m.s.f.DefaultMavenResourcesFiltering - Copying 1 resource from src\main\resources to target\classes
2025-01-25 19:22:50,253 [Worker-168: ビルド] INFO  o.a.m.s.f.DefaultMavenResourcesFiltering - Copying 48 resources from src\main\resources to target\classes
2025-01-25 19:22:50,268 [Worker-168: ビルド] INFO  o.a.m.s.f.DefaultMavenResourcesFiltering - skip non existing resourceDirectory C:\Users\miche\OneDrive\Desktop\DOJT\digital-ojt-development-beginner-cause-DroneInventorySystem\DroneInventorySystem\src\test\resources
2025-01-25 19:28:54,350 [Worker-168: ビルド] INFO  o.a.m.s.f.DefaultMavenResourcesFiltering - Copying 1 resource from src\main\resources to target\classes
2025-01-25 19:28:54,542 [Worker-168: ビルド] INFO  o.a.m.s.f.DefaultMavenResourcesFiltering - Copying 48 resources from src\main\resources to target\classes
2025-01-25 19:28:54,558 [Worker-168: ビルド] INFO  o.a.m.s.f.DefaultMavenResourcesFiltering - skip non existing resourceDirectory C:\Users\miche\OneDrive\Desktop\DOJT\digital-ojt-development-beginner-cause-DroneInventorySystem\DroneInventorySystem\src\test\resources
2025-01-25 19:30:48,175 [Worker-173: ビルド] INFO  o.a.m.s.f.DefaultMavenResourcesFiltering - Copying 1 resource from src\main\resources to target\classes
2025-01-25 19:30:48,198 [Worker-173: ビルド] INFO  o.a.m.s.f.DefaultMavenResourcesFiltering - Copying 48 resources from src\main\resources to target\classes
2025-01-25 19:30:48,216 [Worker-173: ビルド] INFO  o.a.m.s.f.DefaultMavenResourcesFiltering - skip non existing resourceDirectory C:\Users\miche\OneDrive\Desktop\DOJT\digital-ojt-development-beginner-cause-DroneInventorySystem\DroneInventorySystem\src\test\resources
2025-01-25 19:33:14,617 [Worker-176: ビルド] INFO  o.a.m.s.f.DefaultMavenResourcesFiltering - Copying 1 resource from src\main\resources to target\classes
2025-01-25 19:33:14,625 [Worker-176: ビルド] INFO  o.a.m.s.f.DefaultMavenResourcesFiltering - Copying 48 resources from src\main\resources to target\classes
2025-01-25 19:33:14,647 [Worker-176: ビルド] INFO  o.a.m.s.f.DefaultMavenResourcesFiltering - skip non existing resourceDirectory C:\Users\miche\OneDrive\Desktop\DOJT\digital-ojt-development-beginner-cause-DroneInventorySystem\DroneInventorySystem\src\test\resources
2025-01-25 19:33:25,063 [Worker-179: ビルド] INFO  o.a.m.s.f.DefaultMavenResourcesFiltering - Copying 1 resource from src\main\resources to target\classes
2025-01-25 19:33:25,073 [Worker-179: ビルド] INFO  o.a.m.s.f.DefaultMavenResourcesFiltering - Copying 48 resources from src\main\resources to target\classes
2025-01-25 19:33:25,089 [Worker-179: ビルド] INFO  o.a.m.s.f.DefaultMavenResourcesFiltering - skip non existing resourceDirectory C:\Users\miche\OneDrive\Desktop\DOJT\digital-ojt-development-beginner-cause-DroneInventorySystem\DroneInventorySystem\src\test\resources
2025-01-25 19:37:32,035 [Worker-185: ビルド] INFO  o.a.m.s.f.DefaultMavenResourcesFiltering - Copying 1 resource from src\main\resources to target\classes
2025-01-25 19:37:32,044 [Worker-185: ビルド] INFO  o.a.m.s.f.DefaultMavenResourcesFiltering - Copying 48 resources from src\main\resources to target\classes
2025-01-25 19:37:32,061 [Worker-185: ビルド] INFO  o.a.m.s.f.DefaultMavenResourcesFiltering - skip non existing resourceDirectory C:\Users\miche\OneDrive\Desktop\DOJT\digital-ojt-development-beginner-cause-DroneInventorySystem\DroneInventorySystem\src\test\resources
2025-01-25 19:42:27,507 [Worker-193: ビルド] INFO  o.a.m.s.f.DefaultMavenResourcesFiltering - Copying 1 resource from src\main\resources to target\classes
2025-01-25 19:42:27,515 [Worker-193: ビルド] INFO  o.a.m.s.f.DefaultMavenResourcesFiltering - Copying 48 resources from src\main\resources to target\classes
2025-01-25 19:42:27,536 [Worker-193: ビルド] INFO  o.a.m.s.f.DefaultMavenResourcesFiltering - skip non existing resourceDirectory C:\Users\miche\OneDrive\Desktop\DOJT\digital-ojt-development-beginner-cause-DroneInventorySystem\DroneInventorySystem\src\test\resources
2025-01-25 19:43:20,400 [Worker-186: ビルド] INFO  o.a.m.s.f.DefaultMavenResourcesFiltering - Copying 1 resource from src\main\resources to target\classes
2025-01-25 19:43:20,430 [Worker-186: ビルド] INFO  o.a.m.s.f.DefaultMavenResourcesFiltering - Copying 48 resources from src\main\resources to target\classes
2025-01-25 19:43:20,454 [Worker-186: ビルド] INFO  o.a.m.s.f.DefaultMavenResourcesFiltering - skip non existing resourceDirectory C:\Users\miche\OneDrive\Desktop\DOJT\digital-ojt-development-beginner-cause-DroneInventorySystem\DroneInventorySystem\src\test\resources
2025-01-25 19:43:22,606 [Worker-196: DroneInventorySystem - DroneInventorySystemApplication の起動] INFO  o.a.m.s.f.DefaultMavenResourcesFiltering - Copying 1 resource from src\main\resources to target\classes
2025-01-25 19:43:22,635 [Worker-196: DroneInventorySystem - DroneInventorySystemApplication の起動] INFO  o.a.m.s.f.DefaultMavenResourcesFiltering - Copying 48 resources from src\main\resources to target\classes
2025-01-25 19:43:22,666 [Worker-196: DroneInventorySystem - DroneInventorySystemApplication の起動] INFO  o.a.m.s.f.DefaultMavenResourcesFiltering - skip non existing resourceDirectory C:\Users\miche\OneDrive\Desktop\DOJT\digital-ojt-development-beginner-cause-DroneInventorySystem\DroneInventorySystem\src\test\resources
2025-01-25 19:49:45,166 [Worker-202: ビルド] INFO  o.a.m.s.f.DefaultMavenResourcesFiltering - Copying 1 resource from src\main\resources to target\classes
2025-01-25 19:49:45,372 [Worker-202: ビルド] INFO  o.a.m.s.f.DefaultMavenResourcesFiltering - Copying 48 resources from src\main\resources to target\classes
2025-01-25 19:49:45,395 [Worker-202: ビルド] INFO  o.a.m.s.f.DefaultMavenResourcesFiltering - skip non existing resourceDirectory C:\Users\miche\OneDrive\Desktop\DOJT\digital-ojt-development-beginner-cause-DroneInventorySystem\DroneInventorySystem\src\test\resources
2025-01-25 19:50:06,157 [Worker-203: ビルド] INFO  o.a.m.s.f.DefaultMavenResourcesFiltering - Copying 1 resource from src\main\resources to target\classes
2025-01-25 19:50:06,165 [Worker-203: ビルド] INFO  o.a.m.s.f.DefaultMavenResourcesFiltering - Copying 48 resources from src\main\resources to target\classes
2025-01-25 19:50:06,183 [Worker-203: ビルド] INFO  o.a.m.s.f.DefaultMavenResourcesFiltering - skip non existing resourceDirectory C:\Users\miche\OneDrive\Desktop\DOJT\digital-ojt-development-beginner-cause-DroneInventorySystem\DroneInventorySystem\src\test\resources
2025-01-25 19:51:53,167 [Worker-206: ビルド] INFO  o.a.m.s.f.DefaultMavenResourcesFiltering - Copying 1 resource from src\main\resources to target\classes
2025-01-25 19:51:53,188 [Worker-206: ビルド] INFO  o.a.m.s.f.DefaultMavenResourcesFiltering - Copying 48 resources from src\main\resources to target\classes
2025-01-25 19:51:53,209 [Worker-206: ビルド] INFO  o.a.m.s.f.DefaultMavenResourcesFiltering - skip non existing resourceDirectory C:\Users\miche\OneDrive\Desktop\DOJT\digital-ojt-development-beginner-cause-DroneInventorySystem\DroneInventorySystem\src\test\resources
2025-01-25 19:57:39,164 [Worker-206: ビルド] INFO  o.a.m.s.f.DefaultMavenResourcesFiltering - Copying 1 resource from src\main\resources to target\classes
2025-01-25 19:57:39,178 [Worker-206: ビルド] INFO  o.a.m.s.f.DefaultMavenResourcesFiltering - Copying 48 resources from src\main\resources to target\classes
2025-01-25 19:57:39,197 [Worker-206: ビルド] INFO  o.a.m.s.f.DefaultMavenResourcesFiltering - skip non existing resourceDirectory C:\Users\miche\OneDrive\Desktop\DOJT\digital-ojt-development-beginner-cause-DroneInventorySystem\DroneInventorySystem\src\test\resources
2025-01-25 19:57:58,280 [Worker-206: ビルド] INFO  o.a.m.s.f.DefaultMavenResourcesFiltering - Copying 1 resource from src\main\resources to target\classes
2025-01-25 19:57:58,292 [Worker-206: ビルド] INFO  o.a.m.s.f.DefaultMavenResourcesFiltering - Copying 48 resources from src\main\resources to target\classes
2025-01-25 19:57:58,307 [Worker-206: ビルド] INFO  o.a.m.s.f.DefaultMavenResourcesFiltering - skip non existing resourceDirectory C:\Users\miche\OneDrive\Desktop\DOJT\digital-ojt-development-beginner-cause-DroneInventorySystem\DroneInventorySystem\src\test\resources
2025-01-25 19:59:54,025 [Worker-217: ビルド] INFO  o.a.m.s.f.DefaultMavenResourcesFiltering - Copying 1 resource from src\main\resources to target\classes
2025-01-25 19:59:54,037 [Worker-217: ビルド] INFO  o.a.m.s.f.DefaultMavenResourcesFiltering - Copying 48 resources from src\main\resources to target\classes
2025-01-25 19:59:54,053 [Worker-217: ビルド] INFO  o.a.m.s.f.DefaultMavenResourcesFiltering - skip non existing resourceDirectory C:\Users\miche\OneDrive\Desktop\DOJT\digital-ojt-development-beginner-cause-DroneInventorySystem\DroneInventorySystem\src\test\resources
2025-01-25 20:01:01,496 [Worker-211: ビルド] INFO  o.a.m.s.f.DefaultMavenResourcesFiltering - Copying 1 resource from src\main\resources to target\classes
2025-01-25 20:01:01,506 [Worker-211: ビルド] INFO  o.a.m.s.f.DefaultMavenResourcesFiltering - Copying 48 resources from src\main\resources to target\classes
2025-01-25 20:01:01,522 [Worker-211: ビルド] INFO  o.a.m.s.f.DefaultMavenResourcesFiltering - skip non existing resourceDirectory C:\Users\miche\OneDrive\Desktop\DOJT\digital-ojt-development-beginner-cause-DroneInventorySystem\DroneInventorySystem\src\test\resources
2025-01-25 20:01:41,569 [Worker-218: ビルド] INFO  o.a.m.s.f.DefaultMavenResourcesFiltering - Copying 1 resource from src\main\resources to target\classes
2025-01-25 20:01:41,588 [Worker-218: ビルド] INFO  o.a.m.s.f.DefaultMavenResourcesFiltering - Copying 48 resources from src\main\resources to target\classes
2025-01-25 20:01:41,605 [Worker-218: ビルド] INFO  o.a.m.s.f.DefaultMavenResourcesFiltering - skip non existing resourceDirectory C:\Users\miche\OneDrive\Desktop\DOJT\digital-ojt-development-beginner-cause-DroneInventorySystem\DroneInventorySystem\src\test\resources
2025-01-25 20:02:01,672 [Worker-203: ビルド] INFO  o.a.m.s.f.DefaultMavenResourcesFiltering - Copying 1 resource from src\main\resources to target\classes
2025-01-25 20:02:01,684 [Worker-203: ビルド] INFO  o.a.m.s.f.DefaultMavenResourcesFiltering - Copying 48 resources from src\main\resources to target\classes
2025-01-25 20:02:01,701 [Worker-203: ビルド] INFO  o.a.m.s.f.DefaultMavenResourcesFiltering - skip non existing resourceDirectory C:\Users\miche\OneDrive\Desktop\DOJT\digital-ojt-development-beginner-cause-DroneInventorySystem\DroneInventorySystem\src\test\resources
2025-01-25 20:03:32,807 [Worker-203: ビルド] INFO  o.a.m.s.f.DefaultMavenResourcesFiltering - Copying 1 resource from src\main\resources to target\classes
2025-01-25 20:03:32,828 [Worker-203: ビルド] INFO  o.a.m.s.f.DefaultMavenResourcesFiltering - Copying 48 resources from src\main\resources to target\classes
2025-01-25 20:03:32,844 [Worker-203: ビルド] INFO  o.a.m.s.f.DefaultMavenResourcesFiltering - skip non existing resourceDirectory C:\Users\miche\OneDrive\Desktop\DOJT\digital-ojt-development-beginner-cause-DroneInventorySystem\DroneInventorySystem\src\test\resources
2025-01-25 20:08:50,754 [Worker-218: ビルド] INFO  o.a.m.s.f.DefaultMavenResourcesFiltering - Copying 1 resource from src\main\resources to target\classes
2025-01-25 20:08:50,763 [Worker-218: ビルド] INFO  o.a.m.s.f.DefaultMavenResourcesFiltering - Copying 48 resources from src\main\resources to target\classes
2025-01-25 20:08:50,779 [Worker-218: ビルド] INFO  o.a.m.s.f.DefaultMavenResourcesFiltering - skip non existing resourceDirectory C:\Users\miche\OneDrive\Desktop\DOJT\digital-ojt-development-beginner-cause-DroneInventorySystem\DroneInventorySystem\src\test\resources
2025-01-25 20:09:23,489 [Worker-203: ビルド] INFO  o.a.m.s.f.DefaultMavenResourcesFiltering - Copying 1 resource from src\main\resources to target\classes
2025-01-25 20:09:23,498 [Worker-203: ビルド] INFO  o.a.m.s.f.DefaultMavenResourcesFiltering - Copying 48 resources from src\main\resources to target\classes
2025-01-25 20:09:23,514 [Worker-203: ビルド] INFO  o.a.m.s.f.DefaultMavenResourcesFiltering - skip non existing resourceDirectory C:\Users\miche\OneDrive\Desktop\DOJT\digital-ojt-development-beginner-cause-DroneInventorySystem\DroneInventorySystem\src\test\resources
2025-01-25 20:09:35,921 [Worker-203: ビルド] INFO  o.a.m.s.f.DefaultMavenResourcesFiltering - Copying 1 resource from src\main\resources to target\classes
2025-01-25 20:09:35,942 [Worker-203: ビルド] INFO  o.a.m.s.f.DefaultMavenResourcesFiltering - Copying 48 resources from src\main\resources to target\classes
2025-01-25 20:09:35,965 [Worker-203: ビルド] INFO  o.a.m.s.f.DefaultMavenResourcesFiltering - skip non existing resourceDirectory C:\Users\miche\OneDrive\Desktop\DOJT\digital-ojt-development-beginner-cause-DroneInventorySystem\DroneInventorySystem\src\test\resources
2025-01-25 20:09:51,278 [Worker-218: ビルド] INFO  o.a.m.s.f.DefaultMavenResourcesFiltering - Copying 1 resource from src\main\resources to target\classes
2025-01-25 20:09:51,304 [Worker-218: ビルド] INFO  o.a.m.s.f.DefaultMavenResourcesFiltering - Copying 48 resources from src\main\resources to target\classes
2025-01-25 20:09:51,323 [Worker-218: ビルド] INFO  o.a.m.s.f.DefaultMavenResourcesFiltering - skip non existing resourceDirectory C:\Users\miche\OneDrive\Desktop\DOJT\digital-ojt-development-beginner-cause-DroneInventorySystem\DroneInventorySystem\src\test\resources
2025-01-25 20:10:38,458 [Worker-218: ビルド] INFO  o.a.m.s.f.DefaultMavenResourcesFiltering - Copying 1 resource from src\main\resources to target\classes
2025-01-25 20:10:38,469 [Worker-218: ビルド] INFO  o.a.m.s.f.DefaultMavenResourcesFiltering - Copying 48 resources from src\main\resources to target\classes
2025-01-25 20:10:38,484 [Worker-218: ビルド] INFO  o.a.m.s.f.DefaultMavenResourcesFiltering - skip non existing resourceDirectory C:\Users\miche\OneDrive\Desktop\DOJT\digital-ojt-development-beginner-cause-DroneInventorySystem\DroneInventorySystem\src\test\resources
2025-01-25 20:11:26,510 [Worker-203: ビルド] INFO  o.a.m.s.f.DefaultMavenResourcesFiltering - Copying 1 resource from src\main\resources to target\classes
2025-01-25 20:11:26,519 [Worker-203: ビルド] INFO  o.a.m.s.f.DefaultMavenResourcesFiltering - Copying 48 resources from src\main\resources to target\classes
2025-01-25 20:11:26,534 [Worker-203: ビルド] INFO  o.a.m.s.f.DefaultMavenResourcesFiltering - skip non existing resourceDirectory C:\Users\miche\OneDrive\Desktop\DOJT\digital-ojt-development-beginner-cause-DroneInventorySystem\DroneInventorySystem\src\test\resources
2025-01-25 20:11:51,139 [Worker-220: ビルド] INFO  o.a.m.s.f.DefaultMavenResourcesFiltering - Copying 1 resource from src\main\resources to target\classes
2025-01-25 20:11:51,155 [Worker-220: ビルド] INFO  o.a.m.s.f.DefaultMavenResourcesFiltering - Copying 48 resources from src\main\resources to target\classes
2025-01-25 20:11:51,171 [Worker-220: ビルド] INFO  o.a.m.s.f.DefaultMavenResourcesFiltering - skip non existing resourceDirectory C:\Users\miche\OneDrive\Desktop\DOJT\digital-ojt-development-beginner-cause-DroneInventorySystem\DroneInventorySystem\src\test\resources
2025-01-25 20:12:04,245 [Worker-224: ビルド] INFO  o.a.m.s.f.DefaultMavenResourcesFiltering - Copying 1 resource from src\main\resources to target\classes
2025-01-25 20:12:04,258 [Worker-224: ビルド] INFO  o.a.m.s.f.DefaultMavenResourcesFiltering - Copying 48 resources from src\main\resources to target\classes
2025-01-25 20:12:04,276 [Worker-224: ビルド] INFO  o.a.m.s.f.DefaultMavenResourcesFiltering - skip non existing resourceDirectory C:\Users\miche\OneDrive\Desktop\DOJT\digital-ojt-development-beginner-cause-DroneInventorySystem\DroneInventorySystem\src\test\resources
2025-01-25 20:13:05,058 [Worker-203: ビルド] INFO  o.a.m.s.f.DefaultMavenResourcesFiltering - Copying 0 resource from src\main\resources to target\classes
2025-01-25 20:13:05,058 [Worker-203: ビルド] INFO  o.a.m.s.f.DefaultMavenResourcesFiltering - Copying 1 resource from src\main\resources to target\classes
2025-01-25 20:13:05,063 [Worker-203: ビルド] INFO  o.a.m.s.f.DefaultMavenResourcesFiltering - skip non existing resourceDirectory C:\Users\miche\OneDrive\Desktop\DOJT\digital-ojt-development-beginner-cause-DroneInventorySystem\DroneInventorySystem\src\test\resources
2025-01-25 20:13:57,007 [Worker-217: ビルド] INFO  o.a.m.s.f.DefaultMavenResourcesFiltering - Copying 1 resource from src\main\resources to target\classes
2025-01-25 20:13:57,018 [Worker-217: ビルド] INFO  o.a.m.s.f.DefaultMavenResourcesFiltering - Copying 48 resources from src\main\resources to target\classes
2025-01-25 20:13:57,039 [Worker-217: ビルド] INFO  o.a.m.s.f.DefaultMavenResourcesFiltering - skip non existing resourceDirectory C:\Users\miche\OneDrive\Desktop\DOJT\digital-ojt-development-beginner-cause-DroneInventorySystem\DroneInventorySystem\src\test\resources
2025-01-25 20:15:46,672 [Worker-226: ビルド] INFO  o.a.m.s.f.DefaultMavenResourcesFiltering - Copying 1 resource from src\main\resources to target\classes
2025-01-25 20:15:46,685 [Worker-226: ビルド] INFO  o.a.m.s.f.DefaultMavenResourcesFiltering - Copying 48 resources from src\main\resources to target\classes
2025-01-25 20:15:46,702 [Worker-226: ビルド] INFO  o.a.m.s.f.DefaultMavenResourcesFiltering - skip non existing resourceDirectory C:\Users\miche\OneDrive\Desktop\DOJT\digital-ojt-development-beginner-cause-DroneInventorySystem\DroneInventorySystem\src\test\resources
2025-01-25 20:19:53,253 [Worker-225: ビルド] INFO  o.a.m.s.f.DefaultMavenResourcesFiltering - Copying 1 resource from src\main\resources to target\classes
2025-01-25 20:19:53,262 [Worker-225: ビルド] INFO  o.a.m.s.f.DefaultMavenResourcesFiltering - Copying 48 resources from src\main\resources to target\classes
2025-01-25 20:19:53,281 [Worker-225: ビルド] INFO  o.a.m.s.f.DefaultMavenResourcesFiltering - skip non existing resourceDirectory C:\Users\miche\OneDrive\Desktop\DOJT\digital-ojt-development-beginner-cause-DroneInventorySystem\DroneInventorySystem\src\test\resources
2025-01-25 20:20:03,367 [Worker-225: ビルド] INFO  o.a.m.s.f.DefaultMavenResourcesFiltering - Copying 1 resource from src\main\resources to target\classes
2025-01-25 20:20:03,384 [Worker-225: ビルド] INFO  o.a.m.s.f.DefaultMavenResourcesFiltering - Copying 48 resources from src\main\resources to target\classes
2025-01-25 20:20:03,400 [Worker-225: ビルド] INFO  o.a.m.s.f.DefaultMavenResourcesFiltering - skip non existing resourceDirectory C:\Users\miche\OneDrive\Desktop\DOJT\digital-ojt-development-beginner-cause-DroneInventorySystem\DroneInventorySystem\src\test\resources
2025-01-25 20:20:21,756 [Worker-229: ビルド] INFO  o.a.m.s.f.DefaultMavenResourcesFiltering - Copying 1 resource from src\main\resources to target\classes
2025-01-25 20:20:21,776 [Worker-229: ビルド] INFO  o.a.m.s.f.DefaultMavenResourcesFiltering - Copying 48 resources from src\main\resources to target\classes
2025-01-25 20:20:21,791 [Worker-229: ビルド] INFO  o.a.m.s.f.DefaultMavenResourcesFiltering - skip non existing resourceDirectory C:\Users\miche\OneDrive\Desktop\DOJT\digital-ojt-development-beginner-cause-DroneInventorySystem\DroneInventorySystem\src\test\resources
2025-01-25 20:20:42,538 [Worker-216: ビルド] INFO  o.a.m.s.f.DefaultMavenResourcesFiltering - Copying 1 resource from src\main\resources to target\classes
2025-01-25 20:20:42,705 [Worker-216: ビルド] INFO  o.a.m.s.f.DefaultMavenResourcesFiltering - Copying 48 resources from src\main\resources to target\classes
2025-01-25 20:20:42,722 [Worker-216: ビルド] INFO  o.a.m.s.f.DefaultMavenResourcesFiltering - skip non existing resourceDirectory C:\Users\miche\OneDrive\Desktop\DOJT\digital-ojt-development-beginner-cause-DroneInventorySystem\DroneInventorySystem\src\test\resources
2025-01-25 20:21:33,152 [Worker-216: ビルド] INFO  o.a.m.s.f.DefaultMavenResourcesFiltering - Copying 1 resource from src\main\resources to target\classes
2025-01-25 20:21:33,160 [Worker-216: ビルド] INFO  o.a.m.s.f.DefaultMavenResourcesFiltering - Copying 48 resources from src\main\resources to target\classes
2025-01-25 20:21:33,176 [Worker-216: ビルド] INFO  o.a.m.s.f.DefaultMavenResourcesFiltering - skip non existing resourceDirectory C:\Users\miche\OneDrive\Desktop\DOJT\digital-ojt-development-beginner-cause-DroneInventorySystem\DroneInventorySystem\src\test\resources
2025-01-25 20:21:51,147 [Worker-220: ビルド] INFO  o.a.m.s.f.DefaultMavenResourcesFiltering - Copying 1 resource from src\main\resources to target\classes
2025-01-25 20:21:51,158 [Worker-220: ビルド] INFO  o.a.m.s.f.DefaultMavenResourcesFiltering - Copying 48 resources from src\main\resources to target\classes
2025-01-25 20:21:51,174 [Worker-220: ビルド] INFO  o.a.m.s.f.DefaultMavenResourcesFiltering - skip non existing resourceDirectory C:\Users\miche\OneDrive\Desktop\DOJT\digital-ojt-development-beginner-cause-DroneInventorySystem\DroneInventorySystem\src\test\resources
2025-01-25 20:21:58,956 [Worker-230: ビルド] INFO  o.a.m.s.f.DefaultMavenResourcesFiltering - Copying 1 resource from src\main\resources to target\classes
2025-01-25 20:21:58,980 [Worker-230: ビルド] INFO  o.a.m.s.f.DefaultMavenResourcesFiltering - Copying 48 resources from src\main\resources to target\classes
2025-01-25 20:21:58,997 [Worker-230: ビルド] INFO  o.a.m.s.f.DefaultMavenResourcesFiltering - skip non existing resourceDirectory C:\Users\miche\OneDrive\Desktop\DOJT\digital-ojt-development-beginner-cause-DroneInventorySystem\DroneInventorySystem\src\test\resources
2025-01-25 20:23:54,025 [Worker-234: ビルド] INFO  o.a.m.s.f.DefaultMavenResourcesFiltering - Copying 1 resource from src\main\resources to target\classes
2025-01-25 20:23:54,033 [Worker-234: ビルド] INFO  o.a.m.s.f.DefaultMavenResourcesFiltering - Copying 48 resources from src\main\resources to target\classes
2025-01-25 20:23:54,049 [Worker-234: ビルド] INFO  o.a.m.s.f.DefaultMavenResourcesFiltering - skip non existing resourceDirectory C:\Users\miche\OneDrive\Desktop\DOJT\digital-ojt-development-beginner-cause-DroneInventorySystem\DroneInventorySystem\src\test\resources
2025-01-25 20:24:14,441 [Worker-237: ビルド] INFO  o.a.m.s.f.DefaultMavenResourcesFiltering - Copying 1 resource from src\main\resources to target\classes
2025-01-25 20:24:14,448 [Worker-237: ビルド] INFO  o.a.m.s.f.DefaultMavenResourcesFiltering - Copying 48 resources from src\main\resources to target\classes
2025-01-25 20:24:14,468 [Worker-237: ビルド] INFO  o.a.m.s.f.DefaultMavenResourcesFiltering - skip non existing resourceDirectory C:\Users\miche\OneDrive\Desktop\DOJT\digital-ojt-development-beginner-cause-DroneInventorySystem\DroneInventorySystem\src\test\resources
2025-01-25 20:32:28,506 [Worker-241: ビルド] INFO  o.a.m.s.f.DefaultMavenResourcesFiltering - Copying 1 resource from src\main\resources to target\classes
2025-01-25 20:32:28,521 [Worker-241: ビルド] INFO  o.a.m.s.f.DefaultMavenResourcesFiltering - Copying 48 resources from src\main\resources to target\classes
2025-01-25 20:32:28,536 [Worker-241: ビルド] INFO  o.a.m.s.f.DefaultMavenResourcesFiltering - skip non existing resourceDirectory C:\Users\miche\OneDrive\Desktop\DOJT\digital-ojt-development-beginner-cause-DroneInventorySystem\DroneInventorySystem\src\test\resources
2025-01-25 20:41:26,419 [Worker-249: ビルド] INFO  o.a.m.s.f.DefaultMavenResourcesFiltering - Copying 1 resource from src\main\resources to target\classes
2025-01-25 20:41:26,640 [Worker-249: ビルド] INFO  o.a.m.s.f.DefaultMavenResourcesFiltering - Copying 48 resources from src\main\resources to target\classes
2025-01-25 20:41:26,663 [Worker-249: ビルド] INFO  o.a.m.s.f.DefaultMavenResourcesFiltering - skip non existing resourceDirectory C:\Users\miche\OneDrive\Desktop\DOJT\digital-ojt-development-beginner-cause-DroneInventorySystem\DroneInventorySystem\src\test\resources
2025-01-25 20:42:17,965 [Worker-254: ビルド] INFO  o.a.m.s.f.DefaultMavenResourcesFiltering - Copying 1 resource from src\main\resources to target\classes
2025-01-25 20:42:17,973 [Worker-254: ビルド] INFO  o.a.m.s.f.DefaultMavenResourcesFiltering - Copying 48 resources from src\main\resources to target\classes
2025-01-25 20:42:17,990 [Worker-254: ビルド] INFO  o.a.m.s.f.DefaultMavenResourcesFiltering - skip non existing resourceDirectory C:\Users\miche\OneDrive\Desktop\DOJT\digital-ojt-development-beginner-cause-DroneInventorySystem\DroneInventorySystem\src\test\resources
2025-01-25 20:48:45,879 [Worker-255: ビルド] INFO  o.a.m.s.f.DefaultMavenResourcesFiltering - Copying 1 resource from src\main\resources to target\classes
2025-01-25 20:48:45,894 [Worker-255: ビルド] INFO  o.a.m.s.f.DefaultMavenResourcesFiltering - Copying 48 resources from src\main\resources to target\classes
2025-01-25 20:48:45,910 [Worker-255: ビルド] INFO  o.a.m.s.f.DefaultMavenResourcesFiltering - skip non existing resourceDirectory C:\Users\miche\OneDrive\Desktop\DOJT\digital-ojt-development-beginner-cause-DroneInventorySystem\DroneInventorySystem\src\test\resources
2025-01-25 20:50:24,776 [Worker-259: ビルド] INFO  o.a.m.s.f.DefaultMavenResourcesFiltering - Copying 1 resource from src\main\resources to target\classes
2025-01-25 20:50:24,794 [Worker-259: ビルド] INFO  o.a.m.s.f.DefaultMavenResourcesFiltering - Copying 48 resources from src\main\resources to target\classes
2025-01-25 20:50:24,812 [Worker-259: ビルド] INFO  o.a.m.s.f.DefaultMavenResourcesFiltering - skip non existing resourceDirectory C:\Users\miche\OneDrive\Desktop\DOJT\digital-ojt-development-beginner-cause-DroneInventorySystem\DroneInventorySystem\src\test\resources
2025-01-25 20:52:23,978 [Worker-268: ビルド] INFO  o.a.m.s.f.DefaultMavenResourcesFiltering - Copying 1 resource from src\main\resources to target\classes
2025-01-25 20:52:23,996 [Worker-268: ビルド] INFO  o.a.m.s.f.DefaultMavenResourcesFiltering - Copying 48 resources from src\main\resources to target\classes
2025-01-25 20:52:24,012 [Worker-268: ビルド] INFO  o.a.m.s.f.DefaultMavenResourcesFiltering - skip non existing resourceDirectory C:\Users\miche\OneDrive\Desktop\DOJT\digital-ojt-development-beginner-cause-DroneInventorySystem\DroneInventorySystem\src\test\resources
2025-01-25 20:52:31,877 [Worker-268: ビルド] INFO  o.a.m.s.f.DefaultMavenResourcesFiltering - Copying 1 resource from src\main\resources to target\classes
2025-01-25 20:52:31,894 [Worker-268: ビルド] INFO  o.a.m.s.f.DefaultMavenResourcesFiltering - Copying 48 resources from src\main\resources to target\classes
2025-01-25 20:52:31,910 [Worker-268: ビルド] INFO  o.a.m.s.f.DefaultMavenResourcesFiltering - skip non existing resourceDirectory C:\Users\miche\OneDrive\Desktop\DOJT\digital-ojt-development-beginner-cause-DroneInventorySystem\DroneInventorySystem\src\test\resources
2025-01-25 20:54:46,556 [Worker-275: ビルド] INFO  o.a.m.s.f.DefaultMavenResourcesFiltering - Copying 1 resource from src\main\resources to target\classes
2025-01-25 20:54:46,567 [Worker-275: ビルド] INFO  o.a.m.s.f.DefaultMavenResourcesFiltering - Copying 48 resources from src\main\resources to target\classes
2025-01-25 20:54:46,583 [Worker-275: ビルド] INFO  o.a.m.s.f.DefaultMavenResourcesFiltering - skip non existing resourceDirectory C:\Users\miche\OneDrive\Desktop\DOJT\digital-ojt-development-beginner-cause-DroneInventorySystem\DroneInventorySystem\src\test\resources
2025-01-25 20:56:32,596 [Worker-272: ビルド] INFO  o.a.m.s.f.DefaultMavenResourcesFiltering - Copying 1 resource from src\main\resources to target\classes
2025-01-25 20:56:32,612 [Worker-272: ビルド] INFO  o.a.m.s.f.DefaultMavenResourcesFiltering - Copying 48 resources from src\main\resources to target\classes
2025-01-25 20:56:32,628 [Worker-272: ビルド] INFO  o.a.m.s.f.DefaultMavenResourcesFiltering - skip non existing resourceDirectory C:\Users\miche\OneDrive\Desktop\DOJT\digital-ojt-development-beginner-cause-DroneInventorySystem\DroneInventorySystem\src\test\resources
2025-01-25 20:56:49,068 [Worker-279: ビルド] INFO  o.a.m.s.f.DefaultMavenResourcesFiltering - Copying 1 resource from src\main\resources to target\classes
2025-01-25 20:56:49,076 [Worker-279: ビルド] INFO  o.a.m.s.f.DefaultMavenResourcesFiltering - Copying 48 resources from src\main\resources to target\classes
2025-01-25 20:56:49,262 [Worker-279: ビルド] INFO  o.a.m.s.f.DefaultMavenResourcesFiltering - skip non existing resourceDirectory C:\Users\miche\OneDrive\Desktop\DOJT\digital-ojt-development-beginner-cause-DroneInventorySystem\DroneInventorySystem\src\test\resources
2025-01-25 20:57:23,505 [Worker-282: ビルド] INFO  o.a.m.s.f.DefaultMavenResourcesFiltering - Copying 1 resource from src\main\resources to target\classes
2025-01-25 20:57:23,518 [Worker-282: ビルド] INFO  o.a.m.s.f.DefaultMavenResourcesFiltering - Copying 48 resources from src\main\resources to target\classes
2025-01-25 20:57:23,535 [Worker-282: ビルド] INFO  o.a.m.s.f.DefaultMavenResourcesFiltering - skip non existing resourceDirectory C:\Users\miche\OneDrive\Desktop\DOJT\digital-ojt-development-beginner-cause-DroneInventorySystem\DroneInventorySystem\src\test\resources
2025-01-25 21:02:51,841 [Worker-286: ビルド] INFO  o.a.m.s.f.DefaultMavenResourcesFiltering - Copying 1 resource from src\main\resources to target\classes
2025-01-25 21:02:51,852 [Worker-286: ビルド] INFO  o.a.m.s.f.DefaultMavenResourcesFiltering - Copying 48 resources from src\main\resources to target\classes
2025-01-25 21:02:51,874 [Worker-286: ビルド] INFO  o.a.m.s.f.DefaultMavenResourcesFiltering - skip non existing resourceDirectory C:\Users\miche\OneDrive\Desktop\DOJT\digital-ojt-development-beginner-cause-DroneInventorySystem\DroneInventorySystem\src\test\resources
2025-01-25 21:03:29,822 [Worker-286: ビルド] INFO  o.a.m.s.f.DefaultMavenResourcesFiltering - Copying 1 resource from src\main\resources to target\classes
2025-01-25 21:03:29,850 [Worker-286: ビルド] INFO  o.a.m.s.f.DefaultMavenResourcesFiltering - Copying 48 resources from src\main\resources to target\classes
2025-01-25 21:03:29,869 [Worker-286: ビルド] INFO  o.a.m.s.f.DefaultMavenResourcesFiltering - skip non existing resourceDirectory C:\Users\miche\OneDrive\Desktop\DOJT\digital-ojt-development-beginner-cause-DroneInventorySystem\DroneInventorySystem\src\test\resources
2025-01-25 21:03:45,581 [Worker-282: ビルド] INFO  o.a.m.s.f.DefaultMavenResourcesFiltering - Copying 1 resource from src\main\resources to target\classes
2025-01-25 21:03:45,592 [Worker-282: ビルド] INFO  o.a.m.s.f.DefaultMavenResourcesFiltering - Copying 48 resources from src\main\resources to target\classes
2025-01-25 21:03:45,608 [Worker-282: ビルド] INFO  o.a.m.s.f.DefaultMavenResourcesFiltering - skip non existing resourceDirectory C:\Users\miche\OneDrive\Desktop\DOJT\digital-ojt-development-beginner-cause-DroneInventorySystem\DroneInventorySystem\src\test\resources
2025-01-25 21:03:53,725 [Worker-290: ビルド] INFO  o.a.m.s.f.DefaultMavenResourcesFiltering - Copying 1 resource from src\main\resources to target\classes
2025-01-25 21:03:53,734 [Worker-290: ビルド] INFO  o.a.m.s.f.DefaultMavenResourcesFiltering - Copying 48 resources from src\main\resources to target\classes
2025-01-25 21:03:53,749 [Worker-290: ビルド] INFO  o.a.m.s.f.DefaultMavenResourcesFiltering - skip non existing resourceDirectory C:\Users\miche\OneDrive\Desktop\DOJT\digital-ojt-development-beginner-cause-DroneInventorySystem\DroneInventorySystem\src\test\resources
2025-01-25 21:03:58,573 [Worker-290: ビルド] INFO  o.a.m.s.f.DefaultMavenResourcesFiltering - Copying 1 resource from src\main\resources to target\classes
2025-01-25 21:03:58,581 [Worker-290: ビルド] INFO  o.a.m.s.f.DefaultMavenResourcesFiltering - Copying 48 resources from src\main\resources to target\classes
2025-01-25 21:03:58,596 [Worker-290: ビルド] INFO  o.a.m.s.f.DefaultMavenResourcesFiltering - skip non existing resourceDirectory C:\Users\miche\OneDrive\Desktop\DOJT\digital-ojt-development-beginner-cause-DroneInventorySystem\DroneInventorySystem\src\test\resources
2025-01-25 21:04:16,011 [Worker-292: ビルド] INFO  o.a.m.s.f.DefaultMavenResourcesFiltering - Copying 1 resource from src\main\resources to target\classes
2025-01-25 21:04:16,035 [Worker-292: ビルド] INFO  o.a.m.s.f.DefaultMavenResourcesFiltering - Copying 48 resources from src\main\resources to target\classes
2025-01-25 21:04:16,051 [Worker-292: ビルド] INFO  o.a.m.s.f.DefaultMavenResourcesFiltering - skip non existing resourceDirectory C:\Users\miche\OneDrive\Desktop\DOJT\digital-ojt-development-beginner-cause-DroneInventorySystem\DroneInventorySystem\src\test\resources
2025-01-25 21:04:47,585 [Worker-291: ビルド] INFO  o.a.m.s.f.DefaultMavenResourcesFiltering - Copying 1 resource from src\main\resources to target\classes
2025-01-25 21:04:47,593 [Worker-291: ビルド] INFO  o.a.m.s.f.DefaultMavenResourcesFiltering - Copying 48 resources from src\main\resources to target\classes
2025-01-25 21:04:47,609 [Worker-291: ビルド] INFO  o.a.m.s.f.DefaultMavenResourcesFiltering - skip non existing resourceDirectory C:\Users\miche\OneDrive\Desktop\DOJT\digital-ojt-development-beginner-cause-DroneInventorySystem\DroneInventorySystem\src\test\resources
2025-01-25 21:06:38,278 [Worker-282: ビルド] INFO  o.a.m.s.f.DefaultMavenResourcesFiltering - Copying 1 resource from src\main\resources to target\classes
2025-01-25 21:06:38,287 [Worker-282: ビルド] INFO  o.a.m.s.f.DefaultMavenResourcesFiltering - Copying 48 resources from src\main\resources to target\classes
2025-01-25 21:06:38,303 [Worker-282: ビルド] INFO  o.a.m.s.f.DefaultMavenResourcesFiltering - skip non existing resourceDirectory C:\Users\miche\OneDrive\Desktop\DOJT\digital-ojt-development-beginner-cause-DroneInventorySystem\DroneInventorySystem\src\test\resources
2025-01-25 21:06:52,793 [Worker-294: ビルド] INFO  o.a.m.s.f.DefaultMavenResourcesFiltering - Copying 1 resource from src\main\resources to target\classes
2025-01-25 21:06:52,804 [Worker-294: ビルド] INFO  o.a.m.s.f.DefaultMavenResourcesFiltering - Copying 48 resources from src\main\resources to target\classes
2025-01-25 21:06:52,819 [Worker-294: ビルド] INFO  o.a.m.s.f.DefaultMavenResourcesFiltering - skip non existing resourceDirectory C:\Users\miche\OneDrive\Desktop\DOJT\digital-ojt-development-beginner-cause-DroneInventorySystem\DroneInventorySystem\src\test\resources
2025-01-25 21:07:13,293 [Worker-286: ビルド] INFO  o.a.m.s.f.DefaultMavenResourcesFiltering - Copying 1 resource from src\main\resources to target\classes
2025-01-25 21:07:13,311 [Worker-286: ビルド] INFO  o.a.m.s.f.DefaultMavenResourcesFiltering - Copying 48 resources from src\main\resources to target\classes
2025-01-25 21:07:13,327 [Worker-286: ビルド] INFO  o.a.m.s.f.DefaultMavenResourcesFiltering - skip non existing resourceDirectory C:\Users\miche\OneDrive\Desktop\DOJT\digital-ojt-development-beginner-cause-DroneInventorySystem\DroneInventorySystem\src\test\resources
2025-01-25 21:09:32,803 [Worker-294: ビルド] INFO  o.a.m.s.f.DefaultMavenResourcesFiltering - Copying 1 resource from src\main\resources to target\classes
2025-01-25 21:09:32,817 [Worker-294: ビルド] INFO  o.a.m.s.f.DefaultMavenResourcesFiltering - Copying 48 resources from src\main\resources to target\classes
2025-01-25 21:09:32,842 [Worker-294: ビルド] INFO  o.a.m.s.f.DefaultMavenResourcesFiltering - skip non existing resourceDirectory C:\Users\miche\OneDrive\Desktop\DOJT\digital-ojt-development-beginner-cause-DroneInventorySystem\DroneInventorySystem\src\test\resources
2025-01-25 21:15:35,719 [Worker-287: ビルド] INFO  o.a.m.s.f.DefaultMavenResourcesFiltering - Copying 1 resource from src\main\resources to target\classes
2025-01-25 21:15:35,730 [Worker-287: ビルド] INFO  o.a.m.s.f.DefaultMavenResourcesFiltering - Copying 48 resources from src\main\resources to target\classes
2025-01-25 21:15:35,749 [Worker-287: ビルド] INFO  o.a.m.s.f.DefaultMavenResourcesFiltering - skip non existing resourceDirectory C:\Users\miche\OneDrive\Desktop\DOJT\digital-ojt-development-beginner-cause-DroneInventorySystem\DroneInventorySystem\src\test\resources
2025-01-25 21:15:53,090 [Worker-295: ビルド] INFO  o.a.m.s.f.DefaultMavenResourcesFiltering - Copying 1 resource from src\main\resources to target\classes
2025-01-25 21:15:53,113 [Worker-295: ビルド] INFO  o.a.m.s.f.DefaultMavenResourcesFiltering - Copying 48 resources from src\main\resources to target\classes
2025-01-25 21:15:53,133 [Worker-295: ビルド] INFO  o.a.m.s.f.DefaultMavenResourcesFiltering - skip non existing resourceDirectory C:\Users\miche\OneDrive\Desktop\DOJT\digital-ojt-development-beginner-cause-DroneInventorySystem\DroneInventorySystem\src\test\resources
2025-01-25 21:15:56,281 [Worker-287: ビルド] INFO  o.a.m.s.f.DefaultMavenResourcesFiltering - Copying 1 resource from src\main\resources to target\classes
2025-01-25 21:15:56,290 [Worker-287: ビルド] INFO  o.a.m.s.f.DefaultMavenResourcesFiltering - Copying 48 resources from src\main\resources to target\classes
2025-01-25 21:15:56,307 [Worker-287: ビルド] INFO  o.a.m.s.f.DefaultMavenResourcesFiltering - skip non existing resourceDirectory C:\Users\miche\OneDrive\Desktop\DOJT\digital-ojt-development-beginner-cause-DroneInventorySystem\DroneInventorySystem\src\test\resources
2025-01-25 21:16:08,702 [Worker-304: ビルド] INFO  o.a.m.s.f.DefaultMavenResourcesFiltering - Copying 1 resource from src\main\resources to target\classes
2025-01-25 21:16:08,728 [Worker-304: ビルド] INFO  o.a.m.s.f.DefaultMavenResourcesFiltering - Copying 48 resources from src\main\resources to target\classes
2025-01-25 21:16:08,747 [Worker-304: ビルド] INFO  o.a.m.s.f.DefaultMavenResourcesFiltering - skip non existing resourceDirectory C:\Users\miche\OneDrive\Desktop\DOJT\digital-ojt-development-beginner-cause-DroneInventorySystem\DroneInventorySystem\src\test\resources
2025-01-25 21:19:56,208 [Worker-309: ビルド] INFO  o.a.m.s.f.DefaultMavenResourcesFiltering - Copying 1 resource from src\main\resources to target\classes
2025-01-25 21:19:56,221 [Worker-309: ビルド] INFO  o.a.m.s.f.DefaultMavenResourcesFiltering - Copying 48 resources from src\main\resources to target\classes
2025-01-25 21:19:56,239 [Worker-309: ビルド] INFO  o.a.m.s.f.DefaultMavenResourcesFiltering - skip non existing resourceDirectory C:\Users\miche\OneDrive\Desktop\DOJT\digital-ojt-development-beginner-cause-DroneInventorySystem\DroneInventorySystem\src\test\resources
2025-01-25 21:22:56,822 [Worker-312: ビルド] INFO  o.a.m.s.f.DefaultMavenResourcesFiltering - Copying 1 resource from src\main\resources to target\classes
2025-01-25 21:22:57,022 [Worker-312: ビルド] INFO  o.a.m.s.f.DefaultMavenResourcesFiltering - Copying 48 resources from src\main\resources to target\classes
2025-01-25 21:22:57,040 [Worker-312: ビルド] INFO  o.a.m.s.f.DefaultMavenResourcesFiltering - skip non existing resourceDirectory C:\Users\miche\OneDrive\Desktop\DOJT\digital-ojt-development-beginner-cause-DroneInventorySystem\DroneInventorySystem\src\test\resources
2025-01-25 21:23:05,969 [Worker-312: ビルド] INFO  o.a.m.s.f.DefaultMavenResourcesFiltering - Copying 1 resource from src\main\resources to target\classes
2025-01-25 21:23:05,979 [Worker-312: ビルド] INFO  o.a.m.s.f.DefaultMavenResourcesFiltering - Copying 48 resources from src\main\resources to target\classes
2025-01-25 21:23:05,996 [Worker-312: ビルド] INFO  o.a.m.s.f.DefaultMavenResourcesFiltering - skip non existing resourceDirectory C:\Users\miche\OneDrive\Desktop\DOJT\digital-ojt-development-beginner-cause-DroneInventorySystem\DroneInventorySystem\src\test\resources
2025-01-25 21:26:26,612 [Worker-312: ビルド] INFO  o.a.m.s.f.DefaultMavenResourcesFiltering - Copying 1 resource from src\main\resources to target\classes
2025-01-25 21:26:26,624 [Worker-312: ビルド] INFO  o.a.m.s.f.DefaultMavenResourcesFiltering - Copying 48 resources from src\main\resources to target\classes
2025-01-25 21:26:26,641 [Worker-312: ビルド] INFO  o.a.m.s.f.DefaultMavenResourcesFiltering - skip non existing resourceDirectory C:\Users\miche\OneDrive\Desktop\DOJT\digital-ojt-development-beginner-cause-DroneInventorySystem\DroneInventorySystem\src\test\resources
2025-01-25 21:27:57,831 [Worker-320: ビルド] INFO  o.a.m.s.f.DefaultMavenResourcesFiltering - Copying 1 resource from src\main\resources to target\classes
2025-01-25 21:27:58,039 [Worker-320: ビルド] INFO  o.a.m.s.f.DefaultMavenResourcesFiltering - Copying 48 resources from src\main\resources to target\classes
2025-01-25 21:27:58,060 [Worker-320: ビルド] INFO  o.a.m.s.f.DefaultMavenResourcesFiltering - skip non existing resourceDirectory C:\Users\miche\OneDrive\Desktop\DOJT\digital-ojt-development-beginner-cause-DroneInventorySystem\DroneInventorySystem\src\test\resources
2025-01-25 21:28:44,415 [Worker-314: ビルド] INFO  o.a.m.s.f.DefaultMavenResourcesFiltering - Copying 1 resource from src\main\resources to target\classes
2025-01-25 21:28:44,428 [Worker-314: ビルド] INFO  o.a.m.s.f.DefaultMavenResourcesFiltering - Copying 48 resources from src\main\resources to target\classes
2025-01-25 21:28:44,447 [Worker-314: ビルド] INFO  o.a.m.s.f.DefaultMavenResourcesFiltering - skip non existing resourceDirectory C:\Users\miche\OneDrive\Desktop\DOJT\digital-ojt-development-beginner-cause-DroneInventorySystem\DroneInventorySystem\src\test\resources
2025-01-25 21:31:18,153 [Worker-312: ビルド] INFO  o.a.m.s.f.DefaultMavenResourcesFiltering - Copying 1 resource from src\main\resources to target\classes
2025-01-25 21:31:18,164 [Worker-312: ビルド] INFO  o.a.m.s.f.DefaultMavenResourcesFiltering - Copying 48 resources from src\main\resources to target\classes
2025-01-25 21:31:18,184 [Worker-312: ビルド] INFO  o.a.m.s.f.DefaultMavenResourcesFiltering - skip non existing resourceDirectory C:\Users\miche\OneDrive\Desktop\DOJT\digital-ojt-development-beginner-cause-DroneInventorySystem\DroneInventorySystem\src\test\resources
2025-01-25 21:31:30,978 [Worker-314: ビルド] INFO  o.a.m.s.f.DefaultMavenResourcesFiltering - Copying 1 resource from src\main\resources to target\classes
2025-01-25 21:31:31,169 [Worker-314: ビルド] INFO  o.a.m.s.f.DefaultMavenResourcesFiltering - Copying 48 resources from src\main\resources to target\classes
2025-01-25 21:31:31,186 [Worker-314: ビルド] INFO  o.a.m.s.f.DefaultMavenResourcesFiltering - skip non existing resourceDirectory C:\Users\miche\OneDrive\Desktop\DOJT\digital-ojt-development-beginner-cause-DroneInventorySystem\DroneInventorySystem\src\test\resources
2025-01-25 21:34:11,223 [Worker-311: ビルド] INFO  o.a.m.s.f.DefaultMavenResourcesFiltering - Copying 1 resource from src\main\resources to target\classes
2025-01-25 21:34:11,232 [Worker-311: ビルド] INFO  o.a.m.s.f.DefaultMavenResourcesFiltering - Copying 48 resources from src\main\resources to target\classes
2025-01-25 21:34:11,248 [Worker-311: ビルド] INFO  o.a.m.s.f.DefaultMavenResourcesFiltering - skip non existing resourceDirectory C:\Users\miche\OneDrive\Desktop\DOJT\digital-ojt-development-beginner-cause-DroneInventorySystem\DroneInventorySystem\src\test\resources
2025-01-25 21:34:21,684 [Worker-314: ビルド] INFO  o.a.m.s.f.DefaultMavenResourcesFiltering - Copying 1 resource from src\main\resources to target\classes
2025-01-25 21:34:21,693 [Worker-314: ビルド] INFO  o.a.m.s.f.DefaultMavenResourcesFiltering - Copying 48 resources from src\main\resources to target\classes
2025-01-25 21:34:21,709 [Worker-314: ビルド] INFO  o.a.m.s.f.DefaultMavenResourcesFiltering - skip non existing resourceDirectory C:\Users\miche\OneDrive\Desktop\DOJT\digital-ojt-development-beginner-cause-DroneInventorySystem\DroneInventorySystem\src\test\resources
2025-01-25 21:34:54,312 [Worker-330: DroneInventorySystem - DroneInventorySystemApplication の起動] INFO  o.a.m.s.f.DefaultMavenResourcesFiltering - Copying 1 resource from src\main\resources to target\classes
2025-01-25 21:34:54,326 [Worker-330: DroneInventorySystem - DroneInventorySystemApplication の起動] INFO  o.a.m.s.f.DefaultMavenResourcesFiltering - Copying 48 resources from src\main\resources to target\classes
2025-01-25 21:34:54,345 [Worker-330: DroneInventorySystem - DroneInventorySystemApplication の起動] INFO  o.a.m.s.f.DefaultMavenResourcesFiltering - skip non existing resourceDirectory C:\Users\miche\OneDrive\Desktop\DOJT\digital-ojt-development-beginner-cause-DroneInventorySystem\DroneInventorySystem\src\test\resources
2025-01-25 21:35:37,371 [Worker-326: ビルド] INFO  o.a.m.s.f.DefaultMavenResourcesFiltering - Copying 1 resource from src\main\resources to target\classes
2025-01-25 21:35:37,379 [Worker-326: ビルド] INFO  o.a.m.s.f.DefaultMavenResourcesFiltering - Copying 48 resources from src\main\resources to target\classes
2025-01-25 21:35:37,395 [Worker-326: ビルド] INFO  o.a.m.s.f.DefaultMavenResourcesFiltering - skip non existing resourceDirectory C:\Users\miche\OneDrive\Desktop\DOJT\digital-ojt-development-beginner-cause-DroneInventorySystem\DroneInventorySystem\src\test\resources
2025-01-25 21:35:48,782 [Worker-328: ビルド] INFO  o.a.m.s.f.DefaultMavenResourcesFiltering - Copying 1 resource from src\main\resources to target\classes
2025-01-25 21:35:48,791 [Worker-328: ビルド] INFO  o.a.m.s.f.DefaultMavenResourcesFiltering - Copying 48 resources from src\main\resources to target\classes
2025-01-25 21:35:48,806 [Worker-328: ビルド] INFO  o.a.m.s.f.DefaultMavenResourcesFiltering - skip non existing resourceDirectory C:\Users\miche\OneDrive\Desktop\DOJT\digital-ojt-development-beginner-cause-DroneInventorySystem\DroneInventorySystem\src\test\resources
2025-01-25 21:36:13,217 [Worker-315: ビルド] INFO  o.a.m.s.f.DefaultMavenResourcesFiltering - Copying 1 resource from src\main\resources to target\classes
2025-01-25 21:36:13,229 [Worker-315: ビルド] INFO  o.a.m.s.f.DefaultMavenResourcesFiltering - Copying 48 resources from src\main\resources to target\classes
2025-01-25 21:36:13,251 [Worker-315: ビルド] INFO  o.a.m.s.f.DefaultMavenResourcesFiltering - skip non existing resourceDirectory C:\Users\miche\OneDrive\Desktop\DOJT\digital-ojt-development-beginner-cause-DroneInventorySystem\DroneInventorySystem\src\test\resources
2025-01-25 21:36:19,615 [Worker-315: DroneInventorySystem - DroneInventorySystemApplication の起動] INFO  o.a.m.s.f.DefaultMavenResourcesFiltering - Copying 1 resource from src\main\resources to target\classes
2025-01-25 21:36:19,628 [Worker-315: DroneInventorySystem - DroneInventorySystemApplication の起動] INFO  o.a.m.s.f.DefaultMavenResourcesFiltering - Copying 48 resources from src\main\resources to target\classes
2025-01-25 21:36:19,650 [Worker-315: DroneInventorySystem - DroneInventorySystemApplication の起動] INFO  o.a.m.s.f.DefaultMavenResourcesFiltering - skip non existing resourceDirectory C:\Users\miche\OneDrive\Desktop\DOJT\digital-ojt-development-beginner-cause-DroneInventorySystem\DroneInventorySystem\src\test\resources
2025-01-25 21:37:54,822 [Worker-325: ビルド] INFO  o.a.m.s.f.DefaultMavenResourcesFiltering - Copying 1 resource from src\main\resources to target\classes
2025-01-25 21:37:54,832 [Worker-325: ビルド] INFO  o.a.m.s.f.DefaultMavenResourcesFiltering - Copying 48 resources from src\main\resources to target\classes
2025-01-25 21:37:54,848 [Worker-325: ビルド] INFO  o.a.m.s.f.DefaultMavenResourcesFiltering - skip non existing resourceDirectory C:\Users\miche\OneDrive\Desktop\DOJT\digital-ojt-development-beginner-cause-DroneInventorySystem\DroneInventorySystem\src\test\resources
2025-01-25 21:38:48,964 [Worker-326: ビルド] INFO  o.a.m.s.f.DefaultMavenResourcesFiltering - Copying 1 resource from src\main\resources to target\classes
2025-01-25 21:38:48,976 [Worker-326: ビルド] INFO  o.a.m.s.f.DefaultMavenResourcesFiltering - Copying 48 resources from src\main\resources to target\classes
2025-01-25 21:38:48,996 [Worker-326: ビルド] INFO  o.a.m.s.f.DefaultMavenResourcesFiltering - skip non existing resourceDirectory C:\Users\miche\OneDrive\Desktop\DOJT\digital-ojt-development-beginner-cause-DroneInventorySystem\DroneInventorySystem\src\test\resources
2025-01-25 21:39:31,183 [Worker-330: ビルド] INFO  o.a.m.s.f.DefaultMavenResourcesFiltering - Copying 1 resource from src\main\resources to target\classes
2025-01-25 21:39:31,195 [Worker-330: ビルド] INFO  o.a.m.s.f.DefaultMavenResourcesFiltering - Copying 48 resources from src\main\resources to target\classes
2025-01-25 21:39:31,210 [Worker-330: ビルド] INFO  o.a.m.s.f.DefaultMavenResourcesFiltering - skip non existing resourceDirectory C:\Users\miche\OneDrive\Desktop\DOJT\digital-ojt-development-beginner-cause-DroneInventorySystem\DroneInventorySystem\src\test\resources
2025-01-25 21:42:52,768 [Worker-314: ビルド] INFO  o.a.m.s.f.DefaultMavenResourcesFiltering - Copying 1 resource from src\main\resources to target\classes
2025-01-25 21:42:52,995 [Worker-314: ビルド] INFO  o.a.m.s.f.DefaultMavenResourcesFiltering - Copying 48 resources from src\main\resources to target\classes
2025-01-25 21:42:53,022 [Worker-314: ビルド] INFO  o.a.m.s.f.DefaultMavenResourcesFiltering - skip non existing resourceDirectory C:\Users\miche\OneDrive\Desktop\DOJT\digital-ojt-development-beginner-cause-DroneInventorySystem\DroneInventorySystem\src\test\resources
2025-01-25 21:53:26,993 [Worker-338: ビルド] INFO  o.a.m.s.f.DefaultMavenResourcesFiltering - Copying 1 resource from src\main\resources to target\classes
2025-01-25 21:53:27,001 [Worker-338: ビルド] INFO  o.a.m.s.f.DefaultMavenResourcesFiltering - Copying 48 resources from src\main\resources to target\classes
2025-01-25 21:53:27,020 [Worker-338: ビルド] INFO  o.a.m.s.f.DefaultMavenResourcesFiltering - skip non existing resourceDirectory C:\Users\miche\OneDrive\Desktop\DOJT\digital-ojt-development-beginner-cause-DroneInventorySystem\DroneInventorySystem\src\test\resources
2025-01-25 21:53:55,000 [Worker-339: ビルド] INFO  o.a.m.s.f.DefaultMavenResourcesFiltering - Copying 1 resource from src\main\resources to target\classes
2025-01-25 21:53:55,027 [Worker-339: ビルド] INFO  o.a.m.s.f.DefaultMavenResourcesFiltering - Copying 48 resources from src\main\resources to target\classes
2025-01-25 21:53:55,047 [Worker-339: ビルド] INFO  o.a.m.s.f.DefaultMavenResourcesFiltering - skip non existing resourceDirectory C:\Users\miche\OneDrive\Desktop\DOJT\digital-ojt-development-beginner-cause-DroneInventorySystem\DroneInventorySystem\src\test\resources
2025-01-25 22:46:01,607 [Worker-349: ビルド] INFO  o.a.m.s.f.DefaultMavenResourcesFiltering - Copying 1 resource from src\main\resources to target\classes
2025-01-25 22:46:01,630 [Worker-349: ビルド] INFO  o.a.m.s.f.DefaultMavenResourcesFiltering - Copying 48 resources from src\main\resources to target\classes
2025-01-25 22:46:01,646 [Worker-349: ビルド] INFO  o.a.m.s.f.DefaultMavenResourcesFiltering - skip non existing resourceDirectory C:\Users\miche\OneDrive\Desktop\DOJT\digital-ojt-development-beginner-cause-DroneInventorySystem\DroneInventorySystem\src\test\resources
2025-01-25 22:46:29,313 [Worker-348: ビルド] INFO  o.a.m.s.f.DefaultMavenResourcesFiltering - Copying 1 resource from src\main\resources to target\classes
2025-01-25 22:46:29,324 [Worker-348: ビルド] INFO  o.a.m.s.f.DefaultMavenResourcesFiltering - Copying 48 resources from src\main\resources to target\classes
2025-01-25 22:46:29,348 [Worker-348: ビルド] INFO  o.a.m.s.f.DefaultMavenResourcesFiltering - skip non existing resourceDirectory C:\Users\miche\OneDrive\Desktop\DOJT\digital-ojt-development-beginner-cause-DroneInventorySystem\DroneInventorySystem\src\test\resources
2025-01-25 22:47:16,246 [Worker-350: ビルド] INFO  o.a.m.s.f.DefaultMavenResourcesFiltering - Copying 1 resource from src\main\resources to target\classes
2025-01-25 22:47:16,255 [Worker-350: ビルド] INFO  o.a.m.s.f.DefaultMavenResourcesFiltering - Copying 48 resources from src\main\resources to target\classes
2025-01-25 22:47:16,271 [Worker-350: ビルド] INFO  o.a.m.s.f.DefaultMavenResourcesFiltering - skip non existing resourceDirectory C:\Users\miche\OneDrive\Desktop\DOJT\digital-ojt-development-beginner-cause-DroneInventorySystem\DroneInventorySystem\src\test\resources
2025-01-25 22:47:58,307 [Worker-348: ビルド] INFO  o.a.m.s.f.DefaultMavenResourcesFiltering - Copying 1 resource from src\main\resources to target\classes
2025-01-25 22:47:58,320 [Worker-348: ビルド] INFO  o.a.m.s.f.DefaultMavenResourcesFiltering - Copying 48 resources from src\main\resources to target\classes
2025-01-25 22:47:58,339 [Worker-348: ビルド] INFO  o.a.m.s.f.DefaultMavenResourcesFiltering - skip non existing resourceDirectory C:\Users\miche\OneDrive\Desktop\DOJT\digital-ojt-development-beginner-cause-DroneInventorySystem\DroneInventorySystem\src\test\resources
2025-01-25 22:48:11,364 [Worker-352: ビルド] INFO  o.a.m.s.f.DefaultMavenResourcesFiltering - Copying 1 resource from src\main\resources to target\classes
2025-01-25 22:48:11,394 [Worker-352: ビルド] INFO  o.a.m.s.f.DefaultMavenResourcesFiltering - Copying 48 resources from src\main\resources to target\classes
2025-01-25 22:48:11,410 [Worker-352: ビルド] INFO  o.a.m.s.f.DefaultMavenResourcesFiltering - skip non existing resourceDirectory C:\Users\miche\OneDrive\Desktop\DOJT\digital-ojt-development-beginner-cause-DroneInventorySystem\DroneInventorySystem\src\test\resources
2025-01-25 22:48:41,063 [Worker-350: ビルド] INFO  o.a.m.s.f.DefaultMavenResourcesFiltering - Copying 1 resource from src\main\resources to target\classes
2025-01-25 22:48:41,087 [Worker-350: ビルド] INFO  o.a.m.s.f.DefaultMavenResourcesFiltering - Copying 48 resources from src\main\resources to target\classes
2025-01-25 22:48:41,106 [Worker-350: ビルド] INFO  o.a.m.s.f.DefaultMavenResourcesFiltering - skip non existing resourceDirectory C:\Users\miche\OneDrive\Desktop\DOJT\digital-ojt-development-beginner-cause-DroneInventorySystem\DroneInventorySystem\src\test\resources
2025-01-25 22:48:55,409 [Worker-345: ビルド] INFO  o.a.m.s.f.DefaultMavenResourcesFiltering - Copying 1 resource from src\main\resources to target\classes
2025-01-25 22:48:55,418 [Worker-345: ビルド] INFO  o.a.m.s.f.DefaultMavenResourcesFiltering - Copying 48 resources from src\main\resources to target\classes
2025-01-25 22:48:55,434 [Worker-345: ビルド] INFO  o.a.m.s.f.DefaultMavenResourcesFiltering - skip non existing resourceDirectory C:\Users\miche\OneDrive\Desktop\DOJT\digital-ojt-development-beginner-cause-DroneInventorySystem\DroneInventorySystem\src\test\resources
2025-01-25 22:49:18,044 [Worker-340: ビルド] INFO  o.a.m.s.f.DefaultMavenResourcesFiltering - Copying 1 resource from src\main\resources to target\classes
2025-01-25 22:49:18,063 [Worker-340: ビルド] INFO  o.a.m.s.f.DefaultMavenResourcesFiltering - Copying 48 resources from src\main\resources to target\classes
2025-01-25 22:49:18,080 [Worker-340: ビルド] INFO  o.a.m.s.f.DefaultMavenResourcesFiltering - skip non existing resourceDirectory C:\Users\miche\OneDrive\Desktop\DOJT\digital-ojt-development-beginner-cause-DroneInventorySystem\DroneInventorySystem\src\test\resources
2025-01-25 22:54:00,783 [Worker-348: ビルド] INFO  o.a.m.s.f.DefaultMavenResourcesFiltering - Copying 1 resource from src\main\resources to target\classes
2025-01-25 22:54:00,807 [Worker-348: ビルド] INFO  o.a.m.s.f.DefaultMavenResourcesFiltering - Copying 48 resources from src\main\resources to target\classes
2025-01-25 22:54:00,825 [Worker-348: ビルド] INFO  o.a.m.s.f.DefaultMavenResourcesFiltering - skip non existing resourceDirectory C:\Users\miche\OneDrive\Desktop\DOJT\digital-ojt-development-beginner-cause-DroneInventorySystem\DroneInventorySystem\src\test\resources
2025-01-25 23:03:06,656 [Worker-364: ビルド] INFO  o.a.m.s.f.DefaultMavenResourcesFiltering - Copying 1 resource from src\main\resources to target\classes
2025-01-25 23:03:06,674 [Worker-364: ビルド] INFO  o.a.m.s.f.DefaultMavenResourcesFiltering - Copying 48 resources from src\main\resources to target\classes
2025-01-25 23:03:06,692 [Worker-364: ビルド] INFO  o.a.m.s.f.DefaultMavenResourcesFiltering - skip non existing resourceDirectory C:\Users\miche\OneDrive\Desktop\DOJT\digital-ojt-development-beginner-cause-DroneInventorySystem\DroneInventorySystem\src\test\resources
2025-01-25 23:06:55,051 [Worker-366: ビルド] INFO  o.a.m.s.f.DefaultMavenResourcesFiltering - Copying 0 resource from src\main\resources to target\classes
2025-01-25 23:06:55,052 [Worker-366: ビルド] INFO  o.a.m.s.f.DefaultMavenResourcesFiltering - Copying 1 resource from src\main\resources to target\classes
2025-01-25 23:06:55,058 [Worker-366: ビルド] INFO  o.a.m.s.f.DefaultMavenResourcesFiltering - skip non existing resourceDirectory C:\Users\miche\OneDrive\Desktop\DOJT\digital-ojt-development-beginner-cause-DroneInventorySystem\DroneInventorySystem\src\test\resources
2025-01-25 23:12:21,236 [Worker-366: ビルド] INFO  o.a.m.s.f.DefaultMavenResourcesFiltering - Copying 1 resource from src\main\resources to target\classes
2025-01-25 23:12:21,252 [Worker-366: ビルド] INFO  o.a.m.s.f.DefaultMavenResourcesFiltering - Copying 48 resources from src\main\resources to target\classes
2025-01-25 23:12:21,280 [Worker-366: ビルド] INFO  o.a.m.s.f.DefaultMavenResourcesFiltering - skip non existing resourceDirectory C:\Users\miche\OneDrive\Desktop\DOJT\digital-ojt-development-beginner-cause-DroneInventorySystem\DroneInventorySystem\src\test\resources
2025-01-25 23:13:53,666 [Worker-372: ビルド] INFO  o.a.m.s.f.DefaultMavenResourcesFiltering - Copying 1 resource from src\main\resources to target\classes
2025-01-25 23:13:53,694 [Worker-372: ビルド] INFO  o.a.m.s.f.DefaultMavenResourcesFiltering - Copying 48 resources from src\main\resources to target\classes
2025-01-25 23:13:53,713 [Worker-372: ビルド] INFO  o.a.m.s.f.DefaultMavenResourcesFiltering - skip non existing resourceDirectory C:\Users\miche\OneDrive\Desktop\DOJT\digital-ojt-development-beginner-cause-DroneInventorySystem\DroneInventorySystem\src\test\resources
2025-01-25 23:14:18,158 [Worker-364: ビルド] INFO  o.a.m.s.f.DefaultMavenResourcesFiltering - Copying 1 resource from src\main\resources to target\classes
2025-01-25 23:14:18,177 [Worker-364: ビルド] INFO  o.a.m.s.f.DefaultMavenResourcesFiltering - Copying 48 resources from src\main\resources to target\classes
2025-01-25 23:14:18,196 [Worker-364: ビルド] INFO  o.a.m.s.f.DefaultMavenResourcesFiltering - skip non existing resourceDirectory C:\Users\miche\OneDrive\Desktop\DOJT\digital-ojt-development-beginner-cause-DroneInventorySystem\DroneInventorySystem\src\test\resources
2025-01-25 23:14:37,712 [Worker-366: ビルド] INFO  o.a.m.s.f.DefaultMavenResourcesFiltering - Copying 1 resource from src\main\resources to target\classes
2025-01-25 23:14:37,725 [Worker-366: ビルド] INFO  o.a.m.s.f.DefaultMavenResourcesFiltering - Copying 48 resources from src\main\resources to target\classes
2025-01-25 23:14:37,750 [Worker-366: ビルド] INFO  o.a.m.s.f.DefaultMavenResourcesFiltering - skip non existing resourceDirectory C:\Users\miche\OneDrive\Desktop\DOJT\digital-ojt-development-beginner-cause-DroneInventorySystem\DroneInventorySystem\src\test\resources
2025-01-25 23:17:05,189 [Worker-364: ビルド] INFO  o.a.m.s.f.DefaultMavenResourcesFiltering - Copying 1 resource from src\main\resources to target\classes
2025-01-25 23:17:05,428 [Worker-364: ビルド] INFO  o.a.m.s.f.DefaultMavenResourcesFiltering - Copying 48 resources from src\main\resources to target\classes
2025-01-25 23:17:05,452 [Worker-364: ビルド] INFO  o.a.m.s.f.DefaultMavenResourcesFiltering - skip non existing resourceDirectory C:\Users\miche\OneDrive\Desktop\DOJT\digital-ojt-development-beginner-cause-DroneInventorySystem\DroneInventorySystem\src\test\resources
2025-01-25 23:21:26,824 [Worker-375: ビルド] INFO  o.a.m.s.f.DefaultMavenResourcesFiltering - Copying 1 resource from src\main\resources to target\classes
2025-01-25 23:21:26,836 [Worker-375: ビルド] INFO  o.a.m.s.f.DefaultMavenResourcesFiltering - Copying 48 resources from src\main\resources to target\classes
2025-01-25 23:21:26,856 [Worker-375: ビルド] INFO  o.a.m.s.f.DefaultMavenResourcesFiltering - skip non existing resourceDirectory C:\Users\miche\OneDrive\Desktop\DOJT\digital-ojt-development-beginner-cause-DroneInventorySystem\DroneInventorySystem\src\test\resources
2025-01-25 23:30:40,477 [Worker-377: ビルド] INFO  o.a.m.s.f.DefaultMavenResourcesFiltering - Copying 1 resource from src\main\resources to target\classes
2025-01-25 23:30:40,493 [Worker-377: ビルド] INFO  o.a.m.s.f.DefaultMavenResourcesFiltering - Copying 48 resources from src\main\resources to target\classes
2025-01-25 23:30:40,510 [Worker-377: ビルド] INFO  o.a.m.s.f.DefaultMavenResourcesFiltering - skip non existing resourceDirectory C:\Users\miche\OneDrive\Desktop\DOJT\digital-ojt-development-beginner-cause-DroneInventorySystem\DroneInventorySystem\src\test\resources
2025-01-25 23:39:47,828 [Worker-381: ビルド] INFO  o.a.m.s.f.DefaultMavenResourcesFiltering - Copying 1 resource from src\main\resources to target\classes
2025-01-25 23:39:48,071 [Worker-381: ビルド] INFO  o.a.m.s.f.DefaultMavenResourcesFiltering - Copying 48 resources from src\main\resources to target\classes
2025-01-25 23:39:48,098 [Worker-381: ビルド] INFO  o.a.m.s.f.DefaultMavenResourcesFiltering - skip non existing resourceDirectory C:\Users\miche\OneDrive\Desktop\DOJT\digital-ojt-development-beginner-cause-DroneInventorySystem\DroneInventorySystem\src\test\resources
2025-01-28 19:52:39,567 [Worker-388: ビルド] INFO  o.a.m.s.f.DefaultMavenResourcesFiltering - Copying 1 resource from src\main\resources to target\classes
2025-01-28 19:52:39,586 [Worker-388: ビルド] INFO  o.a.m.s.f.DefaultMavenResourcesFiltering - Copying 48 resources from src\main\resources to target\classes
2025-01-28 19:52:39,613 [Worker-388: ビルド] INFO  o.a.m.s.f.DefaultMavenResourcesFiltering - skip non existing resourceDirectory C:\Users\miche\OneDrive\Desktop\DOJT\digital-ojt-development-beginner-cause-DroneInventorySystem\DroneInventorySystem\src\test\resources
2025-01-28 19:54:57,482 [Worker-382: ビルド] INFO  o.a.m.s.f.DefaultMavenResourcesFiltering - Copying 1 resource from src\main\resources to target\classes
2025-01-28 19:54:57,498 [Worker-382: ビルド] INFO  o.a.m.s.f.DefaultMavenResourcesFiltering - Copying 48 resources from src\main\resources to target\classes
2025-01-28 19:54:57,517 [Worker-382: ビルド] INFO  o.a.m.s.f.DefaultMavenResourcesFiltering - skip non existing resourceDirectory C:\Users\miche\OneDrive\Desktop\DOJT\digital-ojt-development-beginner-cause-DroneInventorySystem\DroneInventorySystem\src\test\resources
2025-01-28 21:49:59,538 [Worker-408: ビルド] INFO  o.a.m.s.f.DefaultMavenResourcesFiltering - Copying 1 resource from src\main\resources to target\classes
2025-01-28 21:50:00,136 [Worker-408: ビルド] INFO  o.a.m.s.f.DefaultMavenResourcesFiltering - Copying 48 resources from src\main\resources to target\classes
2025-01-28 21:50:00,183 [Worker-408: ビルド] INFO  o.a.m.s.f.DefaultMavenResourcesFiltering - skip non existing resourceDirectory C:\Users\miche\OneDrive\Desktop\DOJT\digital-ojt-development-beginner-cause-DroneInventorySystem\DroneInventorySystem\src\test\resources
2025-01-28 21:50:31,901 [Worker-409: ビルド] INFO  o.a.m.s.f.DefaultMavenResourcesFiltering - Copying 1 resource from src\main\resources to target\classes
2025-01-28 21:50:31,924 [Worker-409: ビルド] INFO  o.a.m.s.f.DefaultMavenResourcesFiltering - Copying 48 resources from src\main\resources to target\classes
2025-01-28 21:50:31,947 [Worker-409: ビルド] INFO  o.a.m.s.f.DefaultMavenResourcesFiltering - skip non existing resourceDirectory C:\Users\miche\OneDrive\Desktop\DOJT\digital-ojt-development-beginner-cause-DroneInventorySystem\DroneInventorySystem\src\test\resources
2025-01-28 21:50:37,749 [Worker-411: ビルド] INFO  o.a.m.s.f.DefaultMavenResourcesFiltering - Copying 1 resource from src\main\resources to target\classes
2025-01-28 21:50:37,761 [Worker-411: ビルド] INFO  o.a.m.s.f.DefaultMavenResourcesFiltering - Copying 48 resources from src\main\resources to target\classes
2025-01-28 21:50:37,778 [Worker-411: ビルド] INFO  o.a.m.s.f.DefaultMavenResourcesFiltering - skip non existing resourceDirectory C:\Users\miche\OneDrive\Desktop\DOJT\digital-ojt-development-beginner-cause-DroneInventorySystem\DroneInventorySystem\src\test\resources
2025-01-28 21:50:54,716 [Worker-404: ビルド] INFO  o.a.m.s.f.DefaultMavenResourcesFiltering - Copying 1 resource from src\main\resources to target\classes
2025-01-28 21:50:54,729 [Worker-404: ビルド] INFO  o.a.m.s.f.DefaultMavenResourcesFiltering - Copying 48 resources from src\main\resources to target\classes
2025-01-28 21:50:54,748 [Worker-404: ビルド] INFO  o.a.m.s.f.DefaultMavenResourcesFiltering - skip non existing resourceDirectory C:\Users\miche\OneDrive\Desktop\DOJT\digital-ojt-development-beginner-cause-DroneInventorySystem\DroneInventorySystem\src\test\resources
2025-01-28 21:51:03,447 [Worker-408: ビルド] INFO  o.a.m.s.f.DefaultMavenResourcesFiltering - Copying 1 resource from src\main\resources to target\classes
2025-01-28 21:51:03,456 [Worker-408: ビルド] INFO  o.a.m.s.f.DefaultMavenResourcesFiltering - Copying 48 resources from src\main\resources to target\classes
2025-01-28 21:51:03,472 [Worker-408: ビルド] INFO  o.a.m.s.f.DefaultMavenResourcesFiltering - skip non existing resourceDirectory C:\Users\miche\OneDrive\Desktop\DOJT\digital-ojt-development-beginner-cause-DroneInventorySystem\DroneInventorySystem\src\test\resources
2025-01-28 21:51:34,420 [Worker-406: ビルド] INFO  o.a.m.s.f.DefaultMavenResourcesFiltering - Copying 1 resource from src\main\resources to target\classes
2025-01-28 21:51:34,446 [Worker-406: ビルド] INFO  o.a.m.s.f.DefaultMavenResourcesFiltering - Copying 48 resources from src\main\resources to target\classes
2025-01-28 21:51:34,464 [Worker-406: ビルド] INFO  o.a.m.s.f.DefaultMavenResourcesFiltering - skip non existing resourceDirectory C:\Users\miche\OneDrive\Desktop\DOJT\digital-ojt-development-beginner-cause-DroneInventorySystem\DroneInventorySystem\src\test\resources
2025-01-28 22:23:02,801 [Worker-410: ビルド] INFO  o.a.m.s.f.DefaultMavenResourcesFiltering - Copying 1 resource from src\main\resources to target\classes
2025-01-28 22:23:02,814 [Worker-410: ビルド] INFO  o.a.m.s.f.DefaultMavenResourcesFiltering - Copying 48 resources from src\main\resources to target\classes
2025-01-28 22:23:02,834 [Worker-410: ビルド] INFO  o.a.m.s.f.DefaultMavenResourcesFiltering - skip non existing resourceDirectory C:\Users\miche\OneDrive\Desktop\DOJT\digital-ojt-development-beginner-cause-DroneInventorySystem\DroneInventorySystem\src\test\resources
2025-01-28 23:04:50,919 [Worker-412: ビルド] INFO  o.a.m.s.f.DefaultMavenResourcesFiltering - Copying 1 resource from src\main\resources to target\classes
2025-01-28 23:04:51,474 [Worker-412: ビルド] INFO  o.a.m.s.f.DefaultMavenResourcesFiltering - Copying 48 resources from src\main\resources to target\classes
2025-01-28 23:04:51,502 [Worker-412: ビルド] INFO  o.a.m.s.f.DefaultMavenResourcesFiltering - skip non existing resourceDirectory C:\Users\miche\OneDrive\Desktop\DOJT\digital-ojt-development-beginner-cause-DroneInventorySystem\DroneInventorySystem\src\test\resources
2025-01-28 23:07:13,305 [Worker-410: ビルド] INFO  o.a.m.s.f.DefaultMavenResourcesFiltering - Copying 1 resource from src\main\resources to target\classes
2025-01-28 23:07:13,344 [Worker-410: ビルド] INFO  o.a.m.s.f.DefaultMavenResourcesFiltering - Copying 48 resources from src\main\resources to target\classes
2025-01-28 23:07:13,373 [Worker-410: ビルド] INFO  o.a.m.s.f.DefaultMavenResourcesFiltering - skip non existing resourceDirectory C:\Users\miche\OneDrive\Desktop\DOJT\digital-ojt-development-beginner-cause-DroneInventorySystem\DroneInventorySystem\src\test\resources
2025-01-28 23:08:40,426 [Worker-410: ビルド] INFO  o.a.m.s.f.DefaultMavenResourcesFiltering - Copying 1 resource from src\main\resources to target\classes
2025-01-28 23:08:40,467 [Worker-410: ビルド] INFO  o.a.m.s.f.DefaultMavenResourcesFiltering - Copying 48 resources from src\main\resources to target\classes
2025-01-28 23:08:40,487 [Worker-410: ビルド] INFO  o.a.m.s.f.DefaultMavenResourcesFiltering - skip non existing resourceDirectory C:\Users\miche\OneDrive\Desktop\DOJT\digital-ojt-development-beginner-cause-DroneInventorySystem\DroneInventorySystem\src\test\resources
2025-01-28 23:10:10,552 [Worker-409: ビルド] INFO  o.a.m.s.f.DefaultMavenResourcesFiltering - Copying 1 resource from src\main\resources to target\classes
2025-01-28 23:10:10,561 [Worker-409: ビルド] INFO  o.a.m.s.f.DefaultMavenResourcesFiltering - Copying 48 resources from src\main\resources to target\classes
2025-01-28 23:10:10,582 [Worker-409: ビルド] INFO  o.a.m.s.f.DefaultMavenResourcesFiltering - skip non existing resourceDirectory C:\Users\miche\OneDrive\Desktop\DOJT\digital-ojt-development-beginner-cause-DroneInventorySystem\DroneInventorySystem\src\test\resources
2025-01-28 23:12:06,376 [Worker-406: ビルド] INFO  o.a.m.s.f.DefaultMavenResourcesFiltering - Copying 1 resource from src\main\resources to target\classes
2025-01-28 23:12:06,388 [Worker-406: ビルド] INFO  o.a.m.s.f.DefaultMavenResourcesFiltering - Copying 48 resources from src\main\resources to target\classes
2025-01-28 23:12:06,407 [Worker-406: ビルド] INFO  o.a.m.s.f.DefaultMavenResourcesFiltering - skip non existing resourceDirectory C:\Users\miche\OneDrive\Desktop\DOJT\digital-ojt-development-beginner-cause-DroneInventorySystem\DroneInventorySystem\src\test\resources
2025-01-28 23:13:33,121 [Worker-411: ビルド] INFO  o.a.m.s.f.DefaultMavenResourcesFiltering - Copying 1 resource from src\main\resources to target\classes
2025-01-28 23:13:33,130 [Worker-411: ビルド] INFO  o.a.m.s.f.DefaultMavenResourcesFiltering - Copying 48 resources from src\main\resources to target\classes
2025-01-28 23:13:33,146 [Worker-411: ビルド] INFO  o.a.m.s.f.DefaultMavenResourcesFiltering - skip non existing resourceDirectory C:\Users\miche\OneDrive\Desktop\DOJT\digital-ojt-development-beginner-cause-DroneInventorySystem\DroneInventorySystem\src\test\resources
2025-01-28 23:19:11,055 [Worker-408: ビルド] INFO  o.a.m.s.f.DefaultMavenResourcesFiltering - Copying 1 resource from src\main\resources to target\classes
2025-01-28 23:19:11,389 [Worker-408: ビルド] INFO  o.a.m.s.f.DefaultMavenResourcesFiltering - Copying 48 resources from src\main\resources to target\classes
2025-01-28 23:19:11,415 [Worker-408: ビルド] INFO  o.a.m.s.f.DefaultMavenResourcesFiltering - skip non existing resourceDirectory C:\Users\miche\OneDrive\Desktop\DOJT\digital-ojt-development-beginner-cause-DroneInventorySystem\DroneInventorySystem\src\test\resources
2025-01-28 23:24:14,426 [Worker-406: ビルド] INFO  o.a.m.s.f.DefaultMavenResourcesFiltering - Copying 1 resource from src\main\resources to target\classes
2025-01-28 23:24:14,446 [Worker-406: ビルド] INFO  o.a.m.s.f.DefaultMavenResourcesFiltering - Copying 48 resources from src\main\resources to target\classes
2025-01-28 23:24:14,472 [Worker-406: ビルド] INFO  o.a.m.s.f.DefaultMavenResourcesFiltering - skip non existing resourceDirectory C:\Users\miche\OneDrive\Desktop\DOJT\digital-ojt-development-beginner-cause-DroneInventorySystem\DroneInventorySystem\src\test\resources
2025-01-28 23:29:15,499 [Worker-417: ビルド] INFO  o.a.m.s.f.DefaultMavenResourcesFiltering - Copying 1 resource from src\main\resources to target\classes
2025-01-28 23:29:15,509 [Worker-417: ビルド] INFO  o.a.m.s.f.DefaultMavenResourcesFiltering - Copying 48 resources from src\main\resources to target\classes
2025-01-28 23:29:15,526 [Worker-417: ビルド] INFO  o.a.m.s.f.DefaultMavenResourcesFiltering - skip non existing resourceDirectory C:\Users\miche\OneDrive\Desktop\DOJT\digital-ojt-development-beginner-cause-DroneInventorySystem\DroneInventorySystem\src\test\resources
2025-01-28 23:29:26,317 [Worker-417: ビルド] INFO  o.a.m.s.f.DefaultMavenResourcesFiltering - Copying 1 resource from src\main\resources to target\classes
2025-01-28 23:29:26,546 [Worker-417: ビルド] INFO  o.a.m.s.f.DefaultMavenResourcesFiltering - Copying 48 resources from src\main\resources to target\classes
2025-01-28 23:29:26,571 [Worker-417: ビルド] INFO  o.a.m.s.f.DefaultMavenResourcesFiltering - skip non existing resourceDirectory C:\Users\miche\OneDrive\Desktop\DOJT\digital-ojt-development-beginner-cause-DroneInventorySystem\DroneInventorySystem\src\test\resources
2025-01-28 23:30:27,182 [Worker-415: ビルド] INFO  o.a.m.s.f.DefaultMavenResourcesFiltering - Copying 1 resource from src\main\resources to target\classes
2025-01-28 23:30:27,204 [Worker-415: ビルド] INFO  o.a.m.s.f.DefaultMavenResourcesFiltering - Copying 48 resources from src\main\resources to target\classes
2025-01-28 23:30:27,220 [Worker-415: ビルド] INFO  o.a.m.s.f.DefaultMavenResourcesFiltering - skip non existing resourceDirectory C:\Users\miche\OneDrive\Desktop\DOJT\digital-ojt-development-beginner-cause-DroneInventorySystem\DroneInventorySystem\src\test\resources
2025-01-28 23:30:37,710 [Worker-416: ビルド] INFO  o.a.m.s.f.DefaultMavenResourcesFiltering - Copying 1 resource from src\main\resources to target\classes
2025-01-28 23:30:37,725 [Worker-416: ビルド] INFO  o.a.m.s.f.DefaultMavenResourcesFiltering - Copying 48 resources from src\main\resources to target\classes
2025-01-28 23:30:37,742 [Worker-416: ビルド] INFO  o.a.m.s.f.DefaultMavenResourcesFiltering - skip non existing resourceDirectory C:\Users\miche\OneDrive\Desktop\DOJT\digital-ojt-development-beginner-cause-DroneInventorySystem\DroneInventorySystem\src\test\resources
2025-01-28 23:31:32,465 [Worker-417: ビルド] INFO  o.a.m.s.f.DefaultMavenResourcesFiltering - Copying 1 resource from src\main\resources to target\classes
2025-01-28 23:31:32,494 [Worker-417: ビルド] INFO  o.a.m.s.f.DefaultMavenResourcesFiltering - Copying 48 resources from src\main\resources to target\classes
2025-01-28 23:31:32,513 [Worker-417: ビルド] INFO  o.a.m.s.f.DefaultMavenResourcesFiltering - skip non existing resourceDirectory C:\Users\miche\OneDrive\Desktop\DOJT\digital-ojt-development-beginner-cause-DroneInventorySystem\DroneInventorySystem\src\test\resources
2025-01-28 23:32:54,251 [Worker-406: ビルド] INFO  o.a.m.s.f.DefaultMavenResourcesFiltering - Copying 1 resource from src\main\resources to target\classes
2025-01-28 23:32:54,277 [Worker-406: ビルド] INFO  o.a.m.s.f.DefaultMavenResourcesFiltering - Copying 48 resources from src\main\resources to target\classes
2025-01-28 23:32:54,302 [Worker-406: ビルド] INFO  o.a.m.s.f.DefaultMavenResourcesFiltering - skip non existing resourceDirectory C:\Users\miche\OneDrive\Desktop\DOJT\digital-ojt-development-beginner-cause-DroneInventorySystem\DroneInventorySystem\src\test\resources
2025-01-28 23:35:09,404 [Worker-409: ビルド] INFO  o.a.m.s.f.DefaultMavenResourcesFiltering - Copying 1 resource from src\main\resources to target\classes
2025-01-28 23:35:09,414 [Worker-409: ビルド] INFO  o.a.m.s.f.DefaultMavenResourcesFiltering - Copying 48 resources from src\main\resources to target\classes
2025-01-28 23:35:09,435 [Worker-409: ビルド] INFO  o.a.m.s.f.DefaultMavenResourcesFiltering - skip non existing resourceDirectory C:\Users\miche\OneDrive\Desktop\DOJT\digital-ojt-development-beginner-cause-DroneInventorySystem\DroneInventorySystem\src\test\resources
2025-01-28 23:35:36,917 [Worker-406: ビルド] INFO  o.a.m.s.f.DefaultMavenResourcesFiltering - Copying 1 resource from src\main\resources to target\classes
2025-01-28 23:35:36,935 [Worker-406: ビルド] INFO  o.a.m.s.f.DefaultMavenResourcesFiltering - Copying 48 resources from src\main\resources to target\classes
2025-01-28 23:35:36,951 [Worker-406: ビルド] INFO  o.a.m.s.f.DefaultMavenResourcesFiltering - skip non existing resourceDirectory C:\Users\miche\OneDrive\Desktop\DOJT\digital-ojt-development-beginner-cause-DroneInventorySystem\DroneInventorySystem\src\test\resources
2025-01-28 23:37:10,086 [Worker-404: ビルド] INFO  o.a.m.s.f.DefaultMavenResourcesFiltering - Copying 1 resource from src\main\resources to target\classes
2025-01-28 23:37:10,275 [Worker-404: ビルド] INFO  o.a.m.s.f.DefaultMavenResourcesFiltering - Copying 48 resources from src\main\resources to target\classes
2025-01-28 23:37:10,293 [Worker-404: ビルド] INFO  o.a.m.s.f.DefaultMavenResourcesFiltering - skip non existing resourceDirectory C:\Users\miche\OneDrive\Desktop\DOJT\digital-ojt-development-beginner-cause-DroneInventorySystem\DroneInventorySystem\src\test\resources
2025-01-28 23:37:32,807 [Worker-411: ビルド] INFO  o.a.m.s.f.DefaultMavenResourcesFiltering - Copying 1 resource from src\main\resources to target\classes
2025-01-28 23:37:32,820 [Worker-411: ビルド] INFO  o.a.m.s.f.DefaultMavenResourcesFiltering - Copying 48 resources from src\main\resources to target\classes
2025-01-28 23:37:32,837 [Worker-411: ビルド] INFO  o.a.m.s.f.DefaultMavenResourcesFiltering - skip non existing resourceDirectory C:\Users\miche\OneDrive\Desktop\DOJT\digital-ojt-development-beginner-cause-DroneInventorySystem\DroneInventorySystem\src\test\resources
2025-01-28 23:40:17,361 [Worker-413: ビルド] INFO  o.a.m.s.f.DefaultMavenResourcesFiltering - Copying 1 resource from src\main\resources to target\classes
2025-01-28 23:40:17,377 [Worker-413: ビルド] INFO  o.a.m.s.f.DefaultMavenResourcesFiltering - Copying 48 resources from src\main\resources to target\classes
2025-01-28 23:40:17,394 [Worker-413: ビルド] INFO  o.a.m.s.f.DefaultMavenResourcesFiltering - skip non existing resourceDirectory C:\Users\miche\OneDrive\Desktop\DOJT\digital-ojt-development-beginner-cause-DroneInventorySystem\DroneInventorySystem\src\test\resources
2025-01-28 23:41:59,157 [Worker-409: ビルド] INFO  o.a.m.s.f.DefaultMavenResourcesFiltering - Copying 1 resource from src\main\resources to target\classes
2025-01-28 23:41:59,167 [Worker-409: ビルド] INFO  o.a.m.s.f.DefaultMavenResourcesFiltering - Copying 48 resources from src\main\resources to target\classes
2025-01-28 23:41:59,183 [Worker-409: ビルド] INFO  o.a.m.s.f.DefaultMavenResourcesFiltering - skip non existing resourceDirectory C:\Users\miche\OneDrive\Desktop\DOJT\digital-ojt-development-beginner-cause-DroneInventorySystem\DroneInventorySystem\src\test\resources
2025-01-28 23:42:14,449 [Worker-409: ビルド] INFO  o.a.m.s.f.DefaultMavenResourcesFiltering - Copying 1 resource from src\main\resources to target\classes
2025-01-28 23:42:14,461 [Worker-409: ビルド] INFO  o.a.m.s.f.DefaultMavenResourcesFiltering - Copying 48 resources from src\main\resources to target\classes
2025-01-28 23:42:14,476 [Worker-409: ビルド] INFO  o.a.m.s.f.DefaultMavenResourcesFiltering - skip non existing resourceDirectory C:\Users\miche\OneDrive\Desktop\DOJT\digital-ojt-development-beginner-cause-DroneInventorySystem\DroneInventorySystem\src\test\resources
2025-01-28 23:44:46,873 [Worker-416: ビルド] INFO  o.a.m.s.f.DefaultMavenResourcesFiltering - Copying 1 resource from src\main\resources to target\classes
2025-01-28 23:44:46,881 [Worker-416: ビルド] INFO  o.a.m.s.f.DefaultMavenResourcesFiltering - Copying 48 resources from src\main\resources to target\classes
2025-01-28 23:44:46,901 [Worker-416: ビルド] INFO  o.a.m.s.f.DefaultMavenResourcesFiltering - skip non existing resourceDirectory C:\Users\miche\OneDrive\Desktop\DOJT\digital-ojt-development-beginner-cause-DroneInventorySystem\DroneInventorySystem\src\test\resources
2025-01-28 23:44:55,377 [Worker-411: ビルド] INFO  o.a.m.s.f.DefaultMavenResourcesFiltering - Copying 1 resource from src\main\resources to target\classes
2025-01-28 23:44:55,397 [Worker-411: ビルド] INFO  o.a.m.s.f.DefaultMavenResourcesFiltering - Copying 48 resources from src\main\resources to target\classes
2025-01-28 23:44:55,415 [Worker-411: ビルド] INFO  o.a.m.s.f.DefaultMavenResourcesFiltering - skip non existing resourceDirectory C:\Users\miche\OneDrive\Desktop\DOJT\digital-ojt-development-beginner-cause-DroneInventorySystem\DroneInventorySystem\src\test\resources
2025-01-28 23:45:13,537 [Worker-414: ビルド] INFO  o.a.m.s.f.DefaultMavenResourcesFiltering - Copying 1 resource from src\main\resources to target\classes
2025-01-28 23:45:13,564 [Worker-414: ビルド] INFO  o.a.m.s.f.DefaultMavenResourcesFiltering - Copying 48 resources from src\main\resources to target\classes
2025-01-28 23:45:13,581 [Worker-414: ビルド] INFO  o.a.m.s.f.DefaultMavenResourcesFiltering - skip non existing resourceDirectory C:\Users\miche\OneDrive\Desktop\DOJT\digital-ojt-development-beginner-cause-DroneInventorySystem\DroneInventorySystem\src\test\resources
2025-01-28 23:47:14,910 [Worker-412: ビルド] INFO  o.a.m.s.f.DefaultMavenResourcesFiltering - Copying 1 resource from src\main\resources to target\classes
2025-01-28 23:47:14,932 [Worker-412: ビルド] INFO  o.a.m.s.f.DefaultMavenResourcesFiltering - Copying 48 resources from src\main\resources to target\classes
2025-01-28 23:47:14,949 [Worker-412: ビルド] INFO  o.a.m.s.f.DefaultMavenResourcesFiltering - skip non existing resourceDirectory C:\Users\miche\OneDrive\Desktop\DOJT\digital-ojt-development-beginner-cause-DroneInventorySystem\DroneInventorySystem\src\test\resources
2025-01-28 23:47:58,120 [Worker-408: ビルド] INFO  o.a.m.s.f.DefaultMavenResourcesFiltering - Copying 1 resource from src\main\resources to target\classes
2025-01-28 23:47:58,132 [Worker-408: ビルド] INFO  o.a.m.s.f.DefaultMavenResourcesFiltering - Copying 48 resources from src\main\resources to target\classes
2025-01-28 23:47:58,149 [Worker-408: ビルド] INFO  o.a.m.s.f.DefaultMavenResourcesFiltering - skip non existing resourceDirectory C:\Users\miche\OneDrive\Desktop\DOJT\digital-ojt-development-beginner-cause-DroneInventorySystem\DroneInventorySystem\src\test\resources
2025-01-28 23:48:18,182 [Worker-411: ビルド] INFO  o.a.m.s.f.DefaultMavenResourcesFiltering - Copying 1 resource from src\main\resources to target\classes
2025-01-28 23:48:18,211 [Worker-411: ビルド] INFO  o.a.m.s.f.DefaultMavenResourcesFiltering - Copying 48 resources from src\main\resources to target\classes
2025-01-28 23:48:18,231 [Worker-411: ビルド] INFO  o.a.m.s.f.DefaultMavenResourcesFiltering - skip non existing resourceDirectory C:\Users\miche\OneDrive\Desktop\DOJT\digital-ojt-development-beginner-cause-DroneInventorySystem\DroneInventorySystem\src\test\resources
2025-01-28 23:50:24,460 [Worker-414: ビルド] INFO  o.a.m.s.f.DefaultMavenResourcesFiltering - Copying 1 resource from src\main\resources to target\classes
2025-01-28 23:50:24,474 [Worker-414: ビルド] INFO  o.a.m.s.f.DefaultMavenResourcesFiltering - Copying 48 resources from src\main\resources to target\classes
2025-01-28 23:50:24,495 [Worker-414: ビルド] INFO  o.a.m.s.f.DefaultMavenResourcesFiltering - skip non existing resourceDirectory C:\Users\miche\OneDrive\Desktop\DOJT\digital-ojt-development-beginner-cause-DroneInventorySystem\DroneInventorySystem\src\test\resources
2025-01-29 00:00:30,659 [Worker-417: ビルド] INFO  o.a.m.s.f.DefaultMavenResourcesFiltering - Copying 1 resource from src\main\resources to target\classes
2025-01-29 00:00:31,044 [Worker-417: ビルド] INFO  o.a.m.s.f.DefaultMavenResourcesFiltering - Copying 48 resources from src\main\resources to target\classes
2025-01-29 00:00:31,072 [Worker-417: ビルド] INFO  o.a.m.s.f.DefaultMavenResourcesFiltering - skip non existing resourceDirectory C:\Users\miche\OneDrive\Desktop\DOJT\digital-ojt-development-beginner-cause-DroneInventorySystem\DroneInventorySystem\src\test\resources
2025-01-29 00:02:03,559 [Worker-408: ビルド] INFO  o.a.m.s.f.DefaultMavenResourcesFiltering - Copying 1 resource from src\main\resources to target\classes
2025-01-29 00:02:03,574 [Worker-408: ビルド] INFO  o.a.m.s.f.DefaultMavenResourcesFiltering - Copying 48 resources from src\main\resources to target\classes
2025-01-29 00:02:03,595 [Worker-408: ビルド] INFO  o.a.m.s.f.DefaultMavenResourcesFiltering - skip non existing resourceDirectory C:\Users\miche\OneDrive\Desktop\DOJT\digital-ojt-development-beginner-cause-DroneInventorySystem\DroneInventorySystem\src\test\resources
2025-01-29 00:02:28,150 [Worker-412: ビルド] INFO  o.a.m.s.f.DefaultMavenResourcesFiltering - Copying 1 resource from src\main\resources to target\classes
2025-01-29 00:02:28,170 [Worker-412: ビルド] INFO  o.a.m.s.f.DefaultMavenResourcesFiltering - Copying 48 resources from src\main\resources to target\classes
2025-01-29 00:02:28,199 [Worker-412: ビルド] INFO  o.a.m.s.f.DefaultMavenResourcesFiltering - skip non existing resourceDirectory C:\Users\miche\OneDrive\Desktop\DOJT\digital-ojt-development-beginner-cause-DroneInventorySystem\DroneInventorySystem\src\test\resources
2025-01-29 20:34:07,789 [Worker-6: Loading available Gradle versions] INFO  o.e.b.c.i.u.g.PublishedGradleVersions - Gradle version information cache is out-of-date. Trying to update.
2025-01-29 20:54:05,726 [Worker-17: ビルド] INFO  o.a.m.s.f.DefaultMavenResourcesFiltering - Copying 1 resource from src\main\resources to target\classes
2025-01-29 20:54:05,777 [Worker-17: ビルド] INFO  o.a.m.s.f.DefaultMavenResourcesFiltering - Copying 48 resources from src\main\resources to target\classes
2025-01-29 20:54:05,811 [Worker-17: ビルド] INFO  o.a.m.s.f.DefaultMavenResourcesFiltering - skip non existing resourceDirectory C:\Users\miche\OneDrive\Desktop\DOJT\digital-ojt-development-beginner-cause-DroneInventorySystem\DroneInventorySystem\src\test\resources
2025-01-29 21:11:00,692 [Worker-30: ビルド] INFO  o.a.m.s.f.DefaultMavenResourcesFiltering - Copying 1 resource from src\main\resources to target\classes
2025-01-29 21:11:00,720 [Worker-30: ビルド] INFO  o.a.m.s.f.DefaultMavenResourcesFiltering - Copying 48 resources from src\main\resources to target\classes
2025-01-29 21:11:00,742 [Worker-30: ビルド] INFO  o.a.m.s.f.DefaultMavenResourcesFiltering - skip non existing resourceDirectory C:\Users\miche\OneDrive\Desktop\DOJT\digital-ojt-development-beginner-cause-DroneInventorySystem\DroneInventorySystem\src\test\resources
2025-01-29 21:18:19,374 [Worker-40: ビルド] INFO  o.a.m.s.f.DefaultMavenResourcesFiltering - Copying 1 resource from src\main\resources to target\classes
2025-01-29 21:18:19,385 [Worker-40: ビルド] INFO  o.a.m.s.f.DefaultMavenResourcesFiltering - Copying 48 resources from src\main\resources to target\classes
2025-01-29 21:18:19,404 [Worker-40: ビルド] INFO  o.a.m.s.f.DefaultMavenResourcesFiltering - skip non existing resourceDirectory C:\Users\miche\OneDrive\Desktop\DOJT\digital-ojt-development-beginner-cause-DroneInventorySystem\DroneInventorySystem\src\test\resources
2025-01-29 21:20:41,916 [Worker-40: ビルド] INFO  o.a.m.s.f.DefaultMavenResourcesFiltering - Copying 1 resource from src\main\resources to target\classes
2025-01-29 21:20:41,930 [Worker-40: ビルド] INFO  o.a.m.s.f.DefaultMavenResourcesFiltering - Copying 48 resources from src\main\resources to target\classes
2025-01-29 21:20:41,951 [Worker-40: ビルド] INFO  o.a.m.s.f.DefaultMavenResourcesFiltering - skip non existing resourceDirectory C:\Users\miche\OneDrive\Desktop\DOJT\digital-ojt-development-beginner-cause-DroneInventorySystem\DroneInventorySystem\src\test\resources
2025-01-29 21:27:08,512 [Worker-41: ビルド] INFO  o.a.m.s.f.DefaultMavenResourcesFiltering - Copying 1 resource from src\main\resources to target\classes
2025-01-29 21:27:08,523 [Worker-41: ビルド] INFO  o.a.m.s.f.DefaultMavenResourcesFiltering - Copying 48 resources from src\main\resources to target\classes
2025-01-29 21:27:08,553 [Worker-41: ビルド] INFO  o.a.m.s.f.DefaultMavenResourcesFiltering - skip non existing resourceDirectory C:\Users\miche\OneDrive\Desktop\DOJT\digital-ojt-development-beginner-cause-DroneInventorySystem\DroneInventorySystem\src\test\resources
2025-01-29 21:29:00,744 [Worker-34: ビルド] INFO  o.a.m.s.f.DefaultMavenResourcesFiltering - Copying 1 resource from src\main\resources to target\classes
2025-01-29 21:29:00,761 [Worker-34: ビルド] INFO  o.a.m.s.f.DefaultMavenResourcesFiltering - Copying 48 resources from src\main\resources to target\classes
2025-01-29 21:29:00,786 [Worker-34: ビルド] INFO  o.a.m.s.f.DefaultMavenResourcesFiltering - skip non existing resourceDirectory C:\Users\miche\OneDrive\Desktop\DOJT\digital-ojt-development-beginner-cause-DroneInventorySystem\DroneInventorySystem\src\test\resources
2025-01-29 21:33:53,114 [Worker-45: ビルド] INFO  o.a.m.s.f.DefaultMavenResourcesFiltering - Copying 1 resource from src\main\resources to target\classes
2025-01-29 21:33:53,128 [Worker-45: ビルド] INFO  o.a.m.s.f.DefaultMavenResourcesFiltering - Copying 48 resources from src\main\resources to target\classes
2025-01-29 21:33:53,147 [Worker-45: ビルド] INFO  o.a.m.s.f.DefaultMavenResourcesFiltering - skip non existing resourceDirectory C:\Users\miche\OneDrive\Desktop\DOJT\digital-ojt-development-beginner-cause-DroneInventorySystem\DroneInventorySystem\src\test\resources
2025-01-29 21:38:34,907 [Worker-38: ビルド] INFO  o.a.m.s.f.DefaultMavenResourcesFiltering - Copying 1 resource from src\main\resources to target\classes
2025-01-29 21:38:34,918 [Worker-38: ビルド] INFO  o.a.m.s.f.DefaultMavenResourcesFiltering - Copying 48 resources from src\main\resources to target\classes
2025-01-29 21:38:34,939 [Worker-38: ビルド] INFO  o.a.m.s.f.DefaultMavenResourcesFiltering - skip non existing resourceDirectory C:\Users\miche\OneDrive\Desktop\DOJT\digital-ojt-development-beginner-cause-DroneInventorySystem\DroneInventorySystem\src\test\resources
2025-01-29 21:39:28,262 [Worker-36: ビルド] INFO  o.a.m.s.f.DefaultMavenResourcesFiltering - Copying 1 resource from src\main\resources to target\classes
2025-01-29 21:39:28,273 [Worker-36: ビルド] INFO  o.a.m.s.f.DefaultMavenResourcesFiltering - Copying 48 resources from src\main\resources to target\classes
2025-01-29 21:39:28,290 [Worker-36: ビルド] INFO  o.a.m.s.f.DefaultMavenResourcesFiltering - skip non existing resourceDirectory C:\Users\miche\OneDrive\Desktop\DOJT\digital-ojt-development-beginner-cause-DroneInventorySystem\DroneInventorySystem\src\test\resources
2025-01-29 21:47:39,833 [Worker-48: ビルド] INFO  o.a.m.s.f.DefaultMavenResourcesFiltering - Copying 0 resource from src\main\resources to target\classes
2025-01-29 21:47:39,833 [Worker-48: ビルド] INFO  o.a.m.s.f.DefaultMavenResourcesFiltering - Copying 1 resource from src\main\resources to target\classes
2025-01-29 21:47:39,838 [Worker-48: ビルド] INFO  o.a.m.s.f.DefaultMavenResourcesFiltering - skip non existing resourceDirectory C:\Users\miche\OneDrive\Desktop\DOJT\digital-ojt-development-beginner-cause-DroneInventorySystem\DroneInventorySystem\src\test\resources
2025-01-29 22:04:30,924 [Worker-51: ビルド] INFO  o.a.m.s.f.DefaultMavenResourcesFiltering - Copying 0 resource from src\main\resources to target\classes
2025-01-29 22:04:30,926 [Worker-51: ビルド] INFO  o.a.m.s.f.DefaultMavenResourcesFiltering - Copying 1 resource from src\main\resources to target\classes
2025-01-29 22:04:30,931 [Worker-51: ビルド] INFO  o.a.m.s.f.DefaultMavenResourcesFiltering - skip non existing resourceDirectory C:\Users\miche\OneDrive\Desktop\DOJT\digital-ojt-development-beginner-cause-DroneInventorySystem\DroneInventorySystem\src\test\resources
2025-01-29 22:28:43,735 [Worker-68: ビルド] INFO  o.a.m.s.f.DefaultMavenResourcesFiltering - Copying 1 resource from src\main\resources to target\classes
2025-01-29 22:28:43,793 [Worker-68: ビルド] INFO  o.a.m.s.f.DefaultMavenResourcesFiltering - Copying 48 resources from src\main\resources to target\classes
2025-01-29 22:28:43,815 [Worker-68: ビルド] INFO  o.a.m.s.f.DefaultMavenResourcesFiltering - skip non existing resourceDirectory C:\Users\miche\OneDrive\Desktop\DOJT\digital-ojt-development-beginner-cause-DroneInventorySystem\DroneInventorySystem\src\test\resources
2025-01-29 22:32:06,936 [Worker-64: ビルド] INFO  o.a.m.s.f.DefaultMavenResourcesFiltering - Copying 1 resource from src\main\resources to target\classes
2025-01-29 22:32:06,946 [Worker-64: ビルド] INFO  o.a.m.s.f.DefaultMavenResourcesFiltering - Copying 48 resources from src\main\resources to target\classes
2025-01-29 22:32:06,966 [Worker-64: ビルド] INFO  o.a.m.s.f.DefaultMavenResourcesFiltering - skip non existing resourceDirectory C:\Users\miche\OneDrive\Desktop\DOJT\digital-ojt-development-beginner-cause-DroneInventorySystem\DroneInventorySystem\src\test\resources
2025-01-29 22:32:27,746 [Worker-64: ビルド] INFO  o.a.m.s.f.DefaultMavenResourcesFiltering - Copying 1 resource from src\main\resources to target\classes
2025-01-29 22:32:27,769 [Worker-64: ビルド] INFO  o.a.m.s.f.DefaultMavenResourcesFiltering - Copying 48 resources from src\main\resources to target\classes
2025-01-29 22:32:27,792 [Worker-64: ビルド] INFO  o.a.m.s.f.DefaultMavenResourcesFiltering - skip non existing resourceDirectory C:\Users\miche\OneDrive\Desktop\DOJT\digital-ojt-development-beginner-cause-DroneInventorySystem\DroneInventorySystem\src\test\resources
2025-01-29 22:35:03,912 [Worker-74: ビルド] INFO  o.a.m.s.f.DefaultMavenResourcesFiltering - Copying 1 resource from src\main\resources to target\classes
2025-01-29 22:35:03,939 [Worker-74: ビルド] INFO  o.a.m.s.f.DefaultMavenResourcesFiltering - Copying 48 resources from src\main\resources to target\classes
2025-01-29 22:35:03,957 [Worker-74: ビルド] INFO  o.a.m.s.f.DefaultMavenResourcesFiltering - skip non existing resourceDirectory C:\Users\miche\OneDrive\Desktop\DOJT\digital-ojt-development-beginner-cause-DroneInventorySystem\DroneInventorySystem\src\test\resources
2025-01-29 22:37:28,130 [Worker-73: ビルド] INFO  o.a.m.s.f.DefaultMavenResourcesFiltering - Copying 1 resource from src\main\resources to target\classes
2025-01-29 22:37:28,140 [Worker-73: ビルド] INFO  o.a.m.s.f.DefaultMavenResourcesFiltering - Copying 48 resources from src\main\resources to target\classes
2025-01-29 22:37:28,160 [Worker-73: ビルド] INFO  o.a.m.s.f.DefaultMavenResourcesFiltering - skip non existing resourceDirectory C:\Users\miche\OneDrive\Desktop\DOJT\digital-ojt-development-beginner-cause-DroneInventorySystem\DroneInventorySystem\src\test\resources
2025-01-29 22:41:53,076 [Worker-73: ビルド] INFO  o.a.m.s.f.DefaultMavenResourcesFiltering - Copying 1 resource from src\main\resources to target\classes
2025-01-29 22:41:53,089 [Worker-73: ビルド] INFO  o.a.m.s.f.DefaultMavenResourcesFiltering - Copying 48 resources from src\main\resources to target\classes
2025-01-29 22:41:53,107 [Worker-73: ビルド] INFO  o.a.m.s.f.DefaultMavenResourcesFiltering - skip non existing resourceDirectory C:\Users\miche\OneDrive\Desktop\DOJT\digital-ojt-development-beginner-cause-DroneInventorySystem\DroneInventorySystem\src\test\resources
2025-01-29 22:44:09,200 [Worker-79: ビルド] INFO  o.a.m.s.f.DefaultMavenResourcesFiltering - Copying 1 resource from src\main\resources to target\classes
2025-01-29 22:44:09,210 [Worker-79: ビルド] INFO  o.a.m.s.f.DefaultMavenResourcesFiltering - Copying 48 resources from src\main\resources to target\classes
2025-01-29 22:44:09,228 [Worker-79: ビルド] INFO  o.a.m.s.f.DefaultMavenResourcesFiltering - skip non existing resourceDirectory C:\Users\miche\OneDrive\Desktop\DOJT\digital-ojt-development-beginner-cause-DroneInventorySystem\DroneInventorySystem\src\test\resources
2025-01-29 22:44:32,334 [Worker-77: ビルド] INFO  o.a.m.s.f.DefaultMavenResourcesFiltering - Copying 1 resource from src\main\resources to target\classes
2025-01-29 22:44:32,517 [Worker-77: ビルド] INFO  o.a.m.s.f.DefaultMavenResourcesFiltering - Copying 48 resources from src\main\resources to target\classes
2025-01-29 22:44:32,539 [Worker-77: ビルド] INFO  o.a.m.s.f.DefaultMavenResourcesFiltering - skip non existing resourceDirectory C:\Users\miche\OneDrive\Desktop\DOJT\digital-ojt-development-beginner-cause-DroneInventorySystem\DroneInventorySystem\src\test\resources
2025-01-29 22:45:20,185 [Worker-81: ビルド] INFO  o.a.m.s.f.DefaultMavenResourcesFiltering - Copying 1 resource from src\main\resources to target\classes
2025-01-29 22:45:20,204 [Worker-81: ビルド] INFO  o.a.m.s.f.DefaultMavenResourcesFiltering - Copying 48 resources from src\main\resources to target\classes
2025-01-29 22:45:20,222 [Worker-81: ビルド] INFO  o.a.m.s.f.DefaultMavenResourcesFiltering - skip non existing resourceDirectory C:\Users\miche\OneDrive\Desktop\DOJT\digital-ojt-development-beginner-cause-DroneInventorySystem\DroneInventorySystem\src\test\resources
2025-01-29 22:50:20,817 [Worker-82: ビルド] INFO  o.a.m.s.f.DefaultMavenResourcesFiltering - Copying 1 resource from src\main\resources to target\classes
2025-01-29 22:50:20,826 [Worker-82: ビルド] INFO  o.a.m.s.f.DefaultMavenResourcesFiltering - Copying 48 resources from src\main\resources to target\classes
2025-01-29 22:50:20,842 [Worker-82: ビルド] INFO  o.a.m.s.f.DefaultMavenResourcesFiltering - skip non existing resourceDirectory C:\Users\miche\OneDrive\Desktop\DOJT\digital-ojt-development-beginner-cause-DroneInventorySystem\DroneInventorySystem\src\test\resources
2025-01-29 23:03:07,577 [Worker-84: ビルド] INFO  o.a.m.s.f.DefaultMavenResourcesFiltering - Copying 1 resource from src\main\resources to target\classes
2025-01-29 23:03:07,605 [Worker-84: ビルド] INFO  o.a.m.s.f.DefaultMavenResourcesFiltering - Copying 48 resources from src\main\resources to target\classes
2025-01-29 23:03:07,629 [Worker-84: ビルド] INFO  o.a.m.s.f.DefaultMavenResourcesFiltering - skip non existing resourceDirectory C:\Users\miche\OneDrive\Desktop\DOJT\digital-ojt-development-beginner-cause-DroneInventorySystem\DroneInventorySystem\src\test\resources
2025-01-29 23:06:35,050 [Worker-90: ビルド] INFO  o.a.m.s.f.DefaultMavenResourcesFiltering - Copying 1 resource from src\main\resources to target\classes
2025-01-29 23:06:35,062 [Worker-90: ビルド] INFO  o.a.m.s.f.DefaultMavenResourcesFiltering - Copying 48 resources from src\main\resources to target\classes
2025-01-29 23:06:35,080 [Worker-90: ビルド] INFO  o.a.m.s.f.DefaultMavenResourcesFiltering - skip non existing resourceDirectory C:\Users\miche\OneDrive\Desktop\DOJT\digital-ojt-development-beginner-cause-DroneInventorySystem\DroneInventorySystem\src\test\resources
2025-01-29 23:06:46,024 [Worker-90: ビルド] INFO  o.a.m.s.f.DefaultMavenResourcesFiltering - Copying 1 resource from src\main\resources to target\classes
2025-01-29 23:06:46,035 [Worker-90: ビルド] INFO  o.a.m.s.f.DefaultMavenResourcesFiltering - Copying 48 resources from src\main\resources to target\classes
2025-01-29 23:06:46,051 [Worker-90: ビルド] INFO  o.a.m.s.f.DefaultMavenResourcesFiltering - skip non existing resourceDirectory C:\Users\miche\OneDrive\Desktop\DOJT\digital-ojt-development-beginner-cause-DroneInventorySystem\DroneInventorySystem\src\test\resources
2025-01-29 23:08:06,475 [Worker-90: ビルド] INFO  o.a.m.s.f.DefaultMavenResourcesFiltering - Copying 1 resource from src\main\resources to target\classes
2025-01-29 23:08:06,485 [Worker-90: ビルド] INFO  o.a.m.s.f.DefaultMavenResourcesFiltering - Copying 48 resources from src\main\resources to target\classes
2025-01-29 23:08:06,500 [Worker-90: ビルド] INFO  o.a.m.s.f.DefaultMavenResourcesFiltering - skip non existing resourceDirectory C:\Users\miche\OneDrive\Desktop\DOJT\digital-ojt-development-beginner-cause-DroneInventorySystem\DroneInventorySystem\src\test\resources
2025-01-29 23:08:16,861 [Worker-93: ビルド] INFO  o.a.m.s.f.DefaultMavenResourcesFiltering - Copying 1 resource from src\main\resources to target\classes
2025-01-29 23:08:16,882 [Worker-93: ビルド] INFO  o.a.m.s.f.DefaultMavenResourcesFiltering - Copying 48 resources from src\main\resources to target\classes
2025-01-29 23:08:16,900 [Worker-93: ビルド] INFO  o.a.m.s.f.DefaultMavenResourcesFiltering - skip non existing resourceDirectory C:\Users\miche\OneDrive\Desktop\DOJT\digital-ojt-development-beginner-cause-DroneInventorySystem\DroneInventorySystem\src\test\resources
2025-01-29 23:10:01,895 [Worker-95: ビルド] INFO  o.a.m.s.f.DefaultMavenResourcesFiltering - Copying 1 resource from src\main\resources to target\classes
2025-01-29 23:10:01,908 [Worker-95: ビルド] INFO  o.a.m.s.f.DefaultMavenResourcesFiltering - Copying 48 resources from src\main\resources to target\classes
2025-01-29 23:10:01,926 [Worker-95: ビルド] INFO  o.a.m.s.f.DefaultMavenResourcesFiltering - skip non existing resourceDirectory C:\Users\miche\OneDrive\Desktop\DOJT\digital-ojt-development-beginner-cause-DroneInventorySystem\DroneInventorySystem\src\test\resources
2025-01-29 23:16:08,945 [Worker-91: ビルド] INFO  o.a.m.s.f.DefaultMavenResourcesFiltering - Copying 1 resource from src\main\resources to target\classes
2025-01-29 23:16:08,966 [Worker-91: ビルド] INFO  o.a.m.s.f.DefaultMavenResourcesFiltering - Copying 48 resources from src\main\resources to target\classes
2025-01-29 23:16:08,984 [Worker-91: ビルド] INFO  o.a.m.s.f.DefaultMavenResourcesFiltering - skip non existing resourceDirectory C:\Users\miche\OneDrive\Desktop\DOJT\digital-ojt-development-beginner-cause-DroneInventorySystem\DroneInventorySystem\src\test\resources
2025-01-29 23:17:33,776 [Worker-96: ビルド] INFO  o.a.m.s.f.DefaultMavenResourcesFiltering - Copying 1 resource from src\main\resources to target\classes
2025-01-29 23:17:33,794 [Worker-96: ビルド] INFO  o.a.m.s.f.DefaultMavenResourcesFiltering - Copying 48 resources from src\main\resources to target\classes
2025-01-29 23:17:33,812 [Worker-96: ビルド] INFO  o.a.m.s.f.DefaultMavenResourcesFiltering - skip non existing resourceDirectory C:\Users\miche\OneDrive\Desktop\DOJT\digital-ojt-development-beginner-cause-DroneInventorySystem\DroneInventorySystem\src\test\resources
2025-01-29 23:18:50,949 [Worker-94: ビルド] INFO  o.a.m.s.f.DefaultMavenResourcesFiltering - Copying 1 resource from src\main\resources to target\classes
2025-01-29 23:18:50,974 [Worker-94: ビルド] INFO  o.a.m.s.f.DefaultMavenResourcesFiltering - Copying 48 resources from src\main\resources to target\classes
2025-01-29 23:18:50,993 [Worker-94: ビルド] INFO  o.a.m.s.f.DefaultMavenResourcesFiltering - skip non existing resourceDirectory C:\Users\miche\OneDrive\Desktop\DOJT\digital-ojt-development-beginner-cause-DroneInventorySystem\DroneInventorySystem\src\test\resources
2025-01-29 23:19:50,034 [Worker-95: ビルド] INFO  o.a.m.s.f.DefaultMavenResourcesFiltering - Copying 1 resource from src\main\resources to target\classes
2025-01-29 23:19:50,053 [Worker-95: ビルド] INFO  o.a.m.s.f.DefaultMavenResourcesFiltering - Copying 48 resources from src\main\resources to target\classes
2025-01-29 23:19:50,070 [Worker-95: ビルド] INFO  o.a.m.s.f.DefaultMavenResourcesFiltering - skip non existing resourceDirectory C:\Users\miche\OneDrive\Desktop\DOJT\digital-ojt-development-beginner-cause-DroneInventorySystem\DroneInventorySystem\src\test\resources
2025-01-29 23:24:15,301 [Worker-96: ビルド] INFO  o.a.m.s.f.DefaultMavenResourcesFiltering - Copying 1 resource from src\main\resources to target\classes
2025-01-29 23:24:15,546 [Worker-96: ビルド] INFO  o.a.m.s.f.DefaultMavenResourcesFiltering - Copying 48 resources from src\main\resources to target\classes
2025-01-29 23:24:15,571 [Worker-96: ビルド] INFO  o.a.m.s.f.DefaultMavenResourcesFiltering - skip non existing resourceDirectory C:\Users\miche\OneDrive\Desktop\DOJT\digital-ojt-development-beginner-cause-DroneInventorySystem\DroneInventorySystem\src\test\resources
2025-01-29 23:25:02,194 [Worker-90: ビルド] INFO  o.a.m.s.f.DefaultMavenResourcesFiltering - Copying 1 resource from src\main\resources to target\classes
2025-01-29 23:25:02,214 [Worker-90: ビルド] INFO  o.a.m.s.f.DefaultMavenResourcesFiltering - Copying 48 resources from src\main\resources to target\classes
2025-01-29 23:25:02,230 [Worker-90: ビルド] INFO  o.a.m.s.f.DefaultMavenResourcesFiltering - skip non existing resourceDirectory C:\Users\miche\OneDrive\Desktop\DOJT\digital-ojt-development-beginner-cause-DroneInventorySystem\DroneInventorySystem\src\test\resources
2025-01-29 23:28:06,463 [Worker-91: ビルド] INFO  o.a.m.s.f.DefaultMavenResourcesFiltering - Copying 1 resource from src\main\resources to target\classes
2025-01-29 23:28:06,671 [Worker-91: ビルド] INFO  o.a.m.s.f.DefaultMavenResourcesFiltering - Copying 48 resources from src\main\resources to target\classes
2025-01-29 23:28:06,693 [Worker-91: ビルド] INFO  o.a.m.s.f.DefaultMavenResourcesFiltering - skip non existing resourceDirectory C:\Users\miche\OneDrive\Desktop\DOJT\digital-ojt-development-beginner-cause-DroneInventorySystem\DroneInventorySystem\src\test\resources
2025-01-30 20:55:00,570 [Worker-8: Loading available Gradle versions] INFO  o.e.b.c.i.u.g.PublishedGradleVersions - Gradle version information cache is out-of-date. Trying to update.
2025-01-30 21:15:41,831 [Worker-11: ビルド] INFO  o.a.m.s.f.DefaultMavenResourcesFiltering - Copying 1 resource from src\main\resources to target\classes
2025-01-30 21:15:41,870 [Worker-11: ビルド] INFO  o.a.m.s.f.DefaultMavenResourcesFiltering - Copying 48 resources from src\main\resources to target\classes
2025-01-30 21:15:41,914 [Worker-11: ビルド] INFO  o.a.m.s.f.DefaultMavenResourcesFiltering - skip non existing resourceDirectory C:\Users\miche\OneDrive\Desktop\DOJT\digital-ojt-development-beginner-cause-DroneInventorySystem\DroneInventorySystem\src\test\resources
2025-01-30 21:20:15,518 [Worker-15: ビルド] INFO  o.a.m.s.f.DefaultMavenResourcesFiltering - Copying 1 resource from src\main\resources to target\classes
2025-01-30 21:20:15,530 [Worker-15: ビルド] INFO  o.a.m.s.f.DefaultMavenResourcesFiltering - Copying 48 resources from src\main\resources to target\classes
2025-01-30 21:20:15,549 [Worker-15: ビルド] INFO  o.a.m.s.f.DefaultMavenResourcesFiltering - skip non existing resourceDirectory C:\Users\miche\OneDrive\Desktop\DOJT\digital-ojt-development-beginner-cause-DroneInventorySystem\DroneInventorySystem\src\test\resources
2025-01-30 21:24:16,685 [Worker-16: ビルド] INFO  o.a.m.s.f.DefaultMavenResourcesFiltering - Copying 1 resource from src\main\resources to target\classes
2025-01-30 21:24:16,696 [Worker-16: ビルド] INFO  o.a.m.s.f.DefaultMavenResourcesFiltering - Copying 48 resources from src\main\resources to target\classes
2025-01-30 21:24:16,714 [Worker-16: ビルド] INFO  o.a.m.s.f.DefaultMavenResourcesFiltering - skip non existing resourceDirectory C:\Users\miche\OneDrive\Desktop\DOJT\digital-ojt-development-beginner-cause-DroneInventorySystem\DroneInventorySystem\src\test\resources
2025-01-30 21:25:53,598 [Worker-16: ビルド] INFO  o.a.m.s.f.DefaultMavenResourcesFiltering - Copying 0 resource from src\main\resources to target\classes
2025-01-30 21:25:53,598 [Worker-16: ビルド] INFO  o.a.m.s.f.DefaultMavenResourcesFiltering - Copying 1 resource from src\main\resources to target\classes
2025-01-30 21:25:53,601 [Worker-16: ビルド] INFO  o.a.m.s.f.DefaultMavenResourcesFiltering - skip non existing resourceDirectory C:\Users\miche\OneDrive\Desktop\DOJT\digital-ojt-development-beginner-cause-DroneInventorySystem\DroneInventorySystem\src\test\resources
2025-01-30 21:26:19,706 [Worker-16: ビルド] INFO  o.a.m.s.f.DefaultMavenResourcesFiltering - Copying 1 resource from src\main\resources to target\classes
2025-01-30 21:26:19,717 [Worker-16: ビルド] INFO  o.a.m.s.f.DefaultMavenResourcesFiltering - Copying 48 resources from src\main\resources to target\classes
2025-01-30 21:26:19,734 [Worker-16: ビルド] INFO  o.a.m.s.f.DefaultMavenResourcesFiltering - skip non existing resourceDirectory C:\Users\miche\OneDrive\Desktop\DOJT\digital-ojt-development-beginner-cause-DroneInventorySystem\DroneInventorySystem\src\test\resources
2025-01-30 21:27:14,841 [Worker-15: ビルド] INFO  o.a.m.s.f.DefaultMavenResourcesFiltering - Copying 1 resource from src\main\resources to target\classes
2025-01-30 21:27:14,849 [Worker-15: ビルド] INFO  o.a.m.s.f.DefaultMavenResourcesFiltering - Copying 48 resources from src\main\resources to target\classes
2025-01-30 21:27:14,866 [Worker-15: ビルド] INFO  o.a.m.s.f.DefaultMavenResourcesFiltering - skip non existing resourceDirectory C:\Users\miche\OneDrive\Desktop\DOJT\digital-ojt-development-beginner-cause-DroneInventorySystem\DroneInventorySystem\src\test\resources
2025-01-30 21:27:57,208 [Worker-14: ビルド] INFO  o.a.m.s.f.DefaultMavenResourcesFiltering - Copying 1 resource from src\main\resources to target\classes
2025-01-30 21:27:57,221 [Worker-14: ビルド] INFO  o.a.m.s.f.DefaultMavenResourcesFiltering - Copying 48 resources from src\main\resources to target\classes
2025-01-30 21:27:57,241 [Worker-14: ビルド] INFO  o.a.m.s.f.DefaultMavenResourcesFiltering - skip non existing resourceDirectory C:\Users\miche\OneDrive\Desktop\DOJT\digital-ojt-development-beginner-cause-DroneInventorySystem\DroneInventorySystem\src\test\resources
2025-01-30 21:34:55,745 [Worker-16: ビルド] INFO  o.a.m.s.f.DefaultMavenResourcesFiltering - Copying 0 resource from src\main\resources to target\classes
2025-01-30 21:34:55,745 [Worker-16: ビルド] INFO  o.a.m.s.f.DefaultMavenResourcesFiltering - Copying 1 resource from src\main\resources to target\classes
2025-01-30 21:34:55,752 [Worker-16: ビルド] INFO  o.a.m.s.f.DefaultMavenResourcesFiltering - skip non existing resourceDirectory C:\Users\miche\OneDrive\Desktop\DOJT\digital-ojt-development-beginner-cause-DroneInventorySystem\DroneInventorySystem\src\test\resources
2025-01-30 21:43:23,131 [Worker-22: ビルド] INFO  o.a.m.s.f.DefaultMavenResourcesFiltering - Copying 0 resource from src\main\resources to target\classes
2025-01-30 21:43:23,131 [Worker-22: ビルド] INFO  o.a.m.s.f.DefaultMavenResourcesFiltering - Copying 1 resource from src\main\resources to target\classes
2025-01-30 21:43:23,134 [Worker-22: ビルド] INFO  o.a.m.s.f.DefaultMavenResourcesFiltering - skip non existing resourceDirectory C:\Users\miche\OneDrive\Desktop\DOJT\digital-ojt-development-beginner-cause-DroneInventorySystem\DroneInventorySystem\src\test\resources
2025-01-30 21:57:05,093 [Worker-34: ビルド] INFO  o.a.m.s.f.DefaultMavenResourcesFiltering - Copying 0 resource from src\main\resources to target\classes
2025-01-30 21:57:05,094 [Worker-34: ビルド] INFO  o.a.m.s.f.DefaultMavenResourcesFiltering - Copying 1 resource from src\main\resources to target\classes
2025-01-30 21:57:05,101 [Worker-34: ビルド] INFO  o.a.m.s.f.DefaultMavenResourcesFiltering - skip non existing resourceDirectory C:\Users\miche\OneDrive\Desktop\DOJT\digital-ojt-development-beginner-cause-DroneInventorySystem\DroneInventorySystem\src\test\resources
2025-01-30 21:57:13,453 [Worker-35: ビルド] INFO  o.a.m.s.f.DefaultMavenResourcesFiltering - Copying 0 resource from src\main\resources to target\classes
2025-01-30 21:57:13,454 [Worker-35: ビルド] INFO  o.a.m.s.f.DefaultMavenResourcesFiltering - Copying 1 resource from src\main\resources to target\classes
2025-01-30 21:57:13,459 [Worker-35: ビルド] INFO  o.a.m.s.f.DefaultMavenResourcesFiltering - skip non existing resourceDirectory C:\Users\miche\OneDrive\Desktop\DOJT\digital-ojt-development-beginner-cause-DroneInventorySystem\DroneInventorySystem\src\test\resources
2025-02-02 22:32:54,776 [Worker-2: Loading available Gradle versions] INFO  o.e.b.c.i.u.g.PublishedGradleVersions - Gradle version information cache is out-of-date. Trying to update.
2025-02-02 22:38:38,364 [Worker-6: ビルド] INFO  o.a.m.s.f.DefaultMavenResourcesFiltering - Copying 1 resource from src\main\resources to target\classes
2025-02-02 22:38:38,382 [Worker-6: ビルド] INFO  o.a.m.s.f.DefaultMavenResourcesFiltering - Copying 48 resources from src\main\resources to target\classes
2025-02-02 22:38:38,404 [Worker-6: ビルド] INFO  o.a.m.s.f.DefaultMavenResourcesFiltering - skip non existing resourceDirectory C:\Users\miche\OneDrive\Desktop\DOJT\digital-ojt-development-beginner-cause-DroneInventorySystem\DroneInventorySystem\src\test\resources
2025-02-02 22:44:18,454 [Worker-12: ビルド] INFO  o.a.m.s.f.DefaultMavenResourcesFiltering - Copying 0 resource from src\main\resources to target\classes
2025-02-02 22:44:18,455 [Worker-12: ビルド] INFO  o.a.m.s.f.DefaultMavenResourcesFiltering - Copying 1 resource from src\main\resources to target\classes
2025-02-02 22:44:18,459 [Worker-12: ビルド] INFO  o.a.m.s.f.DefaultMavenResourcesFiltering - skip non existing resourceDirectory C:\Users\miche\OneDrive\Desktop\DOJT\digital-ojt-development-beginner-cause-DroneInventorySystem\DroneInventorySystem\src\test\resources
2025-02-02 22:47:16,124 [Worker-15: ビルド] INFO  o.a.m.s.f.DefaultMavenResourcesFiltering - Copying 0 resource from src\main\resources to target\classes
2025-02-02 22:47:16,125 [Worker-15: ビルド] INFO  o.a.m.s.f.DefaultMavenResourcesFiltering - Copying 1 resource from src\main\resources to target\classes
2025-02-02 22:47:16,129 [Worker-15: ビルド] INFO  o.a.m.s.f.DefaultMavenResourcesFiltering - skip non existing resourceDirectory C:\Users\miche\OneDrive\Desktop\DOJT\digital-ojt-development-beginner-cause-DroneInventorySystem\DroneInventorySystem\src\test\resources
2025-02-02 22:57:47,156 [Worker-26: ビルド] INFO  o.a.m.s.f.DefaultMavenResourcesFiltering - Copying 1 resource from src\main\resources to target\classes
2025-02-02 22:57:47,192 [Worker-26: ビルド] INFO  o.a.m.s.f.DefaultMavenResourcesFiltering - Copying 48 resources from src\main\resources to target\classes
2025-02-02 22:57:47,210 [Worker-26: ビルド] INFO  o.a.m.s.f.DefaultMavenResourcesFiltering - skip non existing resourceDirectory C:\Users\miche\OneDrive\Desktop\DOJT\digital-ojt-development-beginner-cause-DroneInventorySystem\DroneInventorySystem\src\test\resources
2025-02-02 22:58:16,138 [Worker-13: ビルド] INFO  o.a.m.s.f.DefaultMavenResourcesFiltering - Copying 0 resource from src\main\resources to target\classes
2025-02-02 22:58:16,139 [Worker-13: ビルド] INFO  o.a.m.s.f.DefaultMavenResourcesFiltering - Copying 1 resource from src\main\resources to target\classes
2025-02-02 22:58:16,143 [Worker-13: ビルド] INFO  o.a.m.s.f.DefaultMavenResourcesFiltering - skip non existing resourceDirectory C:\Users\miche\OneDrive\Desktop\DOJT\digital-ojt-development-beginner-cause-DroneInventorySystem\DroneInventorySystem\src\test\resources
2025-02-02 23:02:11,515 [Worker-5: ビルド] INFO  o.a.m.s.f.DefaultMavenResourcesFiltering - Copying 1 resource from src\main\resources to target\classes
2025-02-02 23:02:11,527 [Worker-5: ビルド] INFO  o.a.m.s.f.DefaultMavenResourcesFiltering - Copying 48 resources from src\main\resources to target\classes
2025-02-02 23:02:11,545 [Worker-5: ビルド] INFO  o.a.m.s.f.DefaultMavenResourcesFiltering - skip non existing resourceDirectory C:\Users\miche\OneDrive\Desktop\DOJT\digital-ojt-development-beginner-cause-DroneInventorySystem\DroneInventorySystem\src\test\resources
2025-02-02 23:09:00,534 [Worker-12: ビルド] INFO  o.a.m.s.f.DefaultMavenResourcesFiltering - Copying 1 resource from src\main\resources to target\classes
2025-02-02 23:09:00,547 [Worker-12: ビルド] INFO  o.a.m.s.f.DefaultMavenResourcesFiltering - Copying 48 resources from src\main\resources to target\classes
2025-02-02 23:09:00,565 [Worker-12: ビルド] INFO  o.a.m.s.f.DefaultMavenResourcesFiltering - skip non existing resourceDirectory C:\Users\miche\OneDrive\Desktop\DOJT\digital-ojt-development-beginner-cause-DroneInventorySystem\DroneInventorySystem\src\test\resources
2025-02-02 23:12:29,276 [Worker-7: ビルド] INFO  o.a.m.s.f.DefaultMavenResourcesFiltering - Copying 1 resource from src\main\resources to target\classes
2025-02-02 23:12:29,286 [Worker-7: ビルド] INFO  o.a.m.s.f.DefaultMavenResourcesFiltering - Copying 48 resources from src\main\resources to target\classes
2025-02-02 23:12:29,307 [Worker-7: ビルド] INFO  o.a.m.s.f.DefaultMavenResourcesFiltering - skip non existing resourceDirectory C:\Users\miche\OneDrive\Desktop\DOJT\digital-ojt-development-beginner-cause-DroneInventorySystem\DroneInventorySystem\src\test\resources
2025-02-02 23:14:36,541 [Worker-6: ビルド] INFO  o.a.m.s.f.DefaultMavenResourcesFiltering - Copying 1 resource from src\main\resources to target\classes
2025-02-02 23:14:36,550 [Worker-6: ビルド] INFO  o.a.m.s.f.DefaultMavenResourcesFiltering - Copying 48 resources from src\main\resources to target\classes
2025-02-02 23:14:36,567 [Worker-6: ビルド] INFO  o.a.m.s.f.DefaultMavenResourcesFiltering - skip non existing resourceDirectory C:\Users\miche\OneDrive\Desktop\DOJT\digital-ojt-development-beginner-cause-DroneInventorySystem\DroneInventorySystem\src\test\resources
2025-02-02 23:16:42,651 [Worker-7: ビルド] INFO  o.a.m.s.f.DefaultMavenResourcesFiltering - Copying 1 resource from src\main\resources to target\classes
2025-02-02 23:16:42,660 [Worker-7: ビルド] INFO  o.a.m.s.f.DefaultMavenResourcesFiltering - Copying 48 resources from src\main\resources to target\classes
2025-02-02 23:16:42,677 [Worker-7: ビルド] INFO  o.a.m.s.f.DefaultMavenResourcesFiltering - skip non existing resourceDirectory C:\Users\miche\OneDrive\Desktop\DOJT\digital-ojt-development-beginner-cause-DroneInventorySystem\DroneInventorySystem\src\test\resources
2025-02-02 23:19:43,688 [Worker-22: ビルド] INFO  o.a.m.s.f.DefaultMavenResourcesFiltering - Copying 1 resource from src\main\resources to target\classes
2025-02-02 23:19:43,696 [Worker-22: ビルド] INFO  o.a.m.s.f.DefaultMavenResourcesFiltering - Copying 48 resources from src\main\resources to target\classes
2025-02-02 23:19:43,716 [Worker-22: ビルド] INFO  o.a.m.s.f.DefaultMavenResourcesFiltering - skip non existing resourceDirectory C:\Users\miche\OneDrive\Desktop\DOJT\digital-ojt-development-beginner-cause-DroneInventorySystem\DroneInventorySystem\src\test\resources
2025-02-02 23:23:45,951 [Worker-10: ビルド] INFO  o.a.m.s.f.DefaultMavenResourcesFiltering - Copying 1 resource from src\main\resources to target\classes
2025-02-02 23:23:45,962 [Worker-10: ビルド] INFO  o.a.m.s.f.DefaultMavenResourcesFiltering - Copying 48 resources from src\main\resources to target\classes
2025-02-02 23:23:45,978 [Worker-10: ビルド] INFO  o.a.m.s.f.DefaultMavenResourcesFiltering - skip non existing resourceDirectory C:\Users\miche\OneDrive\Desktop\DOJT\digital-ojt-development-beginner-cause-DroneInventorySystem\DroneInventorySystem\src\test\resources
2025-02-02 23:25:01,776 [Worker-24: ビルド] INFO  o.a.m.s.f.DefaultMavenResourcesFiltering - Copying 1 resource from src\main\resources to target\classes
2025-02-02 23:25:01,803 [Worker-24: ビルド] INFO  o.a.m.s.f.DefaultMavenResourcesFiltering - Copying 48 resources from src\main\resources to target\classes
2025-02-02 23:25:01,820 [Worker-24: ビルド] INFO  o.a.m.s.f.DefaultMavenResourcesFiltering - skip non existing resourceDirectory C:\Users\miche\OneDrive\Desktop\DOJT\digital-ojt-development-beginner-cause-DroneInventorySystem\DroneInventorySystem\src\test\resources
2025-02-02 23:25:30,991 [Worker-18: ビルド] INFO  o.a.m.s.f.DefaultMavenResourcesFiltering - Copying 1 resource from src\main\resources to target\classes
2025-02-02 23:25:31,001 [Worker-18: ビルド] INFO  o.a.m.s.f.DefaultMavenResourcesFiltering - Copying 48 resources from src\main\resources to target\classes
2025-02-02 23:25:31,020 [Worker-18: ビルド] INFO  o.a.m.s.f.DefaultMavenResourcesFiltering - skip non existing resourceDirectory C:\Users\miche\OneDrive\Desktop\DOJT\digital-ojt-development-beginner-cause-DroneInventorySystem\DroneInventorySystem\src\test\resources
2025-02-02 23:36:33,541 [Worker-8: ビルド] INFO  o.a.m.s.f.DefaultMavenResourcesFiltering - Copying 0 resource from src\main\resources to target\classes
2025-02-02 23:36:33,542 [Worker-8: ビルド] INFO  o.a.m.s.f.DefaultMavenResourcesFiltering - Copying 1 resource from src\main\resources to target\classes
2025-02-02 23:36:33,547 [Worker-8: ビルド] INFO  o.a.m.s.f.DefaultMavenResourcesFiltering - skip non existing resourceDirectory C:\Users\miche\OneDrive\Desktop\DOJT\digital-ojt-development-beginner-cause-DroneInventorySystem\DroneInventorySystem\src\test\resources
2025-02-05 21:16:19,771 [Worker-5: Loading available Gradle versions] INFO  o.e.b.c.i.u.g.PublishedGradleVersions - Gradle version information cache is out-of-date. Trying to update.
2025-02-05 22:41:49,066 [Worker-17: ビルド] INFO  o.a.m.s.f.DefaultMavenResourcesFiltering - Copying 1 resource from src\main\resources to target\classes
2025-02-05 22:41:49,112 [Worker-17: ビルド] INFO  o.a.m.s.f.DefaultMavenResourcesFiltering - Copying 48 resources from src\main\resources to target\classes
2025-02-05 22:41:49,143 [Worker-17: ビルド] INFO  o.a.m.s.f.DefaultMavenResourcesFiltering - skip non existing resourceDirectory C:\Users\miche\OneDrive\Desktop\DOJT\digital-ojt-development-beginner-cause-DroneInventorySystem\DroneInventorySystem\src\test\resources
2025-02-05 22:42:26,181 [Worker-21: ビルド] INFO  o.a.m.s.f.DefaultMavenResourcesFiltering - Copying 1 resource from src\main\resources to target\classes
2025-02-05 22:42:26,193 [Worker-21: ビルド] INFO  o.a.m.s.f.DefaultMavenResourcesFiltering - Copying 48 resources from src\main\resources to target\classes
2025-02-05 22:42:26,216 [Worker-21: ビルド] INFO  o.a.m.s.f.DefaultMavenResourcesFiltering - skip non existing resourceDirectory C:\Users\miche\OneDrive\Desktop\DOJT\digital-ojt-development-beginner-cause-DroneInventorySystem\DroneInventorySystem\src\test\resources
2025-02-05 22:55:36,197 [Worker-21: ビルド] INFO  o.a.m.s.f.DefaultMavenResourcesFiltering - Copying 1 resource from src\main\resources to target\classes
2025-02-05 22:55:36,213 [Worker-21: ビルド] INFO  o.a.m.s.f.DefaultMavenResourcesFiltering - Copying 48 resources from src\main\resources to target\classes
2025-02-05 22:55:36,238 [Worker-21: ビルド] INFO  o.a.m.s.f.DefaultMavenResourcesFiltering - skip non existing resourceDirectory C:\Users\miche\OneDrive\Desktop\DOJT\digital-ojt-development-beginner-cause-DroneInventorySystem\DroneInventorySystem\src\test\resources
2025-02-05 22:56:18,884 [Worker-24: ビルド] INFO  o.a.m.s.f.DefaultMavenResourcesFiltering - Copying 1 resource from src\main\resources to target\classes
2025-02-05 22:56:18,898 [Worker-24: ビルド] INFO  o.a.m.s.f.DefaultMavenResourcesFiltering - Copying 48 resources from src\main\resources to target\classes
2025-02-05 22:56:18,916 [Worker-24: ビルド] INFO  o.a.m.s.f.DefaultMavenResourcesFiltering - skip non existing resourceDirectory C:\Users\miche\OneDrive\Desktop\DOJT\digital-ojt-development-beginner-cause-DroneInventorySystem\DroneInventorySystem\src\test\resources
2025-02-05 23:00:38,304 [Worker-28: ビルド] INFO  o.a.m.s.f.DefaultMavenResourcesFiltering - Copying 1 resource from src\main\resources to target\classes
2025-02-05 23:00:38,315 [Worker-28: ビルド] INFO  o.a.m.s.f.DefaultMavenResourcesFiltering - Copying 48 resources from src\main\resources to target\classes
2025-02-05 23:00:38,335 [Worker-28: ビルド] INFO  o.a.m.s.f.DefaultMavenResourcesFiltering - skip non existing resourceDirectory C:\Users\miche\OneDrive\Desktop\DOJT\digital-ojt-development-beginner-cause-DroneInventorySystem\DroneInventorySystem\src\test\resources
2025-02-05 23:00:42,714 [Worker-26: ビルド] INFO  o.a.m.s.f.DefaultMavenResourcesFiltering - Copying 0 resource from src\main\resources to target\classes
2025-02-05 23:00:42,715 [Worker-26: ビルド] INFO  o.a.m.s.f.DefaultMavenResourcesFiltering - Copying 1 resource from src\main\resources to target\classes
2025-02-05 23:00:42,718 [Worker-26: ビルド] INFO  o.a.m.s.f.DefaultMavenResourcesFiltering - skip non existing resourceDirectory C:\Users\miche\OneDrive\Desktop\DOJT\digital-ojt-development-beginner-cause-DroneInventorySystem\DroneInventorySystem\src\test\resources
2025-02-05 23:01:21,805 [Worker-26: ビルド] INFO  o.a.m.s.f.DefaultMavenResourcesFiltering - Copying 1 resource from src\main\resources to target\classes
2025-02-05 23:01:21,821 [Worker-26: ビルド] INFO  o.a.m.s.f.DefaultMavenResourcesFiltering - Copying 48 resources from src\main\resources to target\classes
2025-02-05 23:01:21,847 [Worker-26: ビルド] INFO  o.a.m.s.f.DefaultMavenResourcesFiltering - skip non existing resourceDirectory C:\Users\miche\OneDrive\Desktop\DOJT\digital-ojt-development-beginner-cause-DroneInventorySystem\DroneInventorySystem\src\test\resources
2025-02-05 23:01:56,077 [Worker-26: ビルド] INFO  o.a.m.s.f.DefaultMavenResourcesFiltering - Copying 0 resource from src\main\resources to target\classes
2025-02-05 23:01:56,077 [Worker-26: ビルド] INFO  o.a.m.s.f.DefaultMavenResourcesFiltering - Copying 1 resource from src\main\resources to target\classes
2025-02-05 23:01:56,083 [Worker-26: ビルド] INFO  o.a.m.s.f.DefaultMavenResourcesFiltering - skip non existing resourceDirectory C:\Users\miche\OneDrive\Desktop\DOJT\digital-ojt-development-beginner-cause-DroneInventorySystem\DroneInventorySystem\src\test\resources
2025-02-05 23:09:46,822 [Worker-30: ビルド] INFO  o.a.m.s.f.DefaultMavenResourcesFiltering - Copying 1 resource from src\main\resources to target\classes
2025-02-05 23:09:46,834 [Worker-30: ビルド] INFO  o.a.m.s.f.DefaultMavenResourcesFiltering - Copying 48 resources from src\main\resources to target\classes
2025-02-05 23:09:46,849 [Worker-30: ビルド] INFO  o.a.m.s.f.DefaultMavenResourcesFiltering - skip non existing resourceDirectory C:\Users\miche\OneDrive\Desktop\DOJT\digital-ojt-development-beginner-cause-DroneInventorySystem\DroneInventorySystem\src\test\resources
2025-02-05 23:09:51,083 [Worker-30: ビルド] INFO  o.a.m.s.f.DefaultMavenResourcesFiltering - Copying 1 resource from src\main\resources to target\classes
2025-02-05 23:09:51,095 [Worker-30: ビルド] INFO  o.a.m.s.f.DefaultMavenResourcesFiltering - Copying 48 resources from src\main\resources to target\classes
2025-02-05 23:09:51,116 [Worker-30: ビルド] INFO  o.a.m.s.f.DefaultMavenResourcesFiltering - skip non existing resourceDirectory C:\Users\miche\OneDrive\Desktop\DOJT\digital-ojt-development-beginner-cause-DroneInventorySystem\DroneInventorySystem\src\test\resources
2025-02-05 23:10:02,714 [Worker-29: ビルド] INFO  o.a.m.s.f.DefaultMavenResourcesFiltering - Copying 1 resource from src\main\resources to target\classes
2025-02-05 23:10:02,725 [Worker-29: ビルド] INFO  o.a.m.s.f.DefaultMavenResourcesFiltering - Copying 48 resources from src\main\resources to target\classes
2025-02-05 23:10:02,745 [Worker-29: ビルド] INFO  o.a.m.s.f.DefaultMavenResourcesFiltering - skip non existing resourceDirectory C:\Users\miche\OneDrive\Desktop\DOJT\digital-ojt-development-beginner-cause-DroneInventorySystem\DroneInventorySystem\src\test\resources
2025-02-06 08:24:45,803 [Worker-37: ビルド] INFO  o.a.m.s.f.DefaultMavenResourcesFiltering - Copying 1 resource from src\main\resources to target\classes
2025-02-06 08:24:45,946 [Worker-37: ビルド] INFO  o.a.m.s.f.DefaultMavenResourcesFiltering - Copying 48 resources from src\main\resources to target\classes
2025-02-06 08:24:45,969 [Worker-37: ビルド] INFO  o.a.m.s.f.DefaultMavenResourcesFiltering - skip non existing resourceDirectory C:\Users\miche\OneDrive\Desktop\DOJT\digital-ojt-development-beginner-cause-DroneInventorySystem\DroneInventorySystem\src\test\resources
2025-02-06 08:47:04,467 [Worker-37: ビルド] INFO  o.a.m.s.f.DefaultMavenResourcesFiltering - Copying 1 resource from src\main\resources to target\classes
2025-02-06 08:47:04,513 [Worker-37: ビルド] INFO  o.a.m.s.f.DefaultMavenResourcesFiltering - Copying 48 resources from src\main\resources to target\classes
2025-02-06 08:47:04,541 [Worker-37: ビルド] INFO  o.a.m.s.f.DefaultMavenResourcesFiltering - skip non existing resourceDirectory C:\Users\miche\OneDrive\Desktop\DOJT\digital-ojt-development-beginner-cause-DroneInventorySystem\DroneInventorySystem\src\test\resources
2025-02-06 08:47:50,527 [Worker-37: ビルド] INFO  o.a.m.s.f.DefaultMavenResourcesFiltering - Copying 1 resource from src\main\resources to target\classes
2025-02-06 08:47:50,542 [Worker-37: ビルド] INFO  o.a.m.s.f.DefaultMavenResourcesFiltering - Copying 48 resources from src\main\resources to target\classes
2025-02-06 08:47:50,568 [Worker-37: ビルド] INFO  o.a.m.s.f.DefaultMavenResourcesFiltering - skip non existing resourceDirectory C:\Users\miche\OneDrive\Desktop\DOJT\digital-ojt-development-beginner-cause-DroneInventorySystem\DroneInventorySystem\src\test\resources
2025-02-06 08:57:32,434 [Worker-43: ビルド] INFO  o.a.m.s.f.DefaultMavenResourcesFiltering - Copying 0 resource from src\main\resources to target\classes
2025-02-06 08:57:32,434 [Worker-43: ビルド] INFO  o.a.m.s.f.DefaultMavenResourcesFiltering - Copying 1 resource from src\main\resources to target\classes
2025-02-06 08:57:32,454 [Worker-43: ビルド] INFO  o.a.m.s.f.DefaultMavenResourcesFiltering - skip non existing resourceDirectory C:\Users\miche\OneDrive\Desktop\DOJT\digital-ojt-development-beginner-cause-DroneInventorySystem\DroneInventorySystem\src\test\resources
2025-02-06 08:59:06,246 [Worker-43: ビルド] INFO  o.a.m.s.f.DefaultMavenResourcesFiltering - Copying 1 resource from src\main\resources to target\classes
2025-02-06 08:59:06,259 [Worker-43: ビルド] INFO  o.a.m.s.f.DefaultMavenResourcesFiltering - Copying 48 resources from src\main\resources to target\classes
2025-02-06 08:59:06,278 [Worker-43: ビルド] INFO  o.a.m.s.f.DefaultMavenResourcesFiltering - skip non existing resourceDirectory C:\Users\miche\OneDrive\Desktop\DOJT\digital-ojt-development-beginner-cause-DroneInventorySystem\DroneInventorySystem\src\test\resources
2025-02-06 08:59:27,679 [Worker-43: ビルド] INFO  o.a.m.s.f.DefaultMavenResourcesFiltering - Copying 1 resource from src\main\resources to target\classes
2025-02-06 08:59:27,688 [Worker-43: ビルド] INFO  o.a.m.s.f.DefaultMavenResourcesFiltering - Copying 48 resources from src\main\resources to target\classes
2025-02-06 08:59:27,704 [Worker-43: ビルド] INFO  o.a.m.s.f.DefaultMavenResourcesFiltering - skip non existing resourceDirectory C:\Users\miche\OneDrive\Desktop\DOJT\digital-ojt-development-beginner-cause-DroneInventorySystem\DroneInventorySystem\src\test\resources
2025-02-06 09:01:02,981 [Worker-45: ビルド] INFO  o.a.m.s.f.DefaultMavenResourcesFiltering - Copying 1 resource from src\main\resources to target\classes
2025-02-06 09:01:02,994 [Worker-45: ビルド] INFO  o.a.m.s.f.DefaultMavenResourcesFiltering - Copying 48 resources from src\main\resources to target\classes
2025-02-06 09:01:03,013 [Worker-45: ビルド] INFO  o.a.m.s.f.DefaultMavenResourcesFiltering - skip non existing resourceDirectory C:\Users\miche\OneDrive\Desktop\DOJT\digital-ojt-development-beginner-cause-DroneInventorySystem\DroneInventorySystem\src\test\resources
2025-02-06 09:01:36,350 [Worker-43: ビルド] INFO  o.a.m.s.f.DefaultMavenResourcesFiltering - Copying 1 resource from src\main\resources to target\classes
2025-02-06 09:01:36,365 [Worker-43: ビルド] INFO  o.a.m.s.f.DefaultMavenResourcesFiltering - Copying 48 resources from src\main\resources to target\classes
2025-02-06 09:01:36,385 [Worker-43: ビルド] INFO  o.a.m.s.f.DefaultMavenResourcesFiltering - skip non existing resourceDirectory C:\Users\miche\OneDrive\Desktop\DOJT\digital-ojt-development-beginner-cause-DroneInventorySystem\DroneInventorySystem\src\test\resources
2025-02-06 09:05:03,181 [Worker-48: ビルド] INFO  o.a.m.s.f.DefaultMavenResourcesFiltering - Copying 1 resource from src\main\resources to target\classes
2025-02-06 09:05:03,183 [Worker-48: ビルド] INFO  o.a.m.s.f.DefaultMavenResourcesFiltering - Copying 48 resources from src\main\resources to target\classes
2025-02-06 09:05:03,198 [Worker-48: ビルド] INFO  o.a.m.s.f.DefaultMavenResourcesFiltering - skip non existing resourceDirectory C:\Users\miche\OneDrive\Desktop\DOJT\digital-ojt-development-beginner-cause-DroneInventorySystem\DroneInventorySystem\src\test\resources
2025-02-06 09:10:56,637 [Worker-47: ビルド] INFO  o.a.m.s.f.DefaultMavenResourcesFiltering - Copying 1 resource from src\main\resources to target\classes
2025-02-06 09:10:56,651 [Worker-47: ビルド] INFO  o.a.m.s.f.DefaultMavenResourcesFiltering - Copying 48 resources from src\main\resources to target\classes
2025-02-06 09:10:56,672 [Worker-47: ビルド] INFO  o.a.m.s.f.DefaultMavenResourcesFiltering - skip non existing resourceDirectory C:\Users\miche\OneDrive\Desktop\DOJT\digital-ojt-development-beginner-cause-DroneInventorySystem\DroneInventorySystem\src\test\resources
2025-02-06 09:12:10,434 [Worker-49: ビルド] INFO  o.a.m.s.f.DefaultMavenResourcesFiltering - Copying 1 resource from src\main\resources to target\classes
2025-02-06 09:12:10,442 [Worker-49: ビルド] INFO  o.a.m.s.f.DefaultMavenResourcesFiltering - Copying 48 resources from src\main\resources to target\classes
2025-02-06 09:12:10,459 [Worker-49: ビルド] INFO  o.a.m.s.f.DefaultMavenResourcesFiltering - skip non existing resourceDirectory C:\Users\miche\OneDrive\Desktop\DOJT\digital-ojt-development-beginner-cause-DroneInventorySystem\DroneInventorySystem\src\test\resources
2025-02-06 09:13:24,361 [Worker-47: ビルド] INFO  o.a.m.s.f.DefaultMavenResourcesFiltering - Copying 1 resource from src\main\resources to target\classes
2025-02-06 09:13:24,406 [Worker-47: ビルド] INFO  o.a.m.s.f.DefaultMavenResourcesFiltering - Copying 48 resources from src\main\resources to target\classes
2025-02-06 09:13:24,426 [Worker-47: ビルド] INFO  o.a.m.s.f.DefaultMavenResourcesFiltering - skip non existing resourceDirectory C:\Users\miche\OneDrive\Desktop\DOJT\digital-ojt-development-beginner-cause-DroneInventorySystem\DroneInventorySystem\src\test\resources
2025-02-06 09:20:56,006 [Worker-47: ビルド] INFO  o.a.m.s.f.DefaultMavenResourcesFiltering - Copying 1 resource from src\main\resources to target\classes
2025-02-06 09:20:56,017 [Worker-47: ビルド] INFO  o.a.m.s.f.DefaultMavenResourcesFiltering - Copying 48 resources from src\main\resources to target\classes
2025-02-06 09:20:56,033 [Worker-47: ビルド] INFO  o.a.m.s.f.DefaultMavenResourcesFiltering - skip non existing resourceDirectory C:\Users\miche\OneDrive\Desktop\DOJT\digital-ojt-development-beginner-cause-DroneInventorySystem\DroneInventorySystem\src\test\resources
2025-02-06 09:20:58,559 [Worker-50: ビルド] INFO  o.a.m.s.f.DefaultMavenResourcesFiltering - Copying 1 resource from src\main\resources to target\classes
2025-02-06 09:20:58,570 [Worker-50: ビルド] INFO  o.a.m.s.f.DefaultMavenResourcesFiltering - Copying 48 resources from src\main\resources to target\classes
2025-02-06 09:20:58,588 [Worker-50: ビルド] INFO  o.a.m.s.f.DefaultMavenResourcesFiltering - skip non existing resourceDirectory C:\Users\miche\OneDrive\Desktop\DOJT\digital-ojt-development-beginner-cause-DroneInventorySystem\DroneInventorySystem\src\test\resources
2025-02-06 09:22:10,848 [Worker-47: ビルド] INFO  o.a.m.s.f.DefaultMavenResourcesFiltering - Copying 0 resource from src\main\resources to target\classes
2025-02-06 09:22:10,848 [Worker-47: ビルド] INFO  o.a.m.s.f.DefaultMavenResourcesFiltering - Copying 1 resource from src\main\resources to target\classes
2025-02-06 09:22:10,851 [Worker-47: ビルド] INFO  o.a.m.s.f.DefaultMavenResourcesFiltering - skip non existing resourceDirectory C:\Users\miche\OneDrive\Desktop\DOJT\digital-ojt-development-beginner-cause-DroneInventorySystem\DroneInventorySystem\src\test\resources
2025-02-06 09:22:13,146 [Worker-50: ビルド] INFO  o.a.m.s.f.DefaultMavenResourcesFiltering - Copying 1 resource from src\main\resources to target\classes
2025-02-06 09:22:13,161 [Worker-50: ビルド] INFO  o.a.m.s.f.DefaultMavenResourcesFiltering - Copying 48 resources from src\main\resources to target\classes
2025-02-06 09:22:13,181 [Worker-50: ビルド] INFO  o.a.m.s.f.DefaultMavenResourcesFiltering - skip non existing resourceDirectory C:\Users\miche\OneDrive\Desktop\DOJT\digital-ojt-development-beginner-cause-DroneInventorySystem\DroneInventorySystem\src\test\resources
2025-02-06 09:22:25,971 [Worker-50: ビルド] INFO  o.a.m.s.f.DefaultMavenResourcesFiltering - Copying 1 resource from src\main\resources to target\classes
2025-02-06 09:22:25,994 [Worker-50: ビルド] INFO  o.a.m.s.f.DefaultMavenResourcesFiltering - Copying 48 resources from src\main\resources to target\classes
2025-02-06 09:22:26,014 [Worker-50: ビルド] INFO  o.a.m.s.f.DefaultMavenResourcesFiltering - skip non existing resourceDirectory C:\Users\miche\OneDrive\Desktop\DOJT\digital-ojt-development-beginner-cause-DroneInventorySystem\DroneInventorySystem\src\test\resources
2025-02-06 09:37:18,345 [Worker-51: ビルド] INFO  o.a.m.s.f.DefaultMavenResourcesFiltering - Copying 1 resource from src\main\resources to target\classes
2025-02-06 09:37:18,365 [Worker-51: ビルド] INFO  o.a.m.s.f.DefaultMavenResourcesFiltering - Copying 48 resources from src\main\resources to target\classes
2025-02-06 09:37:18,383 [Worker-51: ビルド] INFO  o.a.m.s.f.DefaultMavenResourcesFiltering - skip non existing resourceDirectory C:\Users\miche\OneDrive\Desktop\DOJT\digital-ojt-development-beginner-cause-DroneInventorySystem\DroneInventorySystem\src\test\resources
2025-02-06 09:38:16,543 [Worker-51: ビルド] INFO  o.a.m.s.f.DefaultMavenResourcesFiltering - Copying 1 resource from src\main\resources to target\classes
2025-02-06 09:38:16,561 [Worker-51: ビルド] INFO  o.a.m.s.f.DefaultMavenResourcesFiltering - Copying 48 resources from src\main\resources to target\classes
2025-02-06 09:38:16,580 [Worker-51: ビルド] INFO  o.a.m.s.f.DefaultMavenResourcesFiltering - skip non existing resourceDirectory C:\Users\miche\OneDrive\Desktop\DOJT\digital-ojt-development-beginner-cause-DroneInventorySystem\DroneInventorySystem\src\test\resources
2025-02-06 09:39:14,121 [Worker-47: ビルド] INFO  o.a.m.s.f.DefaultMavenResourcesFiltering - Copying 1 resource from src\main\resources to target\classes
2025-02-06 09:39:14,404 [Worker-47: ビルド] INFO  o.a.m.s.f.DefaultMavenResourcesFiltering - Copying 48 resources from src\main\resources to target\classes
2025-02-06 09:39:14,428 [Worker-47: ビルド] INFO  o.a.m.s.f.DefaultMavenResourcesFiltering - skip non existing resourceDirectory C:\Users\miche\OneDrive\Desktop\DOJT\digital-ojt-development-beginner-cause-DroneInventorySystem\DroneInventorySystem\src\test\resources
2025-02-06 09:40:34,220 [Worker-53: ビルド] INFO  o.a.m.s.f.DefaultMavenResourcesFiltering - Copying 1 resource from src\main\resources to target\classes
2025-02-06 09:40:34,232 [Worker-53: ビルド] INFO  o.a.m.s.f.DefaultMavenResourcesFiltering - Copying 48 resources from src\main\resources to target\classes
2025-02-06 09:40:34,251 [Worker-53: ビルド] INFO  o.a.m.s.f.DefaultMavenResourcesFiltering - skip non existing resourceDirectory C:\Users\miche\OneDrive\Desktop\DOJT\digital-ojt-development-beginner-cause-DroneInventorySystem\DroneInventorySystem\src\test\resources
2025-02-06 09:43:23,481 [Worker-51: ビルド] INFO  o.a.m.s.f.DefaultMavenResourcesFiltering - Copying 1 resource from src\main\resources to target\classes
2025-02-06 09:43:23,492 [Worker-51: ビルド] INFO  o.a.m.s.f.DefaultMavenResourcesFiltering - Copying 48 resources from src\main\resources to target\classes
2025-02-06 09:43:23,509 [Worker-51: ビルド] INFO  o.a.m.s.f.DefaultMavenResourcesFiltering - skip non existing resourceDirectory C:\Users\miche\OneDrive\Desktop\DOJT\digital-ojt-development-beginner-cause-DroneInventorySystem\DroneInventorySystem\src\test\resources
2025-02-06 09:50:45,339 [Worker-58: ビルド] INFO  o.a.m.s.f.DefaultMavenResourcesFiltering - Copying 1 resource from src\main\resources to target\classes
2025-02-06 09:50:45,351 [Worker-58: ビルド] INFO  o.a.m.s.f.DefaultMavenResourcesFiltering - Copying 48 resources from src\main\resources to target\classes
2025-02-06 09:50:45,368 [Worker-58: ビルド] INFO  o.a.m.s.f.DefaultMavenResourcesFiltering - skip non existing resourceDirectory C:\Users\miche\OneDrive\Desktop\DOJT\digital-ojt-development-beginner-cause-DroneInventorySystem\DroneInventorySystem\src\test\resources
2025-02-06 09:53:35,609 [Worker-51: ビルド] INFO  o.a.m.s.f.DefaultMavenResourcesFiltering - Copying 1 resource from src\main\resources to target\classes
2025-02-06 09:53:35,801 [Worker-51: ビルド] INFO  o.a.m.s.f.DefaultMavenResourcesFiltering - Copying 48 resources from src\main\resources to target\classes
2025-02-06 09:53:35,817 [Worker-51: ビルド] INFO  o.a.m.s.f.DefaultMavenResourcesFiltering - skip non existing resourceDirectory C:\Users\miche\OneDrive\Desktop\DOJT\digital-ojt-development-beginner-cause-DroneInventorySystem\DroneInventorySystem\src\test\resources
2025-02-06 09:56:38,056 [Worker-65: ビルド] INFO  o.a.m.s.f.DefaultMavenResourcesFiltering - Copying 1 resource from src\main\resources to target\classes
2025-02-06 09:56:38,078 [Worker-65: ビルド] INFO  o.a.m.s.f.DefaultMavenResourcesFiltering - Copying 48 resources from src\main\resources to target\classes
2025-02-06 09:56:38,098 [Worker-65: ビルド] INFO  o.a.m.s.f.DefaultMavenResourcesFiltering - skip non existing resourceDirectory C:\Users\miche\OneDrive\Desktop\DOJT\digital-ojt-development-beginner-cause-DroneInventorySystem\DroneInventorySystem\src\test\resources
2025-02-06 09:57:04,755 [Worker-66: ビルド] INFO  o.a.m.s.f.DefaultMavenResourcesFiltering - Copying 1 resource from src\main\resources to target\classes
2025-02-06 09:57:04,765 [Worker-66: ビルド] INFO  o.a.m.s.f.DefaultMavenResourcesFiltering - Copying 48 resources from src\main\resources to target\classes
2025-02-06 09:57:04,784 [Worker-66: ビルド] INFO  o.a.m.s.f.DefaultMavenResourcesFiltering - skip non existing resourceDirectory C:\Users\miche\OneDrive\Desktop\DOJT\digital-ojt-development-beginner-cause-DroneInventorySystem\DroneInventorySystem\src\test\resources
2025-02-06 10:04:55,695 [Worker-65: ビルド] INFO  o.a.m.s.f.DefaultMavenResourcesFiltering - Copying 1 resource from src\main\resources to target\classes
2025-02-06 10:04:55,703 [Worker-65: ビルド] INFO  o.a.m.s.f.DefaultMavenResourcesFiltering - Copying 48 resources from src\main\resources to target\classes
2025-02-06 10:04:55,718 [Worker-65: ビルド] INFO  o.a.m.s.f.DefaultMavenResourcesFiltering - skip non existing resourceDirectory C:\Users\miche\OneDrive\Desktop\DOJT\digital-ojt-development-beginner-cause-DroneInventorySystem\DroneInventorySystem\src\test\resources
2025-02-06 10:06:42,170 [Worker-67: ビルド] INFO  o.a.m.s.f.DefaultMavenResourcesFiltering - Copying 1 resource from src\main\resources to target\classes
2025-02-06 10:06:42,190 [Worker-67: ビルド] INFO  o.a.m.s.f.DefaultMavenResourcesFiltering - Copying 48 resources from src\main\resources to target\classes
2025-02-06 10:06:42,208 [Worker-67: ビルド] INFO  o.a.m.s.f.DefaultMavenResourcesFiltering - skip non existing resourceDirectory C:\Users\miche\OneDrive\Desktop\DOJT\digital-ojt-development-beginner-cause-DroneInventorySystem\DroneInventorySystem\src\test\resources
2025-02-06 10:13:08,914 [Worker-72: ビルド] INFO  o.a.m.s.f.DefaultMavenResourcesFiltering - Copying 1 resource from src\main\resources to target\classes
2025-02-06 10:13:08,932 [Worker-72: ビルド] INFO  o.a.m.s.f.DefaultMavenResourcesFiltering - Copying 48 resources from src\main\resources to target\classes
2025-02-06 10:13:08,950 [Worker-72: ビルド] INFO  o.a.m.s.f.DefaultMavenResourcesFiltering - skip non existing resourceDirectory C:\Users\miche\OneDrive\Desktop\DOJT\digital-ojt-development-beginner-cause-DroneInventorySystem\DroneInventorySystem\src\test\resources
2025-02-06 10:13:40,228 [Worker-71: ビルド] INFO  o.a.m.s.f.DefaultMavenResourcesFiltering - Copying 1 resource from src\main\resources to target\classes
2025-02-06 10:13:40,244 [Worker-71: ビルド] INFO  o.a.m.s.f.DefaultMavenResourcesFiltering - Copying 48 resources from src\main\resources to target\classes
2025-02-06 10:13:40,265 [Worker-71: ビルド] INFO  o.a.m.s.f.DefaultMavenResourcesFiltering - skip non existing resourceDirectory C:\Users\miche\OneDrive\Desktop\DOJT\digital-ojt-development-beginner-cause-DroneInventorySystem\DroneInventorySystem\src\test\resources
2025-02-06 10:21:14,210 [Worker-75: ビルド] INFO  o.a.m.s.f.DefaultMavenResourcesFiltering - Copying 1 resource from src\main\resources to target\classes
2025-02-06 10:21:14,403 [Worker-75: ビルド] INFO  o.a.m.s.f.DefaultMavenResourcesFiltering - Copying 48 resources from src\main\resources to target\classes
2025-02-06 10:21:14,421 [Worker-75: ビルド] INFO  o.a.m.s.f.DefaultMavenResourcesFiltering - skip non existing resourceDirectory C:\Users\miche\OneDrive\Desktop\DOJT\digital-ojt-development-beginner-cause-DroneInventorySystem\DroneInventorySystem\src\test\resources
2025-02-06 10:24:18,389 [Worker-77: ビルド] INFO  o.a.m.s.f.DefaultMavenResourcesFiltering - Copying 1 resource from src\main\resources to target\classes
2025-02-06 10:24:18,413 [Worker-77: ビルド] INFO  o.a.m.s.f.DefaultMavenResourcesFiltering - Copying 48 resources from src\main\resources to target\classes
2025-02-06 10:24:18,430 [Worker-77: ビルド] INFO  o.a.m.s.f.DefaultMavenResourcesFiltering - skip non existing resourceDirectory C:\Users\miche\OneDrive\Desktop\DOJT\digital-ojt-development-beginner-cause-DroneInventorySystem\DroneInventorySystem\src\test\resources
2025-02-06 10:26:41,432 [Worker-68: ビルド] INFO  o.a.m.s.f.DefaultMavenResourcesFiltering - Copying 1 resource from src\main\resources to target\classes
2025-02-06 10:26:41,447 [Worker-68: ビルド] INFO  o.a.m.s.f.DefaultMavenResourcesFiltering - Copying 48 resources from src\main\resources to target\classes
2025-02-06 10:26:41,463 [Worker-68: ビルド] INFO  o.a.m.s.f.DefaultMavenResourcesFiltering - skip non existing resourceDirectory C:\Users\miche\OneDrive\Desktop\DOJT\digital-ojt-development-beginner-cause-DroneInventorySystem\DroneInventorySystem\src\test\resources
2025-02-06 10:28:26,399 [Worker-78: ビルド] INFO  o.a.m.s.f.DefaultMavenResourcesFiltering - Copying 1 resource from src\main\resources to target\classes
2025-02-06 10:28:26,602 [Worker-78: ビルド] INFO  o.a.m.s.f.DefaultMavenResourcesFiltering - Copying 48 resources from src\main\resources to target\classes
2025-02-06 10:28:26,620 [Worker-78: ビルド] INFO  o.a.m.s.f.DefaultMavenResourcesFiltering - skip non existing resourceDirectory C:\Users\miche\OneDrive\Desktop\DOJT\digital-ojt-development-beginner-cause-DroneInventorySystem\DroneInventorySystem\src\test\resources
2025-02-06 10:28:49,812 [Worker-83: ビルド] INFO  o.a.m.s.f.DefaultMavenResourcesFiltering - Copying 1 resource from src\main\resources to target\classes
2025-02-06 10:28:49,833 [Worker-83: ビルド] INFO  o.a.m.s.f.DefaultMavenResourcesFiltering - Copying 48 resources from src\main\resources to target\classes
2025-02-06 10:28:49,851 [Worker-83: ビルド] INFO  o.a.m.s.f.DefaultMavenResourcesFiltering - skip non existing resourceDirectory C:\Users\miche\OneDrive\Desktop\DOJT\digital-ojt-development-beginner-cause-DroneInventorySystem\DroneInventorySystem\src\test\resources
2025-02-06 10:34:20,909 [Worker-85: ビルド] INFO  o.a.m.s.f.DefaultMavenResourcesFiltering - Copying 1 resource from src\main\resources to target\classes
2025-02-06 10:34:20,932 [Worker-85: ビルド] INFO  o.a.m.s.f.DefaultMavenResourcesFiltering - Copying 48 resources from src\main\resources to target\classes
2025-02-06 10:34:20,950 [Worker-85: ビルド] INFO  o.a.m.s.f.DefaultMavenResourcesFiltering - skip non existing resourceDirectory C:\Users\miche\OneDrive\Desktop\DOJT\digital-ojt-development-beginner-cause-DroneInventorySystem\DroneInventorySystem\src\test\resources
2025-02-06 10:35:03,673 [Worker-80: ビルド] INFO  o.a.m.s.f.DefaultMavenResourcesFiltering - Copying 1 resource from src\main\resources to target\classes
2025-02-06 10:35:03,702 [Worker-80: ビルド] INFO  o.a.m.s.f.DefaultMavenResourcesFiltering - Copying 48 resources from src\main\resources to target\classes
2025-02-06 10:35:03,724 [Worker-80: ビルド] INFO  o.a.m.s.f.DefaultMavenResourcesFiltering - skip non existing resourceDirectory C:\Users\miche\OneDrive\Desktop\DOJT\digital-ojt-development-beginner-cause-DroneInventorySystem\DroneInventorySystem\src\test\resources
2025-02-06 10:36:21,958 [Worker-87: ビルド] INFO  o.a.m.s.f.DefaultMavenResourcesFiltering - Copying 1 resource from src\main\resources to target\classes
2025-02-06 10:36:21,968 [Worker-87: ビルド] INFO  o.a.m.s.f.DefaultMavenResourcesFiltering - Copying 48 resources from src\main\resources to target\classes
2025-02-06 10:36:21,989 [Worker-87: ビルド] INFO  o.a.m.s.f.DefaultMavenResourcesFiltering - skip non existing resourceDirectory C:\Users\miche\OneDrive\Desktop\DOJT\digital-ojt-development-beginner-cause-DroneInventorySystem\DroneInventorySystem\src\test\resources
2025-02-06 10:45:21,783 [Worker-92: ビルド] INFO  o.a.m.s.f.DefaultMavenResourcesFiltering - Copying 1 resource from src\main\resources to target\classes
2025-02-06 10:45:21,803 [Worker-92: ビルド] INFO  o.a.m.s.f.DefaultMavenResourcesFiltering - Copying 48 resources from src\main\resources to target\classes
2025-02-06 10:45:21,822 [Worker-92: ビルド] INFO  o.a.m.s.f.DefaultMavenResourcesFiltering - skip non existing resourceDirectory C:\Users\miche\OneDrive\Desktop\DOJT\digital-ojt-development-beginner-cause-DroneInventorySystem\DroneInventorySystem\src\test\resources
2025-02-06 10:46:44,387 [Worker-93: ビルド] INFO  o.a.m.s.f.DefaultMavenResourcesFiltering - Copying 1 resource from src\main\resources to target\classes
2025-02-06 10:46:44,600 [Worker-93: ビルド] INFO  o.a.m.s.f.DefaultMavenResourcesFiltering - Copying 48 resources from src\main\resources to target\classes
2025-02-06 10:46:44,622 [Worker-93: ビルド] INFO  o.a.m.s.f.DefaultMavenResourcesFiltering - skip non existing resourceDirectory C:\Users\miche\OneDrive\Desktop\DOJT\digital-ojt-development-beginner-cause-DroneInventorySystem\DroneInventorySystem\src\test\resources
2025-02-06 10:47:59,460 [Worker-85: ビルド] INFO  o.a.m.s.f.DefaultMavenResourcesFiltering - Copying 1 resource from src\main\resources to target\classes
2025-02-06 10:47:59,469 [Worker-85: ビルド] INFO  o.a.m.s.f.DefaultMavenResourcesFiltering - Copying 48 resources from src\main\resources to target\classes
2025-02-06 10:47:59,485 [Worker-85: ビルド] INFO  o.a.m.s.f.DefaultMavenResourcesFiltering - skip non existing resourceDirectory C:\Users\miche\OneDrive\Desktop\DOJT\digital-ojt-development-beginner-cause-DroneInventorySystem\DroneInventorySystem\src\test\resources
2025-02-06 10:48:15,043 [Worker-85: ビルド] INFO  o.a.m.s.f.DefaultMavenResourcesFiltering - Copying 1 resource from src\main\resources to target\classes
2025-02-06 10:48:15,053 [Worker-85: ビルド] INFO  o.a.m.s.f.DefaultMavenResourcesFiltering - Copying 48 resources from src\main\resources to target\classes
2025-02-06 10:48:15,068 [Worker-85: ビルド] INFO  o.a.m.s.f.DefaultMavenResourcesFiltering - skip non existing resourceDirectory C:\Users\miche\OneDrive\Desktop\DOJT\digital-ojt-development-beginner-cause-DroneInventorySystem\DroneInventorySystem\src\test\resources
2025-02-06 10:48:38,536 [Worker-77: ビルド] INFO  o.a.m.s.f.DefaultMavenResourcesFiltering - Copying 1 resource from src\main\resources to target\classes
2025-02-06 10:48:38,546 [Worker-77: ビルド] INFO  o.a.m.s.f.DefaultMavenResourcesFiltering - Copying 48 resources from src\main\resources to target\classes
2025-02-06 10:48:38,561 [Worker-77: ビルド] INFO  o.a.m.s.f.DefaultMavenResourcesFiltering - skip non existing resourceDirectory C:\Users\miche\OneDrive\Desktop\DOJT\digital-ojt-development-beginner-cause-DroneInventorySystem\DroneInventorySystem\src\test\resources
2025-02-06 10:49:45,968 [Worker-96: ビルド] INFO  o.a.m.s.f.DefaultMavenResourcesFiltering - Copying 1 resource from src\main\resources to target\classes
2025-02-06 10:49:45,978 [Worker-96: ビルド] INFO  o.a.m.s.f.DefaultMavenResourcesFiltering - Copying 48 resources from src\main\resources to target\classes
2025-02-06 10:49:46,001 [Worker-96: ビルド] INFO  o.a.m.s.f.DefaultMavenResourcesFiltering - skip non existing resourceDirectory C:\Users\miche\OneDrive\Desktop\DOJT\digital-ojt-development-beginner-cause-DroneInventorySystem\DroneInventorySystem\src\test\resources
2025-02-06 10:50:26,756 [Worker-94: ビルド] INFO  o.a.m.s.f.DefaultMavenResourcesFiltering - Copying 1 resource from src\main\resources to target\classes
2025-02-06 10:50:26,764 [Worker-94: ビルド] INFO  o.a.m.s.f.DefaultMavenResourcesFiltering - Copying 48 resources from src\main\resources to target\classes
2025-02-06 10:50:26,780 [Worker-94: ビルド] INFO  o.a.m.s.f.DefaultMavenResourcesFiltering - skip non existing resourceDirectory C:\Users\miche\OneDrive\Desktop\DOJT\digital-ojt-development-beginner-cause-DroneInventorySystem\DroneInventorySystem\src\test\resources
2025-02-06 10:50:53,234 [Worker-94: ビルド] INFO  o.a.m.s.f.DefaultMavenResourcesFiltering - Copying 1 resource from src\main\resources to target\classes
2025-02-06 10:50:53,400 [Worker-94: ビルド] INFO  o.a.m.s.f.DefaultMavenResourcesFiltering - Copying 48 resources from src\main\resources to target\classes
2025-02-06 10:50:53,418 [Worker-94: ビルド] INFO  o.a.m.s.f.DefaultMavenResourcesFiltering - skip non existing resourceDirectory C:\Users\miche\OneDrive\Desktop\DOJT\digital-ojt-development-beginner-cause-DroneInventorySystem\DroneInventorySystem\src\test\resources
2025-02-06 10:51:24,632 [Worker-95: ビルド] INFO  o.a.m.s.f.DefaultMavenResourcesFiltering - Copying 1 resource from src\main\resources to target\classes
2025-02-06 10:51:24,641 [Worker-95: ビルド] INFO  o.a.m.s.f.DefaultMavenResourcesFiltering - Copying 48 resources from src\main\resources to target\classes
2025-02-06 10:51:24,662 [Worker-95: ビルド] INFO  o.a.m.s.f.DefaultMavenResourcesFiltering - skip non existing resourceDirectory C:\Users\miche\OneDrive\Desktop\DOJT\digital-ojt-development-beginner-cause-DroneInventorySystem\DroneInventorySystem\src\test\resources
2025-02-06 12:07:09,885 [Worker-111: ビルド] INFO  o.a.m.s.f.DefaultMavenResourcesFiltering - Copying 1 resource from src\main\resources to target\classes
2025-02-06 12:07:09,898 [Worker-111: ビルド] INFO  o.a.m.s.f.DefaultMavenResourcesFiltering - Copying 48 resources from src\main\resources to target\classes
2025-02-06 12:07:09,914 [Worker-111: ビルド] INFO  o.a.m.s.f.DefaultMavenResourcesFiltering - skip non existing resourceDirectory C:\Users\miche\OneDrive\Desktop\DOJT\digital-ojt-development-beginner-cause-DroneInventorySystem\DroneInventorySystem\src\test\resources
2025-02-06 12:10:55,755 [Worker-122: ビルド] INFO  o.a.m.s.f.DefaultMavenResourcesFiltering - Copying 1 resource from src\main\resources to target\classes
2025-02-06 12:10:55,819 [Worker-122: ビルド] INFO  o.a.m.s.f.DefaultMavenResourcesFiltering - Copying 48 resources from src\main\resources to target\classes
2025-02-06 12:10:55,836 [Worker-122: ビルド] INFO  o.a.m.s.f.DefaultMavenResourcesFiltering - skip non existing resourceDirectory C:\Users\miche\OneDrive\Desktop\DOJT\digital-ojt-development-beginner-cause-DroneInventorySystem\DroneInventorySystem\src\test\resources
2025-02-06 20:12:53,868 [Worker-6: Loading available Gradle versions] INFO  o.e.b.c.i.u.g.PublishedGradleVersions - Gradle version information cache is up-to-date. Trying to read.
2025-02-06 23:36:09,038 [Worker-8: ビルド] INFO  o.a.m.s.f.DefaultMavenResourcesFiltering - Copying 1 resource from src\main\resources to target\classes
2025-02-06 23:36:09,070 [Worker-8: ビルド] INFO  o.a.m.s.f.DefaultMavenResourcesFiltering - Copying 48 resources from src\main\resources to target\classes
2025-02-06 23:36:09,111 [Worker-8: ビルド] INFO  o.a.m.s.f.DefaultMavenResourcesFiltering - skip non existing resourceDirectory C:\Users\miche\OneDrive\Desktop\DOJT\digital-ojt-development-beginner-cause-DroneInventorySystem\DroneInventorySystem\src\test\resources
2025-02-06 23:39:11,088 [Worker-16: ビルド] INFO  o.a.m.s.f.DefaultMavenResourcesFiltering - Copying 1 resource from src\main\resources to target\classes
2025-02-06 23:39:11,099 [Worker-16: ビルド] INFO  o.a.m.s.f.DefaultMavenResourcesFiltering - Copying 48 resources from src\main\resources to target\classes
2025-02-06 23:39:11,119 [Worker-16: ビルド] INFO  o.a.m.s.f.DefaultMavenResourcesFiltering - skip non existing resourceDirectory C:\Users\miche\OneDrive\Desktop\DOJT\digital-ojt-development-beginner-cause-DroneInventorySystem\DroneInventorySystem\src\test\resources
2025-02-06 23:42:04,145 [Worker-16: ビルド] INFO  o.a.m.s.f.DefaultMavenResourcesFiltering - Copying 1 resource from src\main\resources to target\classes
2025-02-06 23:42:04,157 [Worker-16: ビルド] INFO  o.a.m.s.f.DefaultMavenResourcesFiltering - Copying 48 resources from src\main\resources to target\classes
2025-02-06 23:42:04,174 [Worker-16: ビルド] INFO  o.a.m.s.f.DefaultMavenResourcesFiltering - skip non existing resourceDirectory C:\Users\miche\OneDrive\Desktop\DOJT\digital-ojt-development-beginner-cause-DroneInventorySystem\DroneInventorySystem\src\test\resources
2025-02-06 23:42:53,638 [Worker-15: ビルド] INFO  o.a.m.s.f.DefaultMavenResourcesFiltering - Copying 1 resource from src\main\resources to target\classes
2025-02-06 23:42:53,659 [Worker-15: ビルド] INFO  o.a.m.s.f.DefaultMavenResourcesFiltering - Copying 48 resources from src\main\resources to target\classes
2025-02-06 23:42:53,676 [Worker-15: ビルド] INFO  o.a.m.s.f.DefaultMavenResourcesFiltering - skip non existing resourceDirectory C:\Users\miche\OneDrive\Desktop\DOJT\digital-ojt-development-beginner-cause-DroneInventorySystem\DroneInventorySystem\src\test\resources
2025-02-06 23:43:17,492 [Worker-9: ビルド] INFO  o.a.m.s.f.DefaultMavenResourcesFiltering - Copying 1 resource from src\main\resources to target\classes
2025-02-06 23:43:17,520 [Worker-9: ビルド] INFO  o.a.m.s.f.DefaultMavenResourcesFiltering - Copying 48 resources from src\main\resources to target\classes
2025-02-06 23:43:17,537 [Worker-9: ビルド] INFO  o.a.m.s.f.DefaultMavenResourcesFiltering - skip non existing resourceDirectory C:\Users\miche\OneDrive\Desktop\DOJT\digital-ojt-development-beginner-cause-DroneInventorySystem\DroneInventorySystem\src\test\resources
2025-02-06 23:49:52,249 [Worker-20: ビルド] INFO  o.a.m.s.f.DefaultMavenResourcesFiltering - Copying 1 resource from src\main\resources to target\classes
2025-02-06 23:49:52,336 [Worker-20: ビルド] INFO  o.a.m.s.f.DefaultMavenResourcesFiltering - Copying 48 resources from src\main\resources to target\classes
2025-02-06 23:49:52,359 [Worker-20: ビルド] INFO  o.a.m.s.f.DefaultMavenResourcesFiltering - skip non existing resourceDirectory C:\Users\miche\OneDrive\Desktop\DOJT\digital-ojt-development-beginner-cause-DroneInventorySystem\DroneInventorySystem\src\test\resources
2025-02-06 23:49:58,815 [Worker-15: ビルド] INFO  o.a.m.s.f.DefaultMavenResourcesFiltering - Copying 1 resource from src\main\resources to target\classes
2025-02-06 23:49:58,828 [Worker-15: ビルド] INFO  o.a.m.s.f.DefaultMavenResourcesFiltering - Copying 48 resources from src\main\resources to target\classes
2025-02-06 23:49:58,850 [Worker-15: ビルド] INFO  o.a.m.s.f.DefaultMavenResourcesFiltering - skip non existing resourceDirectory C:\Users\miche\OneDrive\Desktop\DOJT\digital-ojt-development-beginner-cause-DroneInventorySystem\DroneInventorySystem\src\test\resources
2025-02-12 20:56:15,556 [Worker-4: Loading available Gradle versions] INFO  o.e.b.c.i.u.g.PublishedGradleVersions - Gradle version information cache is up-to-date. Trying to read.
2025-02-12 21:07:21,859 [Worker-4: Loading available Gradle versions] INFO  o.e.b.c.i.u.g.PublishedGradleVersions - Gradle version information cache is up-to-date. Trying to read.
2025-02-12 22:50:06,275 [Worker-3: Loading available Gradle versions] INFO  o.e.b.c.i.u.g.PublishedGradleVersions - Gradle version information cache is up-to-date. Trying to read.
2025-02-12 22:52:59,121 [Worker-13: ビルド] INFO  o.a.m.s.f.DefaultMavenResourcesFiltering - Copying 1 resource from src\main\resources to target\classes
2025-02-12 22:52:59,139 [Worker-13: ビルド] INFO  o.a.m.s.f.DefaultMavenResourcesFiltering - Copying 48 resources from src\main\resources to target\classes
2025-02-12 22:52:59,265 [Worker-13: ビルド] INFO  o.a.m.s.f.DefaultMavenResourcesFiltering - skip non existing resourceDirectory C:\Users\miche\OneDrive\Desktop\DOJT\digital-ojt-development-beginner-cause-DroneInventorySystem\DroneInventorySystem\src\test\resources
2025-02-12 23:17:22,295 [Worker-22: ビルド] INFO  o.a.m.s.f.DefaultMavenResourcesFiltering - Copying 1 resource from src\main\resources to target\classes
2025-02-12 23:17:22,310 [Worker-22: ビルド] INFO  o.a.m.s.f.DefaultMavenResourcesFiltering - Copying 48 resources from src\main\resources to target\classes
2025-02-12 23:17:22,342 [Worker-22: ビルド] INFO  o.a.m.s.f.DefaultMavenResourcesFiltering - skip non existing resourceDirectory C:\Users\miche\OneDrive\Desktop\DOJT\digital-ojt-development-beginner-cause-DroneInventorySystem\DroneInventorySystem\src\test\resources
2025-02-12 23:40:36,705 [Worker-22: DroneInventorySystem - DroneInventorySystemApplication の起動] INFO  o.a.m.s.f.DefaultMavenResourcesFiltering - Copying 1 resource from src\main\resources to target\classes
2025-02-12 23:40:36,750 [Worker-22: DroneInventorySystem - DroneInventorySystemApplication の起動] INFO  o.a.m.s.f.DefaultMavenResourcesFiltering - Copying 48 resources from src\main\resources to target\classes
2025-02-12 23:40:36,778 [Worker-22: DroneInventorySystem - DroneInventorySystemApplication の起動] INFO  o.a.m.s.f.DefaultMavenResourcesFiltering - skip non existing resourceDirectory C:\Users\miche\OneDrive\Desktop\DOJT\digital-ojt-development-beginner-cause-DroneInventorySystem\DroneInventorySystem\src\test\resources
2025-02-13 00:01:04,399 [Worker-30: ビルド] INFO  o.a.m.s.f.DefaultMavenResourcesFiltering - Copying 1 resource from src\main\resources to target\classes
2025-02-13 00:01:04,443 [Worker-30: ビルド] INFO  o.a.m.s.f.DefaultMavenResourcesFiltering - Copying 48 resources from src\main\resources to target\classes
2025-02-13 00:01:04,474 [Worker-30: ビルド] INFO  o.a.m.s.f.DefaultMavenResourcesFiltering - skip non existing resourceDirectory C:\Users\miche\OneDrive\Desktop\DOJT\digital-ojt-development-beginner-cause-DroneInventorySystem\DroneInventorySystem\src\test\resources
2025-02-13 00:03:01,401 [Worker-29: ビルド] INFO  o.a.m.s.f.DefaultMavenResourcesFiltering - Copying 1 resource from src\main\resources to target\classes
2025-02-13 00:03:01,419 [Worker-29: ビルド] INFO  o.a.m.s.f.DefaultMavenResourcesFiltering - Copying 48 resources from src\main\resources to target\classes
2025-02-13 00:03:01,443 [Worker-29: ビルド] INFO  o.a.m.s.f.DefaultMavenResourcesFiltering - skip non existing resourceDirectory C:\Users\miche\OneDrive\Desktop\DOJT\digital-ojt-development-beginner-cause-DroneInventorySystem\DroneInventorySystem\src\test\resources
2025-02-13 00:06:13,486 [Worker-29: ビルド] INFO  o.a.m.s.f.DefaultMavenResourcesFiltering - Copying 1 resource from src\main\resources to target\classes
2025-02-13 00:06:13,532 [Worker-29: ビルド] INFO  o.a.m.s.f.DefaultMavenResourcesFiltering - Copying 48 resources from src\main\resources to target\classes
2025-02-13 00:06:13,549 [Worker-29: ビルド] INFO  o.a.m.s.f.DefaultMavenResourcesFiltering - skip non existing resourceDirectory C:\Users\miche\OneDrive\Desktop\DOJT\digital-ojt-development-beginner-cause-DroneInventorySystem\DroneInventorySystem\src\test\resources
2025-02-13 00:10:23,891 [Worker-32: ビルド] INFO  o.a.m.s.f.DefaultMavenResourcesFiltering - Copying 1 resource from src\main\resources to target\classes
2025-02-13 00:10:23,903 [Worker-32: ビルド] INFO  o.a.m.s.f.DefaultMavenResourcesFiltering - Copying 48 resources from src\main\resources to target\classes
2025-02-13 00:10:23,919 [Worker-32: ビルド] INFO  o.a.m.s.f.DefaultMavenResourcesFiltering - skip non existing resourceDirectory C:\Users\miche\OneDrive\Desktop\DOJT\digital-ojt-development-beginner-cause-DroneInventorySystem\DroneInventorySystem\src\test\resources
2025-02-13 00:13:34,292 [Worker-34: ビルド] INFO  o.a.m.s.f.DefaultMavenResourcesFiltering - Copying 1 resource from src\main\resources to target\classes
2025-02-13 00:13:34,305 [Worker-34: ビルド] INFO  o.a.m.s.f.DefaultMavenResourcesFiltering - Copying 48 resources from src\main\resources to target\classes
2025-02-13 00:13:34,323 [Worker-34: ビルド] INFO  o.a.m.s.f.DefaultMavenResourcesFiltering - skip non existing resourceDirectory C:\Users\miche\OneDrive\Desktop\DOJT\digital-ojt-development-beginner-cause-DroneInventorySystem\DroneInventorySystem\src\test\resources
2025-02-13 00:16:06,292 [Worker-29: ビルド] INFO  o.a.m.s.f.DefaultMavenResourcesFiltering - Copying 1 resource from src\main\resources to target\classes
2025-02-13 00:16:06,323 [Worker-29: ビルド] INFO  o.a.m.s.f.DefaultMavenResourcesFiltering - Copying 48 resources from src\main\resources to target\classes
2025-02-13 00:16:06,348 [Worker-29: ビルド] INFO  o.a.m.s.f.DefaultMavenResourcesFiltering - skip non existing resourceDirectory C:\Users\miche\OneDrive\Desktop\DOJT\digital-ojt-development-beginner-cause-DroneInventorySystem\DroneInventorySystem\src\test\resources
2025-02-13 00:19:17,359 [Worker-36: ビルド] INFO  o.a.m.s.f.DefaultMavenResourcesFiltering - Copying 1 resource from src\main\resources to target\classes
2025-02-13 00:19:17,389 [Worker-36: ビルド] INFO  o.a.m.s.f.DefaultMavenResourcesFiltering - Copying 48 resources from src\main\resources to target\classes
2025-02-13 00:19:17,405 [Worker-36: ビルド] INFO  o.a.m.s.f.DefaultMavenResourcesFiltering - skip non existing resourceDirectory C:\Users\miche\OneDrive\Desktop\DOJT\digital-ojt-development-beginner-cause-DroneInventorySystem\DroneInventorySystem\src\test\resources
2025-02-13 00:32:34,399 [Worker-41: ビルド] INFO  o.a.m.s.f.DefaultMavenResourcesFiltering - Copying 1 resource from src\main\resources to target\classes
2025-02-13 00:32:34,409 [Worker-41: ビルド] INFO  o.a.m.s.f.DefaultMavenResourcesFiltering - Copying 48 resources from src\main\resources to target\classes
2025-02-13 00:32:34,430 [Worker-41: ビルド] INFO  o.a.m.s.f.DefaultMavenResourcesFiltering - skip non existing resourceDirectory C:\Users\miche\OneDrive\Desktop\DOJT\digital-ojt-development-beginner-cause-DroneInventorySystem\DroneInventorySystem\src\test\resources
2025-02-13 00:34:25,460 [Worker-37: ビルド] INFO  o.a.m.s.f.DefaultMavenResourcesFiltering - Copying 1 resource from src\main\resources to target\classes
2025-02-13 00:34:25,470 [Worker-37: ビルド] INFO  o.a.m.s.f.DefaultMavenResourcesFiltering - Copying 48 resources from src\main\resources to target\classes
2025-02-13 00:34:25,489 [Worker-37: ビルド] INFO  o.a.m.s.f.DefaultMavenResourcesFiltering - skip non existing resourceDirectory C:\Users\miche\OneDrive\Desktop\DOJT\digital-ojt-development-beginner-cause-DroneInventorySystem\DroneInventorySystem\src\test\resources
2025-02-13 00:37:12,477 [Worker-42: ビルド] INFO  o.a.m.s.f.DefaultMavenResourcesFiltering - Copying 1 resource from src\main\resources to target\classes
2025-02-13 00:37:12,488 [Worker-42: ビルド] INFO  o.a.m.s.f.DefaultMavenResourcesFiltering - Copying 48 resources from src\main\resources to target\classes
2025-02-13 00:37:12,505 [Worker-42: ビルド] INFO  o.a.m.s.f.DefaultMavenResourcesFiltering - skip non existing resourceDirectory C:\Users\miche\OneDrive\Desktop\DOJT\digital-ojt-development-beginner-cause-DroneInventorySystem\DroneInventorySystem\src\test\resources
2025-02-13 00:47:42,781 [Worker-47: ビルド] INFO  o.a.m.s.f.DefaultMavenResourcesFiltering - Copying 1 resource from src\main\resources to target\classes
2025-02-13 00:47:42,793 [Worker-47: ビルド] INFO  o.a.m.s.f.DefaultMavenResourcesFiltering - Copying 48 resources from src\main\resources to target\classes
2025-02-13 00:47:42,809 [Worker-47: ビルド] INFO  o.a.m.s.f.DefaultMavenResourcesFiltering - skip non existing resourceDirectory C:\Users\miche\OneDrive\Desktop\DOJT\digital-ojt-development-beginner-cause-DroneInventorySystem\DroneInventorySystem\src\test\resources
2025-02-13 00:48:39,336 [Worker-47: ビルド] INFO  o.a.m.s.f.DefaultMavenResourcesFiltering - Copying 1 resource from src\main\resources to target\classes
2025-02-13 00:48:39,367 [Worker-47: ビルド] INFO  o.a.m.s.f.DefaultMavenResourcesFiltering - Copying 48 resources from src\main\resources to target\classes
2025-02-13 00:48:39,385 [Worker-47: ビルド] INFO  o.a.m.s.f.DefaultMavenResourcesFiltering - skip non existing resourceDirectory C:\Users\miche\OneDrive\Desktop\DOJT\digital-ojt-development-beginner-cause-DroneInventorySystem\DroneInventorySystem\src\test\resources
2025-02-13 00:50:33,003 [Worker-48: ビルド] INFO  o.a.m.s.f.DefaultMavenResourcesFiltering - Copying 1 resource from src\main\resources to target\classes
2025-02-13 00:50:33,014 [Worker-48: ビルド] INFO  o.a.m.s.f.DefaultMavenResourcesFiltering - Copying 48 resources from src\main\resources to target\classes
2025-02-13 00:50:33,033 [Worker-48: ビルド] INFO  o.a.m.s.f.DefaultMavenResourcesFiltering - skip non existing resourceDirectory C:\Users\miche\OneDrive\Desktop\DOJT\digital-ojt-development-beginner-cause-DroneInventorySystem\DroneInventorySystem\src\test\resources
2025-02-13 00:59:39,811 [Worker-47: ビルド] INFO  o.a.m.s.f.DefaultMavenResourcesFiltering - Copying 1 resource from src\main\resources to target\classes
2025-02-13 00:59:39,823 [Worker-47: ビルド] INFO  o.a.m.s.f.DefaultMavenResourcesFiltering - Copying 48 resources from src\main\resources to target\classes
2025-02-13 00:59:39,842 [Worker-47: ビルド] INFO  o.a.m.s.f.DefaultMavenResourcesFiltering - skip non existing resourceDirectory C:\Users\miche\OneDrive\Desktop\DOJT\digital-ojt-development-beginner-cause-DroneInventorySystem\DroneInventorySystem\src\test\resources
2025-02-13 01:00:21,409 [Worker-48: ビルド] INFO  o.a.m.s.f.DefaultMavenResourcesFiltering - Copying 1 resource from src\main\resources to target\classes
2025-02-13 01:00:21,419 [Worker-48: ビルド] INFO  o.a.m.s.f.DefaultMavenResourcesFiltering - Copying 48 resources from src\main\resources to target\classes
2025-02-13 01:00:21,436 [Worker-48: ビルド] INFO  o.a.m.s.f.DefaultMavenResourcesFiltering - skip non existing resourceDirectory C:\Users\miche\OneDrive\Desktop\DOJT\digital-ojt-development-beginner-cause-DroneInventorySystem\DroneInventorySystem\src\test\resources
2025-02-13 01:02:46,464 [Worker-50: ビルド] INFO  o.a.m.s.f.DefaultMavenResourcesFiltering - Copying 1 resource from src\main\resources to target\classes
2025-02-13 01:02:46,572 [Worker-50: ビルド] INFO  o.a.m.s.f.DefaultMavenResourcesFiltering - Copying 48 resources from src\main\resources to target\classes
2025-02-13 01:02:46,591 [Worker-50: ビルド] INFO  o.a.m.s.f.DefaultMavenResourcesFiltering - skip non existing resourceDirectory C:\Users\miche\OneDrive\Desktop\DOJT\digital-ojt-development-beginner-cause-DroneInventorySystem\DroneInventorySystem\src\test\resources
2025-02-13 01:03:42,655 [Worker-47: ビルド] INFO  o.a.m.s.f.DefaultMavenResourcesFiltering - Copying 1 resource from src\main\resources to target\classes
2025-02-13 01:03:42,664 [Worker-47: ビルド] INFO  o.a.m.s.f.DefaultMavenResourcesFiltering - Copying 48 resources from src\main\resources to target\classes
2025-02-13 01:03:42,685 [Worker-47: ビルド] INFO  o.a.m.s.f.DefaultMavenResourcesFiltering - skip non existing resourceDirectory C:\Users\miche\OneDrive\Desktop\DOJT\digital-ojt-development-beginner-cause-DroneInventorySystem\DroneInventorySystem\src\test\resources
2025-02-13 01:04:29,835 [Worker-53: ビルド] INFO  o.a.m.s.f.DefaultMavenResourcesFiltering - Copying 1 resource from src\main\resources to target\classes
2025-02-13 01:04:29,861 [Worker-53: ビルド] INFO  o.a.m.s.f.DefaultMavenResourcesFiltering - Copying 48 resources from src\main\resources to target\classes
2025-02-13 01:04:29,877 [Worker-53: ビルド] INFO  o.a.m.s.f.DefaultMavenResourcesFiltering - skip non existing resourceDirectory C:\Users\miche\OneDrive\Desktop\DOJT\digital-ojt-development-beginner-cause-DroneInventorySystem\DroneInventorySystem\src\test\resources
2025-02-13 01:04:41,139 [Worker-47: ビルド] INFO  o.a.m.s.f.DefaultMavenResourcesFiltering - Copying 1 resource from src\main\resources to target\classes
2025-02-13 01:04:41,160 [Worker-47: ビルド] INFO  o.a.m.s.f.DefaultMavenResourcesFiltering - Copying 48 resources from src\main\resources to target\classes
2025-02-13 01:04:41,178 [Worker-47: ビルド] INFO  o.a.m.s.f.DefaultMavenResourcesFiltering - skip non existing resourceDirectory C:\Users\miche\OneDrive\Desktop\DOJT\digital-ojt-development-beginner-cause-DroneInventorySystem\DroneInventorySystem\src\test\resources
2025-02-13 01:07:17,507 [Worker-55: ビルド] INFO  o.a.m.s.f.DefaultMavenResourcesFiltering - Copying 1 resource from src\main\resources to target\classes
2025-02-13 01:07:17,520 [Worker-55: ビルド] INFO  o.a.m.s.f.DefaultMavenResourcesFiltering - Copying 48 resources from src\main\resources to target\classes
2025-02-13 01:07:17,537 [Worker-55: ビルド] INFO  o.a.m.s.f.DefaultMavenResourcesFiltering - skip non existing resourceDirectory C:\Users\miche\OneDrive\Desktop\DOJT\digital-ojt-development-beginner-cause-DroneInventorySystem\DroneInventorySystem\src\test\resources
2025-02-13 01:07:32,623 [Worker-55: ビルド] INFO  o.a.m.s.f.DefaultMavenResourcesFiltering - Copying 1 resource from src\main\resources to target\classes
2025-02-13 01:07:32,638 [Worker-55: ビルド] INFO  o.a.m.s.f.DefaultMavenResourcesFiltering - Copying 48 resources from src\main\resources to target\classes
2025-02-13 01:07:32,657 [Worker-55: ビルド] INFO  o.a.m.s.f.DefaultMavenResourcesFiltering - skip non existing resourceDirectory C:\Users\miche\OneDrive\Desktop\DOJT\digital-ojt-development-beginner-cause-DroneInventorySystem\DroneInventorySystem\src\test\resources
2025-02-13 01:09:08,636 [Worker-27: ビルド] INFO  o.a.m.s.f.DefaultMavenResourcesFiltering - Copying 1 resource from src\main\resources to target\classes
2025-02-13 01:09:08,646 [Worker-27: ビルド] INFO  o.a.m.s.f.DefaultMavenResourcesFiltering - Copying 48 resources from src\main\resources to target\classes
2025-02-13 01:09:08,664 [Worker-27: ビルド] INFO  o.a.m.s.f.DefaultMavenResourcesFiltering - skip non existing resourceDirectory C:\Users\miche\OneDrive\Desktop\DOJT\digital-ojt-development-beginner-cause-DroneInventorySystem\DroneInventorySystem\src\test\resources
2025-02-13 01:10:11,387 [Worker-27: ビルド] INFO  o.a.m.s.f.DefaultMavenResourcesFiltering - Copying 1 resource from src\main\resources to target\classes
2025-02-13 01:10:11,397 [Worker-27: ビルド] INFO  o.a.m.s.f.DefaultMavenResourcesFiltering - Copying 48 resources from src\main\resources to target\classes
2025-02-13 01:10:11,419 [Worker-27: ビルド] INFO  o.a.m.s.f.DefaultMavenResourcesFiltering - skip non existing resourceDirectory C:\Users\miche\OneDrive\Desktop\DOJT\digital-ojt-development-beginner-cause-DroneInventorySystem\DroneInventorySystem\src\test\resources
2025-02-13 01:10:34,739 [Worker-53: ビルド] INFO  o.a.m.s.f.DefaultMavenResourcesFiltering - Copying 1 resource from src\main\resources to target\classes
2025-02-13 01:10:34,758 [Worker-53: ビルド] INFO  o.a.m.s.f.DefaultMavenResourcesFiltering - Copying 48 resources from src\main\resources to target\classes
2025-02-13 01:10:34,776 [Worker-53: ビルド] INFO  o.a.m.s.f.DefaultMavenResourcesFiltering - skip non existing resourceDirectory C:\Users\miche\OneDrive\Desktop\DOJT\digital-ojt-development-beginner-cause-DroneInventorySystem\DroneInventorySystem\src\test\resources
2025-02-13 01:11:04,324 [Worker-52: ビルド] INFO  o.a.m.s.f.DefaultMavenResourcesFiltering - Copying 1 resource from src\main\resources to target\classes
2025-02-13 01:11:04,349 [Worker-52: ビルド] INFO  o.a.m.s.f.DefaultMavenResourcesFiltering - Copying 48 resources from src\main\resources to target\classes
2025-02-13 01:11:04,367 [Worker-52: ビルド] INFO  o.a.m.s.f.DefaultMavenResourcesFiltering - skip non existing resourceDirectory C:\Users\miche\OneDrive\Desktop\DOJT\digital-ojt-development-beginner-cause-DroneInventorySystem\DroneInventorySystem\src\test\resources
2025-02-13 19:21:36,813 [Worker-3: Loading available Gradle versions] INFO  o.e.b.c.i.u.g.PublishedGradleVersions - Gradle version information cache is up-to-date. Trying to read.
2025-02-13 19:21:42,292 [Worker-8: ビルド] INFO  o.a.m.s.f.DefaultMavenResourcesFiltering - Copying 1 resource from src\main\resources to target\classes
2025-02-13 19:21:42,349 [Worker-8: ビルド] INFO  o.a.m.s.f.DefaultMavenResourcesFiltering - Copying 48 resources from src\main\resources to target\classes
2025-02-13 19:21:42,392 [Worker-8: ビルド] INFO  o.a.m.s.f.DefaultMavenResourcesFiltering - skip non existing resourceDirectory C:\Users\miche\OneDrive\Desktop\DOJT\digital-ojt-development-beginner-cause-DroneInventorySystem\DroneInventorySystem\src\test\resources
2025-02-13 19:24:48,597 [Worker-18: ビルド] INFO  o.a.m.s.f.DefaultMavenResourcesFiltering - Copying 0 resource from src\main\resources to target\classes
2025-02-13 19:24:48,602 [Worker-18: ビルド] INFO  o.a.m.s.f.DefaultMavenResourcesFiltering - Copying 1 resource from src\main\resources to target\classes
2025-02-13 19:24:48,611 [Worker-18: ビルド] INFO  o.a.m.s.f.DefaultMavenResourcesFiltering - skip non existing resourceDirectory C:\Users\miche\OneDrive\Desktop\DOJT\digital-ojt-development-beginner-cause-DroneInventorySystem\DroneInventorySystem\src\test\resources
2025-02-13 19:25:25,042 [Worker-16: ビルド] INFO  o.a.m.s.f.DefaultMavenResourcesFiltering - Copying 0 resource from src\main\resources to target\classes
2025-02-13 19:25:25,043 [Worker-16: ビルド] INFO  o.a.m.s.f.DefaultMavenResourcesFiltering - Copying 1 resource from src\main\resources to target\classes
2025-02-13 19:25:25,048 [Worker-16: ビルド] INFO  o.a.m.s.f.DefaultMavenResourcesFiltering - skip non existing resourceDirectory C:\Users\miche\OneDrive\Desktop\DOJT\digital-ojt-development-beginner-cause-DroneInventorySystem\DroneInventorySystem\src\test\resources
2025-02-13 19:25:46,075 [Worker-15: ビルド] INFO  o.a.m.s.f.DefaultMavenResourcesFiltering - Copying 0 resource from src\main\resources to target\classes
2025-02-13 19:25:46,076 [Worker-15: ビルド] INFO  o.a.m.s.f.DefaultMavenResourcesFiltering - Copying 1 resource from src\main\resources to target\classes
2025-02-13 19:25:46,081 [Worker-15: ビルド] INFO  o.a.m.s.f.DefaultMavenResourcesFiltering - skip non existing resourceDirectory C:\Users\miche\OneDrive\Desktop\DOJT\digital-ojt-development-beginner-cause-DroneInventorySystem\DroneInventorySystem\src\test\resources
2025-02-13 19:27:08,922 [Worker-17: ビルド] INFO  o.a.m.s.f.DefaultMavenResourcesFiltering - Copying 0 resource from src\main\resources to target\classes
2025-02-13 19:27:08,923 [Worker-17: ビルド] INFO  o.a.m.s.f.DefaultMavenResourcesFiltering - Copying 1 resource from src\main\resources to target\classes
2025-02-13 19:27:08,930 [Worker-17: ビルド] INFO  o.a.m.s.f.DefaultMavenResourcesFiltering - skip non existing resourceDirectory C:\Users\miche\OneDrive\Desktop\DOJT\digital-ojt-development-beginner-cause-DroneInventorySystem\DroneInventorySystem\src\test\resources
2025-02-13 19:42:50,567 [Worker-20: ビルド] INFO  o.a.m.s.f.DefaultMavenResourcesFiltering - Copying 0 resource from src\main\resources to target\classes
2025-02-13 19:42:50,568 [Worker-20: ビルド] INFO  o.a.m.s.f.DefaultMavenResourcesFiltering - Copying 1 resource from src\main\resources to target\classes
2025-02-13 19:42:50,572 [Worker-20: ビルド] INFO  o.a.m.s.f.DefaultMavenResourcesFiltering - skip non existing resourceDirectory C:\Users\miche\OneDrive\Desktop\DOJT\digital-ojt-development-beginner-cause-DroneInventorySystem\DroneInventorySystem\src\test\resources
2025-02-13 19:43:21,962 [Worker-23: ビルド] INFO  o.a.m.s.f.DefaultMavenResourcesFiltering - Copying 0 resource from src\main\resources to target\classes
2025-02-13 19:43:21,963 [Worker-23: ビルド] INFO  o.a.m.s.f.DefaultMavenResourcesFiltering - Copying 1 resource from src\main\resources to target\classes
2025-02-13 19:43:21,966 [Worker-23: ビルド] INFO  o.a.m.s.f.DefaultMavenResourcesFiltering - skip non existing resourceDirectory C:\Users\miche\OneDrive\Desktop\DOJT\digital-ojt-development-beginner-cause-DroneInventorySystem\DroneInventorySystem\src\test\resources
2025-02-13 19:45:25,757 [Worker-22: ビルド] INFO  o.a.m.s.f.DefaultMavenResourcesFiltering - Copying 0 resource from src\main\resources to target\classes
2025-02-13 19:45:25,758 [Worker-22: ビルド] INFO  o.a.m.s.f.DefaultMavenResourcesFiltering - Copying 1 resource from src\main\resources to target\classes
2025-02-13 19:45:25,769 [Worker-22: ビルド] INFO  o.a.m.s.f.DefaultMavenResourcesFiltering - skip non existing resourceDirectory C:\Users\miche\OneDrive\Desktop\DOJT\digital-ojt-development-beginner-cause-DroneInventorySystem\DroneInventorySystem\src\test\resources
2025-02-13 19:46:28,584 [Worker-24: ビルド] INFO  o.a.m.s.f.DefaultMavenResourcesFiltering - Copying 0 resource from src\main\resources to target\classes
2025-02-13 19:46:28,585 [Worker-24: ビルド] INFO  o.a.m.s.f.DefaultMavenResourcesFiltering - Copying 1 resource from src\main\resources to target\classes
2025-02-13 19:46:28,588 [Worker-24: ビルド] INFO  o.a.m.s.f.DefaultMavenResourcesFiltering - skip non existing resourceDirectory C:\Users\miche\OneDrive\Desktop\DOJT\digital-ojt-development-beginner-cause-DroneInventorySystem\DroneInventorySystem\src\test\resources
2025-02-13 19:47:35,276 [Worker-22: ビルド] INFO  o.a.m.s.f.DefaultMavenResourcesFiltering - Copying 0 resource from src\main\resources to target\classes
2025-02-13 19:47:35,277 [Worker-22: ビルド] INFO  o.a.m.s.f.DefaultMavenResourcesFiltering - Copying 1 resource from src\main\resources to target\classes
2025-02-13 19:47:35,280 [Worker-22: ビルド] INFO  o.a.m.s.f.DefaultMavenResourcesFiltering - skip non existing resourceDirectory C:\Users\miche\OneDrive\Desktop\DOJT\digital-ojt-development-beginner-cause-DroneInventorySystem\DroneInventorySystem\src\test\resources
2025-02-13 19:47:51,572 [Worker-24: ビルド] INFO  o.a.m.s.f.DefaultMavenResourcesFiltering - Copying 0 resource from src\main\resources to target\classes
2025-02-13 19:47:51,572 [Worker-24: ビルド] INFO  o.a.m.s.f.DefaultMavenResourcesFiltering - Copying 1 resource from src\main\resources to target\classes
2025-02-13 19:47:51,572 [Worker-24: ビルド] INFO  o.a.m.s.f.DefaultMavenResourcesFiltering - skip non existing resourceDirectory C:\Users\miche\OneDrive\Desktop\DOJT\digital-ojt-development-beginner-cause-DroneInventorySystem\DroneInventorySystem\src\test\resources
2025-02-13 19:52:30,589 [Worker-3: Loading available Gradle versions] INFO  o.e.b.c.i.u.g.PublishedGradleVersions - Gradle version information cache is up-to-date. Trying to read.
2025-02-13 19:55:25,286 [Worker-15: ビルド] INFO  o.a.m.s.f.DefaultMavenResourcesFiltering - Copying 1 resource from src\main\resources to target\classes
2025-02-13 19:55:25,310 [Worker-15: ビルド] INFO  o.a.m.s.f.DefaultMavenResourcesFiltering - Copying 52 resources from src\main\resources to target\classes
2025-02-13 19:55:25,331 [Worker-15: ビルド] INFO  o.a.m.s.f.DefaultMavenResourcesFiltering - skip non existing resourceDirectory C:\Users\miche\OneDrive\Desktop\DOJT\digital-ojt-development-beginner-cause-DroneInventorySystem\DroneInventorySystem\src\test\resources
2025-02-13 19:55:34,887 [Worker-15: ビルド] INFO  o.a.m.s.f.DefaultMavenResourcesFiltering - Copying 0 resource from src\main\resources to target\classes
2025-02-13 19:55:34,888 [Worker-15: ビルド] INFO  o.a.m.s.f.DefaultMavenResourcesFiltering - Copying 1 resource from src\main\resources to target\classes
2025-02-13 19:55:34,891 [Worker-15: ビルド] INFO  o.a.m.s.f.DefaultMavenResourcesFiltering - skip non existing resourceDirectory C:\Users\miche\OneDrive\Desktop\DOJT\digital-ojt-development-beginner-cause-DroneInventorySystem\DroneInventorySystem\src\test\resources
2025-02-13 21:18:59,833 [Worker-3: Loading available Gradle versions] INFO  o.e.b.c.i.u.g.PublishedGradleVersions - Gradle version information cache is out-of-date. Trying to update.
2025-02-13 21:37:01,534 [Worker-15: ビルド] INFO  o.a.m.s.f.DefaultMavenResourcesFiltering - Copying 1 resource from src\main\resources to target\classes
2025-02-13 21:37:01,600 [Worker-15: ビルド] INFO  o.a.m.s.f.DefaultMavenResourcesFiltering - Copying 52 resources from src\main\resources to target\classes
2025-02-13 21:37:01,640 [Worker-15: ビルド] INFO  o.a.m.s.f.DefaultMavenResourcesFiltering - skip non existing resourceDirectory C:\Users\miche\OneDrive\Desktop\DOJT\digital-ojt-development-beginner-cause-DroneInventorySystem\DroneInventorySystem\src\test\resources
2025-02-13 21:39:36,859 [Worker-16: ビルド] INFO  o.a.m.s.f.DefaultMavenResourcesFiltering - Copying 0 resource from src\main\resources to target\classes
2025-02-13 21:39:36,860 [Worker-16: ビルド] INFO  o.a.m.s.f.DefaultMavenResourcesFiltering - Copying 1 resource from src\main\resources to target\classes
2025-02-13 21:39:36,863 [Worker-16: ビルド] INFO  o.a.m.s.f.DefaultMavenResourcesFiltering - skip non existing resourceDirectory C:\Users\miche\OneDrive\Desktop\DOJT\digital-ojt-development-beginner-cause-DroneInventorySystem\DroneInventorySystem\src\test\resources
2025-02-13 21:40:29,589 [Worker-21: ビルド] INFO  o.a.m.s.f.DefaultMavenResourcesFiltering - Copying 0 resource from src\main\resources to target\classes
2025-02-13 21:40:29,590 [Worker-21: ビルド] INFO  o.a.m.s.f.DefaultMavenResourcesFiltering - Copying 1 resource from src\main\resources to target\classes
2025-02-13 21:40:29,593 [Worker-21: ビルド] INFO  o.a.m.s.f.DefaultMavenResourcesFiltering - skip non existing resourceDirectory C:\Users\miche\OneDrive\Desktop\DOJT\digital-ojt-development-beginner-cause-DroneInventorySystem\DroneInventorySystem\src\test\resources
2025-02-13 21:42:47,555 [Worker-24: ビルド] INFO  o.a.m.s.f.DefaultMavenResourcesFiltering - Copying 0 resource from src\main\resources to target\classes
2025-02-13 21:42:47,556 [Worker-24: ビルド] INFO  o.a.m.s.f.DefaultMavenResourcesFiltering - Copying 1 resource from src\main\resources to target\classes
2025-02-13 21:42:47,559 [Worker-24: ビルド] INFO  o.a.m.s.f.DefaultMavenResourcesFiltering - skip non existing resourceDirectory C:\Users\miche\OneDrive\Desktop\DOJT\digital-ojt-development-beginner-cause-DroneInventorySystem\DroneInventorySystem\src\test\resources
2025-02-13 21:43:52,731 [Worker-23: ビルド] INFO  o.a.m.s.f.DefaultMavenResourcesFiltering - Copying 0 resource from src\main\resources to target\classes
2025-02-13 21:43:52,731 [Worker-23: ビルド] INFO  o.a.m.s.f.DefaultMavenResourcesFiltering - Copying 1 resource from src\main\resources to target\classes
2025-02-13 21:43:52,734 [Worker-23: ビルド] INFO  o.a.m.s.f.DefaultMavenResourcesFiltering - skip non existing resourceDirectory C:\Users\miche\OneDrive\Desktop\DOJT\digital-ojt-development-beginner-cause-DroneInventorySystem\DroneInventorySystem\src\test\resources
2025-02-13 21:46:09,403 [Worker-25: ビルド] INFO  o.a.m.s.f.DefaultMavenResourcesFiltering - Copying 0 resource from src\main\resources to target\classes
2025-02-13 21:46:09,403 [Worker-25: ビルド] INFO  o.a.m.s.f.DefaultMavenResourcesFiltering - Copying 1 resource from src\main\resources to target\classes
2025-02-13 21:46:09,406 [Worker-25: ビルド] INFO  o.a.m.s.f.DefaultMavenResourcesFiltering - skip non existing resourceDirectory C:\Users\miche\OneDrive\Desktop\DOJT\digital-ojt-development-beginner-cause-DroneInventorySystem\DroneInventorySystem\src\test\resources
2025-02-13 21:46:34,229 [Worker-27: ビルド] INFO  o.a.m.s.f.DefaultMavenResourcesFiltering - Copying 0 resource from src\main\resources to target\classes
2025-02-13 21:46:34,229 [Worker-27: ビルド] INFO  o.a.m.s.f.DefaultMavenResourcesFiltering - Copying 1 resource from src\main\resources to target\classes
2025-02-13 21:46:34,229 [Worker-27: ビルド] INFO  o.a.m.s.f.DefaultMavenResourcesFiltering - skip non existing resourceDirectory C:\Users\miche\OneDrive\Desktop\DOJT\digital-ojt-development-beginner-cause-DroneInventorySystem\DroneInventorySystem\src\test\resources
2025-02-13 21:47:56,703 [Worker-28: ビルド] INFO  o.a.m.s.f.DefaultMavenResourcesFiltering - Copying 0 resource from src\main\resources to target\classes
2025-02-13 21:47:56,703 [Worker-28: ビルド] INFO  o.a.m.s.f.DefaultMavenResourcesFiltering - Copying 1 resource from src\main\resources to target\classes
2025-02-13 21:47:56,708 [Worker-28: ビルド] INFO  o.a.m.s.f.DefaultMavenResourcesFiltering - skip non existing resourceDirectory C:\Users\miche\OneDrive\Desktop\DOJT\digital-ojt-development-beginner-cause-DroneInventorySystem\DroneInventorySystem\src\test\resources
2025-02-13 21:49:27,048 [Worker-28: ビルド] INFO  o.a.m.s.f.DefaultMavenResourcesFiltering - Copying 0 resource from src\main\resources to target\classes
2025-02-13 21:49:27,048 [Worker-28: ビルド] INFO  o.a.m.s.f.DefaultMavenResourcesFiltering - Copying 1 resource from src\main\resources to target\classes
2025-02-13 21:49:27,051 [Worker-28: ビルド] INFO  o.a.m.s.f.DefaultMavenResourcesFiltering - skip non existing resourceDirectory C:\Users\miche\OneDrive\Desktop\DOJT\digital-ojt-development-beginner-cause-DroneInventorySystem\DroneInventorySystem\src\test\resources
2025-02-13 21:50:27,328 [Worker-31: ビルド] INFO  o.a.m.s.f.DefaultMavenResourcesFiltering - Copying 0 resource from src\main\resources to target\classes
2025-02-13 21:50:27,328 [Worker-31: ビルド] INFO  o.a.m.s.f.DefaultMavenResourcesFiltering - Copying 1 resource from src\main\resources to target\classes
2025-02-13 21:50:27,331 [Worker-31: ビルド] INFO  o.a.m.s.f.DefaultMavenResourcesFiltering - skip non existing resourceDirectory C:\Users\miche\OneDrive\Desktop\DOJT\digital-ojt-development-beginner-cause-DroneInventorySystem\DroneInventorySystem\src\test\resources
2025-02-13 21:50:50,551 [Worker-27: ビルド] INFO  o.a.m.s.f.DefaultMavenResourcesFiltering - Copying 0 resource from src\main\resources to target\classes
2025-02-13 21:50:50,552 [Worker-27: ビルド] INFO  o.a.m.s.f.DefaultMavenResourcesFiltering - Copying 1 resource from src\main\resources to target\classes
2025-02-13 21:50:50,557 [Worker-27: ビルド] INFO  o.a.m.s.f.DefaultMavenResourcesFiltering - skip non existing resourceDirectory C:\Users\miche\OneDrive\Desktop\DOJT\digital-ojt-development-beginner-cause-DroneInventorySystem\DroneInventorySystem\src\test\resources
2025-02-13 21:55:00,465 [Worker-28: ビルド] INFO  o.a.m.s.f.DefaultMavenResourcesFiltering - Copying 1 resource from src\main\resources to target\classes
2025-02-13 21:55:00,477 [Worker-28: ビルド] INFO  o.a.m.s.f.DefaultMavenResourcesFiltering - Copying 52 resources from src\main\resources to target\classes
2025-02-13 21:55:00,503 [Worker-28: ビルド] INFO  o.a.m.s.f.DefaultMavenResourcesFiltering - skip non existing resourceDirectory C:\Users\miche\OneDrive\Desktop\DOJT\digital-ojt-development-beginner-cause-DroneInventorySystem\DroneInventorySystem\src\test\resources
2025-02-13 21:55:04,231 [Worker-34: ビルド] INFO  o.a.m.s.f.DefaultMavenResourcesFiltering - Copying 1 resource from src\main\resources to target\classes
2025-02-13 21:55:04,242 [Worker-34: ビルド] INFO  o.a.m.s.f.DefaultMavenResourcesFiltering - Copying 52 resources from src\main\resources to target\classes
2025-02-13 21:55:04,261 [Worker-34: ビルド] INFO  o.a.m.s.f.DefaultMavenResourcesFiltering - skip non existing resourceDirectory C:\Users\miche\OneDrive\Desktop\DOJT\digital-ojt-development-beginner-cause-DroneInventorySystem\DroneInventorySystem\src\test\resources
2025-02-13 21:56:53,143 [Worker-31: ビルド] INFO  o.a.m.s.f.DefaultMavenResourcesFiltering - Copying 1 resource from src\main\resources to target\classes
2025-02-13 21:56:53,156 [Worker-31: ビルド] INFO  o.a.m.s.f.DefaultMavenResourcesFiltering - Copying 52 resources from src\main\resources to target\classes
2025-02-13 21:56:53,184 [Worker-31: ビルド] INFO  o.a.m.s.f.DefaultMavenResourcesFiltering - skip non existing resourceDirectory C:\Users\miche\OneDrive\Desktop\DOJT\digital-ojt-development-beginner-cause-DroneInventorySystem\DroneInventorySystem\src\test\resources
2025-02-13 21:58:59,899 [Worker-36: ビルド] INFO  o.a.m.s.f.DefaultMavenResourcesFiltering - Copying 1 resource from src\main\resources to target\classes
2025-02-13 21:58:59,913 [Worker-36: ビルド] INFO  o.a.m.s.f.DefaultMavenResourcesFiltering - Copying 52 resources from src\main\resources to target\classes
2025-02-13 21:58:59,939 [Worker-36: ビルド] INFO  o.a.m.s.f.DefaultMavenResourcesFiltering - skip non existing resourceDirectory C:\Users\miche\OneDrive\Desktop\DOJT\digital-ojt-development-beginner-cause-DroneInventorySystem\DroneInventorySystem\src\test\resources
2025-02-13 22:05:48,733 [Text Viewer Hover Presenter] INFO  o.t.e.e.d.ProjectDependencyDialectLocator - Scanning for dialect help files on project dependencies
2025-02-13 22:05:48,930 [pool-274-thread-5] INFO  o.t.e.e.d.ProjectDependencyDialectLocator - Help file found: Standard-Dialect.xml
2025-02-13 22:14:21,817 [Worker-36: ビルド] INFO  o.a.m.s.f.DefaultMavenResourcesFiltering - Copying 1 resource from src\main\resources to target\classes
2025-02-13 22:14:21,826 [Worker-36: ビルド] INFO  o.a.m.s.f.DefaultMavenResourcesFiltering - Copying 52 resources from src\main\resources to target\classes
2025-02-13 22:14:21,845 [Worker-36: ビルド] INFO  o.a.m.s.f.DefaultMavenResourcesFiltering - skip non existing resourceDirectory C:\Users\miche\OneDrive\Desktop\DOJT\digital-ojt-development-beginner-cause-DroneInventorySystem\DroneInventorySystem\src\test\resources
2025-02-13 22:14:48,900 [Worker-43: ビルド] INFO  o.a.m.s.f.DefaultMavenResourcesFiltering - Copying 1 resource from src\main\resources to target\classes
2025-02-13 22:14:48,910 [Worker-43: ビルド] INFO  o.a.m.s.f.DefaultMavenResourcesFiltering - Copying 52 resources from src\main\resources to target\classes
2025-02-13 22:14:48,927 [Worker-43: ビルド] INFO  o.a.m.s.f.DefaultMavenResourcesFiltering - skip non existing resourceDirectory C:\Users\miche\OneDrive\Desktop\DOJT\digital-ojt-development-beginner-cause-DroneInventorySystem\DroneInventorySystem\src\test\resources
2025-02-13 22:15:22,689 [Worker-47: ビルド] INFO  o.a.m.s.f.DefaultMavenResourcesFiltering - Copying 1 resource from src\main\resources to target\classes
2025-02-13 22:15:22,712 [Worker-47: ビルド] INFO  o.a.m.s.f.DefaultMavenResourcesFiltering - Copying 52 resources from src\main\resources to target\classes
2025-02-13 22:15:22,737 [Worker-47: ビルド] INFO  o.a.m.s.f.DefaultMavenResourcesFiltering - skip non existing resourceDirectory C:\Users\miche\OneDrive\Desktop\DOJT\digital-ojt-development-beginner-cause-DroneInventorySystem\DroneInventorySystem\src\test\resources
2025-02-13 22:15:51,488 [Worker-36: ビルド] INFO  o.a.m.s.f.DefaultMavenResourcesFiltering - Copying 1 resource from src\main\resources to target\classes
2025-02-13 22:15:51,513 [Worker-36: ビルド] INFO  o.a.m.s.f.DefaultMavenResourcesFiltering - Copying 52 resources from src\main\resources to target\classes
2025-02-13 22:15:51,531 [Worker-36: ビルド] INFO  o.a.m.s.f.DefaultMavenResourcesFiltering - skip non existing resourceDirectory C:\Users\miche\OneDrive\Desktop\DOJT\digital-ojt-development-beginner-cause-DroneInventorySystem\DroneInventorySystem\src\test\resources
2025-02-13 22:18:41,192 [Worker-48: ビルド] INFO  o.a.m.s.f.DefaultMavenResourcesFiltering - Copying 0 resource from src\main\resources to target\classes
2025-02-13 22:18:41,193 [Worker-48: ビルド] INFO  o.a.m.s.f.DefaultMavenResourcesFiltering - Copying 1 resource from src\main\resources to target\classes
2025-02-13 22:18:41,197 [Worker-48: ビルド] INFO  o.a.m.s.f.DefaultMavenResourcesFiltering - skip non existing resourceDirectory C:\Users\miche\OneDrive\Desktop\DOJT\digital-ojt-development-beginner-cause-DroneInventorySystem\DroneInventorySystem\src\test\resources
2025-02-13 22:26:00,955 [Worker-47: ビルド] INFO  o.a.m.s.f.DefaultMavenResourcesFiltering - Copying 0 resource from src\main\resources to target\classes
2025-02-13 22:26:00,956 [Worker-47: ビルド] INFO  o.a.m.s.f.DefaultMavenResourcesFiltering - Copying 1 resource from src\main\resources to target\classes
2025-02-13 22:26:00,959 [Worker-47: ビルド] INFO  o.a.m.s.f.DefaultMavenResourcesFiltering - skip non existing resourceDirectory C:\Users\miche\OneDrive\Desktop\DOJT\digital-ojt-development-beginner-cause-DroneInventorySystem\DroneInventorySystem\src\test\resources
2025-02-13 22:31:06,969 [Worker-49: ビルド] INFO  o.a.m.s.f.DefaultMavenResourcesFiltering - Copying 0 resource from src\main\resources to target\classes
2025-02-13 22:31:06,969 [Worker-49: ビルド] INFO  o.a.m.s.f.DefaultMavenResourcesFiltering - Copying 1 resource from src\main\resources to target\classes
2025-02-13 22:31:06,985 [Worker-49: ビルド] INFO  o.a.m.s.f.DefaultMavenResourcesFiltering - skip non existing resourceDirectory C:\Users\miche\OneDrive\Desktop\DOJT\digital-ojt-development-beginner-cause-DroneInventorySystem\DroneInventorySystem\src\test\resources
2025-02-13 22:31:35,313 [Worker-53: ビルド] INFO  o.a.m.s.f.DefaultMavenResourcesFiltering - Copying 0 resource from src\main\resources to target\classes
2025-02-13 22:31:35,314 [Worker-53: ビルド] INFO  o.a.m.s.f.DefaultMavenResourcesFiltering - Copying 1 resource from src\main\resources to target\classes
2025-02-13 22:31:35,317 [Worker-53: ビルド] INFO  o.a.m.s.f.DefaultMavenResourcesFiltering - skip non existing resourceDirectory C:\Users\miche\OneDrive\Desktop\DOJT\digital-ojt-development-beginner-cause-DroneInventorySystem\DroneInventorySystem\src\test\resources
2025-02-13 22:33:38,170 [Worker-49: ビルド] INFO  o.a.m.s.f.DefaultMavenResourcesFiltering - Copying 1 resource from src\main\resources to target\classes
2025-02-13 22:33:38,179 [Worker-49: ビルド] INFO  o.a.m.s.f.DefaultMavenResourcesFiltering - Copying 52 resources from src\main\resources to target\classes
2025-02-13 22:33:38,196 [Worker-49: ビルド] INFO  o.a.m.s.f.DefaultMavenResourcesFiltering - skip non existing resourceDirectory C:\Users\miche\OneDrive\Desktop\DOJT\digital-ojt-development-beginner-cause-DroneInventorySystem\DroneInventorySystem\src\test\resources
2025-02-13 22:39:20,410 [Worker-53: ビルド] INFO  o.a.m.s.f.DefaultMavenResourcesFiltering - Copying 1 resource from src\main\resources to target\classes
2025-02-13 22:39:20,424 [Worker-53: ビルド] INFO  o.a.m.s.f.DefaultMavenResourcesFiltering - Copying 52 resources from src\main\resources to target\classes
2025-02-13 22:39:20,451 [Worker-53: ビルド] INFO  o.a.m.s.f.DefaultMavenResourcesFiltering - skip non existing resourceDirectory C:\Users\miche\OneDrive\Desktop\DOJT\digital-ojt-development-beginner-cause-DroneInventorySystem\DroneInventorySystem\src\test\resources
2025-02-13 22:42:23,005 [Worker-49: ビルド] INFO  o.a.m.s.f.DefaultMavenResourcesFiltering - Copying 0 resource from src\main\resources to target\classes
2025-02-13 22:42:23,005 [Worker-49: ビルド] INFO  o.a.m.s.f.DefaultMavenResourcesFiltering - Copying 1 resource from src\main\resources to target\classes
2025-02-13 22:42:23,005 [Worker-49: ビルド] INFO  o.a.m.s.f.DefaultMavenResourcesFiltering - skip non existing resourceDirectory C:\Users\miche\OneDrive\Desktop\DOJT\digital-ojt-development-beginner-cause-DroneInventorySystem\DroneInventorySystem\src\test\resources
2025-02-13 22:42:36,439 [Worker-57: ビルド] INFO  o.a.m.s.f.DefaultMavenResourcesFiltering - Copying 1 resource from src\main\resources to target\classes
2025-02-13 22:42:36,449 [Worker-57: ビルド] INFO  o.a.m.s.f.DefaultMavenResourcesFiltering - Copying 52 resources from src\main\resources to target\classes
2025-02-13 22:42:36,469 [Worker-57: ビルド] INFO  o.a.m.s.f.DefaultMavenResourcesFiltering - skip non existing resourceDirectory C:\Users\miche\OneDrive\Desktop\DOJT\digital-ojt-development-beginner-cause-DroneInventorySystem\DroneInventorySystem\src\test\resources
2025-02-13 22:43:09,150 [Worker-56: ビルド] INFO  o.a.m.s.f.DefaultMavenResourcesFiltering - Copying 1 resource from src\main\resources to target\classes
2025-02-13 22:43:09,174 [Worker-56: ビルド] INFO  o.a.m.s.f.DefaultMavenResourcesFiltering - Copying 52 resources from src\main\resources to target\classes
2025-02-13 22:43:09,193 [Worker-56: ビルド] INFO  o.a.m.s.f.DefaultMavenResourcesFiltering - skip non existing resourceDirectory C:\Users\miche\OneDrive\Desktop\DOJT\digital-ojt-development-beginner-cause-DroneInventorySystem\DroneInventorySystem\src\test\resources
2025-02-13 22:46:25,242 [Worker-59: ビルド] INFO  o.a.m.s.f.DefaultMavenResourcesFiltering - Copying 1 resource from src\main\resources to target\classes
2025-02-13 22:46:25,251 [Worker-59: ビルド] INFO  o.a.m.s.f.DefaultMavenResourcesFiltering - Copying 52 resources from src\main\resources to target\classes
2025-02-13 22:46:25,275 [Worker-59: ビルド] INFO  o.a.m.s.f.DefaultMavenResourcesFiltering - skip non existing resourceDirectory C:\Users\miche\OneDrive\Desktop\DOJT\digital-ojt-development-beginner-cause-DroneInventorySystem\DroneInventorySystem\src\test\resources
2025-02-13 22:47:33,075 [Worker-59: ビルド] INFO  o.a.m.s.f.DefaultMavenResourcesFiltering - Copying 1 resource from src\main\resources to target\classes
2025-02-13 22:47:33,099 [Worker-59: ビルド] INFO  o.a.m.s.f.DefaultMavenResourcesFiltering - Copying 52 resources from src\main\resources to target\classes
2025-02-13 22:47:33,119 [Worker-59: ビルド] INFO  o.a.m.s.f.DefaultMavenResourcesFiltering - skip non existing resourceDirectory C:\Users\miche\OneDrive\Desktop\DOJT\digital-ojt-development-beginner-cause-DroneInventorySystem\DroneInventorySystem\src\test\resources
2025-02-13 22:48:56,327 [Worker-58: ビルド] INFO  o.a.m.s.f.DefaultMavenResourcesFiltering - Copying 0 resource from src\main\resources to target\classes
2025-02-13 22:48:56,327 [Worker-58: ビルド] INFO  o.a.m.s.f.DefaultMavenResourcesFiltering - Copying 1 resource from src\main\resources to target\classes
2025-02-13 22:48:56,331 [Worker-58: ビルド] INFO  o.a.m.s.f.DefaultMavenResourcesFiltering - skip non existing resourceDirectory C:\Users\miche\OneDrive\Desktop\DOJT\digital-ojt-development-beginner-cause-DroneInventorySystem\DroneInventorySystem\src\test\resources
2025-02-13 22:50:30,536 [Worker-62: ビルド] INFO  o.a.m.s.f.DefaultMavenResourcesFiltering - Copying 0 resource from src\main\resources to target\classes
2025-02-13 22:50:30,537 [Worker-62: ビルド] INFO  o.a.m.s.f.DefaultMavenResourcesFiltering - Copying 1 resource from src\main\resources to target\classes
2025-02-13 22:50:30,540 [Worker-62: ビルド] INFO  o.a.m.s.f.DefaultMavenResourcesFiltering - skip non existing resourceDirectory C:\Users\miche\OneDrive\Desktop\DOJT\digital-ojt-development-beginner-cause-DroneInventorySystem\DroneInventorySystem\src\test\resources
2025-02-13 22:51:27,249 [Worker-59: ビルド] INFO  o.a.m.s.f.DefaultMavenResourcesFiltering - Copying 1 resource from src\main\resources to target\classes
2025-02-13 22:51:27,262 [Worker-59: ビルド] INFO  o.a.m.s.f.DefaultMavenResourcesFiltering - Copying 52 resources from src\main\resources to target\classes
2025-02-13 22:51:27,280 [Worker-59: ビルド] INFO  o.a.m.s.f.DefaultMavenResourcesFiltering - skip non existing resourceDirectory C:\Users\miche\OneDrive\Desktop\DOJT\digital-ojt-development-beginner-cause-DroneInventorySystem\DroneInventorySystem\src\test\resources
2025-02-13 22:52:02,607 [Worker-59: ビルド] INFO  o.a.m.s.f.DefaultMavenResourcesFiltering - Copying 1 resource from src\main\resources to target\classes
2025-02-13 22:52:02,617 [Worker-59: ビルド] INFO  o.a.m.s.f.DefaultMavenResourcesFiltering - Copying 52 resources from src\main\resources to target\classes
2025-02-13 22:52:02,634 [Worker-59: ビルド] INFO  o.a.m.s.f.DefaultMavenResourcesFiltering - skip non existing resourceDirectory C:\Users\miche\OneDrive\Desktop\DOJT\digital-ojt-development-beginner-cause-DroneInventorySystem\DroneInventorySystem\src\test\resources
2025-02-15 20:08:12,317 [Worker-2: Loading available Gradle versions] INFO  o.e.b.c.i.u.g.PublishedGradleVersions - Gradle version information cache is out-of-date. Trying to update.
2025-02-15 20:32:46,838 [Worker-12: ビルド] INFO  o.a.m.s.f.DefaultMavenResourcesFiltering - Copying 1 resource from src\main\resources to target\classes
2025-02-15 20:32:46,862 [Worker-12: ビルド] INFO  o.a.m.s.f.DefaultMavenResourcesFiltering - Copying 52 resources from src\main\resources to target\classes
2025-02-15 20:32:46,897 [Worker-12: ビルド] INFO  o.a.m.s.f.DefaultMavenResourcesFiltering - skip non existing resourceDirectory C:\Users\miche\OneDrive\Desktop\DOJT\digital-ojt-development-beginner-cause-DroneInventorySystem\DroneInventorySystem\src\test\resources
2025-02-15 20:35:39,790 [Worker-10: ビルド] INFO  o.a.m.s.f.DefaultMavenResourcesFiltering - Copying 0 resource from src\main\resources to target\classes
2025-02-15 20:35:39,791 [Worker-10: ビルド] INFO  o.a.m.s.f.DefaultMavenResourcesFiltering - Copying 1 resource from src\main\resources to target\classes
2025-02-15 20:35:39,795 [Worker-10: ビルド] INFO  o.a.m.s.f.DefaultMavenResourcesFiltering - skip non existing resourceDirectory C:\Users\miche\OneDrive\Desktop\DOJT\digital-ojt-development-beginner-cause-DroneInventorySystem\DroneInventorySystem\src\test\resources
2025-02-15 20:36:44,742 [Worker-10: ビルド] INFO  o.a.m.s.f.DefaultMavenResourcesFiltering - Copying 1 resource from src\main\resources to target\classes
2025-02-15 20:36:44,751 [Worker-10: ビルド] INFO  o.a.m.s.f.DefaultMavenResourcesFiltering - Copying 52 resources from src\main\resources to target\classes
2025-02-15 20:36:44,768 [Worker-10: ビルド] INFO  o.a.m.s.f.DefaultMavenResourcesFiltering - skip non existing resourceDirectory C:\Users\miche\OneDrive\Desktop\DOJT\digital-ojt-development-beginner-cause-DroneInventorySystem\DroneInventorySystem\src\test\resources
2025-02-15 20:37:32,704 [Worker-13: ビルド] INFO  o.a.m.s.f.DefaultMavenResourcesFiltering - Copying 1 resource from src\main\resources to target\classes
2025-02-15 20:37:32,714 [Worker-13: ビルド] INFO  o.a.m.s.f.DefaultMavenResourcesFiltering - Copying 52 resources from src\main\resources to target\classes
2025-02-15 20:37:32,731 [Worker-13: ビルド] INFO  o.a.m.s.f.DefaultMavenResourcesFiltering - skip non existing resourceDirectory C:\Users\miche\OneDrive\Desktop\DOJT\digital-ojt-development-beginner-cause-DroneInventorySystem\DroneInventorySystem\src\test\resources
2025-02-15 20:38:40,631 [Worker-11: ビルド] INFO  o.a.m.s.f.DefaultMavenResourcesFiltering - Copying 1 resource from src\main\resources to target\classes
2025-02-15 20:38:40,644 [Worker-11: ビルド] INFO  o.a.m.s.f.DefaultMavenResourcesFiltering - Copying 52 resources from src\main\resources to target\classes
2025-02-15 20:38:40,661 [Worker-11: ビルド] INFO  o.a.m.s.f.DefaultMavenResourcesFiltering - skip non existing resourceDirectory C:\Users\miche\OneDrive\Desktop\DOJT\digital-ojt-development-beginner-cause-DroneInventorySystem\DroneInventorySystem\src\test\resources
2025-02-15 20:39:16,422 [Worker-14: ビルド] INFO  o.a.m.s.f.DefaultMavenResourcesFiltering - Copying 0 resource from src\main\resources to target\classes
2025-02-15 20:39:16,423 [Worker-14: ビルド] INFO  o.a.m.s.f.DefaultMavenResourcesFiltering - Copying 1 resource from src\main\resources to target\classes
2025-02-15 20:39:16,427 [Worker-14: ビルド] INFO  o.a.m.s.f.DefaultMavenResourcesFiltering - skip non existing resourceDirectory C:\Users\miche\OneDrive\Desktop\DOJT\digital-ojt-development-beginner-cause-DroneInventorySystem\DroneInventorySystem\src\test\resources
2025-02-15 20:39:22,969 [Worker-10: ビルド] INFO  o.a.m.s.f.DefaultMavenResourcesFiltering - Copying 0 resource from src\main\resources to target\classes
2025-02-15 20:39:22,969 [Worker-10: ビルド] INFO  o.a.m.s.f.DefaultMavenResourcesFiltering - Copying 1 resource from src\main\resources to target\classes
2025-02-15 20:39:22,973 [Worker-10: ビルド] INFO  o.a.m.s.f.DefaultMavenResourcesFiltering - skip non existing resourceDirectory C:\Users\miche\OneDrive\Desktop\DOJT\digital-ojt-development-beginner-cause-DroneInventorySystem\DroneInventorySystem\src\test\resources
2025-02-15 20:39:59,670 [Worker-13: ビルド] INFO  o.a.m.s.f.DefaultMavenResourcesFiltering - Copying 0 resource from src\main\resources to target\classes
2025-02-15 20:39:59,670 [Worker-13: ビルド] INFO  o.a.m.s.f.DefaultMavenResourcesFiltering - Copying 1 resource from src\main\resources to target\classes
2025-02-15 20:39:59,676 [Worker-13: ビルド] INFO  o.a.m.s.f.DefaultMavenResourcesFiltering - skip non existing resourceDirectory C:\Users\miche\OneDrive\Desktop\DOJT\digital-ojt-development-beginner-cause-DroneInventorySystem\DroneInventorySystem\src\test\resources
2025-02-15 20:44:47,992 [Worker-12: ビルド] INFO  o.a.m.s.f.DefaultMavenResourcesFiltering - Copying 1 resource from src\main\resources to target\classes
2025-02-15 20:44:48,006 [Worker-12: ビルド] INFO  o.a.m.s.f.DefaultMavenResourcesFiltering - Copying 52 resources from src\main\resources to target\classes
2025-02-15 20:44:48,028 [Worker-12: ビルド] INFO  o.a.m.s.f.DefaultMavenResourcesFiltering - skip non existing resourceDirectory C:\Users\miche\OneDrive\Desktop\DOJT\digital-ojt-development-beginner-cause-DroneInventorySystem\DroneInventorySystem\src\test\resources
2025-02-15 20:49:07,593 [main] INFO  o.t.e.e.d.ProjectDependencyDialectLocator - Scanning for dialect help files on project dependencies
2025-02-15 20:49:07,755 [pool-182-thread-7] INFO  o.t.e.e.d.ProjectDependencyDialectLocator - Help file found: Standard-Dialect.xml
2025-02-15 20:53:37,154 [Worker-14: ビルド] INFO  o.a.m.s.f.DefaultMavenResourcesFiltering - Copying 0 resource from src\main\resources to target\classes
2025-02-15 20:53:37,155 [Worker-14: ビルド] INFO  o.a.m.s.f.DefaultMavenResourcesFiltering - Copying 1 resource from src\main\resources to target\classes
2025-02-15 20:53:37,160 [Worker-14: ビルド] INFO  o.a.m.s.f.DefaultMavenResourcesFiltering - skip non existing resourceDirectory C:\Users\miche\OneDrive\Desktop\DOJT\digital-ojt-development-beginner-cause-DroneInventorySystem\DroneInventorySystem\src\test\resources
2025-02-15 20:54:52,601 [Worker-20: ビルド] INFO  o.a.m.s.f.DefaultMavenResourcesFiltering - Copying 0 resource from src\main\resources to target\classes
2025-02-15 20:54:52,602 [Worker-20: ビルド] INFO  o.a.m.s.f.DefaultMavenResourcesFiltering - Copying 1 resource from src\main\resources to target\classes
2025-02-15 20:54:52,606 [Worker-20: ビルド] INFO  o.a.m.s.f.DefaultMavenResourcesFiltering - skip non existing resourceDirectory C:\Users\miche\OneDrive\Desktop\DOJT\digital-ojt-development-beginner-cause-DroneInventorySystem\DroneInventorySystem\src\test\resources
2025-02-15 21:00:21,472 [Worker-23: ビルド] INFO  o.a.m.s.f.DefaultMavenResourcesFiltering - Copying 0 resource from src\main\resources to target\classes
2025-02-15 21:00:21,472 [Worker-23: ビルド] INFO  o.a.m.s.f.DefaultMavenResourcesFiltering - Copying 1 resource from src\main\resources to target\classes
2025-02-15 21:00:21,478 [Worker-23: ビルド] INFO  o.a.m.s.f.DefaultMavenResourcesFiltering - skip non existing resourceDirectory C:\Users\miche\OneDrive\Desktop\DOJT\digital-ojt-development-beginner-cause-DroneInventorySystem\DroneInventorySystem\src\test\resources
2025-02-15 21:03:53,949 [Worker-25: ビルド] INFO  o.a.m.s.f.DefaultMavenResourcesFiltering - Copying 0 resource from src\main\resources to target\classes
2025-02-15 21:03:53,950 [Worker-25: ビルド] INFO  o.a.m.s.f.DefaultMavenResourcesFiltering - Copying 1 resource from src\main\resources to target\classes
2025-02-15 21:03:53,954 [Worker-25: ビルド] INFO  o.a.m.s.f.DefaultMavenResourcesFiltering - skip non existing resourceDirectory C:\Users\miche\OneDrive\Desktop\DOJT\digital-ojt-development-beginner-cause-DroneInventorySystem\DroneInventorySystem\src\test\resources
2025-02-15 21:04:17,772 [Worker-25: ビルド] INFO  o.a.m.s.f.DefaultMavenResourcesFiltering - Copying 0 resource from src\main\resources to target\classes
2025-02-15 21:04:17,772 [Worker-25: ビルド] INFO  o.a.m.s.f.DefaultMavenResourcesFiltering - Copying 1 resource from src\main\resources to target\classes
2025-02-15 21:04:17,776 [Worker-25: ビルド] INFO  o.a.m.s.f.DefaultMavenResourcesFiltering - skip non existing resourceDirectory C:\Users\miche\OneDrive\Desktop\DOJT\digital-ojt-development-beginner-cause-DroneInventorySystem\DroneInventorySystem\src\test\resources
2025-02-15 21:04:21,743 [Worker-23: ビルド] INFO  o.a.m.s.f.DefaultMavenResourcesFiltering - Copying 0 resource from src\main\resources to target\classes
2025-02-15 21:04:21,744 [Worker-23: ビルド] INFO  o.a.m.s.f.DefaultMavenResourcesFiltering - Copying 1 resource from src\main\resources to target\classes
2025-02-15 21:04:21,747 [Worker-23: ビルド] INFO  o.a.m.s.f.DefaultMavenResourcesFiltering - skip non existing resourceDirectory C:\Users\miche\OneDrive\Desktop\DOJT\digital-ojt-development-beginner-cause-DroneInventorySystem\DroneInventorySystem\src\test\resources
2025-02-15 21:05:35,508 [Worker-23: ビルド] INFO  o.a.m.s.f.DefaultMavenResourcesFiltering - Copying 0 resource from src\main\resources to target\classes
2025-02-15 21:05:35,509 [Worker-23: ビルド] INFO  o.a.m.s.f.DefaultMavenResourcesFiltering - Copying 1 resource from src\main\resources to target\classes
2025-02-15 21:05:35,515 [Worker-23: ビルド] INFO  o.a.m.s.f.DefaultMavenResourcesFiltering - skip non existing resourceDirectory C:\Users\miche\OneDrive\Desktop\DOJT\digital-ojt-development-beginner-cause-DroneInventorySystem\DroneInventorySystem\src\test\resources
2025-02-15 21:05:52,263 [Worker-23: ビルド] INFO  o.a.m.s.f.DefaultMavenResourcesFiltering - Copying 0 resource from src\main\resources to target\classes
2025-02-15 21:05:52,264 [Worker-23: ビルド] INFO  o.a.m.s.f.DefaultMavenResourcesFiltering - Copying 1 resource from src\main\resources to target\classes
2025-02-15 21:05:52,269 [Worker-23: ビルド] INFO  o.a.m.s.f.DefaultMavenResourcesFiltering - skip non existing resourceDirectory C:\Users\miche\OneDrive\Desktop\DOJT\digital-ojt-development-beginner-cause-DroneInventorySystem\DroneInventorySystem\src\test\resources
2025-02-15 21:09:58,413 [Worker-23: ビルド] INFO  o.a.m.s.f.DefaultMavenResourcesFiltering - Copying 0 resource from src\main\resources to target\classes
2025-02-15 21:09:58,414 [Worker-23: ビルド] INFO  o.a.m.s.f.DefaultMavenResourcesFiltering - Copying 1 resource from src\main\resources to target\classes
2025-02-15 21:09:58,417 [Worker-23: ビルド] INFO  o.a.m.s.f.DefaultMavenResourcesFiltering - skip non existing resourceDirectory C:\Users\miche\OneDrive\Desktop\DOJT\digital-ojt-development-beginner-cause-DroneInventorySystem\DroneInventorySystem\src\test\resources
2025-02-15 21:12:55,172 [Worker-23: ビルド] INFO  o.a.m.s.f.DefaultMavenResourcesFiltering - Copying 0 resource from src\main\resources to target\classes
2025-02-15 21:12:55,172 [Worker-23: ビルド] INFO  o.a.m.s.f.DefaultMavenResourcesFiltering - Copying 1 resource from src\main\resources to target\classes
2025-02-15 21:12:55,176 [Worker-23: ビルド] INFO  o.a.m.s.f.DefaultMavenResourcesFiltering - skip non existing resourceDirectory C:\Users\miche\OneDrive\Desktop\DOJT\digital-ojt-development-beginner-cause-DroneInventorySystem\DroneInventorySystem\src\test\resources
2025-02-15 21:13:34,350 [Worker-31: ビルド] INFO  o.a.m.s.f.DefaultMavenResourcesFiltering - Copying 0 resource from src\main\resources to target\classes
2025-02-15 21:13:34,351 [Worker-31: ビルド] INFO  o.a.m.s.f.DefaultMavenResourcesFiltering - Copying 1 resource from src\main\resources to target\classes
2025-02-15 21:13:34,355 [Worker-31: ビルド] INFO  o.a.m.s.f.DefaultMavenResourcesFiltering - skip non existing resourceDirectory C:\Users\miche\OneDrive\Desktop\DOJT\digital-ojt-development-beginner-cause-DroneInventorySystem\DroneInventorySystem\src\test\resources
2025-02-15 21:13:55,917 [Worker-23: ビルド] INFO  o.a.m.s.f.DefaultMavenResourcesFiltering - Copying 0 resource from src\main\resources to target\classes
2025-02-15 21:13:55,917 [Worker-23: ビルド] INFO  o.a.m.s.f.DefaultMavenResourcesFiltering - Copying 1 resource from src\main\resources to target\classes
2025-02-15 21:13:55,921 [Worker-23: ビルド] INFO  o.a.m.s.f.DefaultMavenResourcesFiltering - skip non existing resourceDirectory C:\Users\miche\OneDrive\Desktop\DOJT\digital-ojt-development-beginner-cause-DroneInventorySystem\DroneInventorySystem\src\test\resources
2025-02-15 21:15:16,822 [Worker-33: ビルド] INFO  o.a.m.s.f.DefaultMavenResourcesFiltering - Copying 0 resource from src\main\resources to target\classes
2025-02-15 21:15:16,822 [Worker-33: ビルド] INFO  o.a.m.s.f.DefaultMavenResourcesFiltering - Copying 1 resource from src\main\resources to target\classes
2025-02-15 21:15:16,826 [Worker-33: ビルド] INFO  o.a.m.s.f.DefaultMavenResourcesFiltering - skip non existing resourceDirectory C:\Users\miche\OneDrive\Desktop\DOJT\digital-ojt-development-beginner-cause-DroneInventorySystem\DroneInventorySystem\src\test\resources
2025-02-15 21:15:42,359 [Worker-30: ビルド] INFO  o.a.m.s.f.DefaultMavenResourcesFiltering - Copying 0 resource from src\main\resources to target\classes
2025-02-15 21:15:42,360 [Worker-30: ビルド] INFO  o.a.m.s.f.DefaultMavenResourcesFiltering - Copying 1 resource from src\main\resources to target\classes
2025-02-15 21:15:42,363 [Worker-30: ビルド] INFO  o.a.m.s.f.DefaultMavenResourcesFiltering - skip non existing resourceDirectory C:\Users\miche\OneDrive\Desktop\DOJT\digital-ojt-development-beginner-cause-DroneInventorySystem\DroneInventorySystem\src\test\resources
2025-02-15 21:16:12,130 [Worker-35: ビルド] INFO  o.a.m.s.f.DefaultMavenResourcesFiltering - Copying 0 resource from src\main\resources to target\classes
2025-02-15 21:16:12,131 [Worker-35: ビルド] INFO  o.a.m.s.f.DefaultMavenResourcesFiltering - Copying 1 resource from src\main\resources to target\classes
2025-02-15 21:16:12,135 [Worker-35: ビルド] INFO  o.a.m.s.f.DefaultMavenResourcesFiltering - skip non existing resourceDirectory C:\Users\miche\OneDrive\Desktop\DOJT\digital-ojt-development-beginner-cause-DroneInventorySystem\DroneInventorySystem\src\test\resources
2025-02-15 21:17:06,504 [Worker-34: ビルド] INFO  o.a.m.s.f.DefaultMavenResourcesFiltering - Copying 0 resource from src\main\resources to target\classes
2025-02-15 21:17:06,504 [Worker-34: ビルド] INFO  o.a.m.s.f.DefaultMavenResourcesFiltering - Copying 1 resource from src\main\resources to target\classes
2025-02-15 21:17:06,508 [Worker-34: ビルド] INFO  o.a.m.s.f.DefaultMavenResourcesFiltering - skip non existing resourceDirectory C:\Users\miche\OneDrive\Desktop\DOJT\digital-ojt-development-beginner-cause-DroneInventorySystem\DroneInventorySystem\src\test\resources
2025-02-15 21:18:11,992 [Worker-33: ビルド] INFO  o.a.m.s.f.DefaultMavenResourcesFiltering - Copying 0 resource from src\main\resources to target\classes
2025-02-15 21:18:11,992 [Worker-33: ビルド] INFO  o.a.m.s.f.DefaultMavenResourcesFiltering - Copying 1 resource from src\main\resources to target\classes
2025-02-15 21:18:11,997 [Worker-33: ビルド] INFO  o.a.m.s.f.DefaultMavenResourcesFiltering - skip non existing resourceDirectory C:\Users\miche\OneDrive\Desktop\DOJT\digital-ojt-development-beginner-cause-DroneInventorySystem\DroneInventorySystem\src\test\resources
2025-02-15 21:18:23,733 [Worker-36: ビルド] INFO  o.a.m.s.f.DefaultMavenResourcesFiltering - Copying 0 resource from src\main\resources to target\classes
2025-02-15 21:18:23,733 [Worker-36: ビルド] INFO  o.a.m.s.f.DefaultMavenResourcesFiltering - Copying 1 resource from src\main\resources to target\classes
2025-02-15 21:18:23,736 [Worker-36: ビルド] INFO  o.a.m.s.f.DefaultMavenResourcesFiltering - skip non existing resourceDirectory C:\Users\miche\OneDrive\Desktop\DOJT\digital-ojt-development-beginner-cause-DroneInventorySystem\DroneInventorySystem\src\test\resources
2025-02-15 21:20:14,173 [Worker-34: ビルド] INFO  o.a.m.s.f.DefaultMavenResourcesFiltering - Copying 0 resource from src\main\resources to target\classes
2025-02-15 21:20:14,173 [Worker-34: ビルド] INFO  o.a.m.s.f.DefaultMavenResourcesFiltering - Copying 1 resource from src\main\resources to target\classes
2025-02-15 21:20:14,177 [Worker-34: ビルド] INFO  o.a.m.s.f.DefaultMavenResourcesFiltering - skip non existing resourceDirectory C:\Users\miche\OneDrive\Desktop\DOJT\digital-ojt-development-beginner-cause-DroneInventorySystem\DroneInventorySystem\src\test\resources
2025-02-15 21:20:30,046 [Worker-35: ビルド] INFO  o.a.m.s.f.DefaultMavenResourcesFiltering - Copying 0 resource from src\main\resources to target\classes
2025-02-15 21:20:30,047 [Worker-35: ビルド] INFO  o.a.m.s.f.DefaultMavenResourcesFiltering - Copying 1 resource from src\main\resources to target\classes
2025-02-15 21:20:30,051 [Worker-35: ビルド] INFO  o.a.m.s.f.DefaultMavenResourcesFiltering - skip non existing resourceDirectory C:\Users\miche\OneDrive\Desktop\DOJT\digital-ojt-development-beginner-cause-DroneInventorySystem\DroneInventorySystem\src\test\resources
2025-02-15 21:20:49,096 [Worker-35: ビルド] INFO  o.a.m.s.f.DefaultMavenResourcesFiltering - Copying 0 resource from src\main\resources to target\classes
2025-02-15 21:20:49,096 [Worker-35: ビルド] INFO  o.a.m.s.f.DefaultMavenResourcesFiltering - Copying 1 resource from src\main\resources to target\classes
2025-02-15 21:20:49,100 [Worker-35: ビルド] INFO  o.a.m.s.f.DefaultMavenResourcesFiltering - skip non existing resourceDirectory C:\Users\miche\OneDrive\Desktop\DOJT\digital-ojt-development-beginner-cause-DroneInventorySystem\DroneInventorySystem\src\test\resources
2025-02-15 21:21:12,004 [Worker-30: ビルド] INFO  o.a.m.s.f.DefaultMavenResourcesFiltering - Copying 0 resource from src\main\resources to target\classes
2025-02-15 21:21:12,004 [Worker-30: ビルド] INFO  o.a.m.s.f.DefaultMavenResourcesFiltering - Copying 1 resource from src\main\resources to target\classes
2025-02-15 21:21:12,007 [Worker-30: ビルド] INFO  o.a.m.s.f.DefaultMavenResourcesFiltering - skip non existing resourceDirectory C:\Users\miche\OneDrive\Desktop\DOJT\digital-ojt-development-beginner-cause-DroneInventorySystem\DroneInventorySystem\src\test\resources
2025-02-15 21:21:33,537 [Worker-30: ビルド] INFO  o.a.m.s.f.DefaultMavenResourcesFiltering - Copying 0 resource from src\main\resources to target\classes
2025-02-15 21:21:33,537 [Worker-30: ビルド] INFO  o.a.m.s.f.DefaultMavenResourcesFiltering - Copying 1 resource from src\main\resources to target\classes
2025-02-15 21:21:33,542 [Worker-30: ビルド] INFO  o.a.m.s.f.DefaultMavenResourcesFiltering - skip non existing resourceDirectory C:\Users\miche\OneDrive\Desktop\DOJT\digital-ojt-development-beginner-cause-DroneInventorySystem\DroneInventorySystem\src\test\resources
2025-02-15 21:22:04,497 [Worker-35: ビルド] INFO  o.a.m.s.f.DefaultMavenResourcesFiltering - Copying 0 resource from src\main\resources to target\classes
2025-02-15 21:22:04,497 [Worker-35: ビルド] INFO  o.a.m.s.f.DefaultMavenResourcesFiltering - Copying 1 resource from src\main\resources to target\classes
2025-02-15 21:22:04,501 [Worker-35: ビルド] INFO  o.a.m.s.f.DefaultMavenResourcesFiltering - skip non existing resourceDirectory C:\Users\miche\OneDrive\Desktop\DOJT\digital-ojt-development-beginner-cause-DroneInventorySystem\DroneInventorySystem\src\test\resources
2025-02-15 21:23:17,223 [Worker-35: ビルド] INFO  o.a.m.s.f.DefaultMavenResourcesFiltering - Copying 0 resource from src\main\resources to target\classes
2025-02-15 21:23:17,223 [Worker-35: ビルド] INFO  o.a.m.s.f.DefaultMavenResourcesFiltering - Copying 1 resource from src\main\resources to target\classes
2025-02-15 21:23:17,226 [Worker-35: ビルド] INFO  o.a.m.s.f.DefaultMavenResourcesFiltering - skip non existing resourceDirectory C:\Users\miche\OneDrive\Desktop\DOJT\digital-ojt-development-beginner-cause-DroneInventorySystem\DroneInventorySystem\src\test\resources
2025-02-15 21:23:49,804 [Worker-35: ビルド] INFO  o.a.m.s.f.DefaultMavenResourcesFiltering - Copying 0 resource from src\main\resources to target\classes
2025-02-15 21:23:49,805 [Worker-35: ビルド] INFO  o.a.m.s.f.DefaultMavenResourcesFiltering - Copying 1 resource from src\main\resources to target\classes
2025-02-15 21:23:49,807 [Worker-35: ビルド] INFO  o.a.m.s.f.DefaultMavenResourcesFiltering - skip non existing resourceDirectory C:\Users\miche\OneDrive\Desktop\DOJT\digital-ojt-development-beginner-cause-DroneInventorySystem\DroneInventorySystem\src\test\resources
2025-02-15 21:24:02,123 [Worker-36: ビルド] INFO  o.a.m.s.f.DefaultMavenResourcesFiltering - Copying 0 resource from src\main\resources to target\classes
2025-02-15 21:24:02,123 [Worker-36: ビルド] INFO  o.a.m.s.f.DefaultMavenResourcesFiltering - Copying 1 resource from src\main\resources to target\classes
2025-02-15 21:24:02,127 [Worker-36: ビルド] INFO  o.a.m.s.f.DefaultMavenResourcesFiltering - skip non existing resourceDirectory C:\Users\miche\OneDrive\Desktop\DOJT\digital-ojt-development-beginner-cause-DroneInventorySystem\DroneInventorySystem\src\test\resources
2025-02-15 21:24:12,394 [Worker-37: ビルド] INFO  o.a.m.s.f.DefaultMavenResourcesFiltering - Copying 0 resource from src\main\resources to target\classes
2025-02-15 21:24:12,394 [Worker-37: ビルド] INFO  o.a.m.s.f.DefaultMavenResourcesFiltering - Copying 1 resource from src\main\resources to target\classes
2025-02-15 21:24:12,397 [Worker-37: ビルド] INFO  o.a.m.s.f.DefaultMavenResourcesFiltering - skip non existing resourceDirectory C:\Users\miche\OneDrive\Desktop\DOJT\digital-ojt-development-beginner-cause-DroneInventorySystem\DroneInventorySystem\src\test\resources
2025-02-15 21:24:54,477 [Worker-30: ビルド] INFO  o.a.m.s.f.DefaultMavenResourcesFiltering - Copying 0 resource from src\main\resources to target\classes
2025-02-15 21:24:54,477 [Worker-30: ビルド] INFO  o.a.m.s.f.DefaultMavenResourcesFiltering - Copying 1 resource from src\main\resources to target\classes
2025-02-15 21:24:54,481 [Worker-30: ビルド] INFO  o.a.m.s.f.DefaultMavenResourcesFiltering - skip non existing resourceDirectory C:\Users\miche\OneDrive\Desktop\DOJT\digital-ojt-development-beginner-cause-DroneInventorySystem\DroneInventorySystem\src\test\resources
2025-02-15 21:25:08,363 [Worker-30: ビルド] INFO  o.a.m.s.f.DefaultMavenResourcesFiltering - Copying 0 resource from src\main\resources to target\classes
2025-02-15 21:25:08,363 [Worker-30: ビルド] INFO  o.a.m.s.f.DefaultMavenResourcesFiltering - Copying 1 resource from src\main\resources to target\classes
2025-02-15 21:25:08,366 [Worker-30: ビルド] INFO  o.a.m.s.f.DefaultMavenResourcesFiltering - skip non existing resourceDirectory C:\Users\miche\OneDrive\Desktop\DOJT\digital-ojt-development-beginner-cause-DroneInventorySystem\DroneInventorySystem\src\test\resources
2025-02-15 21:28:22,149 [Worker-42: ビルド] INFO  o.a.m.s.f.DefaultMavenResourcesFiltering - Copying 0 resource from src\main\resources to target\classes
2025-02-15 21:28:22,150 [Worker-42: ビルド] INFO  o.a.m.s.f.DefaultMavenResourcesFiltering - Copying 1 resource from src\main\resources to target\classes
2025-02-15 21:28:22,153 [Worker-42: ビルド] INFO  o.a.m.s.f.DefaultMavenResourcesFiltering - skip non existing resourceDirectory C:\Users\miche\OneDrive\Desktop\DOJT\digital-ojt-development-beginner-cause-DroneInventorySystem\DroneInventorySystem\src\test\resources
2025-02-15 21:29:17,948 [Worker-41: ビルド] INFO  o.a.m.s.f.DefaultMavenResourcesFiltering - Copying 0 resource from src\main\resources to target\classes
2025-02-15 21:29:17,948 [Worker-41: ビルド] INFO  o.a.m.s.f.DefaultMavenResourcesFiltering - Copying 1 resource from src\main\resources to target\classes
2025-02-15 21:29:17,952 [Worker-41: ビルド] INFO  o.a.m.s.f.DefaultMavenResourcesFiltering - skip non existing resourceDirectory C:\Users\miche\OneDrive\Desktop\DOJT\digital-ojt-development-beginner-cause-DroneInventorySystem\DroneInventorySystem\src\test\resources
2025-02-15 21:29:24,375 [Worker-35: ビルド] INFO  o.a.m.s.f.DefaultMavenResourcesFiltering - Copying 0 resource from src\main\resources to target\classes
2025-02-15 21:29:24,376 [Worker-35: ビルド] INFO  o.a.m.s.f.DefaultMavenResourcesFiltering - Copying 1 resource from src\main\resources to target\classes
2025-02-15 21:29:24,381 [Worker-35: ビルド] INFO  o.a.m.s.f.DefaultMavenResourcesFiltering - skip non existing resourceDirectory C:\Users\miche\OneDrive\Desktop\DOJT\digital-ojt-development-beginner-cause-DroneInventorySystem\DroneInventorySystem\src\test\resources
2025-02-15 21:29:31,653 [Worker-41: ビルド] INFO  o.a.m.s.f.DefaultMavenResourcesFiltering - Copying 0 resource from src\main\resources to target\classes
2025-02-15 21:29:31,653 [Worker-41: ビルド] INFO  o.a.m.s.f.DefaultMavenResourcesFiltering - Copying 1 resource from src\main\resources to target\classes
2025-02-15 21:29:31,658 [Worker-41: ビルド] INFO  o.a.m.s.f.DefaultMavenResourcesFiltering - skip non existing resourceDirectory C:\Users\miche\OneDrive\Desktop\DOJT\digital-ojt-development-beginner-cause-DroneInventorySystem\DroneInventorySystem\src\test\resources
2025-02-15 21:36:14,138 [Worker-44: ビルド] INFO  o.a.m.s.f.DefaultMavenResourcesFiltering - Copying 0 resource from src\main\resources to target\classes
2025-02-15 21:36:14,138 [Worker-44: ビルド] INFO  o.a.m.s.f.DefaultMavenResourcesFiltering - Copying 1 resource from src\main\resources to target\classes
2025-02-15 21:36:14,143 [Worker-44: ビルド] INFO  o.a.m.s.f.DefaultMavenResourcesFiltering - skip non existing resourceDirectory C:\Users\miche\OneDrive\Desktop\DOJT\digital-ojt-development-beginner-cause-DroneInventorySystem\DroneInventorySystem\src\test\resources
2025-02-15 21:37:19,771 [Worker-46: ビルド] INFO  o.a.m.s.f.DefaultMavenResourcesFiltering - Copying 0 resource from src\main\resources to target\classes
2025-02-15 21:37:19,771 [Worker-46: ビルド] INFO  o.a.m.s.f.DefaultMavenResourcesFiltering - Copying 1 resource from src\main\resources to target\classes
2025-02-15 21:37:19,775 [Worker-46: ビルド] INFO  o.a.m.s.f.DefaultMavenResourcesFiltering - skip non existing resourceDirectory C:\Users\miche\OneDrive\Desktop\DOJT\digital-ojt-development-beginner-cause-DroneInventorySystem\DroneInventorySystem\src\test\resources
2025-02-15 21:37:39,081 [Worker-47: ビルド] INFO  o.a.m.s.f.DefaultMavenResourcesFiltering - Copying 0 resource from src\main\resources to target\classes
2025-02-15 21:37:39,081 [Worker-47: ビルド] INFO  o.a.m.s.f.DefaultMavenResourcesFiltering - Copying 1 resource from src\main\resources to target\classes
2025-02-15 21:37:39,084 [Worker-47: ビルド] INFO  o.a.m.s.f.DefaultMavenResourcesFiltering - skip non existing resourceDirectory C:\Users\miche\OneDrive\Desktop\DOJT\digital-ojt-development-beginner-cause-DroneInventorySystem\DroneInventorySystem\src\test\resources
2025-02-15 21:40:01,206 [Worker-44: ビルド] INFO  o.a.m.s.f.DefaultMavenResourcesFiltering - Copying 0 resource from src\main\resources to target\classes
2025-02-15 21:40:01,206 [Worker-44: ビルド] INFO  o.a.m.s.f.DefaultMavenResourcesFiltering - Copying 1 resource from src\main\resources to target\classes
2025-02-15 21:40:01,209 [Worker-44: ビルド] INFO  o.a.m.s.f.DefaultMavenResourcesFiltering - skip non existing resourceDirectory C:\Users\miche\OneDrive\Desktop\DOJT\digital-ojt-development-beginner-cause-DroneInventorySystem\DroneInventorySystem\src\test\resources
2025-02-15 21:40:09,836 [Worker-49: ビルド] INFO  o.a.m.s.f.DefaultMavenResourcesFiltering - Copying 0 resource from src\main\resources to target\classes
2025-02-15 21:40:09,836 [Worker-49: ビルド] INFO  o.a.m.s.f.DefaultMavenResourcesFiltering - Copying 1 resource from src\main\resources to target\classes
2025-02-15 21:40:09,840 [Worker-49: ビルド] INFO  o.a.m.s.f.DefaultMavenResourcesFiltering - skip non existing resourceDirectory C:\Users\miche\OneDrive\Desktop\DOJT\digital-ojt-development-beginner-cause-DroneInventorySystem\DroneInventorySystem\src\test\resources
2025-02-15 21:40:25,712 [Worker-49: ビルド] INFO  o.a.m.s.f.DefaultMavenResourcesFiltering - Copying 0 resource from src\main\resources to target\classes
2025-02-15 21:40:25,712 [Worker-49: ビルド] INFO  o.a.m.s.f.DefaultMavenResourcesFiltering - Copying 1 resource from src\main\resources to target\classes
2025-02-15 21:40:25,717 [Worker-49: ビルド] INFO  o.a.m.s.f.DefaultMavenResourcesFiltering - skip non existing resourceDirectory C:\Users\miche\OneDrive\Desktop\DOJT\digital-ojt-development-beginner-cause-DroneInventorySystem\DroneInventorySystem\src\test\resources
2025-02-15 21:40:31,653 [Worker-46: ビルド] INFO  o.a.m.s.f.DefaultMavenResourcesFiltering - Copying 0 resource from src\main\resources to target\classes
2025-02-15 21:40:31,654 [Worker-46: ビルド] INFO  o.a.m.s.f.DefaultMavenResourcesFiltering - Copying 1 resource from src\main\resources to target\classes
2025-02-15 21:40:31,656 [Worker-46: ビルド] INFO  o.a.m.s.f.DefaultMavenResourcesFiltering - skip non existing resourceDirectory C:\Users\miche\OneDrive\Desktop\DOJT\digital-ojt-development-beginner-cause-DroneInventorySystem\DroneInventorySystem\src\test\resources
2025-02-15 21:40:34,961 [Worker-35: ビルド] INFO  o.a.m.s.f.DefaultMavenResourcesFiltering - Copying 0 resource from src\main\resources to target\classes
2025-02-15 21:40:34,961 [Worker-35: ビルド] INFO  o.a.m.s.f.DefaultMavenResourcesFiltering - Copying 1 resource from src\main\resources to target\classes
2025-02-15 21:40:34,964 [Worker-35: ビルド] INFO  o.a.m.s.f.DefaultMavenResourcesFiltering - skip non existing resourceDirectory C:\Users\miche\OneDrive\Desktop\DOJT\digital-ojt-development-beginner-cause-DroneInventorySystem\DroneInventorySystem\src\test\resources
2025-02-15 21:41:00,644 [Worker-50: ビルド] INFO  o.a.m.s.f.DefaultMavenResourcesFiltering - Copying 0 resource from src\main\resources to target\classes
2025-02-15 21:41:00,645 [Worker-50: ビルド] INFO  o.a.m.s.f.DefaultMavenResourcesFiltering - Copying 1 resource from src\main\resources to target\classes
2025-02-15 21:41:00,647 [Worker-50: ビルド] INFO  o.a.m.s.f.DefaultMavenResourcesFiltering - skip non existing resourceDirectory C:\Users\miche\OneDrive\Desktop\DOJT\digital-ojt-development-beginner-cause-DroneInventorySystem\DroneInventorySystem\src\test\resources
2025-02-15 21:41:19,425 [Worker-50: ビルド] INFO  o.a.m.s.f.DefaultMavenResourcesFiltering - Copying 0 resource from src\main\resources to target\classes
2025-02-15 21:41:19,425 [Worker-50: ビルド] INFO  o.a.m.s.f.DefaultMavenResourcesFiltering - Copying 1 resource from src\main\resources to target\classes
2025-02-15 21:41:19,429 [Worker-50: ビルド] INFO  o.a.m.s.f.DefaultMavenResourcesFiltering - skip non existing resourceDirectory C:\Users\miche\OneDrive\Desktop\DOJT\digital-ojt-development-beginner-cause-DroneInventorySystem\DroneInventorySystem\src\test\resources
2025-02-15 21:42:10,450 [Worker-49: ビルド] INFO  o.a.m.s.f.DefaultMavenResourcesFiltering - Copying 0 resource from src\main\resources to target\classes
2025-02-15 21:42:10,450 [Worker-49: ビルド] INFO  o.a.m.s.f.DefaultMavenResourcesFiltering - Copying 1 resource from src\main\resources to target\classes
2025-02-15 21:42:10,453 [Worker-49: ビルド] INFO  o.a.m.s.f.DefaultMavenResourcesFiltering - skip non existing resourceDirectory C:\Users\miche\OneDrive\Desktop\DOJT\digital-ojt-development-beginner-cause-DroneInventorySystem\DroneInventorySystem\src\test\resources
2025-02-15 21:45:02,254 [Worker-35: ビルド] INFO  o.a.m.s.f.DefaultMavenResourcesFiltering - Copying 0 resource from src\main\resources to target\classes
2025-02-15 21:45:02,255 [Worker-35: ビルド] INFO  o.a.m.s.f.DefaultMavenResourcesFiltering - Copying 1 resource from src\main\resources to target\classes
2025-02-15 21:45:02,259 [Worker-35: ビルド] INFO  o.a.m.s.f.DefaultMavenResourcesFiltering - skip non existing resourceDirectory C:\Users\miche\OneDrive\Desktop\DOJT\digital-ojt-development-beginner-cause-DroneInventorySystem\DroneInventorySystem\src\test\resources
2025-02-15 21:46:21,020 [Worker-52: ビルド] INFO  o.a.m.s.f.DefaultMavenResourcesFiltering - Copying 0 resource from src\main\resources to target\classes
2025-02-15 21:46:21,020 [Worker-52: ビルド] INFO  o.a.m.s.f.DefaultMavenResourcesFiltering - Copying 1 resource from src\main\resources to target\classes
2025-02-15 21:46:21,023 [Worker-52: ビルド] INFO  o.a.m.s.f.DefaultMavenResourcesFiltering - skip non existing resourceDirectory C:\Users\miche\OneDrive\Desktop\DOJT\digital-ojt-development-beginner-cause-DroneInventorySystem\DroneInventorySystem\src\test\resources
2025-02-15 21:47:23,639 [Worker-54: ビルド] INFO  o.a.m.s.f.DefaultMavenResourcesFiltering - Copying 0 resource from src\main\resources to target\classes
2025-02-15 21:47:23,640 [Worker-54: ビルド] INFO  o.a.m.s.f.DefaultMavenResourcesFiltering - Copying 1 resource from src\main\resources to target\classes
2025-02-15 21:47:23,643 [Worker-54: ビルド] INFO  o.a.m.s.f.DefaultMavenResourcesFiltering - skip non existing resourceDirectory C:\Users\miche\OneDrive\Desktop\DOJT\digital-ojt-development-beginner-cause-DroneInventorySystem\DroneInventorySystem\src\test\resources
2025-02-15 21:48:22,453 [Worker-52: ビルド] INFO  o.a.m.s.f.DefaultMavenResourcesFiltering - Copying 0 resource from src\main\resources to target\classes
2025-02-15 21:48:22,454 [Worker-52: ビルド] INFO  o.a.m.s.f.DefaultMavenResourcesFiltering - Copying 1 resource from src\main\resources to target\classes
2025-02-15 21:48:22,457 [Worker-52: ビルド] INFO  o.a.m.s.f.DefaultMavenResourcesFiltering - skip non existing resourceDirectory C:\Users\miche\OneDrive\Desktop\DOJT\digital-ojt-development-beginner-cause-DroneInventorySystem\DroneInventorySystem\src\test\resources
2025-02-15 21:48:27,485 [Worker-54: ビルド] INFO  o.a.m.s.f.DefaultMavenResourcesFiltering - Copying 0 resource from src\main\resources to target\classes
2025-02-15 21:48:27,486 [Worker-54: ビルド] INFO  o.a.m.s.f.DefaultMavenResourcesFiltering - Copying 1 resource from src\main\resources to target\classes
2025-02-15 21:48:27,489 [Worker-54: ビルド] INFO  o.a.m.s.f.DefaultMavenResourcesFiltering - skip non existing resourceDirectory C:\Users\miche\OneDrive\Desktop\DOJT\digital-ojt-development-beginner-cause-DroneInventorySystem\DroneInventorySystem\src\test\resources
2025-02-15 21:49:59,577 [Worker-51: ビルド] INFO  o.a.m.s.f.DefaultMavenResourcesFiltering - Copying 0 resource from src\main\resources to target\classes
2025-02-15 21:49:59,577 [Worker-51: ビルド] INFO  o.a.m.s.f.DefaultMavenResourcesFiltering - Copying 1 resource from src\main\resources to target\classes
2025-02-15 21:49:59,580 [Worker-51: ビルド] INFO  o.a.m.s.f.DefaultMavenResourcesFiltering - skip non existing resourceDirectory C:\Users\miche\OneDrive\Desktop\DOJT\digital-ojt-development-beginner-cause-DroneInventorySystem\DroneInventorySystem\src\test\resources
2025-02-15 21:50:44,745 [Worker-57: ビルド] INFO  o.a.m.s.f.DefaultMavenResourcesFiltering - Copying 0 resource from src\main\resources to target\classes
2025-02-15 21:50:44,745 [Worker-57: ビルド] INFO  o.a.m.s.f.DefaultMavenResourcesFiltering - Copying 1 resource from src\main\resources to target\classes
2025-02-15 21:50:44,750 [Worker-57: ビルド] INFO  o.a.m.s.f.DefaultMavenResourcesFiltering - skip non existing resourceDirectory C:\Users\miche\OneDrive\Desktop\DOJT\digital-ojt-development-beginner-cause-DroneInventorySystem\DroneInventorySystem\src\test\resources
2025-02-15 21:51:29,217 [Worker-57: ビルド] INFO  o.a.m.s.f.DefaultMavenResourcesFiltering - Copying 0 resource from src\main\resources to target\classes
2025-02-15 21:51:29,218 [Worker-57: ビルド] INFO  o.a.m.s.f.DefaultMavenResourcesFiltering - Copying 1 resource from src\main\resources to target\classes
2025-02-15 21:51:29,221 [Worker-57: ビルド] INFO  o.a.m.s.f.DefaultMavenResourcesFiltering - skip non existing resourceDirectory C:\Users\miche\OneDrive\Desktop\DOJT\digital-ojt-development-beginner-cause-DroneInventorySystem\DroneInventorySystem\src\test\resources
2025-02-15 21:52:09,098 [Worker-53: ビルド] INFO  o.a.m.s.f.DefaultMavenResourcesFiltering - Copying 0 resource from src\main\resources to target\classes
2025-02-15 21:52:09,098 [Worker-53: ビルド] INFO  o.a.m.s.f.DefaultMavenResourcesFiltering - Copying 1 resource from src\main\resources to target\classes
2025-02-15 21:52:09,102 [Worker-53: ビルド] INFO  o.a.m.s.f.DefaultMavenResourcesFiltering - skip non existing resourceDirectory C:\Users\miche\OneDrive\Desktop\DOJT\digital-ojt-development-beginner-cause-DroneInventorySystem\DroneInventorySystem\src\test\resources
2025-02-15 21:52:59,405 [Worker-59: ビルド] INFO  o.a.m.s.f.DefaultMavenResourcesFiltering - Copying 0 resource from src\main\resources to target\classes
2025-02-15 21:52:59,405 [Worker-59: ビルド] INFO  o.a.m.s.f.DefaultMavenResourcesFiltering - Copying 1 resource from src\main\resources to target\classes
2025-02-15 21:52:59,409 [Worker-59: ビルド] INFO  o.a.m.s.f.DefaultMavenResourcesFiltering - skip non existing resourceDirectory C:\Users\miche\OneDrive\Desktop\DOJT\digital-ojt-development-beginner-cause-DroneInventorySystem\DroneInventorySystem\src\test\resources
2025-02-15 21:54:03,581 [Worker-57: ビルド] INFO  o.a.m.s.f.DefaultMavenResourcesFiltering - Copying 0 resource from src\main\resources to target\classes
2025-02-15 21:54:03,582 [Worker-57: ビルド] INFO  o.a.m.s.f.DefaultMavenResourcesFiltering - Copying 1 resource from src\main\resources to target\classes
2025-02-15 21:54:03,586 [Worker-57: ビルド] INFO  o.a.m.s.f.DefaultMavenResourcesFiltering - skip non existing resourceDirectory C:\Users\miche\OneDrive\Desktop\DOJT\digital-ojt-development-beginner-cause-DroneInventorySystem\DroneInventorySystem\src\test\resources
2025-02-15 21:58:57,462 [Worker-64: ビルド] INFO  o.a.m.s.f.DefaultMavenResourcesFiltering - Copying 0 resource from src\main\resources to target\classes
2025-02-15 21:58:57,462 [Worker-64: ビルド] INFO  o.a.m.s.f.DefaultMavenResourcesFiltering - Copying 1 resource from src\main\resources to target\classes
2025-02-15 21:58:57,466 [Worker-64: ビルド] INFO  o.a.m.s.f.DefaultMavenResourcesFiltering - skip non existing resourceDirectory C:\Users\miche\OneDrive\Desktop\DOJT\digital-ojt-development-beginner-cause-DroneInventorySystem\DroneInventorySystem\src\test\resources
2025-02-15 22:03:16,393 [Worker-57: ビルド] INFO  o.a.m.s.f.DefaultMavenResourcesFiltering - Copying 0 resource from src\main\resources to target\classes
2025-02-15 22:03:16,394 [Worker-57: ビルド] INFO  o.a.m.s.f.DefaultMavenResourcesFiltering - Copying 1 resource from src\main\resources to target\classes
2025-02-15 22:03:16,397 [Worker-57: ビルド] INFO  o.a.m.s.f.DefaultMavenResourcesFiltering - skip non existing resourceDirectory C:\Users\miche\OneDrive\Desktop\DOJT\digital-ojt-development-beginner-cause-DroneInventorySystem\DroneInventorySystem\src\test\resources
2025-02-15 22:05:47,525 [Worker-60: ビルド] INFO  o.a.m.s.f.DefaultMavenResourcesFiltering - Copying 0 resource from src\main\resources to target\classes
2025-02-15 22:05:47,525 [Worker-60: ビルド] INFO  o.a.m.s.f.DefaultMavenResourcesFiltering - Copying 1 resource from src\main\resources to target\classes
2025-02-15 22:05:47,527 [Worker-60: ビルド] INFO  o.a.m.s.f.DefaultMavenResourcesFiltering - skip non existing resourceDirectory C:\Users\miche\OneDrive\Desktop\DOJT\digital-ojt-development-beginner-cause-DroneInventorySystem\DroneInventorySystem\src\test\resources
2025-02-15 22:06:56,379 [Worker-72: ビルド] INFO  o.a.m.s.f.DefaultMavenResourcesFiltering - Copying 0 resource from src\main\resources to target\classes
2025-02-15 22:06:56,380 [Worker-72: ビルド] INFO  o.a.m.s.f.DefaultMavenResourcesFiltering - Copying 1 resource from src\main\resources to target\classes
2025-02-15 22:06:56,385 [Worker-72: ビルド] INFO  o.a.m.s.f.DefaultMavenResourcesFiltering - skip non existing resourceDirectory C:\Users\miche\OneDrive\Desktop\DOJT\digital-ojt-development-beginner-cause-DroneInventorySystem\DroneInventorySystem\src\test\resources
2025-02-15 22:07:38,674 [Worker-75: ビルド] INFO  o.a.m.s.f.DefaultMavenResourcesFiltering - Copying 0 resource from src\main\resources to target\classes
2025-02-15 22:07:38,674 [Worker-75: ビルド] INFO  o.a.m.s.f.DefaultMavenResourcesFiltering - Copying 1 resource from src\main\resources to target\classes
2025-02-15 22:07:38,679 [Worker-75: ビルド] INFO  o.a.m.s.f.DefaultMavenResourcesFiltering - skip non existing resourceDirectory C:\Users\miche\OneDrive\Desktop\DOJT\digital-ojt-development-beginner-cause-DroneInventorySystem\DroneInventorySystem\src\test\resources
2025-02-15 22:16:35,593 [Worker-74: ビルド] INFO  o.a.m.s.f.DefaultMavenResourcesFiltering - Copying 1 resource from src\main\resources to target\classes
2025-02-15 22:16:35,609 [Worker-74: ビルド] INFO  o.a.m.s.f.DefaultMavenResourcesFiltering - Copying 52 resources from src\main\resources to target\classes
2025-02-15 22:16:35,628 [Worker-74: ビルド] INFO  o.a.m.s.f.DefaultMavenResourcesFiltering - skip non existing resourceDirectory C:\Users\miche\OneDrive\Desktop\DOJT\digital-ojt-development-beginner-cause-DroneInventorySystem\DroneInventorySystem\src\test\resources
2025-02-15 22:18:15,494 [Worker-74: DroneInventorySystem - DroneInventorySystemApplication の起動] INFO  o.a.m.s.f.DefaultMavenResourcesFiltering - Copying 1 resource from src\main\resources to target\classes
2025-02-15 22:18:15,507 [Worker-74: DroneInventorySystem - DroneInventorySystemApplication の起動] INFO  o.a.m.s.f.DefaultMavenResourcesFiltering - Copying 52 resources from src\main\resources to target\classes
2025-02-15 22:18:15,530 [Worker-74: DroneInventorySystem - DroneInventorySystemApplication の起動] INFO  o.a.m.s.f.DefaultMavenResourcesFiltering - skip non existing resourceDirectory C:\Users\miche\OneDrive\Desktop\DOJT\digital-ojt-development-beginner-cause-DroneInventorySystem\DroneInventorySystem\src\test\resources
2025-02-15 22:25:04,488 [Worker-80: ビルド] INFO  o.a.m.s.f.DefaultMavenResourcesFiltering - Copying 0 resource from src\main\resources to target\classes
2025-02-15 22:25:04,488 [Worker-80: ビルド] INFO  o.a.m.s.f.DefaultMavenResourcesFiltering - Copying 1 resource from src\main\resources to target\classes
2025-02-15 22:25:04,492 [Worker-80: ビルド] INFO  o.a.m.s.f.DefaultMavenResourcesFiltering - skip non existing resourceDirectory C:\Users\miche\OneDrive\Desktop\DOJT\digital-ojt-development-beginner-cause-DroneInventorySystem\DroneInventorySystem\src\test\resources
2025-02-15 22:30:02,071 [Worker-89: ビルド] INFO  o.a.m.s.f.DefaultMavenResourcesFiltering - Copying 0 resource from src\main\resources to target\classes
2025-02-15 22:30:02,072 [Worker-89: ビルド] INFO  o.a.m.s.f.DefaultMavenResourcesFiltering - Copying 1 resource from src\main\resources to target\classes
2025-02-15 22:30:02,076 [Worker-89: ビルド] INFO  o.a.m.s.f.DefaultMavenResourcesFiltering - skip non existing resourceDirectory C:\Users\miche\OneDrive\Desktop\DOJT\digital-ojt-development-beginner-cause-DroneInventorySystem\DroneInventorySystem\src\test\resources
2025-02-15 22:31:02,134 [Worker-95: ビルド] INFO  o.a.m.s.f.DefaultMavenResourcesFiltering - Copying 0 resource from src\main\resources to target\classes
2025-02-15 22:31:02,134 [Worker-95: ビルド] INFO  o.a.m.s.f.DefaultMavenResourcesFiltering - Copying 1 resource from src\main\resources to target\classes
2025-02-15 22:31:02,138 [Worker-95: ビルド] INFO  o.a.m.s.f.DefaultMavenResourcesFiltering - skip non existing resourceDirectory C:\Users\miche\OneDrive\Desktop\DOJT\digital-ojt-development-beginner-cause-DroneInventorySystem\DroneInventorySystem\src\test\resources
2025-02-15 22:36:04,768 [Worker-90: ビルド] INFO  o.a.m.s.f.DefaultMavenResourcesFiltering - Copying 0 resource from src\main\resources to target\classes
2025-02-15 22:36:04,769 [Worker-90: ビルド] INFO  o.a.m.s.f.DefaultMavenResourcesFiltering - Copying 1 resource from src\main\resources to target\classes
2025-02-15 22:36:04,773 [Worker-90: ビルド] INFO  o.a.m.s.f.DefaultMavenResourcesFiltering - skip non existing resourceDirectory C:\Users\miche\OneDrive\Desktop\DOJT\digital-ojt-development-beginner-cause-DroneInventorySystem\DroneInventorySystem\src\test\resources
2025-02-15 22:36:26,759 [Worker-95: ビルド] INFO  o.a.m.s.f.DefaultMavenResourcesFiltering - Copying 0 resource from src\main\resources to target\classes
2025-02-15 22:36:26,759 [Worker-95: ビルド] INFO  o.a.m.s.f.DefaultMavenResourcesFiltering - Copying 1 resource from src\main\resources to target\classes
2025-02-15 22:36:26,763 [Worker-95: ビルド] INFO  o.a.m.s.f.DefaultMavenResourcesFiltering - skip non existing resourceDirectory C:\Users\miche\OneDrive\Desktop\DOJT\digital-ojt-development-beginner-cause-DroneInventorySystem\DroneInventorySystem\src\test\resources
2025-02-15 22:38:55,997 [Worker-98: ビルド] INFO  o.a.m.s.f.DefaultMavenResourcesFiltering - Copying 0 resource from src\main\resources to target\classes
2025-02-15 22:38:55,997 [Worker-98: ビルド] INFO  o.a.m.s.f.DefaultMavenResourcesFiltering - Copying 1 resource from src\main\resources to target\classes
2025-02-15 22:38:56,003 [Worker-98: ビルド] INFO  o.a.m.s.f.DefaultMavenResourcesFiltering - skip non existing resourceDirectory C:\Users\miche\OneDrive\Desktop\DOJT\digital-ojt-development-beginner-cause-DroneInventorySystem\DroneInventorySystem\src\test\resources
2025-02-15 22:39:32,802 [Worker-97: ビルド] INFO  o.a.m.s.f.DefaultMavenResourcesFiltering - Copying 1 resource from src\main\resources to target\classes
2025-02-15 22:39:33,128 [Worker-97: ビルド] INFO  o.a.m.s.f.DefaultMavenResourcesFiltering - Copying 52 resources from src\main\resources to target\classes
2025-02-15 22:39:33,152 [Worker-97: ビルド] INFO  o.a.m.s.f.DefaultMavenResourcesFiltering - skip non existing resourceDirectory C:\Users\miche\OneDrive\Desktop\DOJT\digital-ojt-development-beginner-cause-DroneInventorySystem\DroneInventorySystem\src\test\resources
2025-02-15 22:47:56,969 [Worker-90: ビルド] INFO  o.a.m.s.f.DefaultMavenResourcesFiltering - Copying 1 resource from src\main\resources to target\classes
2025-02-15 22:47:56,983 [Worker-90: ビルド] INFO  o.a.m.s.f.DefaultMavenResourcesFiltering - Copying 52 resources from src\main\resources to target\classes
2025-02-15 22:47:57,000 [Worker-90: ビルド] INFO  o.a.m.s.f.DefaultMavenResourcesFiltering - skip non existing resourceDirectory C:\Users\miche\OneDrive\Desktop\DOJT\digital-ojt-development-beginner-cause-DroneInventorySystem\DroneInventorySystem\src\test\resources
2025-02-15 22:48:44,026 [Worker-90: ビルド] INFO  o.a.m.s.f.DefaultMavenResourcesFiltering - Copying 1 resource from src\main\resources to target\classes
2025-02-15 22:48:44,035 [Worker-90: ビルド] INFO  o.a.m.s.f.DefaultMavenResourcesFiltering - Copying 52 resources from src\main\resources to target\classes
2025-02-15 22:48:44,051 [Worker-90: ビルド] INFO  o.a.m.s.f.DefaultMavenResourcesFiltering - skip non existing resourceDirectory C:\Users\miche\OneDrive\Desktop\DOJT\digital-ojt-development-beginner-cause-DroneInventorySystem\DroneInventorySystem\src\test\resources
2025-02-15 22:50:38,820 [Worker-118: ビルド] INFO  o.a.m.s.f.DefaultMavenResourcesFiltering - Copying 1 resource from src\main\resources to target\classes
2025-02-15 22:50:39,019 [Worker-118: ビルド] INFO  o.a.m.s.f.DefaultMavenResourcesFiltering - Copying 52 resources from src\main\resources to target\classes
2025-02-15 22:50:39,036 [Worker-118: ビルド] INFO  o.a.m.s.f.DefaultMavenResourcesFiltering - skip non existing resourceDirectory C:\Users\miche\OneDrive\Desktop\DOJT\digital-ojt-development-beginner-cause-DroneInventorySystem\DroneInventorySystem\src\test\resources
2025-02-15 22:50:51,249 [Worker-116: ビルド] INFO  o.a.m.s.f.DefaultMavenResourcesFiltering - Copying 1 resource from src\main\resources to target\classes
2025-02-15 22:50:51,280 [Worker-116: ビルド] INFO  o.a.m.s.f.DefaultMavenResourcesFiltering - Copying 52 resources from src\main\resources to target\classes
2025-02-15 22:50:51,296 [Worker-116: ビルド] INFO  o.a.m.s.f.DefaultMavenResourcesFiltering - skip non existing resourceDirectory C:\Users\miche\OneDrive\Desktop\DOJT\digital-ojt-development-beginner-cause-DroneInventorySystem\DroneInventorySystem\src\test\resources
2025-02-15 22:50:59,999 [Worker-105: ビルド] INFO  o.a.m.s.f.DefaultMavenResourcesFiltering - Copying 1 resource from src\main\resources to target\classes
2025-02-15 22:51:00,009 [Worker-105: ビルド] INFO  o.a.m.s.f.DefaultMavenResourcesFiltering - Copying 52 resources from src\main\resources to target\classes
2025-02-15 22:51:00,025 [Worker-105: ビルド] INFO  o.a.m.s.f.DefaultMavenResourcesFiltering - skip non existing resourceDirectory C:\Users\miche\OneDrive\Desktop\DOJT\digital-ojt-development-beginner-cause-DroneInventorySystem\DroneInventorySystem\src\test\resources
2025-02-15 22:51:07,069 [Worker-119: ビルド] INFO  o.a.m.s.f.DefaultMavenResourcesFiltering - Copying 1 resource from src\main\resources to target\classes
2025-02-15 22:51:07,078 [Worker-119: ビルド] INFO  o.a.m.s.f.DefaultMavenResourcesFiltering - Copying 52 resources from src\main\resources to target\classes
2025-02-15 22:51:07,095 [Worker-119: ビルド] INFO  o.a.m.s.f.DefaultMavenResourcesFiltering - skip non existing resourceDirectory C:\Users\miche\OneDrive\Desktop\DOJT\digital-ojt-development-beginner-cause-DroneInventorySystem\DroneInventorySystem\src\test\resources
2025-02-15 22:51:28,192 [Worker-90: ビルド] INFO  o.a.m.s.f.DefaultMavenResourcesFiltering - Copying 1 resource from src\main\resources to target\classes
2025-02-15 22:51:28,206 [Worker-90: ビルド] INFO  o.a.m.s.f.DefaultMavenResourcesFiltering - Copying 52 resources from src\main\resources to target\classes
2025-02-15 22:51:28,225 [Worker-90: ビルド] INFO  o.a.m.s.f.DefaultMavenResourcesFiltering - skip non existing resourceDirectory C:\Users\miche\OneDrive\Desktop\DOJT\digital-ojt-development-beginner-cause-DroneInventorySystem\DroneInventorySystem\src\test\resources
2025-02-15 22:51:38,693 [Worker-119: ビルド] INFO  o.a.m.s.f.DefaultMavenResourcesFiltering - Copying 1 resource from src\main\resources to target\classes
2025-02-15 22:51:38,702 [Worker-119: ビルド] INFO  o.a.m.s.f.DefaultMavenResourcesFiltering - Copying 52 resources from src\main\resources to target\classes
2025-02-15 22:51:38,719 [Worker-119: ビルド] INFO  o.a.m.s.f.DefaultMavenResourcesFiltering - skip non existing resourceDirectory C:\Users\miche\OneDrive\Desktop\DOJT\digital-ojt-development-beginner-cause-DroneInventorySystem\DroneInventorySystem\src\test\resources
2025-02-15 22:52:25,552 [Worker-118: ビルド] INFO  o.a.m.s.f.DefaultMavenResourcesFiltering - Copying 1 resource from src\main\resources to target\classes
2025-02-15 22:52:25,568 [Worker-118: ビルド] INFO  o.a.m.s.f.DefaultMavenResourcesFiltering - Copying 52 resources from src\main\resources to target\classes
2025-02-15 22:52:25,586 [Worker-118: ビルド] INFO  o.a.m.s.f.DefaultMavenResourcesFiltering - skip non existing resourceDirectory C:\Users\miche\OneDrive\Desktop\DOJT\digital-ojt-development-beginner-cause-DroneInventorySystem\DroneInventorySystem\src\test\resources
2025-02-15 22:53:01,009 [Worker-116: ビルド] INFO  o.a.m.s.f.DefaultMavenResourcesFiltering - Copying 1 resource from src\main\resources to target\classes
2025-02-15 22:53:01,024 [Worker-116: ビルド] INFO  o.a.m.s.f.DefaultMavenResourcesFiltering - Copying 52 resources from src\main\resources to target\classes
2025-02-15 22:53:01,041 [Worker-116: ビルド] INFO  o.a.m.s.f.DefaultMavenResourcesFiltering - skip non existing resourceDirectory C:\Users\miche\OneDrive\Desktop\DOJT\digital-ojt-development-beginner-cause-DroneInventorySystem\DroneInventorySystem\src\test\resources
2025-02-15 22:54:26,587 [Worker-118: ビルド] INFO  o.a.m.s.f.DefaultMavenResourcesFiltering - Copying 1 resource from src\main\resources to target\classes
2025-02-15 22:54:26,779 [Worker-118: ビルド] INFO  o.a.m.s.f.DefaultMavenResourcesFiltering - Copying 52 resources from src\main\resources to target\classes
2025-02-15 22:54:26,796 [Worker-118: ビルド] INFO  o.a.m.s.f.DefaultMavenResourcesFiltering - skip non existing resourceDirectory C:\Users\miche\OneDrive\Desktop\DOJT\digital-ojt-development-beginner-cause-DroneInventorySystem\DroneInventorySystem\src\test\resources
2025-02-15 22:55:07,891 [Worker-122: ビルド] INFO  o.a.m.s.f.DefaultMavenResourcesFiltering - Copying 1 resource from src\main\resources to target\classes
2025-02-15 22:55:07,900 [Worker-122: ビルド] INFO  o.a.m.s.f.DefaultMavenResourcesFiltering - Copying 52 resources from src\main\resources to target\classes
2025-02-15 22:55:07,920 [Worker-122: ビルド] INFO  o.a.m.s.f.DefaultMavenResourcesFiltering - skip non existing resourceDirectory C:\Users\miche\OneDrive\Desktop\DOJT\digital-ojt-development-beginner-cause-DroneInventorySystem\DroneInventorySystem\src\test\resources
2025-02-15 22:55:20,631 [Worker-116: ビルド] INFO  o.a.m.s.f.DefaultMavenResourcesFiltering - Copying 1 resource from src\main\resources to target\classes
2025-02-15 22:55:20,640 [Worker-116: ビルド] INFO  o.a.m.s.f.DefaultMavenResourcesFiltering - Copying 52 resources from src\main\resources to target\classes
2025-02-15 22:55:20,657 [Worker-116: ビルド] INFO  o.a.m.s.f.DefaultMavenResourcesFiltering - skip non existing resourceDirectory C:\Users\miche\OneDrive\Desktop\DOJT\digital-ojt-development-beginner-cause-DroneInventorySystem\DroneInventorySystem\src\test\resources
2025-02-15 22:56:37,875 [Worker-117: ビルド] INFO  o.a.m.s.f.DefaultMavenResourcesFiltering - Copying 1 resource from src\main\resources to target\classes
2025-02-15 22:56:37,885 [Worker-117: ビルド] INFO  o.a.m.s.f.DefaultMavenResourcesFiltering - Copying 52 resources from src\main\resources to target\classes
2025-02-15 22:56:37,902 [Worker-117: ビルド] INFO  o.a.m.s.f.DefaultMavenResourcesFiltering - skip non existing resourceDirectory C:\Users\miche\OneDrive\Desktop\DOJT\digital-ojt-development-beginner-cause-DroneInventorySystem\DroneInventorySystem\src\test\resources
2025-02-15 22:56:51,181 [Worker-122: ビルド] INFO  o.a.m.s.f.DefaultMavenResourcesFiltering - Copying 1 resource from src\main\resources to target\classes
2025-02-15 22:56:51,384 [Worker-122: ビルド] INFO  o.a.m.s.f.DefaultMavenResourcesFiltering - Copying 52 resources from src\main\resources to target\classes
2025-02-15 22:56:51,402 [Worker-122: ビルド] INFO  o.a.m.s.f.DefaultMavenResourcesFiltering - skip non existing resourceDirectory C:\Users\miche\OneDrive\Desktop\DOJT\digital-ojt-development-beginner-cause-DroneInventorySystem\DroneInventorySystem\src\test\resources
2025-02-15 22:57:07,128 [Worker-114: ビルド] INFO  o.a.m.s.f.DefaultMavenResourcesFiltering - Copying 1 resource from src\main\resources to target\classes
2025-02-15 22:57:07,136 [Worker-114: ビルド] INFO  o.a.m.s.f.DefaultMavenResourcesFiltering - Copying 52 resources from src\main\resources to target\classes
2025-02-15 22:57:07,156 [Worker-114: ビルド] INFO  o.a.m.s.f.DefaultMavenResourcesFiltering - skip non existing resourceDirectory C:\Users\miche\OneDrive\Desktop\DOJT\digital-ojt-development-beginner-cause-DroneInventorySystem\DroneInventorySystem\src\test\resources
2025-02-15 22:58:25,269 [Worker-118: ビルド] INFO  o.a.m.s.f.DefaultMavenResourcesFiltering - Copying 1 resource from src\main\resources to target\classes
2025-02-15 22:58:25,280 [Worker-118: ビルド] INFO  o.a.m.s.f.DefaultMavenResourcesFiltering - Copying 52 resources from src\main\resources to target\classes
2025-02-15 22:58:25,297 [Worker-118: ビルド] INFO  o.a.m.s.f.DefaultMavenResourcesFiltering - skip non existing resourceDirectory C:\Users\miche\OneDrive\Desktop\DOJT\digital-ojt-development-beginner-cause-DroneInventorySystem\DroneInventorySystem\src\test\resources
2025-02-15 22:58:42,343 [Worker-116: ビルド] INFO  o.a.m.s.f.DefaultMavenResourcesFiltering - Copying 1 resource from src\main\resources to target\classes
2025-02-15 22:58:42,356 [Worker-116: ビルド] INFO  o.a.m.s.f.DefaultMavenResourcesFiltering - Copying 52 resources from src\main\resources to target\classes
2025-02-15 22:58:42,378 [Worker-116: ビルド] INFO  o.a.m.s.f.DefaultMavenResourcesFiltering - skip non existing resourceDirectory C:\Users\miche\OneDrive\Desktop\DOJT\digital-ojt-development-beginner-cause-DroneInventorySystem\DroneInventorySystem\src\test\resources
2025-02-15 23:00:30,734 [Worker-118: ビルド] INFO  o.a.m.s.f.DefaultMavenResourcesFiltering - Copying 1 resource from src\main\resources to target\classes
2025-02-15 23:00:30,745 [Worker-118: ビルド] INFO  o.a.m.s.f.DefaultMavenResourcesFiltering - Copying 52 resources from src\main\resources to target\classes
2025-02-15 23:00:30,764 [Worker-118: ビルド] INFO  o.a.m.s.f.DefaultMavenResourcesFiltering - skip non existing resourceDirectory C:\Users\miche\OneDrive\Desktop\DOJT\digital-ojt-development-beginner-cause-DroneInventorySystem\DroneInventorySystem\src\test\resources
2025-02-15 23:05:53,570 [Worker-124: ビルド] INFO  o.a.m.s.f.DefaultMavenResourcesFiltering - Copying 1 resource from src\main\resources to target\classes
2025-02-15 23:05:53,581 [Worker-124: ビルド] INFO  o.a.m.s.f.DefaultMavenResourcesFiltering - Copying 52 resources from src\main\resources to target\classes
2025-02-15 23:05:53,597 [Worker-124: ビルド] INFO  o.a.m.s.f.DefaultMavenResourcesFiltering - skip non existing resourceDirectory C:\Users\miche\OneDrive\Desktop\DOJT\digital-ojt-development-beginner-cause-DroneInventorySystem\DroneInventorySystem\src\test\resources
2025-02-15 23:07:01,873 [Worker-124: ビルド] INFO  o.a.m.s.f.DefaultMavenResourcesFiltering - Copying 1 resource from src\main\resources to target\classes
2025-02-15 23:07:01,900 [Worker-124: ビルド] INFO  o.a.m.s.f.DefaultMavenResourcesFiltering - Copying 52 resources from src\main\resources to target\classes
2025-02-15 23:07:01,917 [Worker-124: ビルド] INFO  o.a.m.s.f.DefaultMavenResourcesFiltering - skip non existing resourceDirectory C:\Users\miche\OneDrive\Desktop\DOJT\digital-ojt-development-beginner-cause-DroneInventorySystem\DroneInventorySystem\src\test\resources
2025-02-15 23:10:32,626 [Worker-114: ビルド] INFO  o.a.m.s.f.DefaultMavenResourcesFiltering - Copying 1 resource from src\main\resources to target\classes
2025-02-15 23:10:32,649 [Worker-114: ビルド] INFO  o.a.m.s.f.DefaultMavenResourcesFiltering - Copying 52 resources from src\main\resources to target\classes
2025-02-15 23:10:32,667 [Worker-114: ビルド] INFO  o.a.m.s.f.DefaultMavenResourcesFiltering - skip non existing resourceDirectory C:\Users\miche\OneDrive\Desktop\DOJT\digital-ojt-development-beginner-cause-DroneInventorySystem\DroneInventorySystem\src\test\resources
2025-02-15 23:11:58,589 [Worker-114: ビルド] INFO  o.a.m.s.f.DefaultMavenResourcesFiltering - Copying 1 resource from src\main\resources to target\classes
2025-02-15 23:11:58,791 [Worker-114: ビルド] INFO  o.a.m.s.f.DefaultMavenResourcesFiltering - Copying 52 resources from src\main\resources to target\classes
2025-02-15 23:11:58,809 [Worker-114: ビルド] INFO  o.a.m.s.f.DefaultMavenResourcesFiltering - skip non existing resourceDirectory C:\Users\miche\OneDrive\Desktop\DOJT\digital-ojt-development-beginner-cause-DroneInventorySystem\DroneInventorySystem\src\test\resources
2025-02-15 23:12:49,097 [Worker-114: ビルド] INFO  o.a.m.s.f.DefaultMavenResourcesFiltering - Copying 1 resource from src\main\resources to target\classes
2025-02-15 23:12:49,105 [Worker-114: ビルド] INFO  o.a.m.s.f.DefaultMavenResourcesFiltering - Copying 52 resources from src\main\resources to target\classes
2025-02-15 23:12:49,123 [Worker-114: ビルド] INFO  o.a.m.s.f.DefaultMavenResourcesFiltering - skip non existing resourceDirectory C:\Users\miche\OneDrive\Desktop\DOJT\digital-ojt-development-beginner-cause-DroneInventorySystem\DroneInventorySystem\src\test\resources
2025-02-15 23:18:40,173 [Worker-126: ビルド] INFO  o.a.m.s.f.DefaultMavenResourcesFiltering - Copying 1 resource from src\main\resources to target\classes
2025-02-15 23:18:40,199 [Worker-126: ビルド] INFO  o.a.m.s.f.DefaultMavenResourcesFiltering - Copying 52 resources from src\main\resources to target\classes
2025-02-15 23:18:40,217 [Worker-126: ビルド] INFO  o.a.m.s.f.DefaultMavenResourcesFiltering - skip non existing resourceDirectory C:\Users\miche\OneDrive\Desktop\DOJT\digital-ojt-development-beginner-cause-DroneInventorySystem\DroneInventorySystem\src\test\resources
2025-02-15 23:26:51,447 [Worker-136: ビルド] INFO  o.a.m.s.f.DefaultMavenResourcesFiltering - Copying 0 resource from src\main\resources to target\classes
2025-02-15 23:26:51,447 [Worker-136: ビルド] INFO  o.a.m.s.f.DefaultMavenResourcesFiltering - Copying 1 resource from src\main\resources to target\classes
2025-02-15 23:26:51,452 [Worker-136: ビルド] INFO  o.a.m.s.f.DefaultMavenResourcesFiltering - skip non existing resourceDirectory C:\Users\miche\OneDrive\Desktop\DOJT\digital-ojt-development-beginner-cause-DroneInventorySystem\DroneInventorySystem\src\test\resources
2025-02-15 23:44:33,478 [Worker-141: ビルド] INFO  o.a.m.s.f.DefaultMavenResourcesFiltering - Copying 1 resource from src\main\resources to target\classes
2025-02-15 23:44:33,847 [Worker-141: ビルド] INFO  o.a.m.s.f.DefaultMavenResourcesFiltering - Copying 52 resources from src\main\resources to target\classes
2025-02-15 23:44:33,866 [Worker-141: ビルド] INFO  o.a.m.s.f.DefaultMavenResourcesFiltering - skip non existing resourceDirectory C:\Users\miche\OneDrive\Desktop\DOJT\digital-ojt-development-beginner-cause-DroneInventorySystem\DroneInventorySystem\src\test\resources
2025-02-15 23:47:23,921 [Worker-147: ビルド] INFO  o.a.m.s.f.DefaultMavenResourcesFiltering - Copying 1 resource from src\main\resources to target\classes
2025-02-15 23:47:23,939 [Worker-147: ビルド] INFO  o.a.m.s.f.DefaultMavenResourcesFiltering - Copying 52 resources from src\main\resources to target\classes
2025-02-15 23:47:23,959 [Worker-147: ビルド] INFO  o.a.m.s.f.DefaultMavenResourcesFiltering - skip non existing resourceDirectory C:\Users\miche\OneDrive\Desktop\DOJT\digital-ojt-development-beginner-cause-DroneInventorySystem\DroneInventorySystem\src\test\resources
2025-02-16 00:07:18,986 [Worker-150: ビルド] INFO  o.a.m.s.f.DefaultMavenResourcesFiltering - Copying 1 resource from src\main\resources to target\classes
2025-02-16 00:07:19,015 [Worker-150: ビルド] INFO  o.a.m.s.f.DefaultMavenResourcesFiltering - Copying 52 resources from src\main\resources to target\classes
2025-02-16 00:07:19,034 [Worker-150: ビルド] INFO  o.a.m.s.f.DefaultMavenResourcesFiltering - skip non existing resourceDirectory C:\Users\miche\OneDrive\Desktop\DOJT\digital-ojt-development-beginner-cause-DroneInventorySystem\DroneInventorySystem\src\test\resources
2025-02-16 21:21:17,345 [Worker-2: Loading available Gradle versions] INFO  o.e.b.c.i.u.g.PublishedGradleVersions - Gradle version information cache is out-of-date. Trying to update.
2025-02-16 21:26:53,296 [Worker-11: ビルド] INFO  o.a.m.s.f.DefaultMavenResourcesFiltering - Copying 1 resource from src\main\resources to target\classes
2025-02-16 21:26:53,313 [Worker-11: ビルド] INFO  o.a.m.s.f.DefaultMavenResourcesFiltering - Copying 52 resources from src\main\resources to target\classes
2025-02-16 21:26:53,349 [Worker-11: ビルド] INFO  o.a.m.s.f.DefaultMavenResourcesFiltering - skip non existing resourceDirectory C:\Users\miche\OneDrive\Desktop\DOJT\digital-ojt-development-beginner-cause-DroneInventorySystem\DroneInventorySystem\src\test\resources
2025-02-16 21:29:27,593 [Worker-7: ビルド] INFO  o.a.m.s.f.DefaultMavenResourcesFiltering - Copying 1 resource from src\main\resources to target\classes
2025-02-16 21:29:27,609 [Worker-7: ビルド] INFO  o.a.m.s.f.DefaultMavenResourcesFiltering - Copying 52 resources from src\main\resources to target\classes
2025-02-16 21:29:27,629 [Worker-7: ビルド] INFO  o.a.m.s.f.DefaultMavenResourcesFiltering - skip non existing resourceDirectory C:\Users\miche\OneDrive\Desktop\DOJT\digital-ojt-development-beginner-cause-DroneInventorySystem\DroneInventorySystem\src\test\resources
2025-02-16 21:29:56,540 [Worker-5: ビルド] INFO  o.a.m.s.f.DefaultMavenResourcesFiltering - Copying 1 resource from src\main\resources to target\classes
2025-02-16 21:29:56,552 [Worker-5: ビルド] INFO  o.a.m.s.f.DefaultMavenResourcesFiltering - Copying 52 resources from src\main\resources to target\classes
2025-02-16 21:29:56,570 [Worker-5: ビルド] INFO  o.a.m.s.f.DefaultMavenResourcesFiltering - skip non existing resourceDirectory C:\Users\miche\OneDrive\Desktop\DOJT\digital-ojt-development-beginner-cause-DroneInventorySystem\DroneInventorySystem\src\test\resources
2025-02-16 21:31:40,005 [Worker-12: ビルド] INFO  o.a.m.s.f.DefaultMavenResourcesFiltering - Copying 0 resource from src\main\resources to target\classes
2025-02-16 21:31:40,005 [Worker-12: ビルド] INFO  o.a.m.s.f.DefaultMavenResourcesFiltering - Copying 0 resource from src\main\resources to target\classes
2025-02-16 21:31:40,007 [Worker-12: ビルド] INFO  o.a.m.s.f.DefaultMavenResourcesFiltering - skip non existing resourceDirectory C:\Users\miche\OneDrive\Desktop\DOJT\digital-ojt-development-beginner-cause-DroneInventorySystem\DroneInventorySystem\src\test\resources
2025-02-16 21:32:06,132 [Worker-12: ビルド] INFO  o.a.m.s.f.DefaultMavenResourcesFiltering - Copying 1 resource from src\main\resources to target\classes
2025-02-16 21:32:06,145 [Worker-12: ビルド] INFO  o.a.m.s.f.DefaultMavenResourcesFiltering - Copying 52 resources from src\main\resources to target\classes
2025-02-16 21:32:06,166 [Worker-12: ビルド] INFO  o.a.m.s.f.DefaultMavenResourcesFiltering - skip non existing resourceDirectory C:\Users\miche\OneDrive\Desktop\DOJT\digital-ojt-development-beginner-cause-DroneInventorySystem\DroneInventorySystem\src\test\resources
2025-02-16 22:17:56,196 [Worker-19: ビルド] INFO  o.a.m.s.f.DefaultMavenResourcesFiltering - Copying 1 resource from src\main\resources to target\classes
2025-02-16 22:17:56,213 [Worker-19: ビルド] INFO  o.a.m.s.f.DefaultMavenResourcesFiltering - Copying 52 resources from src\main\resources to target\classes
2025-02-16 22:17:56,243 [Worker-19: ビルド] INFO  o.a.m.s.f.DefaultMavenResourcesFiltering - skip non existing resourceDirectory C:\Users\miche\OneDrive\Desktop\DOJT\digital-ojt-development-beginner-cause-DroneInventorySystem\DroneInventorySystem\src\test\resources
2025-02-16 22:40:37,173 [Worker-19: ビルド] INFO  o.a.m.s.f.DefaultMavenResourcesFiltering - Copying 1 resource from src\main\resources to target\classes
2025-02-16 22:40:37,187 [Worker-19: ビルド] INFO  o.a.m.s.f.DefaultMavenResourcesFiltering - Copying 52 resources from src\main\resources to target\classes
2025-02-16 22:40:37,215 [Worker-19: ビルド] INFO  o.a.m.s.f.DefaultMavenResourcesFiltering - skip non existing resourceDirectory C:\Users\miche\OneDrive\Desktop\DOJT\digital-ojt-development-beginner-cause-DroneInventorySystem\DroneInventorySystem\src\test\resources
2025-02-16 22:43:21,998 [Worker-27: ビルド] INFO  o.a.m.s.f.DefaultMavenResourcesFiltering - Copying 1 resource from src\main\resources to target\classes
2025-02-16 22:43:22,020 [Worker-27: ビルド] INFO  o.a.m.s.f.DefaultMavenResourcesFiltering - Copying 52 resources from src\main\resources to target\classes
2025-02-16 22:43:22,042 [Worker-27: ビルド] INFO  o.a.m.s.f.DefaultMavenResourcesFiltering - skip non existing resourceDirectory C:\Users\miche\OneDrive\Desktop\DOJT\digital-ojt-development-beginner-cause-DroneInventorySystem\DroneInventorySystem\src\test\resources
2025-02-16 22:47:23,862 [Worker-35: ビルド] INFO  o.a.m.s.f.DefaultMavenResourcesFiltering - Copying 1 resource from src\main\resources to target\classes
2025-02-16 22:47:23,873 [Worker-35: ビルド] INFO  o.a.m.s.f.DefaultMavenResourcesFiltering - Copying 52 resources from src\main\resources to target\classes
2025-02-16 22:47:23,895 [Worker-35: ビルド] INFO  o.a.m.s.f.DefaultMavenResourcesFiltering - skip non existing resourceDirectory C:\Users\miche\OneDrive\Desktop\DOJT\digital-ojt-development-beginner-cause-DroneInventorySystem\DroneInventorySystem\src\test\resources
2025-02-16 22:49:26,432 [Worker-19: ビルド] INFO  o.a.m.s.f.DefaultMavenResourcesFiltering - Copying 1 resource from src\main\resources to target\classes
2025-02-16 22:49:26,445 [Worker-19: ビルド] INFO  o.a.m.s.f.DefaultMavenResourcesFiltering - Copying 52 resources from src\main\resources to target\classes
2025-02-16 22:49:26,470 [Worker-19: ビルド] INFO  o.a.m.s.f.DefaultMavenResourcesFiltering - skip non existing resourceDirectory C:\Users\miche\OneDrive\Desktop\DOJT\digital-ojt-development-beginner-cause-DroneInventorySystem\DroneInventorySystem\src\test\resources
2025-02-16 22:56:04,551 [Worker-35: ビルド] INFO  o.a.m.s.f.DefaultMavenResourcesFiltering - Copying 1 resource from src\main\resources to target\classes
2025-02-16 22:56:04,561 [Worker-35: ビルド] INFO  o.a.m.s.f.DefaultMavenResourcesFiltering - Copying 52 resources from src\main\resources to target\classes
2025-02-16 22:56:04,578 [Worker-35: ビルド] INFO  o.a.m.s.f.DefaultMavenResourcesFiltering - skip non existing resourceDirectory C:\Users\miche\OneDrive\Desktop\DOJT\digital-ojt-development-beginner-cause-DroneInventorySystem\DroneInventorySystem\src\test\resources
2025-02-16 22:59:39,454 [Worker-19: ビルド] INFO  o.a.m.s.f.DefaultMavenResourcesFiltering - Copying 1 resource from src\main\resources to target\classes
2025-02-16 22:59:39,499 [Worker-19: ビルド] INFO  o.a.m.s.f.DefaultMavenResourcesFiltering - Copying 52 resources from src\main\resources to target\classes
2025-02-16 22:59:39,518 [Worker-19: ビルド] INFO  o.a.m.s.f.DefaultMavenResourcesFiltering - skip non existing resourceDirectory C:\Users\miche\OneDrive\Desktop\DOJT\digital-ojt-development-beginner-cause-DroneInventorySystem\DroneInventorySystem\src\test\resources
2025-02-16 23:01:17,084 [Worker-35: ビルド] INFO  o.a.m.s.f.DefaultMavenResourcesFiltering - Copying 1 resource from src\main\resources to target\classes
2025-02-16 23:01:17,096 [Worker-35: ビルド] INFO  o.a.m.s.f.DefaultMavenResourcesFiltering - Copying 52 resources from src\main\resources to target\classes
2025-02-16 23:01:17,121 [Worker-35: ビルド] INFO  o.a.m.s.f.DefaultMavenResourcesFiltering - skip non existing resourceDirectory C:\Users\miche\OneDrive\Desktop\DOJT\digital-ojt-development-beginner-cause-DroneInventorySystem\DroneInventorySystem\src\test\resources
2025-02-16 23:01:24,874 [Worker-37: ビルド] INFO  o.a.m.s.f.DefaultMavenResourcesFiltering - Copying 1 resource from src\main\resources to target\classes
2025-02-16 23:01:24,886 [Worker-37: ビルド] INFO  o.a.m.s.f.DefaultMavenResourcesFiltering - Copying 52 resources from src\main\resources to target\classes
2025-02-16 23:01:24,917 [Worker-37: ビルド] INFO  o.a.m.s.f.DefaultMavenResourcesFiltering - skip non existing resourceDirectory C:\Users\miche\OneDrive\Desktop\DOJT\digital-ojt-development-beginner-cause-DroneInventorySystem\DroneInventorySystem\src\test\resources
2025-02-16 23:03:48,919 [Worker-36: ビルド] INFO  o.a.m.s.f.DefaultMavenResourcesFiltering - Copying 1 resource from src\main\resources to target\classes
2025-02-16 23:03:48,946 [Worker-36: ビルド] INFO  o.a.m.s.f.DefaultMavenResourcesFiltering - Copying 52 resources from src\main\resources to target\classes
2025-02-16 23:03:48,969 [Worker-36: ビルド] INFO  o.a.m.s.f.DefaultMavenResourcesFiltering - skip non existing resourceDirectory C:\Users\miche\OneDrive\Desktop\DOJT\digital-ojt-development-beginner-cause-DroneInventorySystem\DroneInventorySystem\src\test\resources
2025-02-16 23:04:02,427 [Worker-19: ビルド] INFO  o.a.m.s.f.DefaultMavenResourcesFiltering - Copying 1 resource from src\main\resources to target\classes
2025-02-16 23:04:02,437 [Worker-19: ビルド] INFO  o.a.m.s.f.DefaultMavenResourcesFiltering - Copying 52 resources from src\main\resources to target\classes
2025-02-16 23:04:02,455 [Worker-19: ビルド] INFO  o.a.m.s.f.DefaultMavenResourcesFiltering - skip non existing resourceDirectory C:\Users\miche\OneDrive\Desktop\DOJT\digital-ojt-development-beginner-cause-DroneInventorySystem\DroneInventorySystem\src\test\resources
2025-02-16 23:07:49,080 [Worker-40: ビルド] INFO  o.a.m.s.f.DefaultMavenResourcesFiltering - Copying 1 resource from src\main\resources to target\classes
2025-02-16 23:07:49,090 [Worker-40: ビルド] INFO  o.a.m.s.f.DefaultMavenResourcesFiltering - Copying 52 resources from src\main\resources to target\classes
2025-02-16 23:07:49,110 [Worker-40: ビルド] INFO  o.a.m.s.f.DefaultMavenResourcesFiltering - skip non existing resourceDirectory C:\Users\miche\OneDrive\Desktop\DOJT\digital-ojt-development-beginner-cause-DroneInventorySystem\DroneInventorySystem\src\test\resources
2025-02-16 23:08:09,340 [Worker-41: ビルド] INFO  o.a.m.s.f.DefaultMavenResourcesFiltering - Copying 1 resource from src\main\resources to target\classes
2025-02-16 23:08:09,352 [Worker-41: ビルド] INFO  o.a.m.s.f.DefaultMavenResourcesFiltering - Copying 52 resources from src\main\resources to target\classes
2025-02-16 23:08:09,370 [Worker-41: ビルド] INFO  o.a.m.s.f.DefaultMavenResourcesFiltering - skip non existing resourceDirectory C:\Users\miche\OneDrive\Desktop\DOJT\digital-ojt-development-beginner-cause-DroneInventorySystem\DroneInventorySystem\src\test\resources
2025-02-16 23:09:15,150 [Worker-42: ビルド] INFO  o.a.m.s.f.DefaultMavenResourcesFiltering - Copying 1 resource from src\main\resources to target\classes
2025-02-16 23:09:15,160 [Worker-42: ビルド] INFO  o.a.m.s.f.DefaultMavenResourcesFiltering - Copying 52 resources from src\main\resources to target\classes
2025-02-16 23:09:15,185 [Worker-42: ビルド] INFO  o.a.m.s.f.DefaultMavenResourcesFiltering - skip non existing resourceDirectory C:\Users\miche\OneDrive\Desktop\DOJT\digital-ojt-development-beginner-cause-DroneInventorySystem\DroneInventorySystem\src\test\resources
2025-02-16 23:10:10,656 [Worker-41: ビルド] INFO  o.a.m.s.f.DefaultMavenResourcesFiltering - Copying 1 resource from src\main\resources to target\classes
2025-02-16 23:10:10,666 [Worker-41: ビルド] INFO  o.a.m.s.f.DefaultMavenResourcesFiltering - Copying 52 resources from src\main\resources to target\classes
2025-02-16 23:10:10,690 [Worker-41: ビルド] INFO  o.a.m.s.f.DefaultMavenResourcesFiltering - skip non existing resourceDirectory C:\Users\miche\OneDrive\Desktop\DOJT\digital-ojt-development-beginner-cause-DroneInventorySystem\DroneInventorySystem\src\test\resources
2025-02-16 23:11:42,790 [Worker-40: ビルド] INFO  o.a.m.s.f.DefaultMavenResourcesFiltering - Copying 1 resource from src\main\resources to target\classes
2025-02-16 23:11:42,800 [Worker-40: ビルド] INFO  o.a.m.s.f.DefaultMavenResourcesFiltering - Copying 52 resources from src\main\resources to target\classes
2025-02-16 23:11:42,818 [Worker-40: ビルド] INFO  o.a.m.s.f.DefaultMavenResourcesFiltering - skip non existing resourceDirectory C:\Users\miche\OneDrive\Desktop\DOJT\digital-ojt-development-beginner-cause-DroneInventorySystem\DroneInventorySystem\src\test\resources
2025-02-16 23:13:33,240 [Worker-40: ビルド] INFO  o.a.m.s.f.DefaultMavenResourcesFiltering - Copying 1 resource from src\main\resources to target\classes
2025-02-16 23:13:33,251 [Worker-40: ビルド] INFO  o.a.m.s.f.DefaultMavenResourcesFiltering - Copying 52 resources from src\main\resources to target\classes
2025-02-16 23:13:33,273 [Worker-40: ビルド] INFO  o.a.m.s.f.DefaultMavenResourcesFiltering - skip non existing resourceDirectory C:\Users\miche\OneDrive\Desktop\DOJT\digital-ojt-development-beginner-cause-DroneInventorySystem\DroneInventorySystem\src\test\resources
2025-02-16 23:16:08,859 [Worker-45: ビルド] INFO  o.a.m.s.f.DefaultMavenResourcesFiltering - Copying 1 resource from src\main\resources to target\classes
2025-02-16 23:16:08,896 [Worker-45: ビルド] INFO  o.a.m.s.f.DefaultMavenResourcesFiltering - Copying 52 resources from src\main\resources to target\classes
2025-02-16 23:16:08,919 [Worker-45: ビルド] INFO  o.a.m.s.f.DefaultMavenResourcesFiltering - skip non existing resourceDirectory C:\Users\miche\OneDrive\Desktop\DOJT\digital-ojt-development-beginner-cause-DroneInventorySystem\DroneInventorySystem\src\test\resources
2025-02-16 23:16:48,343 [Worker-38: ビルド] INFO  o.a.m.s.f.DefaultMavenResourcesFiltering - Copying 1 resource from src\main\resources to target\classes
2025-02-16 23:16:48,352 [Worker-38: ビルド] INFO  o.a.m.s.f.DefaultMavenResourcesFiltering - Copying 52 resources from src\main\resources to target\classes
2025-02-16 23:16:48,382 [Worker-38: ビルド] INFO  o.a.m.s.f.DefaultMavenResourcesFiltering - skip non existing resourceDirectory C:\Users\miche\OneDrive\Desktop\DOJT\digital-ojt-development-beginner-cause-DroneInventorySystem\DroneInventorySystem\src\test\resources
2025-02-16 23:21:29,534 [Worker-46: ビルド] INFO  o.a.m.s.f.DefaultMavenResourcesFiltering - Copying 1 resource from src\main\resources to target\classes
2025-02-16 23:21:29,545 [Worker-46: ビルド] INFO  o.a.m.s.f.DefaultMavenResourcesFiltering - Copying 52 resources from src\main\resources to target\classes
2025-02-16 23:21:29,562 [Worker-46: ビルド] INFO  o.a.m.s.f.DefaultMavenResourcesFiltering - skip non existing resourceDirectory C:\Users\miche\OneDrive\Desktop\DOJT\digital-ojt-development-beginner-cause-DroneInventorySystem\DroneInventorySystem\src\test\resources
2025-02-16 23:30:41,036 [Worker-3: Loading available Gradle versions] INFO  o.e.b.c.i.u.g.PublishedGradleVersions - Gradle version information cache is up-to-date. Trying to read.
2025-02-17 20:23:03,294 [Worker-1: Loading available Gradle versions] INFO  o.e.b.c.i.u.g.PublishedGradleVersions - Gradle version information cache is up-to-date. Trying to read.
2025-02-17 23:37:10,425 [Worker-17: ビルド] INFO  o.a.m.s.f.DefaultMavenResourcesFiltering - Copying 1 resource from src\main\resources to target\classes
2025-02-17 23:37:10,445 [Worker-17: ビルド] INFO  o.a.m.s.f.DefaultMavenResourcesFiltering - Copying 52 resources from src\main\resources to target\classes
2025-02-17 23:37:10,524 [Worker-17: ビルド] INFO  o.a.m.s.f.DefaultMavenResourcesFiltering - skip non existing resourceDirectory C:\Users\miche\OneDrive\Desktop\DOJT\digital-ojt-development-beginner-cause-DroneInventorySystem\DroneInventorySystem\src\test\resources
2025-02-17 23:37:47,755 [Worker-19: ビルド] INFO  o.a.m.s.f.DefaultMavenResourcesFiltering - Copying 1 resource from src\main\resources to target\classes
2025-02-17 23:37:47,772 [Worker-19: ビルド] INFO  o.a.m.s.f.DefaultMavenResourcesFiltering - Copying 52 resources from src\main\resources to target\classes
2025-02-17 23:37:47,790 [Worker-19: ビルド] INFO  o.a.m.s.f.DefaultMavenResourcesFiltering - skip non existing resourceDirectory C:\Users\miche\OneDrive\Desktop\DOJT\digital-ojt-development-beginner-cause-DroneInventorySystem\DroneInventorySystem\src\test\resources
2025-02-18 19:59:26,867 [Worker-7: Loading available Gradle versions] INFO  o.e.b.c.i.u.g.PublishedGradleVersions - Gradle version information cache is out-of-date. Trying to update.
2025-02-18 20:19:43,275 [Worker-19: ビルド] INFO  o.a.m.s.f.DefaultMavenResourcesFiltering - Copying 1 resource from src\main\resources to target\classes
2025-02-18 20:19:43,306 [Worker-19: ビルド] INFO  o.a.m.s.f.DefaultMavenResourcesFiltering - Copying 52 resources from src\main\resources to target\classes
2025-02-18 20:19:43,343 [Worker-19: ビルド] INFO  o.a.m.s.f.DefaultMavenResourcesFiltering - skip non existing resourceDirectory C:\Users\miche\OneDrive\Desktop\DOJT\digital-ojt-development-beginner-cause-DroneInventorySystem\DroneInventorySystem\src\test\resources
2025-02-18 20:20:16,240 [Worker-25: ビルド] INFO  o.a.m.s.f.DefaultMavenResourcesFiltering - Copying 1 resource from src\main\resources to target\classes
2025-02-18 20:20:16,251 [Worker-25: ビルド] INFO  o.a.m.s.f.DefaultMavenResourcesFiltering - Copying 52 resources from src\main\resources to target\classes
2025-02-18 20:20:16,268 [Worker-25: ビルド] INFO  o.a.m.s.f.DefaultMavenResourcesFiltering - skip non existing resourceDirectory C:\Users\miche\OneDrive\Desktop\DOJT\digital-ojt-development-beginner-cause-DroneInventorySystem\DroneInventorySystem\src\test\resources
2025-02-18 20:20:45,150 [Worker-26: ビルド] INFO  o.a.m.s.f.DefaultMavenResourcesFiltering - Copying 1 resource from src\main\resources to target\classes
2025-02-18 20:20:45,159 [Worker-26: ビルド] INFO  o.a.m.s.f.DefaultMavenResourcesFiltering - Copying 52 resources from src\main\resources to target\classes
2025-02-18 20:20:45,177 [Worker-26: ビルド] INFO  o.a.m.s.f.DefaultMavenResourcesFiltering - skip non existing resourceDirectory C:\Users\miche\OneDrive\Desktop\DOJT\digital-ojt-development-beginner-cause-DroneInventorySystem\DroneInventorySystem\src\test\resources
2025-02-18 20:20:52,926 [Worker-26: ビルド] INFO  o.a.m.s.f.DefaultMavenResourcesFiltering - Copying 1 resource from src\main\resources to target\classes
2025-02-18 20:20:52,935 [Worker-26: ビルド] INFO  o.a.m.s.f.DefaultMavenResourcesFiltering - Copying 52 resources from src\main\resources to target\classes
2025-02-18 20:20:52,953 [Worker-26: ビルド] INFO  o.a.m.s.f.DefaultMavenResourcesFiltering - skip non existing resourceDirectory C:\Users\miche\OneDrive\Desktop\DOJT\digital-ojt-development-beginner-cause-DroneInventorySystem\DroneInventorySystem\src\test\resources
2025-02-18 20:21:03,270 [Worker-26: ビルド] INFO  o.a.m.s.f.DefaultMavenResourcesFiltering - Copying 1 resource from src\main\resources to target\classes
2025-02-18 20:21:03,281 [Worker-26: ビルド] INFO  o.a.m.s.f.DefaultMavenResourcesFiltering - Copying 52 resources from src\main\resources to target\classes
2025-02-18 20:21:03,301 [Worker-26: ビルド] INFO  o.a.m.s.f.DefaultMavenResourcesFiltering - skip non existing resourceDirectory C:\Users\miche\OneDrive\Desktop\DOJT\digital-ojt-development-beginner-cause-DroneInventorySystem\DroneInventorySystem\src\test\resources
2025-02-18 20:29:09,391 [Worker-28: ビルド] INFO  o.a.m.s.f.DefaultMavenResourcesFiltering - Copying 1 resource from src\main\resources to target\classes
2025-02-18 20:29:09,415 [Worker-28: ビルド] INFO  o.a.m.s.f.DefaultMavenResourcesFiltering - Copying 52 resources from src\main\resources to target\classes
2025-02-18 20:29:09,442 [Worker-28: ビルド] INFO  o.a.m.s.f.DefaultMavenResourcesFiltering - skip non existing resourceDirectory C:\Users\miche\OneDrive\Desktop\DOJT\digital-ojt-development-beginner-cause-DroneInventorySystem\DroneInventorySystem\src\test\resources
2025-02-18 20:55:45,804 [Worker-31: ビルド] INFO  o.a.m.s.f.DefaultMavenResourcesFiltering - Copying 1 resource from src\main\resources to target\classes
2025-02-18 20:55:45,820 [Worker-31: ビルド] INFO  o.a.m.s.f.DefaultMavenResourcesFiltering - Copying 52 resources from src\main\resources to target\classes
2025-02-18 20:55:45,846 [Worker-31: ビルド] INFO  o.a.m.s.f.DefaultMavenResourcesFiltering - skip non existing resourceDirectory C:\Users\miche\OneDrive\Desktop\DOJT\digital-ojt-development-beginner-cause-DroneInventorySystem\DroneInventorySystem\src\test\resources
2025-02-18 21:06:13,375 [Worker-36: ビルド] INFO  o.a.m.s.f.DefaultMavenResourcesFiltering - Copying 1 resource from src\main\resources to target\classes
2025-02-18 21:06:13,385 [Worker-36: ビルド] INFO  o.a.m.s.f.DefaultMavenResourcesFiltering - Copying 52 resources from src\main\resources to target\classes
2025-02-18 21:06:13,410 [Worker-36: ビルド] INFO  o.a.m.s.f.DefaultMavenResourcesFiltering - skip non existing resourceDirectory C:\Users\miche\OneDrive\Desktop\DOJT\digital-ojt-development-beginner-cause-DroneInventorySystem\DroneInventorySystem\src\test\resources
2025-02-18 21:10:06,893 [Worker-4: Loading available Gradle versions] INFO  o.e.b.c.i.u.g.PublishedGradleVersions - Gradle version information cache is up-to-date. Trying to read.
2025-02-18 21:10:39,727 [Worker-10: ビルド] INFO  o.a.m.s.f.DefaultMavenResourcesFiltering - Copying 1 resource from src\main\resources to target\classes
2025-02-18 21:10:39,777 [Worker-10: ビルド] INFO  o.a.m.s.f.DefaultMavenResourcesFiltering - Copying 52 resources from src\main\resources to target\classes
2025-02-18 21:10:39,826 [Worker-10: ビルド] INFO  o.a.m.s.f.DefaultMavenResourcesFiltering - skip non existing resourceDirectory C:\Users\miche\OneDrive\Desktop\DOJT\digital-ojt-development-beginner-cause-DroneInventorySystem\DroneInventorySystem\src\test\resources
2025-02-18 21:12:08,415 [Worker-4: ビルド] INFO  o.a.m.s.f.DefaultMavenResourcesFiltering - Copying 1 resource from src\main\resources to target\classes
2025-02-18 21:12:08,426 [Worker-4: ビルド] INFO  o.a.m.s.f.DefaultMavenResourcesFiltering - Copying 52 resources from src\main\resources to target\classes
2025-02-18 21:12:08,447 [Worker-4: ビルド] INFO  o.a.m.s.f.DefaultMavenResourcesFiltering - skip non existing resourceDirectory C:\Users\miche\OneDrive\Desktop\DOJT\digital-ojt-development-beginner-cause-DroneInventorySystem\DroneInventorySystem\src\test\resources
2025-02-18 21:23:02,044 [Worker-13: ビルド] INFO  o.a.m.s.f.DefaultMavenResourcesFiltering - Copying 0 resource from src\main\resources to target\classes
2025-02-18 21:23:02,044 [Worker-13: ビルド] INFO  o.a.m.s.f.DefaultMavenResourcesFiltering - Copying 1 resource from src\main\resources to target\classes
2025-02-18 21:23:02,050 [Worker-13: ビルド] INFO  o.a.m.s.f.DefaultMavenResourcesFiltering - skip non existing resourceDirectory C:\Users\miche\OneDrive\Desktop\DOJT\digital-ojt-development-beginner-cause-DroneInventorySystem\DroneInventorySystem\src\test\resources
2025-02-18 21:23:09,913 [Worker-18: ビルド] INFO  o.a.m.s.f.DefaultMavenResourcesFiltering - Copying 1 resource from src\main\resources to target\classes
2025-02-18 21:23:09,923 [Worker-18: ビルド] INFO  o.a.m.s.f.DefaultMavenResourcesFiltering - Copying 52 resources from src\main\resources to target\classes
2025-02-18 21:23:09,942 [Worker-18: ビルド] INFO  o.a.m.s.f.DefaultMavenResourcesFiltering - skip non existing resourceDirectory C:\Users\miche\OneDrive\Desktop\DOJT\digital-ojt-development-beginner-cause-DroneInventorySystem\DroneInventorySystem\src\test\resources
2025-02-18 21:24:12,386 [Worker-17: ビルド] INFO  o.a.m.s.f.DefaultMavenResourcesFiltering - Copying 1 resource from src\main\resources to target\classes
2025-02-18 21:24:12,399 [Worker-17: ビルド] INFO  o.a.m.s.f.DefaultMavenResourcesFiltering - Copying 52 resources from src\main\resources to target\classes
2025-02-18 21:24:12,417 [Worker-17: ビルド] INFO  o.a.m.s.f.DefaultMavenResourcesFiltering - skip non existing resourceDirectory C:\Users\miche\OneDrive\Desktop\DOJT\digital-ojt-development-beginner-cause-DroneInventorySystem\DroneInventorySystem\src\test\resources
2025-02-18 21:29:39,862 [Worker-21: ビルド] INFO  o.a.m.s.f.DefaultMavenResourcesFiltering - Copying 1 resource from src\main\resources to target\classes
2025-02-18 21:29:39,871 [Worker-21: ビルド] INFO  o.a.m.s.f.DefaultMavenResourcesFiltering - Copying 52 resources from src\main\resources to target\classes
2025-02-18 21:29:39,889 [Worker-21: ビルド] INFO  o.a.m.s.f.DefaultMavenResourcesFiltering - skip non existing resourceDirectory C:\Users\miche\OneDrive\Desktop\DOJT\digital-ojt-development-beginner-cause-DroneInventorySystem\DroneInventorySystem\src\test\resources
2025-02-18 21:29:42,032 [Worker-18: ビルド] INFO  o.a.m.s.f.DefaultMavenResourcesFiltering - Copying 1 resource from src\main\resources to target\classes
2025-02-18 21:29:42,045 [Worker-18: ビルド] INFO  o.a.m.s.f.DefaultMavenResourcesFiltering - Copying 52 resources from src\main\resources to target\classes
2025-02-18 21:29:42,067 [Worker-18: ビルド] INFO  o.a.m.s.f.DefaultMavenResourcesFiltering - skip non existing resourceDirectory C:\Users\miche\OneDrive\Desktop\DOJT\digital-ojt-development-beginner-cause-DroneInventorySystem\DroneInventorySystem\src\test\resources
2025-02-18 21:30:05,517 [Worker-23: ビルド] INFO  o.a.m.s.f.DefaultMavenResourcesFiltering - Copying 1 resource from src\main\resources to target\classes
2025-02-18 21:30:05,527 [Worker-23: ビルド] INFO  o.a.m.s.f.DefaultMavenResourcesFiltering - Copying 52 resources from src\main\resources to target\classes
2025-02-18 21:30:05,545 [Worker-23: ビルド] INFO  o.a.m.s.f.DefaultMavenResourcesFiltering - skip non existing resourceDirectory C:\Users\miche\OneDrive\Desktop\DOJT\digital-ojt-development-beginner-cause-DroneInventorySystem\DroneInventorySystem\src\test\resources
2025-02-18 21:38:11,999 [Worker-23: ビルド] INFO  o.a.m.s.f.DefaultMavenResourcesFiltering - Copying 1 resource from src\main\resources to target\classes
2025-02-18 21:38:12,021 [Worker-23: ビルド] INFO  o.a.m.s.f.DefaultMavenResourcesFiltering - Copying 52 resources from src\main\resources to target\classes
2025-02-18 21:38:12,043 [Worker-23: ビルド] INFO  o.a.m.s.f.DefaultMavenResourcesFiltering - skip non existing resourceDirectory C:\Users\miche\OneDrive\Desktop\DOJT\digital-ojt-development-beginner-cause-DroneInventorySystem\DroneInventorySystem\src\test\resources
2025-02-18 21:39:36,385 [Worker-23: ビルド] INFO  o.a.m.s.f.DefaultMavenResourcesFiltering - Copying 1 resource from src\main\resources to target\classes
2025-02-18 21:39:36,402 [Worker-23: ビルド] INFO  o.a.m.s.f.DefaultMavenResourcesFiltering - Copying 52 resources from src\main\resources to target\classes
2025-02-18 21:39:36,420 [Worker-23: ビルド] INFO  o.a.m.s.f.DefaultMavenResourcesFiltering - skip non existing resourceDirectory C:\Users\miche\OneDrive\Desktop\DOJT\digital-ojt-development-beginner-cause-DroneInventorySystem\DroneInventorySystem\src\test\resources
2025-02-18 21:42:27,565 [Worker-18: ビルド] INFO  o.a.m.s.f.DefaultMavenResourcesFiltering - Copying 1 resource from src\main\resources to target\classes
2025-02-18 21:42:27,584 [Worker-18: ビルド] INFO  o.a.m.s.f.DefaultMavenResourcesFiltering - Copying 52 resources from src\main\resources to target\classes
2025-02-18 21:42:27,602 [Worker-18: ビルド] INFO  o.a.m.s.f.DefaultMavenResourcesFiltering - skip non existing resourceDirectory C:\Users\miche\OneDrive\Desktop\DOJT\digital-ojt-development-beginner-cause-DroneInventorySystem\DroneInventorySystem\src\test\resources
2025-02-18 21:46:04,767 [Worker-26: ビルド] INFO  o.a.m.s.f.DefaultMavenResourcesFiltering - Copying 1 resource from src\main\resources to target\classes
2025-02-18 21:46:04,784 [Worker-26: ビルド] INFO  o.a.m.s.f.DefaultMavenResourcesFiltering - Copying 52 resources from src\main\resources to target\classes
2025-02-18 21:46:04,802 [Worker-26: ビルド] INFO  o.a.m.s.f.DefaultMavenResourcesFiltering - skip non existing resourceDirectory C:\Users\miche\OneDrive\Desktop\DOJT\digital-ojt-development-beginner-cause-DroneInventorySystem\DroneInventorySystem\src\test\resources
2025-02-18 21:49:03,507 [Worker-27: ビルド] INFO  o.a.m.s.f.DefaultMavenResourcesFiltering - Copying 1 resource from src\main\resources to target\classes
2025-02-18 21:49:03,520 [Worker-27: ビルド] INFO  o.a.m.s.f.DefaultMavenResourcesFiltering - Copying 52 resources from src\main\resources to target\classes
2025-02-18 21:49:03,539 [Worker-27: ビルド] INFO  o.a.m.s.f.DefaultMavenResourcesFiltering - skip non existing resourceDirectory C:\Users\miche\OneDrive\Desktop\DOJT\digital-ojt-development-beginner-cause-DroneInventorySystem\DroneInventorySystem\src\test\resources
2025-02-18 22:01:37,968 [Worker-32: ビルド] INFO  o.a.m.s.f.DefaultMavenResourcesFiltering - Copying 0 resource from src\main\resources to target\classes
2025-02-18 22:01:37,969 [Worker-32: ビルド] INFO  o.a.m.s.f.DefaultMavenResourcesFiltering - Copying 1 resource from src\main\resources to target\classes
2025-02-18 22:01:37,972 [Worker-32: ビルド] INFO  o.a.m.s.f.DefaultMavenResourcesFiltering - skip non existing resourceDirectory C:\Users\miche\OneDrive\Desktop\DOJT\digital-ojt-development-beginner-cause-DroneInventorySystem\DroneInventorySystem\src\test\resources
2025-02-18 22:06:16,779 [Worker-32: ビルド] INFO  o.a.m.s.f.DefaultMavenResourcesFiltering - Copying 0 resource from src\main\resources to target\classes
2025-02-18 22:06:16,779 [Worker-32: ビルド] INFO  o.a.m.s.f.DefaultMavenResourcesFiltering - Copying 1 resource from src\main\resources to target\classes
2025-02-18 22:06:16,784 [Worker-32: ビルド] INFO  o.a.m.s.f.DefaultMavenResourcesFiltering - skip non existing resourceDirectory C:\Users\miche\OneDrive\Desktop\DOJT\digital-ojt-development-beginner-cause-DroneInventorySystem\DroneInventorySystem\src\test\resources
2025-02-18 22:15:07,008 [Worker-37: ビルド] INFO  o.a.m.s.f.DefaultMavenResourcesFiltering - Copying 1 resource from src\main\resources to target\classes
2025-02-18 22:15:07,023 [Worker-37: ビルド] INFO  o.a.m.s.f.DefaultMavenResourcesFiltering - Copying 52 resources from src\main\resources to target\classes
2025-02-18 22:15:07,049 [Worker-37: ビルド] INFO  o.a.m.s.f.DefaultMavenResourcesFiltering - skip non existing resourceDirectory C:\Users\miche\OneDrive\Desktop\DOJT\digital-ojt-development-beginner-cause-DroneInventorySystem\DroneInventorySystem\src\test\resources
2025-02-18 22:18:35,366 [Worker-32: ビルド] INFO  o.a.m.s.f.DefaultMavenResourcesFiltering - Copying 1 resource from src\main\resources to target\classes
2025-02-18 22:18:35,379 [Worker-32: ビルド] INFO  o.a.m.s.f.DefaultMavenResourcesFiltering - Copying 52 resources from src\main\resources to target\classes
2025-02-18 22:18:35,397 [Worker-32: ビルド] INFO  o.a.m.s.f.DefaultMavenResourcesFiltering - skip non existing resourceDirectory C:\Users\miche\OneDrive\Desktop\DOJT\digital-ojt-development-beginner-cause-DroneInventorySystem\DroneInventorySystem\src\test\resources
2025-02-18 22:19:42,811 [Worker-41: ビルド] INFO  o.a.m.s.f.DefaultMavenResourcesFiltering - Copying 1 resource from src\main\resources to target\classes
2025-02-18 22:19:42,837 [Worker-41: ビルド] INFO  o.a.m.s.f.DefaultMavenResourcesFiltering - Copying 52 resources from src\main\resources to target\classes
2025-02-18 22:19:42,859 [Worker-41: ビルド] INFO  o.a.m.s.f.DefaultMavenResourcesFiltering - skip non existing resourceDirectory C:\Users\miche\OneDrive\Desktop\DOJT\digital-ojt-development-beginner-cause-DroneInventorySystem\DroneInventorySystem\src\test\resources
2025-02-18 22:21:17,098 [Worker-39: ビルド] INFO  o.a.m.s.f.DefaultMavenResourcesFiltering - Copying 1 resource from src\main\resources to target\classes
2025-02-18 22:21:17,110 [Worker-39: ビルド] INFO  o.a.m.s.f.DefaultMavenResourcesFiltering - Copying 52 resources from src\main\resources to target\classes
2025-02-18 22:21:17,131 [Worker-39: ビルド] INFO  o.a.m.s.f.DefaultMavenResourcesFiltering - skip non existing resourceDirectory C:\Users\miche\OneDrive\Desktop\DOJT\digital-ojt-development-beginner-cause-DroneInventorySystem\DroneInventorySystem\src\test\resources
2025-02-18 22:23:17,010 [Worker-32: ビルド] INFO  o.a.m.s.f.DefaultMavenResourcesFiltering - Copying 1 resource from src\main\resources to target\classes
2025-02-18 22:23:17,021 [Worker-32: ビルド] INFO  o.a.m.s.f.DefaultMavenResourcesFiltering - Copying 52 resources from src\main\resources to target\classes
2025-02-18 22:23:17,042 [Worker-32: ビルド] INFO  o.a.m.s.f.DefaultMavenResourcesFiltering - skip non existing resourceDirectory C:\Users\miche\OneDrive\Desktop\DOJT\digital-ojt-development-beginner-cause-DroneInventorySystem\DroneInventorySystem\src\test\resources
2025-02-18 22:23:41,743 [Worker-36: ビルド] INFO  o.a.m.s.f.DefaultMavenResourcesFiltering - Copying 1 resource from src\main\resources to target\classes
2025-02-18 22:23:41,798 [Worker-36: ビルド] INFO  o.a.m.s.f.DefaultMavenResourcesFiltering - Copying 52 resources from src\main\resources to target\classes
2025-02-18 22:23:41,823 [Worker-36: ビルド] INFO  o.a.m.s.f.DefaultMavenResourcesFiltering - skip non existing resourceDirectory C:\Users\miche\OneDrive\Desktop\DOJT\digital-ojt-development-beginner-cause-DroneInventorySystem\DroneInventorySystem\src\test\resources
2025-02-18 22:26:03,098 [Worker-36: ビルド] INFO  o.a.m.s.f.DefaultMavenResourcesFiltering - Copying 1 resource from src\main\resources to target\classes
2025-02-18 22:26:03,119 [Worker-36: ビルド] INFO  o.a.m.s.f.DefaultMavenResourcesFiltering - Copying 52 resources from src\main\resources to target\classes
2025-02-18 22:26:03,143 [Worker-36: ビルド] INFO  o.a.m.s.f.DefaultMavenResourcesFiltering - skip non existing resourceDirectory C:\Users\miche\OneDrive\Desktop\DOJT\digital-ojt-development-beginner-cause-DroneInventorySystem\DroneInventorySystem\src\test\resources
2025-02-18 22:26:41,615 [Worker-36: ビルド] INFO  o.a.m.s.f.DefaultMavenResourcesFiltering - Copying 1 resource from src\main\resources to target\classes
2025-02-18 22:26:41,636 [Worker-36: ビルド] INFO  o.a.m.s.f.DefaultMavenResourcesFiltering - Copying 52 resources from src\main\resources to target\classes
2025-02-18 22:26:41,656 [Worker-36: ビルド] INFO  o.a.m.s.f.DefaultMavenResourcesFiltering - skip non existing resourceDirectory C:\Users\miche\OneDrive\Desktop\DOJT\digital-ojt-development-beginner-cause-DroneInventorySystem\DroneInventorySystem\src\test\resources
2025-02-18 22:30:25,786 [Worker-41: ビルド] INFO  o.a.m.s.f.DefaultMavenResourcesFiltering - Copying 1 resource from src\main\resources to target\classes
2025-02-18 22:30:25,797 [Worker-41: ビルド] INFO  o.a.m.s.f.DefaultMavenResourcesFiltering - Copying 52 resources from src\main\resources to target\classes
2025-02-18 22:30:25,814 [Worker-41: ビルド] INFO  o.a.m.s.f.DefaultMavenResourcesFiltering - skip non existing resourceDirectory C:\Users\miche\OneDrive\Desktop\DOJT\digital-ojt-development-beginner-cause-DroneInventorySystem\DroneInventorySystem\src\test\resources
2025-02-18 22:34:16,157 [Worker-39: ビルド] INFO  o.a.m.s.f.DefaultMavenResourcesFiltering - Copying 1 resource from src\main\resources to target\classes
2025-02-18 22:34:16,173 [Worker-39: ビルド] INFO  o.a.m.s.f.DefaultMavenResourcesFiltering - Copying 52 resources from src\main\resources to target\classes
2025-02-18 22:34:16,193 [Worker-39: ビルド] INFO  o.a.m.s.f.DefaultMavenResourcesFiltering - skip non existing resourceDirectory C:\Users\miche\OneDrive\Desktop\DOJT\digital-ojt-development-beginner-cause-DroneInventorySystem\DroneInventorySystem\src\test\resources
2025-02-18 22:37:46,314 [Worker-47: ビルド] INFO  o.a.m.s.f.DefaultMavenResourcesFiltering - Copying 1 resource from src\main\resources to target\classes
2025-02-18 22:37:46,324 [Worker-47: ビルド] INFO  o.a.m.s.f.DefaultMavenResourcesFiltering - Copying 52 resources from src\main\resources to target\classes
2025-02-18 22:37:46,342 [Worker-47: ビルド] INFO  o.a.m.s.f.DefaultMavenResourcesFiltering - skip non existing resourceDirectory C:\Users\miche\OneDrive\Desktop\DOJT\digital-ojt-development-beginner-cause-DroneInventorySystem\DroneInventorySystem\src\test\resources
2025-02-19 19:24:52,164 [Worker-47: ビルド] INFO  o.a.m.s.f.DefaultMavenResourcesFiltering - Copying 1 resource from src\main\resources to target\classes
2025-02-19 19:24:52,174 [Worker-47: ビルド] INFO  o.a.m.s.f.DefaultMavenResourcesFiltering - Copying 52 resources from src\main\resources to target\classes
2025-02-19 19:24:52,203 [Worker-47: ビルド] INFO  o.a.m.s.f.DefaultMavenResourcesFiltering - skip non existing resourceDirectory C:\Users\miche\OneDrive\Desktop\DOJT\digital-ojt-development-beginner-cause-DroneInventorySystem\DroneInventorySystem\src\test\resources
2025-02-19 19:35:02,438 [Worker-47: ビルド] INFO  o.a.m.s.f.DefaultMavenResourcesFiltering - Copying 1 resource from src\main\resources to target\classes
2025-02-19 19:35:02,503 [Worker-47: ビルド] INFO  o.a.m.s.f.DefaultMavenResourcesFiltering - Copying 52 resources from src\main\resources to target\classes
2025-02-19 19:35:02,522 [Worker-47: ビルド] INFO  o.a.m.s.f.DefaultMavenResourcesFiltering - skip non existing resourceDirectory C:\Users\miche\OneDrive\Desktop\DOJT\digital-ojt-development-beginner-cause-DroneInventorySystem\DroneInventorySystem\src\test\resources
2025-02-19 19:36:15,103 [Worker-47: ビルド] INFO  o.a.m.s.f.DefaultMavenResourcesFiltering - Copying 0 resource from src\main\resources to target\classes
2025-02-19 19:36:15,104 [Worker-47: ビルド] INFO  o.a.m.s.f.DefaultMavenResourcesFiltering - Copying 1 resource from src\main\resources to target\classes
2025-02-19 19:36:15,110 [Worker-47: ビルド] INFO  o.a.m.s.f.DefaultMavenResourcesFiltering - skip non existing resourceDirectory C:\Users\miche\OneDrive\Desktop\DOJT\digital-ojt-development-beginner-cause-DroneInventorySystem\DroneInventorySystem\src\test\resources
2025-02-19 19:38:45,046 [Worker-8: ビルド] INFO  o.a.m.s.f.DefaultMavenResourcesFiltering - Copying 0 resource from src\main\resources to target\classes
2025-02-19 19:38:45,046 [Worker-8: ビルド] INFO  o.a.m.s.f.DefaultMavenResourcesFiltering - Copying 1 resource from src\main\resources to target\classes
2025-02-19 19:38:45,050 [Worker-8: ビルド] INFO  o.a.m.s.f.DefaultMavenResourcesFiltering - skip non existing resourceDirectory C:\Users\miche\OneDrive\Desktop\DOJT\digital-ojt-development-beginner-cause-DroneInventorySystem\DroneInventorySystem\src\test\resources
2025-02-19 19:42:04,657 [Worker-57: ビルド] INFO  o.a.m.s.f.DefaultMavenResourcesFiltering - Copying 1 resource from src\main\resources to target\classes
2025-02-19 19:42:04,671 [Worker-57: ビルド] INFO  o.a.m.s.f.DefaultMavenResourcesFiltering - Copying 52 resources from src\main\resources to target\classes
2025-02-19 19:42:04,722 [Worker-57: ビルド] INFO  o.a.m.s.f.DefaultMavenResourcesFiltering - skip non existing resourceDirectory C:\Users\miche\OneDrive\Desktop\DOJT\digital-ojt-development-beginner-cause-DroneInventorySystem\DroneInventorySystem\src\test\resources
2025-02-19 19:45:05,807 [Worker-51: ビルド] INFO  o.a.m.s.f.DefaultMavenResourcesFiltering - Copying 1 resource from src\main\resources to target\classes
2025-02-19 19:45:05,818 [Worker-51: ビルド] INFO  o.a.m.s.f.DefaultMavenResourcesFiltering - Copying 52 resources from src\main\resources to target\classes
2025-02-19 19:45:05,836 [Worker-51: ビルド] INFO  o.a.m.s.f.DefaultMavenResourcesFiltering - skip non existing resourceDirectory C:\Users\miche\OneDrive\Desktop\DOJT\digital-ojt-development-beginner-cause-DroneInventorySystem\DroneInventorySystem\src\test\resources
2025-02-19 19:51:42,424 [Worker-58: ビルド] INFO  o.a.m.s.f.DefaultMavenResourcesFiltering - Copying 1 resource from src\main\resources to target\classes
2025-02-19 19:51:42,436 [Worker-58: ビルド] INFO  o.a.m.s.f.DefaultMavenResourcesFiltering - Copying 52 resources from src\main\resources to target\classes
2025-02-19 19:51:42,456 [Worker-58: ビルド] INFO  o.a.m.s.f.DefaultMavenResourcesFiltering - skip non existing resourceDirectory C:\Users\miche\OneDrive\Desktop\DOJT\digital-ojt-development-beginner-cause-DroneInventorySystem\DroneInventorySystem\src\test\resources
2025-02-19 19:55:07,895 [Worker-60: ビルド] INFO  o.a.m.s.f.DefaultMavenResourcesFiltering - Copying 1 resource from src\main\resources to target\classes
2025-02-19 19:55:07,906 [Worker-60: ビルド] INFO  o.a.m.s.f.DefaultMavenResourcesFiltering - Copying 52 resources from src\main\resources to target\classes
2025-02-19 19:55:07,926 [Worker-60: ビルド] INFO  o.a.m.s.f.DefaultMavenResourcesFiltering - skip non existing resourceDirectory C:\Users\miche\OneDrive\Desktop\DOJT\digital-ojt-development-beginner-cause-DroneInventorySystem\DroneInventorySystem\src\test\resources
2025-02-19 20:21:03,137 [Worker-74: ビルド] INFO  o.a.m.s.f.DefaultMavenResourcesFiltering - Copying 1 resource from src\main\resources to target\classes
2025-02-19 20:21:03,549 [Worker-74: ビルド] INFO  o.a.m.s.f.DefaultMavenResourcesFiltering - Copying 52 resources from src\main\resources to target\classes
2025-02-19 20:21:03,574 [Worker-74: ビルド] INFO  o.a.m.s.f.DefaultMavenResourcesFiltering - skip non existing resourceDirectory C:\Users\miche\OneDrive\Desktop\DOJT\digital-ojt-development-beginner-cause-DroneInventorySystem\DroneInventorySystem\src\test\resources
2025-02-19 20:21:47,802 [Worker-74: ビルド] INFO  o.a.m.s.f.DefaultMavenResourcesFiltering - Copying 1 resource from src\main\resources to target\classes
2025-02-19 20:21:47,824 [Worker-74: ビルド] INFO  o.a.m.s.f.DefaultMavenResourcesFiltering - Copying 52 resources from src\main\resources to target\classes
2025-02-19 20:21:47,843 [Worker-74: ビルド] INFO  o.a.m.s.f.DefaultMavenResourcesFiltering - skip non existing resourceDirectory C:\Users\miche\OneDrive\Desktop\DOJT\digital-ojt-development-beginner-cause-DroneInventorySystem\DroneInventorySystem\src\test\resources
2025-02-19 20:22:17,010 [Worker-73: ビルド] INFO  o.a.m.s.f.DefaultMavenResourcesFiltering - Copying 1 resource from src\main\resources to target\classes
2025-02-19 20:22:17,021 [Worker-73: ビルド] INFO  o.a.m.s.f.DefaultMavenResourcesFiltering - Copying 52 resources from src\main\resources to target\classes
2025-02-19 20:22:17,039 [Worker-73: ビルド] INFO  o.a.m.s.f.DefaultMavenResourcesFiltering - skip non existing resourceDirectory C:\Users\miche\OneDrive\Desktop\DOJT\digital-ojt-development-beginner-cause-DroneInventorySystem\DroneInventorySystem\src\test\resources
2025-02-19 20:28:58,992 [Worker-84: ビルド] INFO  o.a.m.s.f.DefaultMavenResourcesFiltering - Copying 1 resource from src\main\resources to target\classes
2025-02-19 20:28:59,005 [Worker-84: ビルド] INFO  o.a.m.s.f.DefaultMavenResourcesFiltering - Copying 52 resources from src\main\resources to target\classes
2025-02-19 20:28:59,022 [Worker-84: ビルド] INFO  o.a.m.s.f.DefaultMavenResourcesFiltering - skip non existing resourceDirectory C:\Users\miche\OneDrive\Desktop\DOJT\digital-ojt-development-beginner-cause-DroneInventorySystem\DroneInventorySystem\src\test\resources
2025-02-19 20:34:28,989 [Worker-86: ビルド] INFO  o.a.m.s.f.DefaultMavenResourcesFiltering - Copying 1 resource from src\main\resources to target\classes
2025-02-19 20:34:29,019 [Worker-86: ビルド] INFO  o.a.m.s.f.DefaultMavenResourcesFiltering - Copying 52 resources from src\main\resources to target\classes
2025-02-19 20:34:29,042 [Worker-86: ビルド] INFO  o.a.m.s.f.DefaultMavenResourcesFiltering - skip non existing resourceDirectory C:\Users\miche\OneDrive\Desktop\DOJT\digital-ojt-development-beginner-cause-DroneInventorySystem\DroneInventorySystem\src\test\resources
2025-02-19 20:45:53,357 [Worker-63: ビルド] INFO  o.a.m.s.f.DefaultMavenResourcesFiltering - Copying 1 resource from src\main\resources to target\classes
2025-02-19 20:45:53,372 [Worker-63: ビルド] INFO  o.a.m.s.f.DefaultMavenResourcesFiltering - Copying 52 resources from src\main\resources to target\classes
2025-02-19 20:45:53,392 [Worker-63: ビルド] INFO  o.a.m.s.f.DefaultMavenResourcesFiltering - skip non existing resourceDirectory C:\Users\miche\OneDrive\Desktop\DOJT\digital-ojt-development-beginner-cause-DroneInventorySystem\DroneInventorySystem\src\test\resources
2025-02-19 20:48:24,799 [Worker-63: ビルド] INFO  o.a.m.s.f.DefaultMavenResourcesFiltering - Copying 1 resource from src\main\resources to target\classes
2025-02-19 20:48:24,809 [Worker-63: ビルド] INFO  o.a.m.s.f.DefaultMavenResourcesFiltering - Copying 52 resources from src\main\resources to target\classes
2025-02-19 20:48:24,826 [Worker-63: ビルド] INFO  o.a.m.s.f.DefaultMavenResourcesFiltering - skip non existing resourceDirectory C:\Users\miche\OneDrive\Desktop\DOJT\digital-ojt-development-beginner-cause-DroneInventorySystem\DroneInventorySystem\src\test\resources
2025-02-19 20:49:41,429 [Worker-100: ビルド] INFO  o.a.m.s.f.DefaultMavenResourcesFiltering - Copying 1 resource from src\main\resources to target\classes
2025-02-19 20:49:41,438 [Worker-100: ビルド] INFO  o.a.m.s.f.DefaultMavenResourcesFiltering - Copying 52 resources from src\main\resources to target\classes
2025-02-19 20:49:41,456 [Worker-100: ビルド] INFO  o.a.m.s.f.DefaultMavenResourcesFiltering - skip non existing resourceDirectory C:\Users\miche\OneDrive\Desktop\DOJT\digital-ojt-development-beginner-cause-DroneInventorySystem\DroneInventorySystem\src\test\resources
2025-02-19 20:51:11,355 [Worker-93: ビルド] INFO  o.a.m.s.f.DefaultMavenResourcesFiltering - Copying 1 resource from src\main\resources to target\classes
2025-02-19 20:51:11,364 [Worker-93: ビルド] INFO  o.a.m.s.f.DefaultMavenResourcesFiltering - Copying 52 resources from src\main\resources to target\classes
2025-02-19 20:51:11,380 [Worker-93: ビルド] INFO  o.a.m.s.f.DefaultMavenResourcesFiltering - skip non existing resourceDirectory C:\Users\miche\OneDrive\Desktop\DOJT\digital-ojt-development-beginner-cause-DroneInventorySystem\DroneInventorySystem\src\test\resources
2025-02-19 20:55:35,474 [Worker-98: ビルド] INFO  o.a.m.s.f.DefaultMavenResourcesFiltering - Copying 0 resource from src\main\resources to target\classes
2025-02-19 20:55:35,475 [Worker-98: ビルド] INFO  o.a.m.s.f.DefaultMavenResourcesFiltering - Copying 1 resource from src\main\resources to target\classes
2025-02-19 20:55:35,479 [Worker-98: ビルド] INFO  o.a.m.s.f.DefaultMavenResourcesFiltering - skip non existing resourceDirectory C:\Users\miche\OneDrive\Desktop\DOJT\digital-ojt-development-beginner-cause-DroneInventorySystem\DroneInventorySystem\src\test\resources
2025-02-19 20:58:46,903 [Worker-98: ビルド] INFO  o.a.m.s.f.DefaultMavenResourcesFiltering - Copying 1 resource from src\main\resources to target\classes
2025-02-19 20:58:46,912 [Worker-98: ビルド] INFO  o.a.m.s.f.DefaultMavenResourcesFiltering - Copying 52 resources from src\main\resources to target\classes
2025-02-19 20:58:46,929 [Worker-98: ビルド] INFO  o.a.m.s.f.DefaultMavenResourcesFiltering - skip non existing resourceDirectory C:\Users\miche\OneDrive\Desktop\DOJT\digital-ojt-development-beginner-cause-DroneInventorySystem\DroneInventorySystem\src\test\resources
2025-02-19 21:02:15,472 [Worker-110: ビルド] INFO  o.a.m.s.f.DefaultMavenResourcesFiltering - Copying 1 resource from src\main\resources to target\classes
2025-02-19 21:02:15,486 [Worker-110: ビルド] INFO  o.a.m.s.f.DefaultMavenResourcesFiltering - Copying 52 resources from src\main\resources to target\classes
2025-02-19 21:02:15,503 [Worker-110: ビルド] INFO  o.a.m.s.f.DefaultMavenResourcesFiltering - skip non existing resourceDirectory C:\Users\miche\OneDrive\Desktop\DOJT\digital-ojt-development-beginner-cause-DroneInventorySystem\DroneInventorySystem\src\test\resources
2025-02-19 21:06:24,303 [Worker-113: ビルド] INFO  o.a.m.s.f.DefaultMavenResourcesFiltering - Copying 0 resource from src\main\resources to target\classes
2025-02-19 21:06:24,303 [Worker-113: ビルド] INFO  o.a.m.s.f.DefaultMavenResourcesFiltering - Copying 1 resource from src\main\resources to target\classes
2025-02-19 21:06:24,307 [Worker-113: ビルド] INFO  o.a.m.s.f.DefaultMavenResourcesFiltering - skip non existing resourceDirectory C:\Users\miche\OneDrive\Desktop\DOJT\digital-ojt-development-beginner-cause-DroneInventorySystem\DroneInventorySystem\src\test\resources
2025-02-19 21:08:02,038 [Worker-118: ビルド] INFO  o.a.m.s.f.DefaultMavenResourcesFiltering - Copying 0 resource from src\main\resources to target\classes
2025-02-19 21:08:02,038 [Worker-118: ビルド] INFO  o.a.m.s.f.DefaultMavenResourcesFiltering - Copying 1 resource from src\main\resources to target\classes
2025-02-19 21:08:02,041 [Worker-118: ビルド] INFO  o.a.m.s.f.DefaultMavenResourcesFiltering - skip non existing resourceDirectory C:\Users\miche\OneDrive\Desktop\DOJT\digital-ojt-development-beginner-cause-DroneInventorySystem\DroneInventorySystem\src\test\resources
2025-02-19 21:08:41,028 [Worker-123: ビルド] INFO  o.a.m.s.f.DefaultMavenResourcesFiltering - Copying 0 resource from src\main\resources to target\classes
2025-02-19 21:08:41,028 [Worker-123: ビルド] INFO  o.a.m.s.f.DefaultMavenResourcesFiltering - Copying 1 resource from src\main\resources to target\classes
2025-02-19 21:08:41,032 [Worker-123: ビルド] INFO  o.a.m.s.f.DefaultMavenResourcesFiltering - skip non existing resourceDirectory C:\Users\miche\OneDrive\Desktop\DOJT\digital-ojt-development-beginner-cause-DroneInventorySystem\DroneInventorySystem\src\test\resources
2025-02-19 21:10:40,210 [Worker-121: ビルド] INFO  o.a.m.s.f.DefaultMavenResourcesFiltering - Copying 0 resource from src\main\resources to target\classes
2025-02-19 21:10:40,212 [Worker-121: ビルド] INFO  o.a.m.s.f.DefaultMavenResourcesFiltering - Copying 1 resource from src\main\resources to target\classes
2025-02-19 21:10:40,215 [Worker-121: ビルド] INFO  o.a.m.s.f.DefaultMavenResourcesFiltering - skip non existing resourceDirectory C:\Users\miche\OneDrive\Desktop\DOJT\digital-ojt-development-beginner-cause-DroneInventorySystem\DroneInventorySystem\src\test\resources
2025-02-19 21:11:59,230 [Worker-113: ビルド] INFO  o.a.m.s.f.DefaultMavenResourcesFiltering - Copying 0 resource from src\main\resources to target\classes
2025-02-19 21:11:59,231 [Worker-113: ビルド] INFO  o.a.m.s.f.DefaultMavenResourcesFiltering - Copying 1 resource from src\main\resources to target\classes
2025-02-19 21:11:59,235 [Worker-113: ビルド] INFO  o.a.m.s.f.DefaultMavenResourcesFiltering - skip non existing resourceDirectory C:\Users\miche\OneDrive\Desktop\DOJT\digital-ojt-development-beginner-cause-DroneInventorySystem\DroneInventorySystem\src\test\resources
2025-02-19 21:16:08,736 [Worker-129: ビルド] INFO  o.a.m.s.f.DefaultMavenResourcesFiltering - Copying 0 resource from src\main\resources to target\classes
2025-02-19 21:16:08,736 [Worker-129: ビルド] INFO  o.a.m.s.f.DefaultMavenResourcesFiltering - Copying 1 resource from src\main\resources to target\classes
2025-02-19 21:16:08,743 [Worker-129: ビルド] INFO  o.a.m.s.f.DefaultMavenResourcesFiltering - skip non existing resourceDirectory C:\Users\miche\OneDrive\Desktop\DOJT\digital-ojt-development-beginner-cause-DroneInventorySystem\DroneInventorySystem\src\test\resources
2025-02-19 21:16:57,498 [Text Viewer Hover Presenter] INFO  o.t.e.e.d.ProjectDependencyDialectLocator - Scanning for dialect help files on project dependencies
2025-02-19 21:16:57,699 [pool-173-thread-4] INFO  o.t.e.e.d.ProjectDependencyDialectLocator - Help file found: Standard-Dialect.xml
2025-02-19 21:17:02,857 [Worker-131: ビルド] INFO  o.a.m.s.f.DefaultMavenResourcesFiltering - Copying 0 resource from src\main\resources to target\classes
2025-02-19 21:17:02,858 [Worker-131: ビルド] INFO  o.a.m.s.f.DefaultMavenResourcesFiltering - Copying 1 resource from src\main\resources to target\classes
2025-02-19 21:17:02,862 [Worker-131: ビルド] INFO  o.a.m.s.f.DefaultMavenResourcesFiltering - skip non existing resourceDirectory C:\Users\miche\OneDrive\Desktop\DOJT\digital-ojt-development-beginner-cause-DroneInventorySystem\DroneInventorySystem\src\test\resources
2025-02-19 21:18:44,758 [Worker-132: ビルド] INFO  o.a.m.s.f.DefaultMavenResourcesFiltering - Copying 0 resource from src\main\resources to target\classes
2025-02-19 21:18:44,758 [Worker-132: ビルド] INFO  o.a.m.s.f.DefaultMavenResourcesFiltering - Copying 1 resource from src\main\resources to target\classes
2025-02-19 21:18:44,761 [Worker-132: ビルド] INFO  o.a.m.s.f.DefaultMavenResourcesFiltering - skip non existing resourceDirectory C:\Users\miche\OneDrive\Desktop\DOJT\digital-ojt-development-beginner-cause-DroneInventorySystem\DroneInventorySystem\src\test\resources
2025-02-19 21:23:35,542 [Worker-134: ビルド] INFO  o.a.m.s.f.DefaultMavenResourcesFiltering - Copying 0 resource from src\main\resources to target\classes
2025-02-19 21:23:35,543 [Worker-134: ビルド] INFO  o.a.m.s.f.DefaultMavenResourcesFiltering - Copying 1 resource from src\main\resources to target\classes
2025-02-19 21:23:35,546 [Worker-134: ビルド] INFO  o.a.m.s.f.DefaultMavenResourcesFiltering - skip non existing resourceDirectory C:\Users\miche\OneDrive\Desktop\DOJT\digital-ojt-development-beginner-cause-DroneInventorySystem\DroneInventorySystem\src\test\resources
2025-02-19 21:23:45,906 [Worker-135: ビルド] INFO  o.a.m.s.f.DefaultMavenResourcesFiltering - Copying 0 resource from src\main\resources to target\classes
2025-02-19 21:23:45,906 [Worker-135: ビルド] INFO  o.a.m.s.f.DefaultMavenResourcesFiltering - Copying 1 resource from src\main\resources to target\classes
2025-02-19 21:23:45,909 [Worker-135: ビルド] INFO  o.a.m.s.f.DefaultMavenResourcesFiltering - skip non existing resourceDirectory C:\Users\miche\OneDrive\Desktop\DOJT\digital-ojt-development-beginner-cause-DroneInventorySystem\DroneInventorySystem\src\test\resources
2025-02-19 21:24:10,704 [Worker-135: ビルド] INFO  o.a.m.s.f.DefaultMavenResourcesFiltering - Copying 0 resource from src\main\resources to target\classes
2025-02-19 21:24:10,705 [Worker-135: ビルド] INFO  o.a.m.s.f.DefaultMavenResourcesFiltering - Copying 1 resource from src\main\resources to target\classes
2025-02-19 21:24:10,709 [Worker-135: ビルド] INFO  o.a.m.s.f.DefaultMavenResourcesFiltering - skip non existing resourceDirectory C:\Users\miche\OneDrive\Desktop\DOJT\digital-ojt-development-beginner-cause-DroneInventorySystem\DroneInventorySystem\src\test\resources
2025-02-19 21:26:32,135 [Worker-134: ビルド] INFO  o.a.m.s.f.DefaultMavenResourcesFiltering - Copying 0 resource from src\main\resources to target\classes
2025-02-19 21:26:32,135 [Worker-134: ビルド] INFO  o.a.m.s.f.DefaultMavenResourcesFiltering - Copying 1 resource from src\main\resources to target\classes
2025-02-19 21:26:32,139 [Worker-134: ビルド] INFO  o.a.m.s.f.DefaultMavenResourcesFiltering - skip non existing resourceDirectory C:\Users\miche\OneDrive\Desktop\DOJT\digital-ojt-development-beginner-cause-DroneInventorySystem\DroneInventorySystem\src\test\resources
2025-02-19 21:27:01,783 [Worker-131: ビルド] INFO  o.a.m.s.f.DefaultMavenResourcesFiltering - Copying 0 resource from src\main\resources to target\classes
2025-02-19 21:27:01,783 [Worker-131: ビルド] INFO  o.a.m.s.f.DefaultMavenResourcesFiltering - Copying 1 resource from src\main\resources to target\classes
2025-02-19 21:27:01,787 [Worker-131: ビルド] INFO  o.a.m.s.f.DefaultMavenResourcesFiltering - skip non existing resourceDirectory C:\Users\miche\OneDrive\Desktop\DOJT\digital-ojt-development-beginner-cause-DroneInventorySystem\DroneInventorySystem\src\test\resources
2025-02-19 21:27:55,047 [Worker-137: ビルド] INFO  o.a.m.s.f.DefaultMavenResourcesFiltering - Copying 0 resource from src\main\resources to target\classes
2025-02-19 21:27:55,048 [Worker-137: ビルド] INFO  o.a.m.s.f.DefaultMavenResourcesFiltering - Copying 1 resource from src\main\resources to target\classes
2025-02-19 21:27:55,052 [Worker-137: ビルド] INFO  o.a.m.s.f.DefaultMavenResourcesFiltering - skip non existing resourceDirectory C:\Users\miche\OneDrive\Desktop\DOJT\digital-ojt-development-beginner-cause-DroneInventorySystem\DroneInventorySystem\src\test\resources
2025-02-19 21:28:15,656 [Worker-131: ビルド] INFO  o.a.m.s.f.DefaultMavenResourcesFiltering - Copying 0 resource from src\main\resources to target\classes
2025-02-19 21:28:15,656 [Worker-131: ビルド] INFO  o.a.m.s.f.DefaultMavenResourcesFiltering - Copying 1 resource from src\main\resources to target\classes
2025-02-19 21:28:15,660 [Worker-131: ビルド] INFO  o.a.m.s.f.DefaultMavenResourcesFiltering - skip non existing resourceDirectory C:\Users\miche\OneDrive\Desktop\DOJT\digital-ojt-development-beginner-cause-DroneInventorySystem\DroneInventorySystem\src\test\resources
2025-02-19 21:29:11,597 [Worker-138: ビルド] INFO  o.a.m.s.f.DefaultMavenResourcesFiltering - Copying 0 resource from src\main\resources to target\classes
2025-02-19 21:29:11,598 [Worker-138: ビルド] INFO  o.a.m.s.f.DefaultMavenResourcesFiltering - Copying 1 resource from src\main\resources to target\classes
2025-02-19 21:29:11,601 [Worker-138: ビルド] INFO  o.a.m.s.f.DefaultMavenResourcesFiltering - skip non existing resourceDirectory C:\Users\miche\OneDrive\Desktop\DOJT\digital-ojt-development-beginner-cause-DroneInventorySystem\DroneInventorySystem\src\test\resources
2025-02-19 21:29:24,972 [Worker-138: ビルド] INFO  o.a.m.s.f.DefaultMavenResourcesFiltering - Copying 0 resource from src\main\resources to target\classes
2025-02-19 21:29:24,972 [Worker-138: ビルド] INFO  o.a.m.s.f.DefaultMavenResourcesFiltering - Copying 1 resource from src\main\resources to target\classes
2025-02-19 21:29:24,977 [Worker-138: ビルド] INFO  o.a.m.s.f.DefaultMavenResourcesFiltering - skip non existing resourceDirectory C:\Users\miche\OneDrive\Desktop\DOJT\digital-ojt-development-beginner-cause-DroneInventorySystem\DroneInventorySystem\src\test\resources
2025-02-19 21:29:45,543 [Worker-134: ビルド] INFO  o.a.m.s.f.DefaultMavenResourcesFiltering - Copying 0 resource from src\main\resources to target\classes
2025-02-19 21:29:45,543 [Worker-134: ビルド] INFO  o.a.m.s.f.DefaultMavenResourcesFiltering - Copying 1 resource from src\main\resources to target\classes
2025-02-19 21:29:45,547 [Worker-134: ビルド] INFO  o.a.m.s.f.DefaultMavenResourcesFiltering - skip non existing resourceDirectory C:\Users\miche\OneDrive\Desktop\DOJT\digital-ojt-development-beginner-cause-DroneInventorySystem\DroneInventorySystem\src\test\resources
2025-02-19 21:31:30,469 [Worker-136: ビルド] INFO  o.a.m.s.f.DefaultMavenResourcesFiltering - Copying 0 resource from src\main\resources to target\classes
2025-02-19 21:31:30,470 [Worker-136: ビルド] INFO  o.a.m.s.f.DefaultMavenResourcesFiltering - Copying 1 resource from src\main\resources to target\classes
2025-02-19 21:31:30,473 [Worker-136: ビルド] INFO  o.a.m.s.f.DefaultMavenResourcesFiltering - skip non existing resourceDirectory C:\Users\miche\OneDrive\Desktop\DOJT\digital-ojt-development-beginner-cause-DroneInventorySystem\DroneInventorySystem\src\test\resources
2025-02-19 21:32:42,591 [Worker-138: ビルド] INFO  o.a.m.s.f.DefaultMavenResourcesFiltering - Copying 0 resource from src\main\resources to target\classes
2025-02-19 21:32:42,592 [Worker-138: ビルド] INFO  o.a.m.s.f.DefaultMavenResourcesFiltering - Copying 1 resource from src\main\resources to target\classes
2025-02-19 21:32:42,596 [Worker-138: ビルド] INFO  o.a.m.s.f.DefaultMavenResourcesFiltering - skip non existing resourceDirectory C:\Users\miche\OneDrive\Desktop\DOJT\digital-ojt-development-beginner-cause-DroneInventorySystem\DroneInventorySystem\src\test\resources
2025-02-19 21:33:03,889 [Worker-139: ビルド] INFO  o.a.m.s.f.DefaultMavenResourcesFiltering - Copying 0 resource from src\main\resources to target\classes
2025-02-19 21:33:03,889 [Worker-139: ビルド] INFO  o.a.m.s.f.DefaultMavenResourcesFiltering - Copying 1 resource from src\main\resources to target\classes
2025-02-19 21:33:03,892 [Worker-139: ビルド] INFO  o.a.m.s.f.DefaultMavenResourcesFiltering - skip non existing resourceDirectory C:\Users\miche\OneDrive\Desktop\DOJT\digital-ojt-development-beginner-cause-DroneInventorySystem\DroneInventorySystem\src\test\resources
2025-02-19 21:34:45,227 [Worker-134: ビルド] INFO  o.a.m.s.f.DefaultMavenResourcesFiltering - Copying 0 resource from src\main\resources to target\classes
2025-02-19 21:34:45,228 [Worker-134: ビルド] INFO  o.a.m.s.f.DefaultMavenResourcesFiltering - Copying 1 resource from src\main\resources to target\classes
2025-02-19 21:34:45,233 [Worker-134: ビルド] INFO  o.a.m.s.f.DefaultMavenResourcesFiltering - skip non existing resourceDirectory C:\Users\miche\OneDrive\Desktop\DOJT\digital-ojt-development-beginner-cause-DroneInventorySystem\DroneInventorySystem\src\test\resources
2025-02-19 21:38:05,184 [Worker-136: ビルド] INFO  o.a.m.s.f.DefaultMavenResourcesFiltering - Copying 1 resource from src\main\resources to target\classes
2025-02-19 21:38:05,198 [Worker-136: ビルド] INFO  o.a.m.s.f.DefaultMavenResourcesFiltering - Copying 52 resources from src\main\resources to target\classes
2025-02-19 21:38:05,222 [Worker-136: ビルド] INFO  o.a.m.s.f.DefaultMavenResourcesFiltering - skip non existing resourceDirectory C:\Users\miche\OneDrive\Desktop\DOJT\digital-ojt-development-beginner-cause-DroneInventorySystem\DroneInventorySystem\src\test\resources
2025-02-19 21:40:21,431 [Worker-134: ビルド] INFO  o.a.m.s.f.DefaultMavenResourcesFiltering - Copying 0 resource from src\main\resources to target\classes
2025-02-19 21:40:21,432 [Worker-134: ビルド] INFO  o.a.m.s.f.DefaultMavenResourcesFiltering - Copying 1 resource from src\main\resources to target\classes
2025-02-19 21:40:21,436 [Worker-134: ビルド] INFO  o.a.m.s.f.DefaultMavenResourcesFiltering - skip non existing resourceDirectory C:\Users\miche\OneDrive\Desktop\DOJT\digital-ojt-development-beginner-cause-DroneInventorySystem\DroneInventorySystem\src\test\resources
2025-02-19 21:40:59,578 [Worker-140: ビルド] INFO  o.a.m.s.f.DefaultMavenResourcesFiltering - Copying 0 resource from src\main\resources to target\classes
2025-02-19 21:40:59,579 [Worker-140: ビルド] INFO  o.a.m.s.f.DefaultMavenResourcesFiltering - Copying 1 resource from src\main\resources to target\classes
2025-02-19 21:40:59,582 [Worker-140: ビルド] INFO  o.a.m.s.f.DefaultMavenResourcesFiltering - skip non existing resourceDirectory C:\Users\miche\OneDrive\Desktop\DOJT\digital-ojt-development-beginner-cause-DroneInventorySystem\DroneInventorySystem\src\test\resources
2025-02-19 21:42:04,179 [Worker-140: ビルド] INFO  o.a.m.s.f.DefaultMavenResourcesFiltering - Copying 1 resource from src\main\resources to target\classes
2025-02-19 21:42:04,192 [Worker-140: ビルド] INFO  o.a.m.s.f.DefaultMavenResourcesFiltering - Copying 52 resources from src\main\resources to target\classes
2025-02-19 21:42:04,208 [Worker-140: ビルド] INFO  o.a.m.s.f.DefaultMavenResourcesFiltering - skip non existing resourceDirectory C:\Users\miche\OneDrive\Desktop\DOJT\digital-ojt-development-beginner-cause-DroneInventorySystem\DroneInventorySystem\src\test\resources
2025-02-19 21:42:39,298 [Worker-143: ビルド] INFO  o.a.m.s.f.DefaultMavenResourcesFiltering - Copying 1 resource from src\main\resources to target\classes
2025-02-19 21:42:39,316 [Worker-143: ビルド] INFO  o.a.m.s.f.DefaultMavenResourcesFiltering - Copying 52 resources from src\main\resources to target\classes
2025-02-19 21:42:39,332 [Worker-143: ビルド] INFO  o.a.m.s.f.DefaultMavenResourcesFiltering - skip non existing resourceDirectory C:\Users\miche\OneDrive\Desktop\DOJT\digital-ojt-development-beginner-cause-DroneInventorySystem\DroneInventorySystem\src\test\resources
2025-02-19 21:43:22,416 [Worker-140: ビルド] INFO  o.a.m.s.f.DefaultMavenResourcesFiltering - Copying 1 resource from src\main\resources to target\classes
2025-02-19 21:43:22,429 [Worker-140: ビルド] INFO  o.a.m.s.f.DefaultMavenResourcesFiltering - Copying 52 resources from src\main\resources to target\classes
2025-02-19 21:43:22,448 [Worker-140: ビルド] INFO  o.a.m.s.f.DefaultMavenResourcesFiltering - skip non existing resourceDirectory C:\Users\miche\OneDrive\Desktop\DOJT\digital-ojt-development-beginner-cause-DroneInventorySystem\DroneInventorySystem\src\test\resources
2025-02-19 21:43:53,263 [Worker-140: ビルド] INFO  o.a.m.s.f.DefaultMavenResourcesFiltering - Copying 1 resource from src\main\resources to target\classes
2025-02-19 21:43:53,272 [Worker-140: ビルド] INFO  o.a.m.s.f.DefaultMavenResourcesFiltering - Copying 52 resources from src\main\resources to target\classes
2025-02-19 21:43:53,289 [Worker-140: ビルド] INFO  o.a.m.s.f.DefaultMavenResourcesFiltering - skip non existing resourceDirectory C:\Users\miche\OneDrive\Desktop\DOJT\digital-ojt-development-beginner-cause-DroneInventorySystem\DroneInventorySystem\src\test\resources
2025-02-19 21:44:14,519 [Worker-144: ビルド] INFO  o.a.m.s.f.DefaultMavenResourcesFiltering - Copying 1 resource from src\main\resources to target\classes
2025-02-19 21:44:14,747 [Worker-144: ビルド] INFO  o.a.m.s.f.DefaultMavenResourcesFiltering - Copying 52 resources from src\main\resources to target\classes
2025-02-19 21:44:14,771 [Worker-144: ビルド] INFO  o.a.m.s.f.DefaultMavenResourcesFiltering - skip non existing resourceDirectory C:\Users\miche\OneDrive\Desktop\DOJT\digital-ojt-development-beginner-cause-DroneInventorySystem\DroneInventorySystem\src\test\resources
2025-02-19 21:44:38,020 [Worker-141: ビルド] INFO  o.a.m.s.f.DefaultMavenResourcesFiltering - Copying 1 resource from src\main\resources to target\classes
2025-02-19 21:44:38,030 [Worker-141: ビルド] INFO  o.a.m.s.f.DefaultMavenResourcesFiltering - Copying 52 resources from src\main\resources to target\classes
2025-02-19 21:44:38,047 [Worker-141: ビルド] INFO  o.a.m.s.f.DefaultMavenResourcesFiltering - skip non existing resourceDirectory C:\Users\miche\OneDrive\Desktop\DOJT\digital-ojt-development-beginner-cause-DroneInventorySystem\DroneInventorySystem\src\test\resources
2025-02-19 22:00:28,238 [Worker-142: ビルド] INFO  o.a.m.s.f.DefaultMavenResourcesFiltering - Copying 1 resource from src\main\resources to target\classes
2025-02-19 22:00:28,247 [Worker-142: ビルド] INFO  o.a.m.s.f.DefaultMavenResourcesFiltering - Copying 52 resources from src\main\resources to target\classes
2025-02-19 22:00:28,266 [Worker-142: ビルド] INFO  o.a.m.s.f.DefaultMavenResourcesFiltering - skip non existing resourceDirectory C:\Users\miche\OneDrive\Desktop\DOJT\digital-ojt-development-beginner-cause-DroneInventorySystem\DroneInventorySystem\src\test\resources
2025-02-19 22:03:39,514 [Worker-145: ビルド] INFO  o.a.m.s.f.DefaultMavenResourcesFiltering - Copying 1 resource from src\main\resources to target\classes
2025-02-19 22:03:39,526 [Worker-145: ビルド] INFO  o.a.m.s.f.DefaultMavenResourcesFiltering - Copying 52 resources from src\main\resources to target\classes
2025-02-19 22:03:39,545 [Worker-145: ビルド] INFO  o.a.m.s.f.DefaultMavenResourcesFiltering - skip non existing resourceDirectory C:\Users\miche\OneDrive\Desktop\DOJT\digital-ojt-development-beginner-cause-DroneInventorySystem\DroneInventorySystem\src\test\resources
2025-02-19 22:03:58,372 [Worker-141: ビルド] INFO  o.a.m.s.f.DefaultMavenResourcesFiltering - Copying 1 resource from src\main\resources to target\classes
2025-02-19 22:03:58,383 [Worker-141: ビルド] INFO  o.a.m.s.f.DefaultMavenResourcesFiltering - Copying 52 resources from src\main\resources to target\classes
2025-02-19 22:03:58,403 [Worker-141: ビルド] INFO  o.a.m.s.f.DefaultMavenResourcesFiltering - skip non existing resourceDirectory C:\Users\miche\OneDrive\Desktop\DOJT\digital-ojt-development-beginner-cause-DroneInventorySystem\DroneInventorySystem\src\test\resources
2025-02-19 22:31:05,216 [Worker-145: ビルド] INFO  o.a.m.s.f.DefaultMavenResourcesFiltering - Copying 1 resource from src\main\resources to target\classes
2025-02-19 22:31:05,226 [Worker-145: ビルド] INFO  o.a.m.s.f.DefaultMavenResourcesFiltering - Copying 52 resources from src\main\resources to target\classes
2025-02-19 22:31:05,243 [Worker-145: ビルド] INFO  o.a.m.s.f.DefaultMavenResourcesFiltering - skip non existing resourceDirectory C:\Users\miche\OneDrive\Desktop\DOJT\digital-ojt-development-beginner-cause-DroneInventorySystem\DroneInventorySystem\src\test\resources
2025-02-19 22:34:02,991 [Worker-146: ビルド] INFO  o.a.m.s.f.DefaultMavenResourcesFiltering - Copying 1 resource from src\main\resources to target\classes
2025-02-19 22:34:03,004 [Worker-146: ビルド] INFO  o.a.m.s.f.DefaultMavenResourcesFiltering - Copying 52 resources from src\main\resources to target\classes
2025-02-19 22:34:03,045 [Worker-146: ビルド] INFO  o.a.m.s.f.DefaultMavenResourcesFiltering - skip non existing resourceDirectory C:\Users\miche\OneDrive\Desktop\DOJT\digital-ojt-development-beginner-cause-DroneInventorySystem\DroneInventorySystem\src\test\resources
2025-02-19 22:39:20,699 [Worker-134: ビルド] INFO  o.a.m.s.f.DefaultMavenResourcesFiltering - Copying 1 resource from src\main\resources to target\classes
2025-02-19 22:39:20,709 [Worker-134: ビルド] INFO  o.a.m.s.f.DefaultMavenResourcesFiltering - Copying 52 resources from src\main\resources to target\classes
2025-02-19 22:39:20,729 [Worker-134: ビルド] INFO  o.a.m.s.f.DefaultMavenResourcesFiltering - skip non existing resourceDirectory C:\Users\miche\OneDrive\Desktop\DOJT\digital-ojt-development-beginner-cause-DroneInventorySystem\DroneInventorySystem\src\test\resources
2025-02-19 22:39:49,904 [Worker-142: ビルド] INFO  o.a.m.s.f.DefaultMavenResourcesFiltering - Copying 1 resource from src\main\resources to target\classes
2025-02-19 22:39:49,913 [Worker-142: ビルド] INFO  o.a.m.s.f.DefaultMavenResourcesFiltering - Copying 52 resources from src\main\resources to target\classes
2025-02-19 22:39:49,930 [Worker-142: ビルド] INFO  o.a.m.s.f.DefaultMavenResourcesFiltering - skip non existing resourceDirectory C:\Users\miche\OneDrive\Desktop\DOJT\digital-ojt-development-beginner-cause-DroneInventorySystem\DroneInventorySystem\src\test\resources
2025-02-19 22:41:13,786 [Worker-144: ビルド] INFO  o.a.m.s.f.DefaultMavenResourcesFiltering - Copying 1 resource from src\main\resources to target\classes
2025-02-19 22:41:13,796 [Worker-144: ビルド] INFO  o.a.m.s.f.DefaultMavenResourcesFiltering - Copying 52 resources from src\main\resources to target\classes
2025-02-19 22:41:13,813 [Worker-144: ビルド] INFO  o.a.m.s.f.DefaultMavenResourcesFiltering - skip non existing resourceDirectory C:\Users\miche\OneDrive\Desktop\DOJT\digital-ojt-development-beginner-cause-DroneInventorySystem\DroneInventorySystem\src\test\resources
2025-02-19 22:42:45,797 [Worker-145: ビルド] INFO  o.a.m.s.f.DefaultMavenResourcesFiltering - Copying 1 resource from src\main\resources to target\classes
2025-02-19 22:42:45,813 [Worker-145: ビルド] INFO  o.a.m.s.f.DefaultMavenResourcesFiltering - Copying 52 resources from src\main\resources to target\classes
2025-02-19 22:42:45,831 [Worker-145: ビルド] INFO  o.a.m.s.f.DefaultMavenResourcesFiltering - skip non existing resourceDirectory C:\Users\miche\OneDrive\Desktop\DOJT\digital-ojt-development-beginner-cause-DroneInventorySystem\DroneInventorySystem\src\test\resources
2025-02-19 22:50:48,538 [Worker-136: ビルド] INFO  o.a.m.s.f.DefaultMavenResourcesFiltering - Copying 1 resource from src\main\resources to target\classes
2025-02-19 22:50:48,549 [Worker-136: ビルド] INFO  o.a.m.s.f.DefaultMavenResourcesFiltering - Copying 52 resources from src\main\resources to target\classes
2025-02-19 22:50:48,571 [Worker-136: ビルド] INFO  o.a.m.s.f.DefaultMavenResourcesFiltering - skip non existing resourceDirectory C:\Users\miche\OneDrive\Desktop\DOJT\digital-ojt-development-beginner-cause-DroneInventorySystem\DroneInventorySystem\src\test\resources
2025-02-19 22:58:30,709 [Worker-148: ビルド] INFO  o.a.m.s.f.DefaultMavenResourcesFiltering - Copying 1 resource from src\main\resources to target\classes
2025-02-19 22:58:30,720 [Worker-148: ビルド] INFO  o.a.m.s.f.DefaultMavenResourcesFiltering - Copying 52 resources from src\main\resources to target\classes
2025-02-19 22:58:30,743 [Worker-148: ビルド] INFO  o.a.m.s.f.DefaultMavenResourcesFiltering - skip non existing resourceDirectory C:\Users\miche\OneDrive\Desktop\DOJT\digital-ojt-development-beginner-cause-DroneInventorySystem\DroneInventorySystem\src\test\resources
2025-02-19 22:59:46,958 [Worker-145: ビルド] INFO  o.a.m.s.f.DefaultMavenResourcesFiltering - Copying 1 resource from src\main\resources to target\classes
2025-02-19 22:59:47,160 [Worker-145: ビルド] INFO  o.a.m.s.f.DefaultMavenResourcesFiltering - Copying 52 resources from src\main\resources to target\classes
2025-02-19 22:59:47,179 [Worker-145: ビルド] INFO  o.a.m.s.f.DefaultMavenResourcesFiltering - skip non existing resourceDirectory C:\Users\miche\OneDrive\Desktop\DOJT\digital-ojt-development-beginner-cause-DroneInventorySystem\DroneInventorySystem\src\test\resources
2025-02-19 22:59:54,456 [Worker-134: ビルド] INFO  o.a.m.s.f.DefaultMavenResourcesFiltering - Copying 1 resource from src\main\resources to target\classes
2025-02-19 22:59:54,476 [Worker-134: ビルド] INFO  o.a.m.s.f.DefaultMavenResourcesFiltering - Copying 52 resources from src\main\resources to target\classes
2025-02-19 22:59:54,494 [Worker-134: ビルド] INFO  o.a.m.s.f.DefaultMavenResourcesFiltering - skip non existing resourceDirectory C:\Users\miche\OneDrive\Desktop\DOJT\digital-ojt-development-beginner-cause-DroneInventorySystem\DroneInventorySystem\src\test\resources
2025-02-19 23:03:46,526 [Worker-145: ビルド] INFO  o.a.m.s.f.DefaultMavenResourcesFiltering - Copying 1 resource from src\main\resources to target\classes
2025-02-19 23:03:46,539 [Worker-145: ビルド] INFO  o.a.m.s.f.DefaultMavenResourcesFiltering - Copying 52 resources from src\main\resources to target\classes
2025-02-19 23:03:46,561 [Worker-145: ビルド] INFO  o.a.m.s.f.DefaultMavenResourcesFiltering - skip non existing resourceDirectory C:\Users\miche\OneDrive\Desktop\DOJT\digital-ojt-development-beginner-cause-DroneInventorySystem\DroneInventorySystem\src\test\resources
2025-02-19 23:15:58,248 [Worker-148: ビルド] INFO  o.a.m.s.f.DefaultMavenResourcesFiltering - Copying 1 resource from src\main\resources to target\classes
2025-02-19 23:15:58,268 [Worker-148: ビルド] INFO  o.a.m.s.f.DefaultMavenResourcesFiltering - Copying 52 resources from src\main\resources to target\classes
2025-02-19 23:15:58,287 [Worker-148: ビルド] INFO  o.a.m.s.f.DefaultMavenResourcesFiltering - skip non existing resourceDirectory C:\Users\miche\OneDrive\Desktop\DOJT\digital-ojt-development-beginner-cause-DroneInventorySystem\DroneInventorySystem\src\test\resources
2025-02-19 23:18:33,433 [Worker-145: ビルド] INFO  o.a.m.s.f.DefaultMavenResourcesFiltering - Copying 1 resource from src\main\resources to target\classes
2025-02-19 23:18:33,458 [Worker-145: ビルド] INFO  o.a.m.s.f.DefaultMavenResourcesFiltering - Copying 52 resources from src\main\resources to target\classes
2025-02-19 23:18:33,475 [Worker-145: ビルド] INFO  o.a.m.s.f.DefaultMavenResourcesFiltering - skip non existing resourceDirectory C:\Users\miche\OneDrive\Desktop\DOJT\digital-ojt-development-beginner-cause-DroneInventorySystem\DroneInventorySystem\src\test\resources
2025-02-19 23:27:25,378 [Worker-145: ビルド] INFO  o.a.m.s.f.DefaultMavenResourcesFiltering - Copying 1 resource from src\main\resources to target\classes
2025-02-19 23:27:25,388 [Worker-145: ビルド] INFO  o.a.m.s.f.DefaultMavenResourcesFiltering - Copying 52 resources from src\main\resources to target\classes
2025-02-19 23:27:25,414 [Worker-145: ビルド] INFO  o.a.m.s.f.DefaultMavenResourcesFiltering - skip non existing resourceDirectory C:\Users\miche\OneDrive\Desktop\DOJT\digital-ojt-development-beginner-cause-DroneInventorySystem\DroneInventorySystem\src\test\resources
2025-02-19 23:34:24,756 [Worker-145: ビルド] INFO  o.a.m.s.f.DefaultMavenResourcesFiltering - Copying 1 resource from src\main\resources to target\classes
2025-02-19 23:34:26,019 [Worker-145: ビルド] INFO  o.a.m.s.f.DefaultMavenResourcesFiltering - Copying 52 resources from src\main\resources to target\classes
2025-02-19 23:34:26,049 [Worker-145: ビルド] INFO  o.a.m.s.f.DefaultMavenResourcesFiltering - skip non existing resourceDirectory C:\Users\miche\OneDrive\Desktop\DOJT\digital-ojt-development-beginner-cause-DroneInventorySystem\DroneInventorySystem\src\test\resources
2025-02-20 21:18:12,349 [Worker-5: Loading available Gradle versions] INFO  o.e.b.c.i.u.g.PublishedGradleVersions - Gradle version information cache is out-of-date. Trying to update.
2025-02-20 22:21:36,574 [Worker-4: Loading available Gradle versions] INFO  o.e.b.c.i.u.g.PublishedGradleVersions - Gradle version information cache is up-to-date. Trying to read.
2025-02-20 22:23:53,937 [Worker-3: ビルド] INFO  o.a.m.s.f.DefaultMavenResourcesFiltering - Copying 1 resource from src\main\resources to target\classes
2025-02-20 22:23:53,953 [Worker-3: ビルド] INFO  o.a.m.s.f.DefaultMavenResourcesFiltering - Copying 49 resources from src\main\resources to target\classes
2025-02-20 22:23:53,998 [Worker-3: ビルド] INFO  o.a.m.s.f.DefaultMavenResourcesFiltering - skip non existing resourceDirectory C:\Users\miche\OneDrive\Desktop\DOJT\digital-ojt-development-beginner-cause-DroneInventorySystem\DroneInventorySystem\src\test\resources
2025-02-20 22:26:38,397 [Worker-1: ビルド] INFO  o.a.m.s.f.DefaultMavenResourcesFiltering - Copying 0 resource from src\main\resources to target\classes
2025-02-20 22:26:38,399 [Worker-1: ビルド] INFO  o.a.m.s.f.DefaultMavenResourcesFiltering - Copying 0 resource from src\main\resources to target\classes
2025-02-20 22:26:38,403 [Worker-1: ビルド] INFO  o.a.m.s.f.DefaultMavenResourcesFiltering - skip non existing resourceDirectory C:\Users\miche\OneDrive\Desktop\DOJT\digital-ojt-development-beginner-cause-DroneInventorySystem\DroneInventorySystem\src\test\resources
2025-02-20 22:36:51,380 [Worker-5: ビルド] INFO  o.a.m.s.f.DefaultMavenResourcesFiltering - Copying 1 resource from src\main\resources to target\classes
2025-02-20 22:36:51,392 [Worker-5: ビルド] INFO  o.a.m.s.f.DefaultMavenResourcesFiltering - Copying 50 resources from src\main\resources to target\classes
2025-02-20 22:36:51,417 [Worker-5: ビルド] INFO  o.a.m.s.f.DefaultMavenResourcesFiltering - skip non existing resourceDirectory C:\Users\miche\OneDrive\Desktop\DOJT\digital-ojt-development-beginner-cause-DroneInventorySystem\DroneInventorySystem\src\test\resources
2025-02-20 22:47:45,717 [Worker-18: ビルド] INFO  o.a.m.s.f.DefaultMavenResourcesFiltering - Copying 1 resource from src\main\resources to target\classes
2025-02-20 22:47:45,727 [Worker-18: ビルド] INFO  o.a.m.s.f.DefaultMavenResourcesFiltering - Copying 52 resources from src\main\resources to target\classes
2025-02-20 22:47:45,760 [Worker-18: ビルド] INFO  o.a.m.s.f.DefaultMavenResourcesFiltering - skip non existing resourceDirectory C:\Users\miche\OneDrive\Desktop\DOJT\digital-ojt-development-beginner-cause-DroneInventorySystem\DroneInventorySystem\src\test\resources
2025-02-20 22:59:40,369 [Worker-24: ビルド] INFO  o.a.m.s.f.DefaultMavenResourcesFiltering - Copying 1 resource from src\main\resources to target\classes
2025-02-20 22:59:40,380 [Worker-24: ビルド] INFO  o.a.m.s.f.DefaultMavenResourcesFiltering - Copying 52 resources from src\main\resources to target\classes
2025-02-20 22:59:40,408 [Worker-24: ビルド] INFO  o.a.m.s.f.DefaultMavenResourcesFiltering - skip non existing resourceDirectory C:\Users\miche\OneDrive\Desktop\DOJT\digital-ojt-development-beginner-cause-DroneInventorySystem\DroneInventorySystem\src\test\resources
2025-02-20 23:00:01,657 [Worker-24: ビルド] INFO  o.a.m.s.f.DefaultMavenResourcesFiltering - Copying 1 resource from src\main\resources to target\classes
2025-02-20 23:00:01,666 [Worker-24: ビルド] INFO  o.a.m.s.f.DefaultMavenResourcesFiltering - Copying 52 resources from src\main\resources to target\classes
2025-02-20 23:00:01,692 [Worker-24: ビルド] INFO  o.a.m.s.f.DefaultMavenResourcesFiltering - skip non existing resourceDirectory C:\Users\miche\OneDrive\Desktop\DOJT\digital-ojt-development-beginner-cause-DroneInventorySystem\DroneInventorySystem\src\test\resources
2025-02-20 23:01:11,948 [Worker-29: ビルド] INFO  o.a.m.s.f.DefaultMavenResourcesFiltering - Copying 1 resource from src\main\resources to target\classes
2025-02-20 23:01:11,959 [Worker-29: ビルド] INFO  o.a.m.s.f.DefaultMavenResourcesFiltering - Copying 52 resources from src\main\resources to target\classes
2025-02-20 23:01:11,977 [Worker-29: ビルド] INFO  o.a.m.s.f.DefaultMavenResourcesFiltering - skip non existing resourceDirectory C:\Users\miche\OneDrive\Desktop\DOJT\digital-ojt-development-beginner-cause-DroneInventorySystem\DroneInventorySystem\src\test\resources
2025-02-20 23:01:37,485 [Worker-32: ビルド] INFO  o.a.m.s.f.DefaultMavenResourcesFiltering - Copying 1 resource from src\main\resources to target\classes
2025-02-20 23:01:37,525 [Worker-32: ビルド] INFO  o.a.m.s.f.DefaultMavenResourcesFiltering - Copying 52 resources from src\main\resources to target\classes
2025-02-20 23:01:37,546 [Worker-32: ビルド] INFO  o.a.m.s.f.DefaultMavenResourcesFiltering - skip non existing resourceDirectory C:\Users\miche\OneDrive\Desktop\DOJT\digital-ojt-development-beginner-cause-DroneInventorySystem\DroneInventorySystem\src\test\resources
2025-02-20 23:02:16,306 [Worker-28: ビルド] INFO  o.a.m.s.f.DefaultMavenResourcesFiltering - Copying 1 resource from src\main\resources to target\classes
2025-02-20 23:02:16,321 [Worker-28: ビルド] INFO  o.a.m.s.f.DefaultMavenResourcesFiltering - Copying 52 resources from src\main\resources to target\classes
2025-02-20 23:02:16,347 [Worker-28: ビルド] INFO  o.a.m.s.f.DefaultMavenResourcesFiltering - skip non existing resourceDirectory C:\Users\miche\OneDrive\Desktop\DOJT\digital-ojt-development-beginner-cause-DroneInventorySystem\DroneInventorySystem\src\test\resources
2025-02-20 23:02:32,995 [Worker-32: ビルド] INFO  o.a.m.s.f.DefaultMavenResourcesFiltering - Copying 1 resource from src\main\resources to target\classes
2025-02-20 23:02:33,009 [Worker-32: ビルド] INFO  o.a.m.s.f.DefaultMavenResourcesFiltering - Copying 52 resources from src\main\resources to target\classes
2025-02-20 23:02:33,033 [Worker-32: ビルド] INFO  o.a.m.s.f.DefaultMavenResourcesFiltering - skip non existing resourceDirectory C:\Users\miche\OneDrive\Desktop\DOJT\digital-ojt-development-beginner-cause-DroneInventorySystem\DroneInventorySystem\src\test\resources
2025-02-20 23:02:44,104 [Worker-29: ビルド] INFO  o.a.m.s.f.DefaultMavenResourcesFiltering - Copying 1 resource from src\main\resources to target\classes
2025-02-20 23:02:44,115 [Worker-29: ビルド] INFO  o.a.m.s.f.DefaultMavenResourcesFiltering - Copying 52 resources from src\main\resources to target\classes
2025-02-20 23:02:44,137 [Worker-29: ビルド] INFO  o.a.m.s.f.DefaultMavenResourcesFiltering - skip non existing resourceDirectory C:\Users\miche\OneDrive\Desktop\DOJT\digital-ojt-development-beginner-cause-DroneInventorySystem\DroneInventorySystem\src\test\resources
2025-02-20 23:05:44,627 [Worker-32: ビルド] INFO  o.a.m.s.f.DefaultMavenResourcesFiltering - Copying 1 resource from src\main\resources to target\classes
2025-02-20 23:05:44,629 [Worker-32: ビルド] INFO  o.a.m.s.f.DefaultMavenResourcesFiltering - Copying 52 resources from src\main\resources to target\classes
2025-02-20 23:05:44,645 [Worker-32: ビルド] INFO  o.a.m.s.f.DefaultMavenResourcesFiltering - skip non existing resourceDirectory C:\Users\miche\OneDrive\Desktop\DOJT\digital-ojt-development-beginner-cause-DroneInventorySystem\DroneInventorySystem\src\test\resources
2025-02-20 23:12:05,240 [Worker-32: ビルド] INFO  o.a.m.s.f.DefaultMavenResourcesFiltering - Copying 1 resource from src\main\resources to target\classes
2025-02-20 23:12:05,253 [Worker-32: ビルド] INFO  o.a.m.s.f.DefaultMavenResourcesFiltering - Copying 52 resources from src\main\resources to target\classes
2025-02-20 23:12:05,279 [Worker-32: ビルド] INFO  o.a.m.s.f.DefaultMavenResourcesFiltering - skip non existing resourceDirectory C:\Users\miche\OneDrive\Desktop\DOJT\digital-ojt-development-beginner-cause-DroneInventorySystem\DroneInventorySystem\src\test\resources
2025-02-20 23:13:01,570 [Worker-32: ビルド] INFO  o.a.m.s.f.DefaultMavenResourcesFiltering - Copying 1 resource from src\main\resources to target\classes
2025-02-20 23:13:01,580 [Worker-32: ビルド] INFO  o.a.m.s.f.DefaultMavenResourcesFiltering - Copying 52 resources from src\main\resources to target\classes
2025-02-20 23:13:01,597 [Worker-32: ビルド] INFO  o.a.m.s.f.DefaultMavenResourcesFiltering - skip non existing resourceDirectory C:\Users\miche\OneDrive\Desktop\DOJT\digital-ojt-development-beginner-cause-DroneInventorySystem\DroneInventorySystem\src\test\resources
2025-02-20 23:13:35,963 [Worker-34: ビルド] INFO  o.a.m.s.f.DefaultMavenResourcesFiltering - Copying 1 resource from src\main\resources to target\classes
2025-02-20 23:13:35,972 [Worker-34: ビルド] INFO  o.a.m.s.f.DefaultMavenResourcesFiltering - Copying 52 resources from src\main\resources to target\classes
2025-02-20 23:13:35,997 [Worker-34: ビルド] INFO  o.a.m.s.f.DefaultMavenResourcesFiltering - skip non existing resourceDirectory C:\Users\miche\OneDrive\Desktop\DOJT\digital-ojt-development-beginner-cause-DroneInventorySystem\DroneInventorySystem\src\test\resources
2025-02-20 23:14:40,951 [Worker-21: ビルド] INFO  o.a.m.s.f.DefaultMavenResourcesFiltering - Copying 1 resource from src\main\resources to target\classes
2025-02-20 23:14:40,962 [Worker-21: ビルド] INFO  o.a.m.s.f.DefaultMavenResourcesFiltering - Copying 52 resources from src\main\resources to target\classes
2025-02-20 23:14:40,981 [Worker-21: ビルド] INFO  o.a.m.s.f.DefaultMavenResourcesFiltering - skip non existing resourceDirectory C:\Users\miche\OneDrive\Desktop\DOJT\digital-ojt-development-beginner-cause-DroneInventorySystem\DroneInventorySystem\src\test\resources
2025-02-20 23:18:40,555 [Worker-37: ビルド] INFO  o.a.m.s.f.DefaultMavenResourcesFiltering - Copying 1 resource from src\main\resources to target\classes
2025-02-20 23:18:40,567 [Worker-37: ビルド] INFO  o.a.m.s.f.DefaultMavenResourcesFiltering - Copying 52 resources from src\main\resources to target\classes
2025-02-20 23:18:40,588 [Worker-37: ビルド] INFO  o.a.m.s.f.DefaultMavenResourcesFiltering - skip non existing resourceDirectory C:\Users\miche\OneDrive\Desktop\DOJT\digital-ojt-development-beginner-cause-DroneInventorySystem\DroneInventorySystem\src\test\resources
2025-02-20 23:19:06,958 [Worker-36: ビルド] INFO  o.a.m.s.f.DefaultMavenResourcesFiltering - Copying 1 resource from src\main\resources to target\classes
2025-02-20 23:19:06,970 [Worker-36: ビルド] INFO  o.a.m.s.f.DefaultMavenResourcesFiltering - Copying 52 resources from src\main\resources to target\classes
2025-02-20 23:19:06,991 [Worker-36: ビルド] INFO  o.a.m.s.f.DefaultMavenResourcesFiltering - skip non existing resourceDirectory C:\Users\miche\OneDrive\Desktop\DOJT\digital-ojt-development-beginner-cause-DroneInventorySystem\DroneInventorySystem\src\test\resources
2025-02-20 23:24:44,620 [Worker-34: ビルド] INFO  o.a.m.s.f.DefaultMavenResourcesFiltering - Copying 1 resource from src\main\resources to target\classes
2025-02-20 23:24:44,840 [Worker-34: ビルド] INFO  o.a.m.s.f.DefaultMavenResourcesFiltering - Copying 52 resources from src\main\resources to target\classes
2025-02-20 23:24:44,864 [Worker-34: ビルド] INFO  o.a.m.s.f.DefaultMavenResourcesFiltering - skip non existing resourceDirectory C:\Users\miche\OneDrive\Desktop\DOJT\digital-ojt-development-beginner-cause-DroneInventorySystem\DroneInventorySystem\src\test\resources
2025-02-20 23:25:52,326 [Worker-38: ビルド] INFO  o.a.m.s.f.DefaultMavenResourcesFiltering - Copying 1 resource from src\main\resources to target\classes
2025-02-20 23:25:52,339 [Worker-38: ビルド] INFO  o.a.m.s.f.DefaultMavenResourcesFiltering - Copying 52 resources from src\main\resources to target\classes
2025-02-20 23:25:52,357 [Worker-38: ビルド] INFO  o.a.m.s.f.DefaultMavenResourcesFiltering - skip non existing resourceDirectory C:\Users\miche\OneDrive\Desktop\DOJT\digital-ojt-development-beginner-cause-DroneInventorySystem\DroneInventorySystem\src\test\resources
2025-02-20 23:26:13,160 [Worker-34: ビルド] INFO  o.a.m.s.f.DefaultMavenResourcesFiltering - Copying 1 resource from src\main\resources to target\classes
2025-02-20 23:26:13,174 [Worker-34: ビルド] INFO  o.a.m.s.f.DefaultMavenResourcesFiltering - Copying 52 resources from src\main\resources to target\classes
2025-02-20 23:26:13,195 [Worker-34: ビルド] INFO  o.a.m.s.f.DefaultMavenResourcesFiltering - skip non existing resourceDirectory C:\Users\miche\OneDrive\Desktop\DOJT\digital-ojt-development-beginner-cause-DroneInventorySystem\DroneInventorySystem\src\test\resources
2025-02-20 23:26:47,342 [Worker-32: ビルド] INFO  o.a.m.s.f.DefaultMavenResourcesFiltering - Copying 1 resource from src\main\resources to target\classes
2025-02-20 23:26:47,354 [Worker-32: ビルド] INFO  o.a.m.s.f.DefaultMavenResourcesFiltering - Copying 52 resources from src\main\resources to target\classes
2025-02-20 23:26:47,373 [Worker-32: ビルド] INFO  o.a.m.s.f.DefaultMavenResourcesFiltering - skip non existing resourceDirectory C:\Users\miche\OneDrive\Desktop\DOJT\digital-ojt-development-beginner-cause-DroneInventorySystem\DroneInventorySystem\src\test\resources
2025-02-20 23:29:46,719 [Worker-34: ビルド] INFO  o.a.m.s.f.DefaultMavenResourcesFiltering - Copying 1 resource from src\main\resources to target\classes
2025-02-20 23:29:46,730 [Worker-34: ビルド] INFO  o.a.m.s.f.DefaultMavenResourcesFiltering - Copying 52 resources from src\main\resources to target\classes
2025-02-20 23:29:46,747 [Worker-34: ビルド] INFO  o.a.m.s.f.DefaultMavenResourcesFiltering - skip non existing resourceDirectory C:\Users\miche\OneDrive\Desktop\DOJT\digital-ojt-development-beginner-cause-DroneInventorySystem\DroneInventorySystem\src\test\resources
2025-02-20 23:30:30,477 [Worker-32: ビルド] INFO  o.a.m.s.f.DefaultMavenResourcesFiltering - Copying 1 resource from src\main\resources to target\classes
2025-02-20 23:30:30,654 [Worker-32: ビルド] INFO  o.a.m.s.f.DefaultMavenResourcesFiltering - Copying 52 resources from src\main\resources to target\classes
2025-02-20 23:30:30,671 [Worker-32: ビルド] INFO  o.a.m.s.f.DefaultMavenResourcesFiltering - skip non existing resourceDirectory C:\Users\miche\OneDrive\Desktop\DOJT\digital-ojt-development-beginner-cause-DroneInventorySystem\DroneInventorySystem\src\test\resources
2025-02-20 23:31:18,370 [Worker-34: ビルド] INFO  o.a.m.s.f.DefaultMavenResourcesFiltering - Copying 1 resource from src\main\resources to target\classes
2025-02-20 23:31:18,382 [Worker-34: ビルド] INFO  o.a.m.s.f.DefaultMavenResourcesFiltering - Copying 52 resources from src\main\resources to target\classes
2025-02-20 23:31:18,409 [Worker-34: ビルド] INFO  o.a.m.s.f.DefaultMavenResourcesFiltering - skip non existing resourceDirectory C:\Users\miche\OneDrive\Desktop\DOJT\digital-ojt-development-beginner-cause-DroneInventorySystem\DroneInventorySystem\src\test\resources
2025-02-20 23:32:15,735 [Worker-35: ビルド] INFO  o.a.m.s.f.DefaultMavenResourcesFiltering - Copying 1 resource from src\main\resources to target\classes
2025-02-20 23:32:15,746 [Worker-35: ビルド] INFO  o.a.m.s.f.DefaultMavenResourcesFiltering - Copying 52 resources from src\main\resources to target\classes
2025-02-20 23:32:15,767 [Worker-35: ビルド] INFO  o.a.m.s.f.DefaultMavenResourcesFiltering - skip non existing resourceDirectory C:\Users\miche\OneDrive\Desktop\DOJT\digital-ojt-development-beginner-cause-DroneInventorySystem\DroneInventorySystem\src\test\resources
2025-02-20 23:34:27,848 [Worker-35: ビルド] INFO  o.a.m.s.f.DefaultMavenResourcesFiltering - Copying 1 resource from src\main\resources to target\classes
2025-02-20 23:34:27,856 [Worker-35: ビルド] INFO  o.a.m.s.f.DefaultMavenResourcesFiltering - Copying 0 resource from src\main\resources to target\classes
2025-02-20 23:34:27,858 [Worker-35: ビルド] INFO  o.a.m.s.f.DefaultMavenResourcesFiltering - skip non existing resourceDirectory C:\Users\miche\OneDrive\Desktop\DOJT\digital-ojt-development-beginner-cause-DroneInventorySystem\DroneInventorySystem\src\test\resources
2025-02-20 23:38:35,458 [Worker-41: ビルド] INFO  o.a.m.s.f.DefaultMavenResourcesFiltering - Copying 1 resource from src\main\resources to target\classes
2025-02-20 23:38:35,684 [Worker-41: ビルド] INFO  o.a.m.s.f.DefaultMavenResourcesFiltering - Copying 52 resources from src\main\resources to target\classes
2025-02-20 23:38:35,707 [Worker-41: ビルド] INFO  o.a.m.s.f.DefaultMavenResourcesFiltering - skip non existing resourceDirectory C:\Users\miche\OneDrive\Desktop\DOJT\digital-ojt-development-beginner-cause-DroneInventorySystem\DroneInventorySystem\src\test\resources
2025-02-20 23:42:14,212 [Worker-43: ビルド] INFO  o.a.m.s.f.DefaultMavenResourcesFiltering - Copying 1 resource from src\main\resources to target\classes
2025-02-20 23:42:14,228 [Worker-43: ビルド] INFO  o.a.m.s.f.DefaultMavenResourcesFiltering - Copying 52 resources from src\main\resources to target\classes
2025-02-20 23:42:14,251 [Worker-43: ビルド] INFO  o.a.m.s.f.DefaultMavenResourcesFiltering - skip non existing resourceDirectory C:\Users\miche\OneDrive\Desktop\DOJT\digital-ojt-development-beginner-cause-DroneInventorySystem\DroneInventorySystem\src\test\resources
2025-02-20 23:42:47,252 [Worker-41: ビルド] INFO  o.a.m.s.f.DefaultMavenResourcesFiltering - Copying 1 resource from src\main\resources to target\classes
2025-02-20 23:42:47,263 [Worker-41: ビルド] INFO  o.a.m.s.f.DefaultMavenResourcesFiltering - Copying 52 resources from src\main\resources to target\classes
2025-02-20 23:42:47,285 [Worker-41: ビルド] INFO  o.a.m.s.f.DefaultMavenResourcesFiltering - skip non existing resourceDirectory C:\Users\miche\OneDrive\Desktop\DOJT\digital-ojt-development-beginner-cause-DroneInventorySystem\DroneInventorySystem\src\test\resources
2025-02-20 23:43:09,347 [Worker-42: ビルド] INFO  o.a.m.s.f.DefaultMavenResourcesFiltering - Copying 1 resource from src\main\resources to target\classes
2025-02-20 23:43:09,366 [Worker-42: ビルド] INFO  o.a.m.s.f.DefaultMavenResourcesFiltering - Copying 52 resources from src\main\resources to target\classes
2025-02-20 23:43:09,385 [Worker-42: ビルド] INFO  o.a.m.s.f.DefaultMavenResourcesFiltering - skip non existing resourceDirectory C:\Users\miche\OneDrive\Desktop\DOJT\digital-ojt-development-beginner-cause-DroneInventorySystem\DroneInventorySystem\src\test\resources
2025-02-20 23:43:57,978 [Worker-41: ビルド] INFO  o.a.m.s.f.DefaultMavenResourcesFiltering - Copying 1 resource from src\main\resources to target\classes
2025-02-20 23:43:58,000 [Worker-41: ビルド] INFO  o.a.m.s.f.DefaultMavenResourcesFiltering - Copying 52 resources from src\main\resources to target\classes
2025-02-20 23:43:58,019 [Worker-41: ビルド] INFO  o.a.m.s.f.DefaultMavenResourcesFiltering - skip non existing resourceDirectory C:\Users\miche\OneDrive\Desktop\DOJT\digital-ojt-development-beginner-cause-DroneInventorySystem\DroneInventorySystem\src\test\resources
2025-02-20 23:44:51,347 [Worker-42: ビルド] INFO  o.a.m.s.f.DefaultMavenResourcesFiltering - Copying 1 resource from src\main\resources to target\classes
2025-02-20 23:44:51,369 [Worker-42: ビルド] INFO  o.a.m.s.f.DefaultMavenResourcesFiltering - Copying 52 resources from src\main\resources to target\classes
2025-02-20 23:44:51,391 [Worker-42: ビルド] INFO  o.a.m.s.f.DefaultMavenResourcesFiltering - skip non existing resourceDirectory C:\Users\miche\OneDrive\Desktop\DOJT\digital-ojt-development-beginner-cause-DroneInventorySystem\DroneInventorySystem\src\test\resources
2025-02-20 23:45:04,453 [Worker-43: ビルド] INFO  o.a.m.s.f.DefaultMavenResourcesFiltering - Copying 1 resource from src\main\resources to target\classes
2025-02-20 23:45:04,478 [Worker-43: ビルド] INFO  o.a.m.s.f.DefaultMavenResourcesFiltering - Copying 52 resources from src\main\resources to target\classes
2025-02-20 23:45:04,497 [Worker-43: ビルド] INFO  o.a.m.s.f.DefaultMavenResourcesFiltering - skip non existing resourceDirectory C:\Users\miche\OneDrive\Desktop\DOJT\digital-ojt-development-beginner-cause-DroneInventorySystem\DroneInventorySystem\src\test\resources
2025-02-20 23:45:17,563 [Worker-41: ビルド] INFO  o.a.m.s.f.DefaultMavenResourcesFiltering - Copying 1 resource from src\main\resources to target\classes
2025-02-20 23:45:17,581 [Worker-41: ビルド] INFO  o.a.m.s.f.DefaultMavenResourcesFiltering - Copying 52 resources from src\main\resources to target\classes
2025-02-20 23:45:17,599 [Worker-41: ビルド] INFO  o.a.m.s.f.DefaultMavenResourcesFiltering - skip non existing resourceDirectory C:\Users\miche\OneDrive\Desktop\DOJT\digital-ojt-development-beginner-cause-DroneInventorySystem\DroneInventorySystem\src\test\resources
2025-02-20 23:46:01,240 [Worker-43: ビルド] INFO  o.a.m.s.f.DefaultMavenResourcesFiltering - Copying 1 resource from src\main\resources to target\classes
2025-02-20 23:46:01,249 [Worker-43: ビルド] INFO  o.a.m.s.f.DefaultMavenResourcesFiltering - Copying 52 resources from src\main\resources to target\classes
2025-02-20 23:46:01,267 [Worker-43: ビルド] INFO  o.a.m.s.f.DefaultMavenResourcesFiltering - skip non existing resourceDirectory C:\Users\miche\OneDrive\Desktop\DOJT\digital-ojt-development-beginner-cause-DroneInventorySystem\DroneInventorySystem\src\test\resources
2025-02-20 23:46:15,899 [Worker-42: ビルド] INFO  o.a.m.s.f.DefaultMavenResourcesFiltering - Copying 1 resource from src\main\resources to target\classes
2025-02-20 23:46:15,910 [Worker-42: ビルド] INFO  o.a.m.s.f.DefaultMavenResourcesFiltering - Copying 52 resources from src\main\resources to target\classes
2025-02-20 23:46:15,929 [Worker-42: ビルド] INFO  o.a.m.s.f.DefaultMavenResourcesFiltering - skip non existing resourceDirectory C:\Users\miche\OneDrive\Desktop\DOJT\digital-ojt-development-beginner-cause-DroneInventorySystem\DroneInventorySystem\src\test\resources
2025-02-20 23:46:53,458 [Worker-43: ビルド] INFO  o.a.m.s.f.DefaultMavenResourcesFiltering - Copying 1 resource from src\main\resources to target\classes
2025-02-20 23:46:53,469 [Worker-43: ビルド] INFO  o.a.m.s.f.DefaultMavenResourcesFiltering - Copying 52 resources from src\main\resources to target\classes
2025-02-20 23:46:53,489 [Worker-43: ビルド] INFO  o.a.m.s.f.DefaultMavenResourcesFiltering - skip non existing resourceDirectory C:\Users\miche\OneDrive\Desktop\DOJT\digital-ojt-development-beginner-cause-DroneInventorySystem\DroneInventorySystem\src\test\resources
2025-02-20 23:47:42,720 [Worker-42: ビルド] INFO  o.a.m.s.f.DefaultMavenResourcesFiltering - Copying 1 resource from src\main\resources to target\classes
2025-02-20 23:47:42,731 [Worker-42: ビルド] INFO  o.a.m.s.f.DefaultMavenResourcesFiltering - Copying 52 resources from src\main\resources to target\classes
2025-02-20 23:47:42,755 [Worker-42: ビルド] INFO  o.a.m.s.f.DefaultMavenResourcesFiltering - skip non existing resourceDirectory C:\Users\miche\OneDrive\Desktop\DOJT\digital-ojt-development-beginner-cause-DroneInventorySystem\DroneInventorySystem\src\test\resources
2025-02-20 23:47:59,030 [Worker-43: ビルド] INFO  o.a.m.s.f.DefaultMavenResourcesFiltering - Copying 1 resource from src\main\resources to target\classes
2025-02-20 23:47:59,039 [Worker-43: ビルド] INFO  o.a.m.s.f.DefaultMavenResourcesFiltering - Copying 52 resources from src\main\resources to target\classes
2025-02-20 23:47:59,056 [Worker-43: ビルド] INFO  o.a.m.s.f.DefaultMavenResourcesFiltering - skip non existing resourceDirectory C:\Users\miche\OneDrive\Desktop\DOJT\digital-ojt-development-beginner-cause-DroneInventorySystem\DroneInventorySystem\src\test\resources
2025-02-20 23:50:08,486 [Worker-41: ビルド] INFO  o.a.m.s.f.DefaultMavenResourcesFiltering - Copying 0 resource from src\main\resources to target\classes
2025-02-20 23:50:08,487 [Worker-41: ビルド] INFO  o.a.m.s.f.DefaultMavenResourcesFiltering - Copying 1 resource from src\main\resources to target\classes
2025-02-20 23:50:08,491 [Worker-41: ビルド] INFO  o.a.m.s.f.DefaultMavenResourcesFiltering - skip non existing resourceDirectory C:\Users\miche\OneDrive\Desktop\DOJT\digital-ojt-development-beginner-cause-DroneInventorySystem\DroneInventorySystem\src\test\resources
2025-02-20 23:50:34,317 [Worker-44: ビルド] INFO  o.a.m.s.f.DefaultMavenResourcesFiltering - Copying 0 resource from src\main\resources to target\classes
2025-02-20 23:50:34,318 [Worker-44: ビルド] INFO  o.a.m.s.f.DefaultMavenResourcesFiltering - Copying 1 resource from src\main\resources to target\classes
2025-02-20 23:50:34,320 [Worker-44: ビルド] INFO  o.a.m.s.f.DefaultMavenResourcesFiltering - skip non existing resourceDirectory C:\Users\miche\OneDrive\Desktop\DOJT\digital-ojt-development-beginner-cause-DroneInventorySystem\DroneInventorySystem\src\test\resources
2025-02-20 23:51:53,559 [Worker-40: ビルド] INFO  o.a.m.s.f.DefaultMavenResourcesFiltering - Copying 0 resource from src\main\resources to target\classes
2025-02-20 23:51:53,560 [Worker-40: ビルド] INFO  o.a.m.s.f.DefaultMavenResourcesFiltering - Copying 1 resource from src\main\resources to target\classes
2025-02-20 23:51:53,566 [Worker-40: ビルド] INFO  o.a.m.s.f.DefaultMavenResourcesFiltering - skip non existing resourceDirectory C:\Users\miche\OneDrive\Desktop\DOJT\digital-ojt-development-beginner-cause-DroneInventorySystem\DroneInventorySystem\src\test\resources
2025-02-20 23:52:22,725 [Worker-40: ビルド] INFO  o.a.m.s.f.DefaultMavenResourcesFiltering - Copying 0 resource from src\main\resources to target\classes
2025-02-20 23:52:22,725 [Worker-40: ビルド] INFO  o.a.m.s.f.DefaultMavenResourcesFiltering - Copying 1 resource from src\main\resources to target\classes
2025-02-20 23:52:22,728 [Worker-40: ビルド] INFO  o.a.m.s.f.DefaultMavenResourcesFiltering - skip non existing resourceDirectory C:\Users\miche\OneDrive\Desktop\DOJT\digital-ojt-development-beginner-cause-DroneInventorySystem\DroneInventorySystem\src\test\resources
2025-02-20 23:53:25,660 [Worker-41: ビルド] INFO  o.a.m.s.f.DefaultMavenResourcesFiltering - Copying 0 resource from src\main\resources to target\classes
2025-02-20 23:53:25,661 [Worker-41: ビルド] INFO  o.a.m.s.f.DefaultMavenResourcesFiltering - Copying 1 resource from src\main\resources to target\classes
2025-02-20 23:53:25,664 [Worker-41: ビルド] INFO  o.a.m.s.f.DefaultMavenResourcesFiltering - skip non existing resourceDirectory C:\Users\miche\OneDrive\Desktop\DOJT\digital-ojt-development-beginner-cause-DroneInventorySystem\DroneInventorySystem\src\test\resources
2025-02-20 23:58:58,469 [Worker-41: ビルド] INFO  o.a.m.s.f.DefaultMavenResourcesFiltering - Copying 1 resource from src\main\resources to target\classes
2025-02-20 23:58:58,489 [Worker-41: ビルド] INFO  o.a.m.s.f.DefaultMavenResourcesFiltering - Copying 52 resources from src\main\resources to target\classes
2025-02-20 23:58:58,519 [Worker-41: ビルド] INFO  o.a.m.s.f.DefaultMavenResourcesFiltering - skip non existing resourceDirectory C:\Users\miche\OneDrive\Desktop\DOJT\digital-ojt-development-beginner-cause-DroneInventorySystem\DroneInventorySystem\src\test\resources
2025-02-22 09:19:28,551 [Worker-5: Loading available Gradle versions] INFO  o.e.b.c.i.u.g.PublishedGradleVersions - Gradle version information cache is out-of-date. Trying to update.
2025-02-22 09:30:22,711 [Worker-7: ビルド] INFO  o.a.m.s.f.DefaultMavenResourcesFiltering - Copying 1 resource from src\main\resources to target\classes
2025-02-22 09:30:22,763 [Worker-7: ビルド] INFO  o.a.m.s.f.DefaultMavenResourcesFiltering - Copying 52 resources from src\main\resources to target\classes
2025-02-22 09:30:22,801 [Worker-7: ビルド] INFO  o.a.m.s.f.DefaultMavenResourcesFiltering - skip non existing resourceDirectory C:\Users\miche\OneDrive\Desktop\DOJT\digital-ojt-development-beginner-cause-DroneInventorySystem\DroneInventorySystem\src\test\resources
2025-02-22 09:39:00,001 [Worker-11: ビルド] INFO  o.a.m.s.f.DefaultMavenResourcesFiltering - Copying 1 resource from src\main\resources to target\classes
2025-02-22 09:39:00,030 [Worker-11: ビルド] INFO  o.a.m.s.f.DefaultMavenResourcesFiltering - Copying 52 resources from src\main\resources to target\classes
2025-02-22 09:39:00,049 [Worker-11: ビルド] INFO  o.a.m.s.f.DefaultMavenResourcesFiltering - skip non existing resourceDirectory C:\Users\miche\OneDrive\Desktop\DOJT\digital-ojt-development-beginner-cause-DroneInventorySystem\DroneInventorySystem\src\test\resources
2025-02-22 09:39:06,429 [Worker-12: ビルド] INFO  o.a.m.s.f.DefaultMavenResourcesFiltering - Copying 1 resource from src\main\resources to target\classes
2025-02-22 09:39:06,443 [Worker-12: ビルド] INFO  o.a.m.s.f.DefaultMavenResourcesFiltering - Copying 52 resources from src\main\resources to target\classes
2025-02-22 09:39:06,463 [Worker-12: ビルド] INFO  o.a.m.s.f.DefaultMavenResourcesFiltering - skip non existing resourceDirectory C:\Users\miche\OneDrive\Desktop\DOJT\digital-ojt-development-beginner-cause-DroneInventorySystem\DroneInventorySystem\src\test\resources
2025-02-22 09:40:03,837 [Worker-8: ビルド] INFO  o.a.m.s.f.DefaultMavenResourcesFiltering - Copying 1 resource from src\main\resources to target\classes
2025-02-22 09:40:03,850 [Worker-8: ビルド] INFO  o.a.m.s.f.DefaultMavenResourcesFiltering - Copying 52 resources from src\main\resources to target\classes
2025-02-22 09:40:03,868 [Worker-8: ビルド] INFO  o.a.m.s.f.DefaultMavenResourcesFiltering - skip non existing resourceDirectory C:\Users\miche\OneDrive\Desktop\DOJT\digital-ojt-development-beginner-cause-DroneInventorySystem\DroneInventorySystem\src\test\resources
2025-02-22 15:32:36,853 [Worker-18: ビルド] INFO  o.a.m.s.f.DefaultMavenResourcesFiltering - Copying 1 resource from src\main\resources to target\classes
2025-02-22 15:32:36,877 [Worker-18: ビルド] INFO  o.a.m.s.f.DefaultMavenResourcesFiltering - Copying 52 resources from src\main\resources to target\classes
2025-02-22 15:32:36,914 [Worker-18: ビルド] INFO  o.a.m.s.f.DefaultMavenResourcesFiltering - skip non existing resourceDirectory C:\Users\miche\OneDrive\Desktop\DOJT\digital-ojt-development-beginner-cause-DroneInventorySystem\DroneInventorySystem\src\test\resources
2025-02-22 15:41:11,318 [Worker-19: ビルド] INFO  o.a.m.s.f.DefaultMavenResourcesFiltering - Copying 1 resource from src\main\resources to target\classes
2025-02-22 15:41:11,330 [Worker-19: ビルド] INFO  o.a.m.s.f.DefaultMavenResourcesFiltering - Copying 52 resources from src\main\resources to target\classes
2025-02-22 15:41:11,350 [Worker-19: ビルド] INFO  o.a.m.s.f.DefaultMavenResourcesFiltering - skip non existing resourceDirectory C:\Users\miche\OneDrive\Desktop\DOJT\digital-ojt-development-beginner-cause-DroneInventorySystem\DroneInventorySystem\src\test\resources
2025-02-22 15:43:11,584 [Worker-23: ビルド] INFO  o.a.m.s.f.DefaultMavenResourcesFiltering - Copying 1 resource from src\main\resources to target\classes
2025-02-22 15:43:11,593 [Worker-23: ビルド] INFO  o.a.m.s.f.DefaultMavenResourcesFiltering - Copying 52 resources from src\main\resources to target\classes
2025-02-22 15:43:11,612 [Worker-23: ビルド] INFO  o.a.m.s.f.DefaultMavenResourcesFiltering - skip non existing resourceDirectory C:\Users\miche\OneDrive\Desktop\DOJT\digital-ojt-development-beginner-cause-DroneInventorySystem\DroneInventorySystem\src\test\resources
2025-02-22 15:45:32,924 [Worker-19: ビルド] INFO  o.a.m.s.f.DefaultMavenResourcesFiltering - Copying 1 resource from src\main\resources to target\classes
2025-02-22 15:45:32,934 [Worker-19: ビルド] INFO  o.a.m.s.f.DefaultMavenResourcesFiltering - Copying 52 resources from src\main\resources to target\classes
2025-02-22 15:45:32,952 [Worker-19: ビルド] INFO  o.a.m.s.f.DefaultMavenResourcesFiltering - skip non existing resourceDirectory C:\Users\miche\OneDrive\Desktop\DOJT\digital-ojt-development-beginner-cause-DroneInventorySystem\DroneInventorySystem\src\test\resources
2025-02-22 15:45:57,936 [Worker-27: ビルド] INFO  o.a.m.s.f.DefaultMavenResourcesFiltering - Copying 1 resource from src\main\resources to target\classes
2025-02-22 15:45:57,947 [Worker-27: ビルド] INFO  o.a.m.s.f.DefaultMavenResourcesFiltering - Copying 52 resources from src\main\resources to target\classes
2025-02-22 15:45:57,966 [Worker-27: ビルド] INFO  o.a.m.s.f.DefaultMavenResourcesFiltering - skip non existing resourceDirectory C:\Users\miche\OneDrive\Desktop\DOJT\digital-ojt-development-beginner-cause-DroneInventorySystem\DroneInventorySystem\src\test\resources
2025-02-22 15:46:16,641 [Worker-25: ビルド] INFO  o.a.m.s.f.DefaultMavenResourcesFiltering - Copying 1 resource from src\main\resources to target\classes
2025-02-22 15:46:16,652 [Worker-25: ビルド] INFO  o.a.m.s.f.DefaultMavenResourcesFiltering - Copying 52 resources from src\main\resources to target\classes
2025-02-22 15:46:16,674 [Worker-25: ビルド] INFO  o.a.m.s.f.DefaultMavenResourcesFiltering - skip non existing resourceDirectory C:\Users\miche\OneDrive\Desktop\DOJT\digital-ojt-development-beginner-cause-DroneInventorySystem\DroneInventorySystem\src\test\resources
2025-02-22 15:46:23,898 [Worker-25: ビルド] INFO  o.a.m.s.f.DefaultMavenResourcesFiltering - Copying 1 resource from src\main\resources to target\classes
2025-02-22 15:46:23,907 [Worker-25: ビルド] INFO  o.a.m.s.f.DefaultMavenResourcesFiltering - Copying 52 resources from src\main\resources to target\classes
2025-02-22 15:46:23,923 [Worker-25: ビルド] INFO  o.a.m.s.f.DefaultMavenResourcesFiltering - skip non existing resourceDirectory C:\Users\miche\OneDrive\Desktop\DOJT\digital-ojt-development-beginner-cause-DroneInventorySystem\DroneInventorySystem\src\test\resources
2025-02-22 15:49:56,170 [Worker-30: ビルド] INFO  o.a.m.s.f.DefaultMavenResourcesFiltering - Copying 1 resource from src\main\resources to target\classes
2025-02-22 15:49:56,185 [Worker-30: ビルド] INFO  o.a.m.s.f.DefaultMavenResourcesFiltering - Copying 52 resources from src\main\resources to target\classes
2025-02-22 15:49:56,206 [Worker-30: ビルド] INFO  o.a.m.s.f.DefaultMavenResourcesFiltering - skip non existing resourceDirectory C:\Users\miche\OneDrive\Desktop\DOJT\digital-ojt-development-beginner-cause-DroneInventorySystem\DroneInventorySystem\src\test\resources
2025-02-22 15:58:13,365 [Worker-34: ビルド] INFO  o.a.m.s.f.DefaultMavenResourcesFiltering - Copying 1 resource from src\main\resources to target\classes
2025-02-22 15:58:13,378 [Worker-34: ビルド] INFO  o.a.m.s.f.DefaultMavenResourcesFiltering - Copying 52 resources from src\main\resources to target\classes
2025-02-22 15:58:13,399 [Worker-34: ビルド] INFO  o.a.m.s.f.DefaultMavenResourcesFiltering - skip non existing resourceDirectory C:\Users\miche\OneDrive\Desktop\DOJT\digital-ojt-development-beginner-cause-DroneInventorySystem\DroneInventorySystem\src\test\resources
2025-02-22 16:20:21,643 [Worker-39: ビルド] INFO  o.a.m.s.f.DefaultMavenResourcesFiltering - Copying 1 resource from src\main\resources to target\classes
2025-02-22 16:20:21,659 [Worker-39: ビルド] INFO  o.a.m.s.f.DefaultMavenResourcesFiltering - Copying 52 resources from src\main\resources to target\classes
2025-02-22 16:20:21,684 [Worker-39: ビルド] INFO  o.a.m.s.f.DefaultMavenResourcesFiltering - skip non existing resourceDirectory C:\Users\miche\OneDrive\Desktop\DOJT\digital-ojt-development-beginner-cause-DroneInventorySystem\DroneInventorySystem\src\test\resources
2025-02-22 16:21:30,530 [Worker-36: ビルド] INFO  o.a.m.s.f.DefaultMavenResourcesFiltering - Copying 1 resource from src\main\resources to target\classes
2025-02-22 16:21:30,540 [Worker-36: ビルド] INFO  o.a.m.s.f.DefaultMavenResourcesFiltering - Copying 52 resources from src\main\resources to target\classes
2025-02-22 16:21:30,558 [Worker-36: ビルド] INFO  o.a.m.s.f.DefaultMavenResourcesFiltering - skip non existing resourceDirectory C:\Users\miche\OneDrive\Desktop\DOJT\digital-ojt-development-beginner-cause-DroneInventorySystem\DroneInventorySystem\src\test\resources
2025-02-23 17:04:57,244 [Worker-2: Loading available Gradle versions] INFO  o.e.b.c.i.u.g.PublishedGradleVersions - Gradle version information cache is out-of-date. Trying to update.
2025-02-23 17:07:24,952 [Worker-8: ビルド] INFO  o.a.m.s.f.DefaultMavenResourcesFiltering - Copying 1 resource from src\main\resources to target\classes
2025-02-23 17:07:24,976 [Worker-8: ビルド] INFO  o.a.m.s.f.DefaultMavenResourcesFiltering - Copying 52 resources from src\main\resources to target\classes
2025-02-23 17:07:25,013 [Worker-8: ビルド] INFO  o.a.m.s.f.DefaultMavenResourcesFiltering - skip non existing resourceDirectory C:\Users\miche\OneDrive\Desktop\DOJT\digital-ojt-development-beginner-cause-DroneInventorySystem\DroneInventorySystem\src\test\resources
2025-02-23 21:21:08,870 [Worker-4: Loading available Gradle versions] INFO  o.e.b.c.i.u.g.PublishedGradleVersions - Gradle version information cache is up-to-date. Trying to read.
2025-02-24 20:53:31,535 [Worker-3: Loading available Gradle versions] INFO  o.e.b.c.i.u.g.PublishedGradleVersions - Gradle version information cache is out-of-date. Trying to update.
2025-02-24 22:25:39,081 [Worker-69: ビルド] INFO  o.a.m.s.f.DefaultMavenResourcesFiltering - Copying 1 resource from src\main\resources to target\classes
2025-02-24 22:25:39,275 [Worker-69: ビルド] INFO  o.a.m.s.f.DefaultMavenResourcesFiltering - Copying 53 resources from src\main\resources to target\classes
2025-02-24 22:25:39,318 [Worker-69: ビルド] INFO  o.a.m.s.f.DefaultMavenResourcesFiltering - skip non existing resourceDirectory C:\Users\miche\OneDrive\Desktop\DOJT\digital-ojt-development-beginner-cause-DroneInventorySystem\DroneInventorySystem\src\test\resources
2025-02-24 22:29:49,395 [Worker-82: ビルド] INFO  o.a.m.s.f.DefaultMavenResourcesFiltering - Copying 0 resource from src\main\resources to target\classes
2025-02-24 22:29:49,397 [Worker-82: ビルド] INFO  o.a.m.s.f.DefaultMavenResourcesFiltering - Copying 1 resource from src\main\resources to target\classes
2025-02-24 22:29:49,403 [Worker-82: ビルド] INFO  o.a.m.s.f.DefaultMavenResourcesFiltering - skip non existing resourceDirectory C:\Users\miche\OneDrive\Desktop\DOJT\digital-ojt-development-beginner-cause-DroneInventorySystem\DroneInventorySystem\src\test\resources
2025-02-24 22:32:38,396 [Worker-83: ビルド] INFO  o.a.m.s.f.DefaultMavenResourcesFiltering - Copying 1 resource from src\main\resources to target\classes
2025-02-24 22:32:38,534 [Worker-83: ビルド] INFO  o.a.m.s.f.DefaultMavenResourcesFiltering - Copying 54 resources from src\main\resources to target\classes
2025-02-24 22:32:38,559 [Worker-83: ビルド] INFO  o.a.m.s.f.DefaultMavenResourcesFiltering - skip non existing resourceDirectory C:\Users\miche\OneDrive\Desktop\DOJT\digital-ojt-development-beginner-cause-DroneInventorySystem\DroneInventorySystem\src\test\resources
2025-02-24 22:33:48,078 [Worker-83: ビルド] INFO  o.a.m.s.f.DefaultMavenResourcesFiltering - Copying 1 resource from src\main\resources to target\classes
2025-02-24 22:33:48,190 [Worker-83: ビルド] INFO  o.a.m.s.f.DefaultMavenResourcesFiltering - Copying 54 resources from src\main\resources to target\classes
2025-02-24 22:33:48,215 [Worker-83: ビルド] INFO  o.a.m.s.f.DefaultMavenResourcesFiltering - skip non existing resourceDirectory C:\Users\miche\OneDrive\Desktop\DOJT\digital-ojt-development-beginner-cause-DroneInventorySystem\DroneInventorySystem\src\test\resources
2025-02-24 22:34:30,889 [Worker-85: ビルド] INFO  o.a.m.s.f.DefaultMavenResourcesFiltering - Copying 1 resource from src\main\resources to target\classes
2025-02-24 22:34:30,984 [Worker-85: ビルド] INFO  o.a.m.s.f.DefaultMavenResourcesFiltering - Copying 54 resources from src\main\resources to target\classes
2025-02-24 22:34:31,006 [Worker-85: ビルド] INFO  o.a.m.s.f.DefaultMavenResourcesFiltering - skip non existing resourceDirectory C:\Users\miche\OneDrive\Desktop\DOJT\digital-ojt-development-beginner-cause-DroneInventorySystem\DroneInventorySystem\src\test\resources
2025-02-24 22:35:06,986 [Worker-85: ビルド] INFO  o.a.m.s.f.DefaultMavenResourcesFiltering - Copying 1 resource from src\main\resources to target\classes
2025-02-24 22:35:06,998 [Worker-85: ビルド] INFO  o.a.m.s.f.DefaultMavenResourcesFiltering - Copying 54 resources from src\main\resources to target\classes
2025-02-24 22:35:07,017 [Worker-85: ビルド] INFO  o.a.m.s.f.DefaultMavenResourcesFiltering - skip non existing resourceDirectory C:\Users\miche\OneDrive\Desktop\DOJT\digital-ojt-development-beginner-cause-DroneInventorySystem\DroneInventorySystem\src\test\resources
2025-02-24 22:37:41,357 [Worker-84: ビルド] INFO  o.a.m.s.f.DefaultMavenResourcesFiltering - Copying 1 resource from src\main\resources to target\classes
2025-02-24 22:37:41,376 [Worker-84: ビルド] INFO  o.a.m.s.f.DefaultMavenResourcesFiltering - Copying 54 resources from src\main\resources to target\classes
2025-02-24 22:37:41,401 [Worker-84: ビルド] INFO  o.a.m.s.f.DefaultMavenResourcesFiltering - skip non existing resourceDirectory C:\Users\miche\OneDrive\Desktop\DOJT\digital-ojt-development-beginner-cause-DroneInventorySystem\DroneInventorySystem\src\test\resources
2025-02-24 22:38:41,428 [Worker-84: ビルド] INFO  o.a.m.s.f.DefaultMavenResourcesFiltering - Copying 1 resource from src\main\resources to target\classes
2025-02-24 22:38:41,441 [Worker-84: ビルド] INFO  o.a.m.s.f.DefaultMavenResourcesFiltering - Copying 54 resources from src\main\resources to target\classes
2025-02-24 22:38:41,462 [Worker-84: ビルド] INFO  o.a.m.s.f.DefaultMavenResourcesFiltering - skip non existing resourceDirectory C:\Users\miche\OneDrive\Desktop\DOJT\digital-ojt-development-beginner-cause-DroneInventorySystem\DroneInventorySystem\src\test\resources
2025-02-24 22:41:46,415 [Worker-87: ビルド] INFO  o.a.m.s.f.DefaultMavenResourcesFiltering - Copying 1 resource from src\main\resources to target\classes
2025-02-24 22:41:46,430 [Worker-87: ビルド] INFO  o.a.m.s.f.DefaultMavenResourcesFiltering - Copying 54 resources from src\main\resources to target\classes
2025-02-24 22:41:46,448 [Worker-87: ビルド] INFO  o.a.m.s.f.DefaultMavenResourcesFiltering - skip non existing resourceDirectory C:\Users\miche\OneDrive\Desktop\DOJT\digital-ojt-development-beginner-cause-DroneInventorySystem\DroneInventorySystem\src\test\resources
2025-02-24 22:42:24,062 [Worker-82: ビルド] INFO  o.a.m.s.f.DefaultMavenResourcesFiltering - Copying 1 resource from src\main\resources to target\classes
2025-02-24 22:42:24,075 [Worker-82: ビルド] INFO  o.a.m.s.f.DefaultMavenResourcesFiltering - Copying 54 resources from src\main\resources to target\classes
2025-02-24 22:42:24,093 [Worker-82: ビルド] INFO  o.a.m.s.f.DefaultMavenResourcesFiltering - skip non existing resourceDirectory C:\Users\miche\OneDrive\Desktop\DOJT\digital-ojt-development-beginner-cause-DroneInventorySystem\DroneInventorySystem\src\test\resources
2025-02-24 22:44:19,627 [Worker-91: ビルド] INFO  o.a.m.s.f.DefaultMavenResourcesFiltering - Copying 1 resource from src\main\resources to target\classes
2025-02-24 22:44:19,656 [Worker-91: ビルド] INFO  o.a.m.s.f.DefaultMavenResourcesFiltering - Copying 54 resources from src\main\resources to target\classes
2025-02-24 22:44:19,683 [Worker-91: ビルド] INFO  o.a.m.s.f.DefaultMavenResourcesFiltering - skip non existing resourceDirectory C:\Users\miche\OneDrive\Desktop\DOJT\digital-ojt-development-beginner-cause-DroneInventorySystem\DroneInventorySystem\src\test\resources
2025-02-24 22:45:06,956 [Worker-89: ビルド] INFO  o.a.m.s.f.DefaultMavenResourcesFiltering - Copying 1 resource from src\main\resources to target\classes
2025-02-24 22:45:06,970 [Worker-89: ビルド] INFO  o.a.m.s.f.DefaultMavenResourcesFiltering - Copying 54 resources from src\main\resources to target\classes
2025-02-24 22:45:06,989 [Worker-89: ビルド] INFO  o.a.m.s.f.DefaultMavenResourcesFiltering - skip non existing resourceDirectory C:\Users\miche\OneDrive\Desktop\DOJT\digital-ojt-development-beginner-cause-DroneInventorySystem\DroneInventorySystem\src\test\resources
2025-02-24 23:06:13,023 [Worker-4: Loading available Gradle versions] INFO  o.e.b.c.i.u.g.PublishedGradleVersions - Gradle version information cache is up-to-date. Trying to read.
2025-02-24 23:07:55,335 [Worker-1: ビルド] INFO  o.a.m.s.f.DefaultMavenResourcesFiltering - Copying 1 resource from src\main\resources to target\classes
2025-02-24 23:07:55,354 [Worker-1: ビルド] INFO  o.a.m.s.f.DefaultMavenResourcesFiltering - Copying 54 resources from src\main\resources to target\classes
2025-02-24 23:07:55,383 [Worker-1: ビルド] INFO  o.a.m.s.f.DefaultMavenResourcesFiltering - skip non existing resourceDirectory C:\Users\miche\OneDrive\Desktop\DOJT\digital-ojt-development-beginner-cause-DroneInventorySystem\DroneInventorySystem\src\test\resources
2025-02-24 23:11:36,131 [Worker-3: ビルド] INFO  o.a.m.s.f.DefaultMavenResourcesFiltering - Copying 1 resource from src\main\resources to target\classes
2025-02-24 23:11:36,163 [Worker-3: ビルド] INFO  o.a.m.s.f.DefaultMavenResourcesFiltering - Copying 54 resources from src\main\resources to target\classes
2025-02-24 23:11:36,191 [Worker-3: ビルド] INFO  o.a.m.s.f.DefaultMavenResourcesFiltering - skip non existing resourceDirectory C:\Users\miche\OneDrive\Desktop\DOJT\digital-ojt-development-beginner-cause-DroneInventorySystem\DroneInventorySystem\src\test\resources
2025-02-24 23:11:42,808 [Worker-15: ビルド] INFO  o.a.m.s.f.DefaultMavenResourcesFiltering - Copying 1 resource from src\main\resources to target\classes
2025-02-24 23:11:42,825 [Worker-15: ビルド] INFO  o.a.m.s.f.DefaultMavenResourcesFiltering - Copying 51 resources from src\main\resources to target\classes
2025-02-24 23:11:42,872 [Worker-15: ビルド] INFO  o.a.m.s.f.DefaultMavenResourcesFiltering - skip non existing resourceDirectory C:\Users\miche\OneDrive\Desktop\DOJT\digital-ojt-development-beginner-cause-DroneInventorySystem\DroneInventorySystem\src\test\resources
2025-02-24 23:13:08,382 [Worker-16: ビルド] INFO  o.a.m.s.f.DefaultMavenResourcesFiltering - Copying 1 resource from src\main\resources to target\classes
2025-02-24 23:13:08,398 [Worker-16: ビルド] INFO  o.a.m.s.f.DefaultMavenResourcesFiltering - Copying 54 resources from src\main\resources to target\classes
2025-02-24 23:13:08,435 [Worker-16: ビルド] INFO  o.a.m.s.f.DefaultMavenResourcesFiltering - skip non existing resourceDirectory C:\Users\miche\OneDrive\Desktop\DOJT\digital-ojt-development-beginner-cause-DroneInventorySystem\DroneInventorySystem\src\test\resources
2025-02-24 23:13:13,644 [Worker-12: ビルド] INFO  o.a.m.s.f.DefaultMavenResourcesFiltering - Copying 1 resource from src\main\resources to target\classes
2025-02-24 23:13:13,661 [Worker-12: ビルド] INFO  o.a.m.s.f.DefaultMavenResourcesFiltering - Copying 51 resources from src\main\resources to target\classes
2025-02-24 23:13:13,685 [Worker-12: ビルド] INFO  o.a.m.s.f.DefaultMavenResourcesFiltering - skip non existing resourceDirectory C:\Users\miche\OneDrive\Desktop\DOJT\digital-ojt-development-beginner-cause-DroneInventorySystem\DroneInventorySystem\src\test\resources
2025-02-24 23:16:09,642 [Worker-17: ビルド] INFO  o.a.m.s.f.DefaultMavenResourcesFiltering - Copying 1 resource from src\main\resources to target\classes
2025-02-24 23:16:09,656 [Worker-17: ビルド] INFO  o.a.m.s.f.DefaultMavenResourcesFiltering - Copying 54 resources from src\main\resources to target\classes
2025-02-24 23:16:09,697 [Worker-17: ビルド] INFO  o.a.m.s.f.DefaultMavenResourcesFiltering - skip non existing resourceDirectory C:\Users\miche\OneDrive\Desktop\DOJT\digital-ojt-development-beginner-cause-DroneInventorySystem\DroneInventorySystem\src\test\resources
2025-02-24 23:16:24,871 [Worker-17: ビルド] INFO  o.a.m.s.f.DefaultMavenResourcesFiltering - Copying 1 resource from src\main\resources to target\classes
2025-02-24 23:16:24,880 [Worker-17: ビルド] INFO  o.a.m.s.f.DefaultMavenResourcesFiltering - Copying 51 resources from src\main\resources to target\classes
2025-02-24 23:16:24,903 [Worker-17: ビルド] INFO  o.a.m.s.f.DefaultMavenResourcesFiltering - skip non existing resourceDirectory C:\Users\miche\OneDrive\Desktop\DOJT\digital-ojt-development-beginner-cause-DroneInventorySystem\DroneInventorySystem\src\test\resources
2025-02-24 23:16:50,571 [Worker-0: ビルド] INFO  o.a.m.s.f.DefaultMavenResourcesFiltering - Copying 1 resource from src\main\resources to target\classes
2025-02-24 23:16:50,575 [Worker-0: ビルド] INFO  o.a.m.s.f.DefaultMavenResourcesFiltering - Copying 0 resource from src\main\resources to target\classes
2025-02-24 23:16:50,578 [Worker-0: ビルド] INFO  o.a.m.s.f.DefaultMavenResourcesFiltering - skip non existing resourceDirectory C:\Users\miche\OneDrive\Desktop\DOJT\digital-ojt-development-beginner-cause-DroneInventorySystem\DroneInventorySystem\src\test\resources
2025-02-24 23:16:59,049 [Worker-12: ビルド] INFO  o.a.m.s.f.DefaultMavenResourcesFiltering - Copying 1 resource from src\main\resources to target\classes
2025-02-24 23:16:59,054 [Worker-12: ビルド] INFO  o.a.m.s.f.DefaultMavenResourcesFiltering - Copying 0 resource from src\main\resources to target\classes
2025-02-24 23:16:59,055 [Worker-12: ビルド] INFO  o.a.m.s.f.DefaultMavenResourcesFiltering - skip non existing resourceDirectory C:\Users\miche\OneDrive\Desktop\DOJT\digital-ojt-development-beginner-cause-DroneInventorySystem\DroneInventorySystem\src\test\resources
2025-02-24 23:18:10,162 [Worker-0: ビルド] INFO  o.a.m.s.f.DefaultMavenResourcesFiltering - Copying 1 resource from src\main\resources to target\classes
2025-02-24 23:18:10,175 [Worker-0: ビルド] INFO  o.a.m.s.f.DefaultMavenResourcesFiltering - Copying 51 resources from src\main\resources to target\classes
2025-02-24 23:18:10,197 [Worker-0: ビルド] INFO  o.a.m.s.f.DefaultMavenResourcesFiltering - skip non existing resourceDirectory C:\Users\miche\OneDrive\Desktop\DOJT\digital-ojt-development-beginner-cause-DroneInventorySystem\DroneInventorySystem\src\test\resources
2025-02-24 23:18:57,372 [Worker-13: ビルド] INFO  o.a.m.s.f.DefaultMavenResourcesFiltering - Copying 1 resource from src\main\resources to target\classes
2025-02-24 23:18:57,378 [Worker-13: ビルド] INFO  o.a.m.s.f.DefaultMavenResourcesFiltering - Copying 0 resource from src\main\resources to target\classes
2025-02-24 23:18:57,380 [Worker-13: ビルド] INFO  o.a.m.s.f.DefaultMavenResourcesFiltering - skip non existing resourceDirectory C:\Users\miche\OneDrive\Desktop\DOJT\digital-ojt-development-beginner-cause-DroneInventorySystem\DroneInventorySystem\src\test\resources
2025-02-24 23:21:15,072 [Worker-16: ビルド] INFO  o.a.m.s.f.DefaultMavenResourcesFiltering - Copying 0 resource from src\main\resources to target\classes
2025-02-24 23:21:15,072 [Worker-16: ビルド] INFO  o.a.m.s.f.DefaultMavenResourcesFiltering - Copying 0 resource from src\main\resources to target\classes
2025-02-24 23:21:15,072 [Worker-16: ビルド] INFO  o.a.m.s.f.DefaultMavenResourcesFiltering - skip non existing resourceDirectory C:\Users\miche\OneDrive\Desktop\DOJT\digital-ojt-development-beginner-cause-DroneInventorySystem\DroneInventorySystem\src\test\resources
2025-02-24 23:22:56,120 [Worker-16: ビルド] INFO  o.a.m.s.f.DefaultMavenResourcesFiltering - Copying 1 resource from src\main\resources to target\classes
2025-02-24 23:22:56,136 [Worker-16: ビルド] INFO  o.a.m.s.f.DefaultMavenResourcesFiltering - Copying 54 resources from src\main\resources to target\classes
2025-02-24 23:22:56,172 [Worker-16: ビルド] INFO  o.a.m.s.f.DefaultMavenResourcesFiltering - skip non existing resourceDirectory C:\Users\miche\OneDrive\Desktop\DOJT\digital-ojt-development-beginner-cause-DroneInventorySystem\DroneInventorySystem\src\test\resources
2025-02-24 23:23:59,094 [Worker-19: ビルド] INFO  o.a.m.s.f.DefaultMavenResourcesFiltering - Copying 1 resource from src\main\resources to target\classes
2025-02-24 23:23:59,106 [Worker-19: ビルド] INFO  o.a.m.s.f.DefaultMavenResourcesFiltering - Copying 51 resources from src\main\resources to target\classes
2025-02-24 23:23:59,130 [Worker-19: ビルド] INFO  o.a.m.s.f.DefaultMavenResourcesFiltering - skip non existing resourceDirectory C:\Users\miche\OneDrive\Desktop\DOJT\digital-ojt-development-beginner-cause-DroneInventorySystem\DroneInventorySystem\src\test\resources
2025-02-24 23:26:37,133 [Worker-12: ビルド] INFO  o.a.m.s.f.DefaultMavenResourcesFiltering - Copying 0 resource from src\main\resources to target\classes
2025-02-24 23:26:37,133 [Worker-12: ビルド] INFO  o.a.m.s.f.DefaultMavenResourcesFiltering - Copying 0 resource from src\main\resources to target\classes
2025-02-24 23:26:37,138 [Worker-12: ビルド] INFO  o.a.m.s.f.DefaultMavenResourcesFiltering - skip non existing resourceDirectory C:\Users\miche\OneDrive\Desktop\DOJT\digital-ojt-development-beginner-cause-DroneInventorySystem\DroneInventorySystem\src\test\resources
2025-02-24 23:28:52,711 [Worker-12: ビルド] INFO  o.a.m.s.f.DefaultMavenResourcesFiltering - Copying 1 resource from src\main\resources to target\classes
2025-02-24 23:28:52,736 [Worker-12: ビルド] INFO  o.a.m.s.f.DefaultMavenResourcesFiltering - Copying 52 resources from src\main\resources to target\classes
2025-02-24 23:28:52,765 [Worker-12: ビルド] INFO  o.a.m.s.f.DefaultMavenResourcesFiltering - skip non existing resourceDirectory C:\Users\miche\OneDrive\Desktop\DOJT\digital-ojt-development-beginner-cause-DroneInventorySystem\DroneInventorySystem\src\test\resources
2025-02-24 23:35:45,146 [Worker-27: ビルド] INFO  o.a.m.s.f.DefaultMavenResourcesFiltering - Copying 1 resource from src\main\resources to target\classes
2025-02-24 23:35:45,166 [Worker-27: ビルド] INFO  o.a.m.s.f.DefaultMavenResourcesFiltering - Copying 52 resources from src\main\resources to target\classes
2025-02-24 23:35:45,203 [Worker-27: ビルド] INFO  o.a.m.s.f.DefaultMavenResourcesFiltering - skip non existing resourceDirectory C:\Users\miche\OneDrive\Desktop\DOJT\digital-ojt-development-beginner-cause-DroneInventorySystem\DroneInventorySystem\src\test\resources
2025-02-24 23:38:41,037 [Worker-34: ビルド] INFO  o.a.m.s.f.DefaultMavenResourcesFiltering - Copying 1 resource from src\main\resources to target\classes
2025-02-24 23:38:41,046 [Worker-34: ビルド] INFO  o.a.m.s.f.DefaultMavenResourcesFiltering - Copying 54 resources from src\main\resources to target\classes
2025-02-24 23:38:41,066 [Worker-34: ビルド] INFO  o.a.m.s.f.DefaultMavenResourcesFiltering - skip non existing resourceDirectory C:\Users\miche\OneDrive\Desktop\DOJT\digital-ojt-development-beginner-cause-DroneInventorySystem\DroneInventorySystem\src\test\resources
2025-02-24 23:39:51,063 [Worker-35: ビルド] INFO  o.a.m.s.f.DefaultMavenResourcesFiltering - Copying 1 resource from src\main\resources to target\classes
2025-02-24 23:39:51,073 [Worker-35: ビルド] INFO  o.a.m.s.f.DefaultMavenResourcesFiltering - Copying 52 resources from src\main\resources to target\classes
2025-02-24 23:39:51,097 [Worker-35: ビルド] INFO  o.a.m.s.f.DefaultMavenResourcesFiltering - skip non existing resourceDirectory C:\Users\miche\OneDrive\Desktop\DOJT\digital-ojt-development-beginner-cause-DroneInventorySystem\DroneInventorySystem\src\test\resources
2025-02-24 23:40:50,593 [Worker-30: ビルド] INFO  o.a.m.s.f.DefaultMavenResourcesFiltering - Copying 1 resource from src\main\resources to target\classes
2025-02-24 23:40:50,602 [Worker-30: ビルド] INFO  o.a.m.s.f.DefaultMavenResourcesFiltering - Copying 52 resources from src\main\resources to target\classes
2025-02-24 23:40:50,619 [Worker-30: ビルド] INFO  o.a.m.s.f.DefaultMavenResourcesFiltering - skip non existing resourceDirectory C:\Users\miche\OneDrive\Desktop\DOJT\digital-ojt-development-beginner-cause-DroneInventorySystem\DroneInventorySystem\src\test\resources
2025-02-24 23:42:10,636 [Worker-35: ビルド] INFO  o.a.m.s.f.DefaultMavenResourcesFiltering - Copying 1 resource from src\main\resources to target\classes
2025-02-24 23:42:10,652 [Worker-35: ビルド] INFO  o.a.m.s.f.DefaultMavenResourcesFiltering - Copying 52 resources from src\main\resources to target\classes
2025-02-24 23:42:10,676 [Worker-35: ビルド] INFO  o.a.m.s.f.DefaultMavenResourcesFiltering - skip non existing resourceDirectory C:\Users\miche\OneDrive\Desktop\DOJT\digital-ojt-development-beginner-cause-DroneInventorySystem\DroneInventorySystem\src\test\resources
2025-02-24 23:42:28,360 [Worker-12: ビルド] INFO  o.a.m.s.f.DefaultMavenResourcesFiltering - Copying 1 resource from src\main\resources to target\classes
2025-02-24 23:42:28,371 [Worker-12: ビルド] INFO  o.a.m.s.f.DefaultMavenResourcesFiltering - Copying 52 resources from src\main\resources to target\classes
2025-02-24 23:42:28,391 [Worker-12: ビルド] INFO  o.a.m.s.f.DefaultMavenResourcesFiltering - skip non existing resourceDirectory C:\Users\miche\OneDrive\Desktop\DOJT\digital-ojt-development-beginner-cause-DroneInventorySystem\DroneInventorySystem\src\test\resources
2025-02-24 23:42:45,283 [Worker-30: ビルド] INFO  o.a.m.s.f.DefaultMavenResourcesFiltering - Copying 1 resource from src\main\resources to target\classes
2025-02-24 23:42:45,292 [Worker-30: ビルド] INFO  o.a.m.s.f.DefaultMavenResourcesFiltering - Copying 52 resources from src\main\resources to target\classes
2025-02-24 23:42:45,316 [Worker-30: ビルド] INFO  o.a.m.s.f.DefaultMavenResourcesFiltering - skip non existing resourceDirectory C:\Users\miche\OneDrive\Desktop\DOJT\digital-ojt-development-beginner-cause-DroneInventorySystem\DroneInventorySystem\src\test\resources
2025-02-24 23:43:50,702 [Worker-35: ビルド] INFO  o.a.m.s.f.DefaultMavenResourcesFiltering - Copying 1 resource from src\main\resources to target\classes
2025-02-24 23:43:50,727 [Worker-35: ビルド] INFO  o.a.m.s.f.DefaultMavenResourcesFiltering - Copying 52 resources from src\main\resources to target\classes
2025-02-24 23:43:50,751 [Worker-35: ビルド] INFO  o.a.m.s.f.DefaultMavenResourcesFiltering - skip non existing resourceDirectory C:\Users\miche\OneDrive\Desktop\DOJT\digital-ojt-development-beginner-cause-DroneInventorySystem\DroneInventorySystem\src\test\resources
2025-02-24 23:45:56,629 [Worker-38: ビルド] INFO  o.a.m.s.f.DefaultMavenResourcesFiltering - Copying 1 resource from src\main\resources to target\classes
2025-02-24 23:45:56,641 [Worker-38: ビルド] INFO  o.a.m.s.f.DefaultMavenResourcesFiltering - Copying 52 resources from src\main\resources to target\classes
2025-02-24 23:45:56,658 [Worker-38: ビルド] INFO  o.a.m.s.f.DefaultMavenResourcesFiltering - skip non existing resourceDirectory C:\Users\miche\OneDrive\Desktop\DOJT\digital-ojt-development-beginner-cause-DroneInventorySystem\DroneInventorySystem\src\test\resources
2025-02-24 23:46:04,663 [Worker-38: ビルド] INFO  o.a.m.s.f.DefaultMavenResourcesFiltering - Copying 1 resource from src\main\resources to target\classes
2025-02-24 23:46:04,674 [Worker-38: ビルド] INFO  o.a.m.s.f.DefaultMavenResourcesFiltering - Copying 52 resources from src\main\resources to target\classes
2025-02-24 23:46:04,692 [Worker-38: ビルド] INFO  o.a.m.s.f.DefaultMavenResourcesFiltering - skip non existing resourceDirectory C:\Users\miche\OneDrive\Desktop\DOJT\digital-ojt-development-beginner-cause-DroneInventorySystem\DroneInventorySystem\src\test\resources
2025-02-24 23:46:13,100 [Worker-39: ビルド] INFO  o.a.m.s.f.DefaultMavenResourcesFiltering - Copying 1 resource from src\main\resources to target\classes
2025-02-24 23:46:13,109 [Worker-39: ビルド] INFO  o.a.m.s.f.DefaultMavenResourcesFiltering - Copying 52 resources from src\main\resources to target\classes
2025-02-24 23:46:13,127 [Worker-39: ビルド] INFO  o.a.m.s.f.DefaultMavenResourcesFiltering - skip non existing resourceDirectory C:\Users\miche\OneDrive\Desktop\DOJT\digital-ojt-development-beginner-cause-DroneInventorySystem\DroneInventorySystem\src\test\resources
2025-02-24 23:46:30,418 [Worker-27: ビルド] INFO  o.a.m.s.f.DefaultMavenResourcesFiltering - Copying 1 resource from src\main\resources to target\classes
2025-02-24 23:46:30,428 [Worker-27: ビルド] INFO  o.a.m.s.f.DefaultMavenResourcesFiltering - Copying 52 resources from src\main\resources to target\classes
2025-02-24 23:46:30,447 [Worker-27: ビルド] INFO  o.a.m.s.f.DefaultMavenResourcesFiltering - skip non existing resourceDirectory C:\Users\miche\OneDrive\Desktop\DOJT\digital-ojt-development-beginner-cause-DroneInventorySystem\DroneInventorySystem\src\test\resources
2025-02-24 23:46:41,698 [Worker-35: ビルド] INFO  o.a.m.s.f.DefaultMavenResourcesFiltering - Copying 1 resource from src\main\resources to target\classes
2025-02-24 23:46:41,710 [Worker-35: ビルド] INFO  o.a.m.s.f.DefaultMavenResourcesFiltering - Copying 52 resources from src\main\resources to target\classes
2025-02-24 23:46:41,729 [Worker-35: ビルド] INFO  o.a.m.s.f.DefaultMavenResourcesFiltering - skip non existing resourceDirectory C:\Users\miche\OneDrive\Desktop\DOJT\digital-ojt-development-beginner-cause-DroneInventorySystem\DroneInventorySystem\src\test\resources
2025-02-24 23:48:52,009 [Worker-35: ビルド] INFO  o.a.m.s.f.DefaultMavenResourcesFiltering - Copying 0 resource from src\main\resources to target\classes
2025-02-24 23:48:52,009 [Worker-35: ビルド] INFO  o.a.m.s.f.DefaultMavenResourcesFiltering - Copying 1 resource from src\main\resources to target\classes
2025-02-24 23:48:52,013 [Worker-35: ビルド] INFO  o.a.m.s.f.DefaultMavenResourcesFiltering - skip non existing resourceDirectory C:\Users\miche\OneDrive\Desktop\DOJT\digital-ojt-development-beginner-cause-DroneInventorySystem\DroneInventorySystem\src\test\resources
2025-02-24 23:51:02,867 [Worker-41: ビルド] INFO  o.a.m.s.f.DefaultMavenResourcesFiltering - Copying 1 resource from src\main\resources to target\classes
2025-02-24 23:51:02,877 [Worker-41: ビルド] INFO  o.a.m.s.f.DefaultMavenResourcesFiltering - Copying 52 resources from src\main\resources to target\classes
2025-02-24 23:51:02,892 [Worker-41: ビルド] INFO  o.a.m.s.f.DefaultMavenResourcesFiltering - skip non existing resourceDirectory C:\Users\miche\OneDrive\Desktop\DOJT\digital-ojt-development-beginner-cause-DroneInventorySystem\DroneInventorySystem\src\test\resources
2025-02-24 23:53:39,053 [Worker-41: ビルド] INFO  o.a.m.s.f.DefaultMavenResourcesFiltering - Copying 1 resource from src\main\resources to target\classes
2025-02-24 23:53:39,073 [Worker-41: ビルド] INFO  o.a.m.s.f.DefaultMavenResourcesFiltering - Copying 52 resources from src\main\resources to target\classes
2025-02-24 23:53:39,091 [Worker-41: ビルド] INFO  o.a.m.s.f.DefaultMavenResourcesFiltering - skip non existing resourceDirectory C:\Users\miche\OneDrive\Desktop\DOJT\digital-ojt-development-beginner-cause-DroneInventorySystem\DroneInventorySystem\src\test\resources
2025-02-24 23:57:45,720 [Worker-45: ビルド] INFO  o.a.m.s.f.DefaultMavenResourcesFiltering - Copying 1 resource from src\main\resources to target\classes
2025-02-24 23:57:45,731 [Worker-45: ビルド] INFO  o.a.m.s.f.DefaultMavenResourcesFiltering - Copying 52 resources from src\main\resources to target\classes
2025-02-24 23:57:45,748 [Worker-45: ビルド] INFO  o.a.m.s.f.DefaultMavenResourcesFiltering - skip non existing resourceDirectory C:\Users\miche\OneDrive\Desktop\DOJT\digital-ojt-development-beginner-cause-DroneInventorySystem\DroneInventorySystem\src\test\resources
2025-02-24 23:59:29,256 [Worker-46: ビルド] INFO  o.a.m.s.f.DefaultMavenResourcesFiltering - Copying 1 resource from src\main\resources to target\classes
2025-02-24 23:59:29,591 [Worker-46: ビルド] INFO  o.a.m.s.f.DefaultMavenResourcesFiltering - Copying 52 resources from src\main\resources to target\classes
2025-02-24 23:59:29,617 [Worker-46: ビルド] INFO  o.a.m.s.f.DefaultMavenResourcesFiltering - skip non existing resourceDirectory C:\Users\miche\OneDrive\Desktop\DOJT\digital-ojt-development-beginner-cause-DroneInventorySystem\DroneInventorySystem\src\test\resources
2025-02-25 00:04:24,616 [Worker-49: ビルド] INFO  o.a.m.s.f.DefaultMavenResourcesFiltering - Copying 1 resource from src\main\resources to target\classes
2025-02-25 00:04:24,629 [Worker-49: ビルド] INFO  o.a.m.s.f.DefaultMavenResourcesFiltering - Copying 52 resources from src\main\resources to target\classes
2025-02-25 00:04:24,651 [Worker-49: ビルド] INFO  o.a.m.s.f.DefaultMavenResourcesFiltering - skip non existing resourceDirectory C:\Users\miche\OneDrive\Desktop\DOJT\digital-ojt-development-beginner-cause-DroneInventorySystem\DroneInventorySystem\src\test\resources
2025-02-25 00:05:10,270 [Worker-45: ビルド] INFO  o.a.m.s.f.DefaultMavenResourcesFiltering - Copying 1 resource from src\main\resources to target\classes
2025-02-25 00:05:10,292 [Worker-45: ビルド] INFO  o.a.m.s.f.DefaultMavenResourcesFiltering - Copying 52 resources from src\main\resources to target\classes
2025-02-25 00:05:10,309 [Worker-45: ビルド] INFO  o.a.m.s.f.DefaultMavenResourcesFiltering - skip non existing resourceDirectory C:\Users\miche\OneDrive\Desktop\DOJT\digital-ojt-development-beginner-cause-DroneInventorySystem\DroneInventorySystem\src\test\resources
2025-02-25 00:05:49,676 [Worker-45: ビルド] INFO  o.a.m.s.f.DefaultMavenResourcesFiltering - Copying 1 resource from src\main\resources to target\classes
2025-02-25 00:05:49,686 [Worker-45: ビルド] INFO  o.a.m.s.f.DefaultMavenResourcesFiltering - Copying 52 resources from src\main\resources to target\classes
2025-02-25 00:05:49,705 [Worker-45: ビルド] INFO  o.a.m.s.f.DefaultMavenResourcesFiltering - skip non existing resourceDirectory C:\Users\miche\OneDrive\Desktop\DOJT\digital-ojt-development-beginner-cause-DroneInventorySystem\DroneInventorySystem\src\test\resources
2025-02-25 00:07:04,192 [Worker-52: ビルド] INFO  o.a.m.s.f.DefaultMavenResourcesFiltering - Copying 1 resource from src\main\resources to target\classes
2025-02-25 00:07:04,204 [Worker-52: ビルド] INFO  o.a.m.s.f.DefaultMavenResourcesFiltering - Copying 52 resources from src\main\resources to target\classes
2025-02-25 00:07:04,224 [Worker-52: ビルド] INFO  o.a.m.s.f.DefaultMavenResourcesFiltering - skip non existing resourceDirectory C:\Users\miche\OneDrive\Desktop\DOJT\digital-ojt-development-beginner-cause-DroneInventorySystem\DroneInventorySystem\src\test\resources
2025-02-25 00:07:06,761 [Worker-40: ビルド] INFO  o.a.m.s.f.DefaultMavenResourcesFiltering - Copying 1 resource from src\main\resources to target\classes
2025-02-25 00:07:06,772 [Worker-40: ビルド] INFO  o.a.m.s.f.DefaultMavenResourcesFiltering - Copying 52 resources from src\main\resources to target\classes
2025-02-25 00:07:06,791 [Worker-40: ビルド] INFO  o.a.m.s.f.DefaultMavenResourcesFiltering - skip non existing resourceDirectory C:\Users\miche\OneDrive\Desktop\DOJT\digital-ojt-development-beginner-cause-DroneInventorySystem\DroneInventorySystem\src\test\resources
2025-02-25 00:07:14,715 [Worker-40: ビルド] INFO  o.a.m.s.f.DefaultMavenResourcesFiltering - Copying 1 resource from src\main\resources to target\classes
2025-02-25 00:07:14,723 [Worker-40: ビルド] INFO  o.a.m.s.f.DefaultMavenResourcesFiltering - Copying 52 resources from src\main\resources to target\classes
2025-02-25 00:07:14,740 [Worker-40: ビルド] INFO  o.a.m.s.f.DefaultMavenResourcesFiltering - skip non existing resourceDirectory C:\Users\miche\OneDrive\Desktop\DOJT\digital-ojt-development-beginner-cause-DroneInventorySystem\DroneInventorySystem\src\test\resources
2025-02-25 00:08:20,132 [Worker-52: ビルド] INFO  o.a.m.s.f.DefaultMavenResourcesFiltering - Copying 1 resource from src\main\resources to target\classes
2025-02-25 00:08:20,155 [Worker-52: ビルド] INFO  o.a.m.s.f.DefaultMavenResourcesFiltering - Copying 52 resources from src\main\resources to target\classes
2025-02-25 00:08:20,176 [Worker-52: ビルド] INFO  o.a.m.s.f.DefaultMavenResourcesFiltering - skip non existing resourceDirectory C:\Users\miche\OneDrive\Desktop\DOJT\digital-ojt-development-beginner-cause-DroneInventorySystem\DroneInventorySystem\src\test\resources
2025-02-25 00:12:33,534 [Worker-49: ビルド] INFO  o.a.m.s.f.DefaultMavenResourcesFiltering - Copying 1 resource from src\main\resources to target\classes
2025-02-25 00:12:33,548 [Worker-49: ビルド] INFO  o.a.m.s.f.DefaultMavenResourcesFiltering - Copying 52 resources from src\main\resources to target\classes
2025-02-25 00:12:33,565 [Worker-49: ビルド] INFO  o.a.m.s.f.DefaultMavenResourcesFiltering - skip non existing resourceDirectory C:\Users\miche\OneDrive\Desktop\DOJT\digital-ojt-development-beginner-cause-DroneInventorySystem\DroneInventorySystem\src\test\resources
2025-02-25 00:13:00,956 [Worker-54: ビルド] INFO  o.a.m.s.f.DefaultMavenResourcesFiltering - Copying 1 resource from src\main\resources to target\classes
2025-02-25 00:13:00,971 [Worker-54: ビルド] INFO  o.a.m.s.f.DefaultMavenResourcesFiltering - Copying 52 resources from src\main\resources to target\classes
2025-02-25 00:13:00,992 [Worker-54: ビルド] INFO  o.a.m.s.f.DefaultMavenResourcesFiltering - skip non existing resourceDirectory C:\Users\miche\OneDrive\Desktop\DOJT\digital-ojt-development-beginner-cause-DroneInventorySystem\DroneInventorySystem\src\test\resources
2025-02-25 00:16:28,740 [Worker-55: ビルド] INFO  o.a.m.s.f.DefaultMavenResourcesFiltering - Copying 1 resource from src\main\resources to target\classes
2025-02-25 00:16:28,760 [Worker-55: ビルド] INFO  o.a.m.s.f.DefaultMavenResourcesFiltering - Copying 52 resources from src\main\resources to target\classes
2025-02-25 00:16:28,779 [Worker-55: ビルド] INFO  o.a.m.s.f.DefaultMavenResourcesFiltering - skip non existing resourceDirectory C:\Users\miche\OneDrive\Desktop\DOJT\digital-ojt-development-beginner-cause-DroneInventorySystem\DroneInventorySystem\src\test\resources
2025-02-25 00:20:41,664 [Worker-52: ビルド] INFO  o.a.m.s.f.DefaultMavenResourcesFiltering - Copying 1 resource from src\main\resources to target\classes
2025-02-25 00:20:41,673 [Worker-52: ビルド] INFO  o.a.m.s.f.DefaultMavenResourcesFiltering - Copying 52 resources from src\main\resources to target\classes
2025-02-25 00:20:41,690 [Worker-52: ビルド] INFO  o.a.m.s.f.DefaultMavenResourcesFiltering - skip non existing resourceDirectory C:\Users\miche\OneDrive\Desktop\DOJT\digital-ojt-development-beginner-cause-DroneInventorySystem\DroneInventorySystem\src\test\resources
2025-02-25 00:34:37,474 [Worker-62: ビルド] INFO  o.a.m.s.f.DefaultMavenResourcesFiltering - Copying 1 resource from src\main\resources to target\classes
2025-02-25 00:34:37,508 [Worker-62: ビルド] INFO  o.a.m.s.f.DefaultMavenResourcesFiltering - Copying 52 resources from src\main\resources to target\classes
2025-02-25 00:34:37,526 [Worker-62: ビルド] INFO  o.a.m.s.f.DefaultMavenResourcesFiltering - skip non existing resourceDirectory C:\Users\miche\OneDrive\Desktop\DOJT\digital-ojt-development-beginner-cause-DroneInventorySystem\DroneInventorySystem\src\test\resources
2025-02-25 00:35:10,688 [Worker-63: ビルド] INFO  o.a.m.s.f.DefaultMavenResourcesFiltering - Copying 1 resource from src\main\resources to target\classes
2025-02-25 00:35:10,719 [Worker-63: ビルド] INFO  o.a.m.s.f.DefaultMavenResourcesFiltering - Copying 52 resources from src\main\resources to target\classes
2025-02-25 00:35:10,738 [Worker-63: ビルド] INFO  o.a.m.s.f.DefaultMavenResourcesFiltering - skip non existing resourceDirectory C:\Users\miche\OneDrive\Desktop\DOJT\digital-ojt-development-beginner-cause-DroneInventorySystem\DroneInventorySystem\src\test\resources
2025-02-25 00:36:22,004 [Worker-65: ビルド] INFO  o.a.m.s.f.DefaultMavenResourcesFiltering - Copying 1 resource from src\main\resources to target\classes
2025-02-25 00:36:22,013 [Worker-65: ビルド] INFO  o.a.m.s.f.DefaultMavenResourcesFiltering - Copying 52 resources from src\main\resources to target\classes
2025-02-25 00:36:22,030 [Worker-65: ビルド] INFO  o.a.m.s.f.DefaultMavenResourcesFiltering - skip non existing resourceDirectory C:\Users\miche\OneDrive\Desktop\DOJT\digital-ojt-development-beginner-cause-DroneInventorySystem\DroneInventorySystem\src\test\resources
2025-02-25 00:46:13,841 [Worker-55: ビルド] INFO  o.a.m.s.f.DefaultMavenResourcesFiltering - Copying 1 resource from src\main\resources to target\classes
2025-02-25 00:46:13,882 [Worker-55: ビルド] INFO  o.a.m.s.f.DefaultMavenResourcesFiltering - Copying 52 resources from src\main\resources to target\classes
2025-02-25 00:46:13,902 [Worker-55: ビルド] INFO  o.a.m.s.f.DefaultMavenResourcesFiltering - skip non existing resourceDirectory C:\Users\miche\OneDrive\Desktop\DOJT\digital-ojt-development-beginner-cause-DroneInventorySystem\DroneInventorySystem\src\test\resources
2025-02-25 01:31:57,634 [Worker-4: Loading available Gradle versions] INFO  o.e.b.c.i.u.g.PublishedGradleVersions - Gradle version information cache is up-to-date. Trying to read.
2025-02-26 01:03:43,971 [Worker-2: Loading available Gradle versions] INFO  o.e.b.c.i.u.g.PublishedGradleVersions - Gradle version information cache is out-of-date. Trying to update.
2025-02-26 18:59:51,777 [Worker-4: Loading available Gradle versions] INFO  o.e.b.c.i.u.g.PublishedGradleVersions - Gradle version information cache is up-to-date. Trying to read.
2025-02-26 19:32:44,152 [Worker-16: ビルド] INFO  o.a.m.s.f.DefaultMavenResourcesFiltering - Copying 1 resource from src\main\resources to target\classes
2025-02-26 19:32:44,168 [Worker-16: ビルド] INFO  o.a.m.s.f.DefaultMavenResourcesFiltering - Copying 52 resources from src\main\resources to target\classes
2025-02-26 19:32:44,300 [Worker-16: ビルド] INFO  o.a.m.s.f.DefaultMavenResourcesFiltering - skip non existing resourceDirectory C:\Users\miche\OneDrive\Desktop\DOJT\digital-ojt-development-beginner-cause-DroneInventorySystem\DroneInventorySystem\src\test\resources
2025-02-26 19:32:54,875 [Worker-16: ビルド] INFO  o.a.m.s.f.DefaultMavenResourcesFiltering - Copying 1 resource from src\main\resources to target\classes
2025-02-26 19:32:54,889 [Worker-16: ビルド] INFO  o.a.m.s.f.DefaultMavenResourcesFiltering - Copying 52 resources from src\main\resources to target\classes
2025-02-26 19:32:54,918 [Worker-16: ビルド] INFO  o.a.m.s.f.DefaultMavenResourcesFiltering - skip non existing resourceDirectory C:\Users\miche\OneDrive\Desktop\DOJT\digital-ojt-development-beginner-cause-DroneInventorySystem\DroneInventorySystem\src\test\resources
2025-02-26 19:33:24,579 [Worker-23: ビルド] INFO  o.a.m.s.f.DefaultMavenResourcesFiltering - Copying 1 resource from src\main\resources to target\classes
2025-02-26 19:33:24,595 [Worker-23: ビルド] INFO  o.a.m.s.f.DefaultMavenResourcesFiltering - Copying 52 resources from src\main\resources to target\classes
2025-02-26 19:33:24,611 [Worker-23: ビルド] INFO  o.a.m.s.f.DefaultMavenResourcesFiltering - skip non existing resourceDirectory C:\Users\miche\OneDrive\Desktop\DOJT\digital-ojt-development-beginner-cause-DroneInventorySystem\DroneInventorySystem\src\test\resources
2025-02-26 19:33:57,431 [Worker-22: ビルド] INFO  o.a.m.s.f.DefaultMavenResourcesFiltering - Copying 0 resource from src\main\resources to target\classes
2025-02-26 19:33:57,432 [Worker-22: ビルド] INFO  o.a.m.s.f.DefaultMavenResourcesFiltering - Copying 1 resource from src\main\resources to target\classes
2025-02-26 19:33:57,436 [Worker-22: ビルド] INFO  o.a.m.s.f.DefaultMavenResourcesFiltering - skip non existing resourceDirectory C:\Users\miche\OneDrive\Desktop\DOJT\digital-ojt-development-beginner-cause-DroneInventorySystem\DroneInventorySystem\src\test\resources
2025-02-26 19:40:17,708 [Worker-16: ビルド] INFO  o.a.m.s.f.DefaultMavenResourcesFiltering - Copying 0 resource from src\main\resources to target\classes
2025-02-26 19:40:17,709 [Worker-16: ビルド] INFO  o.a.m.s.f.DefaultMavenResourcesFiltering - Copying 1 resource from src\main\resources to target\classes
2025-02-26 19:40:17,714 [Worker-16: ビルド] INFO  o.a.m.s.f.DefaultMavenResourcesFiltering - skip non existing resourceDirectory C:\Users\miche\OneDrive\Desktop\DOJT\digital-ojt-development-beginner-cause-DroneInventorySystem\DroneInventorySystem\src\test\resources
2025-02-26 19:41:09,706 [Worker-26: ビルド] INFO  o.a.m.s.f.DefaultMavenResourcesFiltering - Copying 0 resource from src\main\resources to target\classes
2025-02-26 19:41:09,706 [Worker-26: ビルド] INFO  o.a.m.s.f.DefaultMavenResourcesFiltering - Copying 1 resource from src\main\resources to target\classes
2025-02-26 19:41:09,711 [Worker-26: ビルド] INFO  o.a.m.s.f.DefaultMavenResourcesFiltering - skip non existing resourceDirectory C:\Users\miche\OneDrive\Desktop\DOJT\digital-ojt-development-beginner-cause-DroneInventorySystem\DroneInventorySystem\src\test\resources
2025-02-26 19:42:57,432 [Worker-24: ビルド] INFO  o.a.m.s.f.DefaultMavenResourcesFiltering - Copying 1 resource from src\main\resources to target\classes
2025-02-26 19:42:57,452 [Worker-24: ビルド] INFO  o.a.m.s.f.DefaultMavenResourcesFiltering - Copying 52 resources from src\main\resources to target\classes
2025-02-26 19:42:57,474 [Worker-24: ビルド] INFO  o.a.m.s.f.DefaultMavenResourcesFiltering - skip non existing resourceDirectory C:\Users\miche\OneDrive\Desktop\DOJT\digital-ojt-development-beginner-cause-DroneInventorySystem\DroneInventorySystem\src\test\resources
2025-02-26 19:45:05,497 [Worker-33: ビルド] INFO  o.a.m.s.f.DefaultMavenResourcesFiltering - Copying 1 resource from src\main\resources to target\classes
2025-02-26 19:45:05,513 [Worker-33: ビルド] INFO  o.a.m.s.f.DefaultMavenResourcesFiltering - Copying 52 resources from src\main\resources to target\classes
2025-02-26 19:45:05,536 [Worker-33: ビルド] INFO  o.a.m.s.f.DefaultMavenResourcesFiltering - skip non existing resourceDirectory C:\Users\miche\OneDrive\Desktop\DOJT\digital-ojt-development-beginner-cause-DroneInventorySystem\DroneInventorySystem\src\test\resources
2025-03-01 13:30:51,989 [Worker-4: Loading available Gradle versions] INFO  o.e.b.c.i.u.g.PublishedGradleVersions - Gradle version information cache is out-of-date. Trying to update.
2025-03-01 14:21:45,614 [Worker-1: Loading available Gradle versions] INFO  o.e.b.c.i.u.g.PublishedGradleVersions - Gradle version information cache is up-to-date. Trying to read.
2025-03-02 10:44:33,295 [Worker-5: Loading available Gradle versions] INFO  o.e.b.c.i.u.g.PublishedGradleVersions - Gradle version information cache is up-to-date. Trying to read.
2025-03-03 05:42:45,673 [Worker-25: ビルド] INFO  o.a.m.s.f.DefaultMavenResourcesFiltering - Copying 1 resource from src\main\resources to target\classes
2025-03-03 05:42:45,708 [Worker-25: ビルド] INFO  o.a.m.s.f.DefaultMavenResourcesFiltering - Copying 52 resources from src\main\resources to target\classes
2025-03-03 05:42:45,806 [Worker-25: ビルド] INFO  o.a.m.s.f.DefaultMavenResourcesFiltering - skip non existing resourceDirectory C:\Users\miche\OneDrive\Desktop\DOJT\digital-ojt-development-beginner-cause-DroneInventorySystem\DroneInventorySystem\src\test\resources
2025-03-03 05:44:19,958 [Worker-28: ビルド] INFO  o.a.m.s.f.DefaultMavenResourcesFiltering - Copying 1 resource from src\main\resources to target\classes
2025-03-03 05:44:19,972 [Worker-28: ビルド] INFO  o.a.m.s.f.DefaultMavenResourcesFiltering - Copying 52 resources from src\main\resources to target\classes
2025-03-03 05:44:19,995 [Worker-28: ビルド] INFO  o.a.m.s.f.DefaultMavenResourcesFiltering - skip non existing resourceDirectory C:\Users\miche\OneDrive\Desktop\DOJT\digital-ojt-development-beginner-cause-DroneInventorySystem\DroneInventorySystem\src\test\resources
2025-03-03 05:46:22,610 [Worker-30: ビルド] INFO  o.a.m.s.f.DefaultMavenResourcesFiltering - Copying 1 resource from src\main\resources to target\classes
2025-03-03 05:46:22,624 [Worker-30: ビルド] INFO  o.a.m.s.f.DefaultMavenResourcesFiltering - Copying 52 resources from src\main\resources to target\classes
2025-03-03 05:46:22,645 [Worker-30: ビルド] INFO  o.a.m.s.f.DefaultMavenResourcesFiltering - skip non existing resourceDirectory C:\Users\miche\OneDrive\Desktop\DOJT\digital-ojt-development-beginner-cause-DroneInventorySystem\DroneInventorySystem\src\test\resources
2025-03-03 05:51:41,229 [Worker-34: ビルド] INFO  o.a.m.s.f.DefaultMavenResourcesFiltering - Copying 1 resource from src\main\resources to target\classes
2025-03-03 05:51:41,233 [Worker-34: ビルド] INFO  o.a.m.s.f.DefaultMavenResourcesFiltering - Copying 0 resource from src\main\resources to target\classes
2025-03-03 05:51:41,234 [Worker-34: ビルド] INFO  o.a.m.s.f.DefaultMavenResourcesFiltering - skip non existing resourceDirectory C:\Users\miche\OneDrive\Desktop\DOJT\digital-ojt-development-beginner-cause-DroneInventorySystem\DroneInventorySystem\src\test\resources
2025-03-03 05:51:51,039 [Worker-34: ビルド] INFO  o.a.m.s.f.DefaultMavenResourcesFiltering - Copying 1 resource from src\main\resources to target\classes
2025-03-03 05:51:51,050 [Worker-34: ビルド] INFO  o.a.m.s.f.DefaultMavenResourcesFiltering - Copying 52 resources from src\main\resources to target\classes
2025-03-03 05:51:51,068 [Worker-34: ビルド] INFO  o.a.m.s.f.DefaultMavenResourcesFiltering - skip non existing resourceDirectory C:\Users\miche\OneDrive\Desktop\DOJT\digital-ojt-development-beginner-cause-DroneInventorySystem\DroneInventorySystem\src\test\resources
2025-03-03 05:52:21,917 [Worker-31: ビルド] INFO  o.a.m.s.f.DefaultMavenResourcesFiltering - Copying 1 resource from src\main\resources to target\classes
2025-03-03 05:52:21,929 [Worker-31: ビルド] INFO  o.a.m.s.f.DefaultMavenResourcesFiltering - Copying 52 resources from src\main\resources to target\classes
2025-03-03 05:52:21,947 [Worker-31: ビルド] INFO  o.a.m.s.f.DefaultMavenResourcesFiltering - skip non existing resourceDirectory C:\Users\miche\OneDrive\Desktop\DOJT\digital-ojt-development-beginner-cause-DroneInventorySystem\DroneInventorySystem\src\test\resources
2025-03-03 05:53:20,421 [Worker-33: ビルド] INFO  o.a.m.s.f.DefaultMavenResourcesFiltering - Copying 1 resource from src\main\resources to target\classes
2025-03-03 05:53:20,434 [Worker-33: ビルド] INFO  o.a.m.s.f.DefaultMavenResourcesFiltering - Copying 52 resources from src\main\resources to target\classes
2025-03-03 05:53:20,451 [Worker-33: ビルド] INFO  o.a.m.s.f.DefaultMavenResourcesFiltering - skip non existing resourceDirectory C:\Users\miche\OneDrive\Desktop\DOJT\digital-ojt-development-beginner-cause-DroneInventorySystem\DroneInventorySystem\src\test\resources
2025-03-03 06:00:11,547 [Worker-31: ビルド] INFO  o.a.m.s.f.DefaultMavenResourcesFiltering - Copying 0 resource from src\main\resources to target\classes
2025-03-03 06:00:11,557 [Worker-31: ビルド] INFO  o.a.m.s.f.DefaultMavenResourcesFiltering - Copying 1 resource from src\main\resources to target\classes
2025-03-03 06:00:11,567 [Worker-31: ビルド] INFO  o.a.m.s.f.DefaultMavenResourcesFiltering - skip non existing resourceDirectory C:\Users\miche\OneDrive\Desktop\DOJT\digital-ojt-development-beginner-cause-DroneInventorySystem\DroneInventorySystem\src\test\resources
2025-03-03 06:16:32,569 [Worker-4: Loading available Gradle versions] INFO  o.e.b.c.i.u.g.PublishedGradleVersions - Gradle version information cache is out-of-date. Trying to update.
2025-03-03 06:25:16,763 [Worker-15: ビルド] INFO  o.a.m.s.f.DefaultMavenResourcesFiltering - Copying 1 resource from src\main\resources to target\classes
2025-03-03 06:25:16,797 [Worker-15: ビルド] INFO  o.a.m.s.f.DefaultMavenResourcesFiltering - Copying 52 resources from src\main\resources to target\classes
2025-03-03 06:25:16,840 [Worker-15: ビルド] INFO  o.a.m.s.f.DefaultMavenResourcesFiltering - skip non existing resourceDirectory C:\Users\miche\OneDrive\Desktop\DOJT\digital-ojt-development-beginner-cause-DroneInventorySystem\DroneInventorySystem\src\test\resources
2025-03-03 06:28:26,860 [Worker-19: ビルド] INFO  o.a.m.s.f.DefaultMavenResourcesFiltering - Copying 1 resource from src\main\resources to target\classes
2025-03-03 06:28:26,875 [Worker-19: ビルド] INFO  o.a.m.s.f.DefaultMavenResourcesFiltering - Copying 52 resources from src\main\resources to target\classes
2025-03-03 06:28:26,896 [Worker-19: ビルド] INFO  o.a.m.s.f.DefaultMavenResourcesFiltering - skip non existing resourceDirectory C:\Users\miche\OneDrive\Desktop\DOJT\digital-ojt-development-beginner-cause-DroneInventorySystem\DroneInventorySystem\src\test\resources
2025-03-03 06:29:15,997 [Worker-13: ビルド] INFO  o.a.m.s.f.DefaultMavenResourcesFiltering - Copying 1 resource from src\main\resources to target\classes
2025-03-03 06:29:16,007 [Worker-13: ビルド] INFO  o.a.m.s.f.DefaultMavenResourcesFiltering - Copying 52 resources from src\main\resources to target\classes
2025-03-03 06:29:16,029 [Worker-13: ビルド] INFO  o.a.m.s.f.DefaultMavenResourcesFiltering - skip non existing resourceDirectory C:\Users\miche\OneDrive\Desktop\DOJT\digital-ojt-development-beginner-cause-DroneInventorySystem\DroneInventorySystem\src\test\resources
2025-03-03 06:34:48,577 [Worker-17: ビルド] INFO  o.a.m.s.f.DefaultMavenResourcesFiltering - Copying 1 resource from src\main\resources to target\classes
2025-03-03 06:34:48,592 [Worker-17: ビルド] INFO  o.a.m.s.f.DefaultMavenResourcesFiltering - Copying 52 resources from src\main\resources to target\classes
2025-03-03 06:34:48,619 [Worker-17: ビルド] INFO  o.a.m.s.f.DefaultMavenResourcesFiltering - skip non existing resourceDirectory C:\Users\miche\OneDrive\Desktop\DOJT\digital-ojt-development-beginner-cause-DroneInventorySystem\DroneInventorySystem\src\test\resources
2025-03-03 06:35:40,694 [Worker-21: ビルド] INFO  o.a.m.s.f.DefaultMavenResourcesFiltering - Copying 1 resource from src\main\resources to target\classes
2025-03-03 06:35:40,703 [Worker-21: ビルド] INFO  o.a.m.s.f.DefaultMavenResourcesFiltering - Copying 52 resources from src\main\resources to target\classes
2025-03-03 06:35:40,723 [Worker-21: ビルド] INFO  o.a.m.s.f.DefaultMavenResourcesFiltering - skip non existing resourceDirectory C:\Users\miche\OneDrive\Desktop\DOJT\digital-ojt-development-beginner-cause-DroneInventorySystem\DroneInventorySystem\src\test\resources
2025-03-03 06:36:47,145 [Worker-17: ビルド] INFO  o.a.m.s.f.DefaultMavenResourcesFiltering - Copying 1 resource from src\main\resources to target\classes
2025-03-03 06:36:47,159 [Worker-17: ビルド] INFO  o.a.m.s.f.DefaultMavenResourcesFiltering - Copying 52 resources from src\main\resources to target\classes
2025-03-03 06:36:47,176 [Worker-17: ビルド] INFO  o.a.m.s.f.DefaultMavenResourcesFiltering - skip non existing resourceDirectory C:\Users\miche\OneDrive\Desktop\DOJT\digital-ojt-development-beginner-cause-DroneInventorySystem\DroneInventorySystem\src\test\resources
2025-03-03 06:37:22,869 [Worker-18: ビルド] INFO  o.a.m.s.f.DefaultMavenResourcesFiltering - Copying 0 resource from src\main\resources to target\classes
2025-03-03 06:37:22,870 [Worker-18: ビルド] INFO  o.a.m.s.f.DefaultMavenResourcesFiltering - Copying 1 resource from src\main\resources to target\classes
2025-03-03 06:37:22,873 [Worker-18: ビルド] INFO  o.a.m.s.f.DefaultMavenResourcesFiltering - skip non existing resourceDirectory C:\Users\miche\OneDrive\Desktop\DOJT\digital-ojt-development-beginner-cause-DroneInventorySystem\DroneInventorySystem\src\test\resources
2025-03-03 06:38:02,733 [Worker-16: ビルド] INFO  o.a.m.s.f.DefaultMavenResourcesFiltering - Copying 1 resource from src\main\resources to target\classes
2025-03-03 06:38:02,737 [Worker-16: ビルド] INFO  o.a.m.s.f.DefaultMavenResourcesFiltering - Copying 0 resource from src\main\resources to target\classes
2025-03-03 06:38:02,740 [Worker-16: ビルド] INFO  o.a.m.s.f.DefaultMavenResourcesFiltering - skip non existing resourceDirectory C:\Users\miche\OneDrive\Desktop\DOJT\digital-ojt-development-beginner-cause-DroneInventorySystem\DroneInventorySystem\src\test\resources
2025-03-03 06:38:14,822 [Worker-22: ビルド] INFO  o.a.m.s.f.DefaultMavenResourcesFiltering - Copying 1 resource from src\main\resources to target\classes
2025-03-03 06:38:14,834 [Worker-22: ビルド] INFO  o.a.m.s.f.DefaultMavenResourcesFiltering - Copying 52 resources from src\main\resources to target\classes
2025-03-03 06:38:14,853 [Worker-22: ビルド] INFO  o.a.m.s.f.DefaultMavenResourcesFiltering - skip non existing resourceDirectory C:\Users\miche\OneDrive\Desktop\DOJT\digital-ojt-development-beginner-cause-DroneInventorySystem\DroneInventorySystem\src\test\resources
2025-03-03 06:38:26,823 [Worker-20: ビルド] INFO  o.a.m.s.f.DefaultMavenResourcesFiltering - Copying 1 resource from src\main\resources to target\classes
2025-03-03 06:38:26,834 [Worker-20: ビルド] INFO  o.a.m.s.f.DefaultMavenResourcesFiltering - Copying 52 resources from src\main\resources to target\classes
2025-03-03 06:38:26,866 [Worker-20: ビルド] INFO  o.a.m.s.f.DefaultMavenResourcesFiltering - skip non existing resourceDirectory C:\Users\miche\OneDrive\Desktop\DOJT\digital-ojt-development-beginner-cause-DroneInventorySystem\DroneInventorySystem\src\test\resources
2025-03-03 06:38:34,584 [Worker-23: ビルド] INFO  o.a.m.s.f.DefaultMavenResourcesFiltering - Copying 1 resource from src\main\resources to target\classes
2025-03-03 06:38:34,608 [Worker-23: ビルド] INFO  o.a.m.s.f.DefaultMavenResourcesFiltering - Copying 52 resources from src\main\resources to target\classes
2025-03-03 06:38:34,627 [Worker-23: ビルド] INFO  o.a.m.s.f.DefaultMavenResourcesFiltering - skip non existing resourceDirectory C:\Users\miche\OneDrive\Desktop\DOJT\digital-ojt-development-beginner-cause-DroneInventorySystem\DroneInventorySystem\src\test\resources
2025-03-03 18:27:10,310 [Worker-2: Loading available Gradle versions] INFO  o.e.b.c.i.u.g.PublishedGradleVersions - Gradle version information cache is up-to-date. Trying to read.
2025-03-03 21:07:23,911 [Worker-3: Loading available Gradle versions] INFO  o.e.b.c.i.u.g.PublishedGradleVersions - Gradle version information cache is up-to-date. Trying to read.
2025-03-07 20:28:59,987 [Worker-4: Loading available Gradle versions] INFO  o.e.b.c.i.u.g.PublishedGradleVersions - Gradle version information cache is out-of-date. Trying to update.
2025-03-07 20:40:41,915 [Worker-19: ビルド] INFO  o.a.m.s.f.DefaultMavenResourcesFiltering - Copying 1 resource from src\main\resources to target\classes
2025-03-07 20:40:41,937 [Worker-19: ビルド] INFO  o.a.m.s.f.DefaultMavenResourcesFiltering - Copying 52 resources from src\main\resources to target\classes
2025-03-07 20:40:42,049 [Worker-19: ビルド] INFO  o.a.m.s.f.DefaultMavenResourcesFiltering - skip non existing resourceDirectory C:\Users\miche\OneDrive\Desktop\DOJT\digital-ojt-development-beginner-cause-DroneInventorySystem\DroneInventorySystem\src\test\resources
2025-03-07 20:42:33,839 [Worker-17: ビルド] INFO  o.a.m.s.f.DefaultMavenResourcesFiltering - Copying 1 resource from src\main\resources to target\classes
2025-03-07 20:42:33,859 [Worker-17: ビルド] INFO  o.a.m.s.f.DefaultMavenResourcesFiltering - Copying 52 resources from src\main\resources to target\classes
2025-03-07 20:42:33,888 [Worker-17: ビルド] INFO  o.a.m.s.f.DefaultMavenResourcesFiltering - skip non existing resourceDirectory C:\Users\miche\OneDrive\Desktop\DOJT\digital-ojt-development-beginner-cause-DroneInventorySystem\DroneInventorySystem\src\test\resources
2025-03-07 20:43:03,013 [Worker-17: ビルド] INFO  o.a.m.s.f.DefaultMavenResourcesFiltering - Copying 1 resource from src\main\resources to target\classes
2025-03-07 20:43:03,027 [Worker-17: ビルド] INFO  o.a.m.s.f.DefaultMavenResourcesFiltering - Copying 52 resources from src\main\resources to target\classes
2025-03-07 20:43:03,052 [Worker-17: ビルド] INFO  o.a.m.s.f.DefaultMavenResourcesFiltering - skip non existing resourceDirectory C:\Users\miche\OneDrive\Desktop\DOJT\digital-ojt-development-beginner-cause-DroneInventorySystem\DroneInventorySystem\src\test\resources
2025-03-07 20:43:05,775 [Worker-21: ビルド] INFO  o.a.m.s.f.DefaultMavenResourcesFiltering - Copying 1 resource from src\main\resources to target\classes
2025-03-07 20:43:05,786 [Worker-21: ビルド] INFO  o.a.m.s.f.DefaultMavenResourcesFiltering - Copying 52 resources from src\main\resources to target\classes
2025-03-07 20:43:05,807 [Worker-21: ビルド] INFO  o.a.m.s.f.DefaultMavenResourcesFiltering - skip non existing resourceDirectory C:\Users\miche\OneDrive\Desktop\DOJT\digital-ojt-development-beginner-cause-DroneInventorySystem\DroneInventorySystem\src\test\resources
2025-03-07 20:43:09,668 [Worker-22: ビルド] INFO  o.a.m.s.f.DefaultMavenResourcesFiltering - Copying 1 resource from src\main\resources to target\classes
2025-03-07 20:43:09,684 [Worker-22: ビルド] INFO  o.a.m.s.f.DefaultMavenResourcesFiltering - Copying 52 resources from src\main\resources to target\classes
2025-03-07 20:43:09,704 [Worker-22: ビルド] INFO  o.a.m.s.f.DefaultMavenResourcesFiltering - skip non existing resourceDirectory C:\Users\miche\OneDrive\Desktop\DOJT\digital-ojt-development-beginner-cause-DroneInventorySystem\DroneInventorySystem\src\test\resources
2025-03-07 20:43:12,950 [Worker-19: ビルド] INFO  o.a.m.s.f.DefaultMavenResourcesFiltering - Copying 1 resource from src\main\resources to target\classes
2025-03-07 20:43:12,960 [Worker-19: ビルド] INFO  o.a.m.s.f.DefaultMavenResourcesFiltering - Copying 52 resources from src\main\resources to target\classes
2025-03-07 20:43:12,979 [Worker-19: ビルド] INFO  o.a.m.s.f.DefaultMavenResourcesFiltering - skip non existing resourceDirectory C:\Users\miche\OneDrive\Desktop\DOJT\digital-ojt-development-beginner-cause-DroneInventorySystem\DroneInventorySystem\src\test\resources
2025-03-07 20:43:15,608 [Worker-22: ビルド] INFO  o.a.m.s.f.DefaultMavenResourcesFiltering - Copying 1 resource from src\main\resources to target\classes
2025-03-07 20:43:15,620 [Worker-22: ビルド] INFO  o.a.m.s.f.DefaultMavenResourcesFiltering - Copying 52 resources from src\main\resources to target\classes
2025-03-07 20:43:15,640 [Worker-22: ビルド] INFO  o.a.m.s.f.DefaultMavenResourcesFiltering - skip non existing resourceDirectory C:\Users\miche\OneDrive\Desktop\DOJT\digital-ojt-development-beginner-cause-DroneInventorySystem\DroneInventorySystem\src\test\resources
2025-03-07 20:43:17,747 [Worker-21: ビルド] INFO  o.a.m.s.f.DefaultMavenResourcesFiltering - Copying 1 resource from src\main\resources to target\classes
2025-03-07 20:43:17,759 [Worker-21: ビルド] INFO  o.a.m.s.f.DefaultMavenResourcesFiltering - Copying 52 resources from src\main\resources to target\classes
2025-03-07 20:43:17,779 [Worker-21: ビルド] INFO  o.a.m.s.f.DefaultMavenResourcesFiltering - skip non existing resourceDirectory C:\Users\miche\OneDrive\Desktop\DOJT\digital-ojt-development-beginner-cause-DroneInventorySystem\DroneInventorySystem\src\test\resources
2025-03-07 20:45:59,075 [Worker-25: ビルド] INFO  o.a.m.s.f.DefaultMavenResourcesFiltering - Copying 1 resource from src\main\resources to target\classes
2025-03-07 20:45:59,090 [Worker-25: ビルド] INFO  o.a.m.s.f.DefaultMavenResourcesFiltering - Copying 52 resources from src\main\resources to target\classes
2025-03-07 20:45:59,116 [Worker-25: ビルド] INFO  o.a.m.s.f.DefaultMavenResourcesFiltering - skip non existing resourceDirectory C:\Users\miche\OneDrive\Desktop\DOJT\digital-ojt-development-beginner-cause-DroneInventorySystem\DroneInventorySystem\src\test\resources
2025-03-07 20:46:02,720 [Worker-24: ビルド] INFO  o.a.m.s.f.DefaultMavenResourcesFiltering - Copying 1 resource from src\main\resources to target\classes
2025-03-07 20:46:02,735 [Worker-24: ビルド] INFO  o.a.m.s.f.DefaultMavenResourcesFiltering - Copying 52 resources from src\main\resources to target\classes
2025-03-07 20:46:02,763 [Worker-24: ビルド] INFO  o.a.m.s.f.DefaultMavenResourcesFiltering - skip non existing resourceDirectory C:\Users\miche\OneDrive\Desktop\DOJT\digital-ojt-development-beginner-cause-DroneInventorySystem\DroneInventorySystem\src\test\resources
2025-03-07 20:46:07,903 [Worker-27: ビルド] INFO  o.a.m.s.f.DefaultMavenResourcesFiltering - Copying 1 resource from src\main\resources to target\classes
2025-03-07 20:46:07,936 [Worker-27: ビルド] INFO  o.a.m.s.f.DefaultMavenResourcesFiltering - Copying 52 resources from src\main\resources to target\classes
2025-03-07 20:46:07,956 [Worker-27: ビルド] INFO  o.a.m.s.f.DefaultMavenResourcesFiltering - skip non existing resourceDirectory C:\Users\miche\OneDrive\Desktop\DOJT\digital-ojt-development-beginner-cause-DroneInventorySystem\DroneInventorySystem\src\test\resources
2025-03-07 20:46:11,041 [Worker-26: ビルド] INFO  o.a.m.s.f.DefaultMavenResourcesFiltering - Copying 1 resource from src\main\resources to target\classes
2025-03-07 20:46:11,053 [Worker-26: ビルド] INFO  o.a.m.s.f.DefaultMavenResourcesFiltering - Copying 52 resources from src\main\resources to target\classes
2025-03-07 20:46:11,071 [Worker-26: ビルド] INFO  o.a.m.s.f.DefaultMavenResourcesFiltering - skip non existing resourceDirectory C:\Users\miche\OneDrive\Desktop\DOJT\digital-ojt-development-beginner-cause-DroneInventorySystem\DroneInventorySystem\src\test\resources
2025-03-11 20:30:58,369 [Worker-1: Loading available Gradle versions] INFO  o.e.b.c.i.u.g.PublishedGradleVersions - Gradle version information cache is out-of-date. Trying to update.
2025-03-12 23:06:33,119 [Worker-1: Loading available Gradle versions] INFO  o.e.b.c.i.u.g.PublishedGradleVersions - Gradle version information cache is out-of-date. Trying to update.
2025-03-12 23:15:26,622 [Worker-12: ビルド] INFO  o.a.m.s.f.DefaultMavenResourcesFiltering - Copying 1 resource from src\main\resources to target\classes
2025-03-12 23:15:26,640 [Worker-12: ビルド] INFO  o.a.m.s.f.DefaultMavenResourcesFiltering - Copying 52 resources from src\main\resources to target\classes
2025-03-12 23:15:26,737 [Worker-12: ビルド] INFO  o.a.m.s.f.DefaultMavenResourcesFiltering - skip non existing resourceDirectory C:\Users\miche\OneDrive\Desktop\DOJT\digital-ojt-development-beginner-cause-DroneInventorySystem\DroneInventorySystem\src\test\resources
2025-03-12 23:24:23,867 [Worker-24: ビルド] INFO  o.a.m.s.f.DefaultMavenResourcesFiltering - Copying 0 resource from src\main\resources to target\classes
2025-03-12 23:24:23,867 [Worker-24: ビルド] INFO  o.a.m.s.f.DefaultMavenResourcesFiltering - Copying 0 resource from src\main\resources to target\classes
2025-03-12 23:24:23,869 [Worker-24: ビルド] INFO  o.a.m.s.f.DefaultMavenResourcesFiltering - skip non existing resourceDirectory C:\Users\miche\OneDrive\Desktop\DOJT\digital-ojt-development-beginner-cause-DroneInventorySystem\DroneInventorySystem\src\test\resources
2025-03-12 23:45:57,880 [Worker-30: ビルド] INFO  o.a.m.s.f.DefaultMavenResourcesFiltering - Copying 0 resource from src\main\resources to target\classes
2025-03-12 23:45:57,882 [Worker-30: ビルド] INFO  o.a.m.s.f.DefaultMavenResourcesFiltering - Copying 0 resource from src\main\resources to target\classes
2025-03-12 23:45:57,884 [Worker-30: ビルド] INFO  o.a.m.s.f.DefaultMavenResourcesFiltering - skip non existing resourceDirectory C:\Users\miche\OneDrive\Desktop\DOJT\digital-ojt-development-beginner-cause-DroneInventorySystem\DroneInventorySystem\src\test\resources
2025-03-12 23:46:12,727 [Worker-19: ビルド] INFO  o.a.m.s.f.DefaultMavenResourcesFiltering - Copying 0 resource from src\main\resources to target\classes
2025-03-12 23:46:12,728 [Worker-19: ビルド] INFO  o.a.m.s.f.DefaultMavenResourcesFiltering - Copying 0 resource from src\main\resources to target\classes
2025-03-12 23:46:12,729 [Worker-19: ビルド] INFO  o.a.m.s.f.DefaultMavenResourcesFiltering - skip non existing resourceDirectory C:\Users\miche\OneDrive\Desktop\DOJT\digital-ojt-development-beginner-cause-DroneInventorySystem\DroneInventorySystem\src\test\resources
2025-03-12 23:46:43,010 [Worker-26: ビルド] INFO  o.a.m.s.f.DefaultMavenResourcesFiltering - Copying 0 resource from src\main\resources to target\classes
2025-03-12 23:46:43,010 [Worker-26: ビルド] INFO  o.a.m.s.f.DefaultMavenResourcesFiltering - Copying 0 resource from src\main\resources to target\classes
2025-03-12 23:46:43,012 [Worker-26: ビルド] INFO  o.a.m.s.f.DefaultMavenResourcesFiltering - skip non existing resourceDirectory C:\Users\miche\OneDrive\Desktop\DOJT\digital-ojt-development-beginner-cause-DroneInventorySystem\DroneInventorySystem\src\test\resources
2025-03-12 23:46:53,981 [Worker-33: ビルド] INFO  o.a.m.s.f.DefaultMavenResourcesFiltering - Copying 1 resource from src\main\resources to target\classes
2025-03-12 23:46:53,986 [Worker-33: ビルド] INFO  o.a.m.s.f.DefaultMavenResourcesFiltering - Copying 5 resources from src\main\resources to target\classes
2025-03-12 23:46:53,997 [Worker-33: ビルド] INFO  o.a.m.s.f.DefaultMavenResourcesFiltering - skip non existing resourceDirectory C:\Users\miche\OneDrive\Desktop\DOJT\digital-ojt-development-beginner-cause-DroneInventorySystem\DroneInventorySystem\src\test\resources
2025-03-15 09:35:16,145 [Worker-1: Loading available Gradle versions] INFO  o.e.b.c.i.u.g.PublishedGradleVersions - Gradle version information cache is out-of-date. Trying to update.
2025-03-15 09:49:46,804 [Worker-17: ビルド] INFO  o.a.m.s.f.DefaultMavenResourcesFiltering - Copying 1 resource from src\main\resources to target\classes
2025-03-15 09:49:46,838 [Worker-17: ビルド] INFO  o.a.m.s.f.DefaultMavenResourcesFiltering - Copying 54 resources from src\main\resources to target\classes
2025-03-15 09:49:46,949 [Worker-17: ビルド] INFO  o.a.m.s.f.DefaultMavenResourcesFiltering - skip non existing resourceDirectory C:\Users\miche\OneDrive\Desktop\DOJT\digital-ojt-development-beginner-cause-DroneInventorySystem\DroneInventorySystem\src\test\resources
2025-03-15 09:50:33,385 [Worker-21: ビルド] INFO  o.a.m.s.f.DefaultMavenResourcesFiltering - Copying 1 resource from src\main\resources to target\classes
2025-03-15 09:50:33,396 [Worker-21: ビルド] INFO  o.a.m.s.f.DefaultMavenResourcesFiltering - Copying 5 resources from src\main\resources to target\classes
2025-03-15 09:50:33,410 [Worker-21: ビルド] INFO  o.a.m.s.f.DefaultMavenResourcesFiltering - skip non existing resourceDirectory C:\Users\miche\OneDrive\Desktop\DOJT\digital-ojt-development-beginner-cause-DroneInventorySystem\DroneInventorySystem\src\test\resources
2025-03-15 09:50:53,511 [Worker-18: ビルド] INFO  o.a.m.s.f.DefaultMavenResourcesFiltering - Copying 1 resource from src\main\resources to target\classes
2025-03-15 09:50:53,517 [Worker-18: ビルド] INFO  o.a.m.s.f.DefaultMavenResourcesFiltering - Copying 8 resources from src\main\resources to target\classes
2025-03-15 09:50:53,550 [Worker-18: ビルド] INFO  o.a.m.s.f.DefaultMavenResourcesFiltering - skip non existing resourceDirectory C:\Users\miche\OneDrive\Desktop\DOJT\digital-ojt-development-beginner-cause-DroneInventorySystem\DroneInventorySystem\src\test\resources
2025-03-15 09:51:14,707 [Worker-17: ビルド] INFO  o.a.m.s.f.DefaultMavenResourcesFiltering - Copying 1 resource from src\main\resources to target\classes
2025-03-15 09:51:14,754 [Worker-17: ビルド] INFO  o.a.m.s.f.DefaultMavenResourcesFiltering - Copying 5 resources from src\main\resources to target\classes
2025-03-15 09:51:14,774 [Worker-17: ビルド] INFO  o.a.m.s.f.DefaultMavenResourcesFiltering - skip non existing resourceDirectory C:\Users\miche\OneDrive\Desktop\DOJT\digital-ojt-development-beginner-cause-DroneInventorySystem\DroneInventorySystem\src\test\resources
2025-03-15 13:54:22,565 [Worker-16: ビルド] INFO  o.a.m.s.f.DefaultMavenResourcesFiltering - Copying 0 resource from src\main\resources to target\classes
2025-03-15 13:54:22,582 [Worker-16: ビルド] INFO  o.a.m.s.f.DefaultMavenResourcesFiltering - Copying 0 resource from src\main\resources to target\classes
2025-03-15 13:54:22,584 [Worker-16: ビルド] INFO  o.a.m.s.f.DefaultMavenResourcesFiltering - skip non existing resourceDirectory C:\Users\miche\OneDrive\Desktop\DOJT\digital-ojt-development-beginner-cause-DroneInventorySystem\DroneInventorySystem\src\test\resources
2025-03-15 14:04:40,664 [Worker-30: ビルド] INFO  o.a.m.s.f.DefaultMavenResourcesFiltering - Copying 0 resource from src\main\resources to target\classes
2025-03-15 14:04:40,664 [Worker-30: ビルド] INFO  o.a.m.s.f.DefaultMavenResourcesFiltering - Copying 0 resource from src\main\resources to target\classes
2025-03-15 14:04:40,664 [Worker-30: ビルド] INFO  o.a.m.s.f.DefaultMavenResourcesFiltering - skip non existing resourceDirectory C:\Users\miche\OneDrive\Desktop\DOJT\digital-ojt-development-beginner-cause-DroneInventorySystem\DroneInventorySystem\src\test\resources
2025-03-15 14:04:59,818 [Worker-31: ビルド] INFO  o.a.m.s.f.DefaultMavenResourcesFiltering - Copying 0 resource from src\main\resources to target\classes
2025-03-15 14:04:59,819 [Worker-31: ビルド] INFO  o.a.m.s.f.DefaultMavenResourcesFiltering - Copying 0 resource from src\main\resources to target\classes
2025-03-15 14:04:59,820 [Worker-31: ビルド] INFO  o.a.m.s.f.DefaultMavenResourcesFiltering - skip non existing resourceDirectory C:\Users\miche\OneDrive\Desktop\DOJT\digital-ojt-development-beginner-cause-DroneInventorySystem\DroneInventorySystem\src\test\resources
2025-03-15 21:05:19,105 [Worker-1: Loading available Gradle versions] INFO  o.e.b.c.i.u.g.PublishedGradleVersions - Gradle version information cache is up-to-date. Trying to read.
2025-03-15 21:06:41,738 [Worker-4: ビルド] INFO  o.a.m.s.f.DefaultMavenResourcesFiltering - Copying 1 resource from src\main\resources to target\classes
2025-03-15 21:06:41,774 [Worker-4: ビルド] INFO  o.a.m.s.f.DefaultMavenResourcesFiltering - Copying 51 resources from src\main\resources to target\classes
2025-03-15 21:06:41,807 [Worker-4: ビルド] INFO  o.a.m.s.f.DefaultMavenResourcesFiltering - skip non existing resourceDirectory C:\Users\miche\OneDrive\Desktop\DOJT\digital-ojt-development-beginner-cause-DroneInventorySystem\DroneInventorySystem\src\test\resources
2025-03-15 21:07:19,785 [Worker-3: ビルド] INFO  o.a.m.s.f.DefaultMavenResourcesFiltering - Copying 0 resource from src\main\resources to target\classes
2025-03-15 21:07:19,786 [Worker-3: ビルド] INFO  o.a.m.s.f.DefaultMavenResourcesFiltering - Copying 0 resource from src\main\resources to target\classes
2025-03-15 21:07:19,787 [Worker-3: ビルド] INFO  o.a.m.s.f.DefaultMavenResourcesFiltering - skip non existing resourceDirectory C:\Users\miche\OneDrive\Desktop\DOJT\digital-ojt-development-beginner-cause-DroneInventorySystem\DroneInventorySystem\src\test\resources
2025-03-15 21:08:07,166 [Worker-1: ビルド] INFO  o.a.m.s.f.DefaultMavenResourcesFiltering - Copying 0 resource from src\main\resources to target\classes
2025-03-15 21:08:07,166 [Worker-1: ビルド] INFO  o.a.m.s.f.DefaultMavenResourcesFiltering - Copying 0 resource from src\main\resources to target\classes
2025-03-15 21:08:07,168 [Worker-1: ビルド] INFO  o.a.m.s.f.DefaultMavenResourcesFiltering - skip non existing resourceDirectory C:\Users\miche\OneDrive\Desktop\DOJT\digital-ojt-development-beginner-cause-DroneInventorySystem\DroneInventorySystem\src\test\resources
2025-03-15 21:08:18,578 [Worker-10: ビルド] INFO  o.a.m.s.f.DefaultMavenResourcesFiltering - Copying 0 resource from src\main\resources to target\classes
2025-03-15 21:08:18,578 [Worker-10: ビルド] INFO  o.a.m.s.f.DefaultMavenResourcesFiltering - Copying 0 resource from src\main\resources to target\classes
2025-03-15 21:08:18,578 [Worker-10: ビルド] INFO  o.a.m.s.f.DefaultMavenResourcesFiltering - skip non existing resourceDirectory C:\Users\miche\OneDrive\Desktop\DOJT\digital-ojt-development-beginner-cause-DroneInventorySystem\DroneInventorySystem\src\test\resources
2025-03-15 21:08:39,703 [Worker-11: ビルド] INFO  o.a.m.s.f.DefaultMavenResourcesFiltering - Copying 0 resource from src\main\resources to target\classes
2025-03-15 21:08:39,703 [Worker-11: ビルド] INFO  o.a.m.s.f.DefaultMavenResourcesFiltering - Copying 0 resource from src\main\resources to target\classes
2025-03-15 21:08:39,705 [Worker-11: ビルド] INFO  o.a.m.s.f.DefaultMavenResourcesFiltering - skip non existing resourceDirectory C:\Users\miche\OneDrive\Desktop\DOJT\digital-ojt-development-beginner-cause-DroneInventorySystem\DroneInventorySystem\src\test\resources
2025-03-15 21:09:22,461 [Worker-5: Loading available Gradle versions] INFO  o.e.b.c.i.u.g.PublishedGradleVersions - Gradle version information cache is up-to-date. Trying to read.
2025-03-15 21:11:51,451 [Worker-8: ビルド] INFO  o.a.m.s.f.DefaultMavenResourcesFiltering - Copying 1 resource from src\main\resources to target\classes
2025-03-15 21:11:51,469 [Worker-8: ビルド] INFO  o.a.m.s.f.DefaultMavenResourcesFiltering - Copying 54 resources from src\main\resources to target\classes
2025-03-15 21:11:51,496 [Worker-8: ビルド] INFO  o.a.m.s.f.DefaultMavenResourcesFiltering - skip non existing resourceDirectory C:\Users\miche\OneDrive\Desktop\DOJT\digital-ojt-development-beginner-cause-DroneInventorySystem\DroneInventorySystem\src\test\resources
2025-03-15 21:12:24,897 [Worker-2: ビルド] INFO  o.a.m.s.f.DefaultMavenResourcesFiltering - Copying 1 resource from src\main\resources to target\classes
2025-03-15 21:12:24,901 [Worker-2: ビルド] INFO  o.a.m.s.f.DefaultMavenResourcesFiltering - Copying 5 resources from src\main\resources to target\classes
2025-03-15 21:12:24,911 [Worker-2: ビルド] INFO  o.a.m.s.f.DefaultMavenResourcesFiltering - skip non existing resourceDirectory C:\Users\miche\OneDrive\Desktop\DOJT\digital-ojt-development-beginner-cause-DroneInventorySystem\DroneInventorySystem\src\test\resources
2025-03-15 21:14:32,902 [Worker-8: ビルド] INFO  o.a.m.s.f.DefaultMavenResourcesFiltering - Copying 0 resource from src\main\resources to target\classes
2025-03-15 21:14:32,903 [Worker-8: ビルド] INFO  o.a.m.s.f.DefaultMavenResourcesFiltering - Copying 0 resource from src\main\resources to target\classes
2025-03-15 21:14:32,905 [Worker-8: ビルド] INFO  o.a.m.s.f.DefaultMavenResourcesFiltering - skip non existing resourceDirectory C:\Users\miche\OneDrive\Desktop\DOJT\digital-ojt-development-beginner-cause-DroneInventorySystem\DroneInventorySystem\src\test\resources
2025-03-15 21:16:16,135 [Worker-8: ビルド] INFO  o.a.m.s.f.DefaultMavenResourcesFiltering - Copying 0 resource from src\main\resources to target\classes
2025-03-15 21:16:16,136 [Worker-8: ビルド] INFO  o.a.m.s.f.DefaultMavenResourcesFiltering - Copying 1 resource from src\main\resources to target\classes
2025-03-15 21:16:16,139 [Worker-8: ビルド] INFO  o.a.m.s.f.DefaultMavenResourcesFiltering - skip non existing resourceDirectory C:\Users\miche\OneDrive\Desktop\DOJT\digital-ojt-development-beginner-cause-DroneInventorySystem\DroneInventorySystem\src\test\resources
2025-03-15 21:16:30,959 [Worker-8: ビルド] INFO  o.a.m.s.f.DefaultMavenResourcesFiltering - Copying 0 resource from src\main\resources to target\classes
2025-03-15 21:16:30,959 [Worker-8: ビルド] INFO  o.a.m.s.f.DefaultMavenResourcesFiltering - Copying 3 resources from src\main\resources to target\classes
2025-03-15 21:16:30,966 [Worker-8: ビルド] INFO  o.a.m.s.f.DefaultMavenResourcesFiltering - skip non existing resourceDirectory C:\Users\miche\OneDrive\Desktop\DOJT\digital-ojt-development-beginner-cause-DroneInventorySystem\DroneInventorySystem\src\test\resources
2025-03-15 21:30:39,537 [Worker-4: Loading available Gradle versions] INFO  o.e.b.c.i.u.g.PublishedGradleVersions - Gradle version information cache is up-to-date. Trying to read.
2025-03-15 22:05:42,392 [Worker-4: Loading available Gradle versions] INFO  o.e.b.c.i.u.g.PublishedGradleVersions - Gradle version information cache is up-to-date. Trying to read.
2025-03-15 22:32:32,623 [Worker-3: Loading available Gradle versions] INFO  o.e.b.c.i.u.g.PublishedGradleVersions - Gradle version information cache is up-to-date. Trying to read.
2025-03-15 22:49:11,589 [Worker-16: ビルド] INFO  o.e.m.c.i.l.LifecycleMappingFactory - Using org.eclipse.m2e.jdt.JarLifecycleMapping lifecycle mapping for MavenProject: com.digitalojt:DroneInventorySystem:0.0.1-SNAPSHOT @ C:\Users\miche\OneDrive\Desktop\DOJT\digital-ojt-development-beginner-cause-DroneInventorySystem\DroneInventorySystem\pom.xml.
2025-03-15 22:49:12,433 [Worker-16: ビルド] INFO  o.a.m.s.f.DefaultMavenResourcesFiltering - Copying 1 resource from src\main\resources to target\classes
2025-03-15 22:49:12,452 [Worker-16: ビルド] INFO  o.a.m.s.f.DefaultMavenResourcesFiltering - Copying 52 resources from src\main\resources to target\classes
2025-03-15 22:49:12,470 [Worker-16: ビルド] INFO  o.a.m.s.f.DefaultMavenResourcesFiltering - skip non existing resourceDirectory C:\Users\miche\OneDrive\Desktop\DOJT\digital-ojt-development-beginner-cause-DroneInventorySystem\DroneInventorySystem\src\test\resources
2025-03-15 22:52:30,136 [Worker-24: ビルド] INFO  o.e.m.c.i.l.LifecycleMappingFactory - Using org.eclipse.m2e.jdt.JarLifecycleMapping lifecycle mapping for MavenProject: com.digitalojt:DroneInventorySystem:0.0.1-SNAPSHOT @ C:\Users\miche\OneDrive\Desktop\DOJT\digital-ojt-development-beginner-cause-DroneInventorySystem\DroneInventorySystem\pom.xml.
2025-03-15 22:52:30,545 [Worker-24: ビルド] INFO  o.a.m.s.f.DefaultMavenResourcesFiltering - Copying 0 resource from src\main\resources to target\classes
2025-03-15 22:52:30,546 [Worker-24: ビルド] INFO  o.a.m.s.f.DefaultMavenResourcesFiltering - Copying 0 resource from src\main\resources to target\classes
2025-03-15 22:52:30,550 [Worker-24: ビルド] INFO  o.a.m.s.f.DefaultMavenResourcesFiltering - skip non existing resourceDirectory C:\Users\miche\OneDrive\Desktop\DOJT\digital-ojt-development-beginner-cause-DroneInventorySystem\DroneInventorySystem\src\test\resources
2025-03-15 23:06:19,249 [Worker-4: Loading available Gradle versions] INFO  o.e.b.c.i.u.g.PublishedGradleVersions - Gradle version information cache is up-to-date. Trying to read.
2025-03-15 23:21:50,168 [Worker-1: Loading available Gradle versions] INFO  o.e.b.c.i.u.g.PublishedGradleVersions - Gradle version information cache is up-to-date. Trying to read.
2025-03-15 23:31:56,357 [Worker-6: Loading available Gradle versions] INFO  o.e.b.c.i.u.g.PublishedGradleVersions - Gradle version information cache is up-to-date. Trying to read.
2025-03-15 23:32:38,988 [Worker-4: ビルド] INFO  o.a.m.s.f.DefaultMavenResourcesFiltering - Copying 1 resource from src\main\resources to target\classes
2025-03-15 23:32:39,003 [Worker-4: ビルド] INFO  o.a.m.s.f.DefaultMavenResourcesFiltering - Copying 52 resources from src\main\resources to target\classes
2025-03-15 23:32:39,022 [Worker-4: ビルド] INFO  o.a.m.s.f.DefaultMavenResourcesFiltering - skip non existing resourceDirectory C:\Users\miche\OneDrive\Desktop\DOJT\digital-ojt-development-beginner-cause-DroneInventorySystem\DroneInventorySystem\src\test\resources
2025-03-15 23:37:09,912 [Worker-12: ビルド] INFO  o.a.m.s.f.DefaultMavenResourcesFiltering - Copying 0 resource from src\main\resources to target\classes
2025-03-15 23:37:09,913 [Worker-12: ビルド] INFO  o.a.m.s.f.DefaultMavenResourcesFiltering - Copying 1 resource from src\main\resources to target\classes
2025-03-15 23:37:09,918 [Worker-12: ビルド] INFO  o.a.m.s.f.DefaultMavenResourcesFiltering - skip non existing resourceDirectory C:\Users\miche\OneDrive\Desktop\DOJT\digital-ojt-development-beginner-cause-DroneInventorySystem\DroneInventorySystem\src\test\resources
2025-03-15 23:37:15,416 [Worker-0: ビルド] INFO  o.a.m.s.f.DefaultMavenResourcesFiltering - Copying 0 resource from src\main\resources to target\classes
2025-03-15 23:37:15,416 [Worker-0: ビルド] INFO  o.a.m.s.f.DefaultMavenResourcesFiltering - Copying 3 resources from src\main\resources to target\classes
2025-03-15 23:37:15,427 [Worker-0: ビルド] INFO  o.a.m.s.f.DefaultMavenResourcesFiltering - skip non existing resourceDirectory C:\Users\miche\OneDrive\Desktop\DOJT\digital-ojt-development-beginner-cause-DroneInventorySystem\DroneInventorySystem\src\test\resources
2025-03-15 23:40:37,399 [Worker-5: Loading available Gradle versions] INFO  o.e.b.c.i.u.g.PublishedGradleVersions - Gradle version information cache is up-to-date. Trying to read.
2025-03-15 23:46:21,853 [Worker-5: ビルド] INFO  o.a.m.s.f.DefaultMavenResourcesFiltering - Copying 1 resource from src\main\resources to target\classes
2025-03-15 23:46:21,869 [Worker-5: ビルド] INFO  o.a.m.s.f.DefaultMavenResourcesFiltering - Copying 51 resources from src\main\resources to target\classes
2025-03-15 23:46:21,893 [Worker-5: ビルド] INFO  o.a.m.s.f.DefaultMavenResourcesFiltering - skip non existing resourceDirectory C:\Users\miche\OneDrive\Desktop\DOJT\digital-ojt-development-beginner-cause-DroneInventorySystem\DroneInventorySystem\src\test\resources
2025-03-15 23:47:35,487 [Worker-17: ビルド] INFO  o.a.m.s.f.DefaultMavenResourcesFiltering - Copying 1 resource from src\main\resources to target\classes
2025-03-15 23:47:35,490 [Worker-17: ビルド] INFO  o.a.m.s.f.DefaultMavenResourcesFiltering - Copying 8 resources from src\main\resources to target\classes
2025-03-15 23:47:35,504 [Worker-17: ビルド] INFO  o.a.m.s.f.DefaultMavenResourcesFiltering - skip non existing resourceDirectory C:\Users\miche\OneDrive\Desktop\DOJT\digital-ojt-development-beginner-cause-DroneInventorySystem\DroneInventorySystem\src\test\resources
2025-03-15 23:58:59,368 [Worker-20: ビルド] INFO  o.a.m.s.f.DefaultMavenResourcesFiltering - Copying 0 resource from src\main\resources to target\classes
2025-03-15 23:58:59,368 [Worker-20: ビルド] INFO  o.a.m.s.f.DefaultMavenResourcesFiltering - Copying 0 resource from src\main\resources to target\classes
2025-03-15 23:58:59,370 [Worker-20: ビルド] INFO  o.a.m.s.f.DefaultMavenResourcesFiltering - skip non existing resourceDirectory C:\Users\miche\OneDrive\Desktop\DOJT\digital-ojt-development-beginner-cause-DroneInventorySystem\DroneInventorySystem\src\test\resources
2025-03-16 00:10:33,284 [Worker-4: Loading available Gradle versions] INFO  o.e.b.c.i.u.g.PublishedGradleVersions - Gradle version information cache is up-to-date. Trying to read.
2025-03-16 00:19:32,379 [Worker-12: ビルド] INFO  o.a.m.s.f.DefaultMavenResourcesFiltering - Copying 1 resource from src\main\resources to target\classes
2025-03-16 00:19:32,434 [Worker-12: ビルド] INFO  o.a.m.s.f.DefaultMavenResourcesFiltering - Copying 54 resources from src\main\resources to target\classes
2025-03-16 00:19:32,467 [Worker-12: ビルド] INFO  o.a.m.s.f.DefaultMavenResourcesFiltering - skip non existing resourceDirectory C:\Users\miche\OneDrive\Desktop\DOJT\digital-ojt-development-beginner-cause-DroneInventorySystem\DroneInventorySystem\src\test\resources
2025-03-16 00:51:52,559 [Worker-5: Loading available Gradle versions] INFO  o.e.b.c.i.u.g.PublishedGradleVersions - Gradle version information cache is up-to-date. Trying to read.
2025-03-16 07:06:09,936 [Worker-19: ビルド] INFO  o.a.m.s.f.DefaultMavenResourcesFiltering - Copying 1 resource from src\main\resources to target\classes
2025-03-16 07:06:09,956 [Worker-19: ビルド] INFO  o.a.m.s.f.DefaultMavenResourcesFiltering - Copying 54 resources from src\main\resources to target\classes
2025-03-16 07:06:09,985 [Worker-19: ビルド] INFO  o.a.m.s.f.DefaultMavenResourcesFiltering - skip non existing resourceDirectory C:\Users\miche\OneDrive\Desktop\DOJT\digital-ojt-development-beginner-cause-DroneInventorySystem\DroneInventorySystem\src\test\resources
2025-03-16 07:07:09,164 [Worker-3: ビルド] INFO  o.a.m.s.f.DefaultMavenResourcesFiltering - Copying 0 resource from src\main\resources to target\classes
2025-03-16 07:07:09,165 [Worker-3: ビルド] INFO  o.a.m.s.f.DefaultMavenResourcesFiltering - Copying 0 resource from src\main\resources to target\classes
2025-03-16 07:07:09,168 [Worker-3: ビルド] INFO  o.a.m.s.f.DefaultMavenResourcesFiltering - skip non existing resourceDirectory C:\Users\miche\OneDrive\Desktop\DOJT\digital-ojt-development-beginner-cause-DroneInventorySystem\DroneInventorySystem\src\test\resources
2025-03-16 07:08:30,729 [Worker-4: Loading available Gradle versions] INFO  o.e.b.c.i.u.g.PublishedGradleVersions - Gradle version information cache is up-to-date. Trying to read.
2025-03-16 07:19:03,608 [Worker-17: Maven プロジェクトの更新中] INFO  o.e.m.c.i.p.ProjectConfigurationManager - Update started
2025-03-16 07:19:04,303 [Worker-17: Maven プロジェクトの更新中] INFO  o.e.m.c.i.l.LifecycleMappingFactory - Using org.eclipse.m2e.jdt.JarLifecycleMapping lifecycle mapping for MavenProject: com.digitalojt:DroneInventorySystem:0.0.1-SNAPSHOT @ C:\Users\miche\OneDrive\Desktop\DOJT\digital-ojt-development-beginner-cause-DroneInventorySystem\DroneInventorySystem\pom.xml.
2025-03-16 07:19:05,048 [Worker-17: Maven プロジェクトの更新中] INFO  o.e.m.j.i.AbstractJavaProjectConfigurator - Not adding source folder /DroneInventorySystem/src/main/java because it overlaps with /DroneInventorySystem/src
2025-03-16 07:19:05,048 [Worker-17: Maven プロジェクトの更新中] INFO  o.e.m.j.i.AbstractJavaProjectConfigurator - Adding resource folder /DroneInventorySystem/src/main/resources
2025-03-16 07:19:05,049 [Worker-17: Maven プロジェクトの更新中] INFO  o.e.m.j.i.AbstractJavaProjectConfigurator - Adding resource folder /DroneInventorySystem/src/main/resources
2025-03-16 07:19:05,051 [Worker-17: Maven プロジェクトの更新中] INFO  o.e.m.j.i.AbstractJavaProjectConfigurator - Not adding source folder /DroneInventorySystem/src/test/java because it overlaps with /DroneInventorySystem/src
2025-03-16 07:19:05,065 [Worker-17: Maven プロジェクトの更新中] INFO  o.e.m.c.i.p.ProjectConfigurationManager - Update completed: 1 sec
2025-03-16 07:19:06,480 [Worker-3: ビルド] INFO  o.a.m.s.f.DefaultMavenResourcesFiltering - Copying 1 resource from src\main\resources to target\classes
2025-03-16 07:19:06,511 [Worker-3: ビルド] INFO  o.a.m.s.f.DefaultMavenResourcesFiltering - Copying 54 resources from src\main\resources to target\classes
2025-03-16 07:19:06,540 [Worker-3: ビルド] INFO  o.a.m.s.f.DefaultMavenResourcesFiltering - skip non existing resourceDirectory C:\Users\miche\OneDrive\Desktop\DOJT\digital-ojt-development-beginner-cause-DroneInventorySystem\DroneInventorySystem\src\test\resources
2025-03-16 07:19:50,004 [Worker-13: Maven プロジェクトの更新中] INFO  o.e.m.c.i.p.ProjectConfigurationManager - Update started
2025-03-16 07:19:50,287 [Worker-13: Maven プロジェクトの更新中] INFO  o.e.m.c.i.l.LifecycleMappingFactory - Using org.eclipse.m2e.jdt.JarLifecycleMapping lifecycle mapping for MavenProject: com.digitalojt:DroneInventorySystem:0.0.1-SNAPSHOT @ C:\Users\miche\OneDrive\Desktop\DOJT\digital-ojt-development-beginner-cause-DroneInventorySystem\DroneInventorySystem\pom.xml.
2025-03-16 07:19:50,740 [Worker-13: Maven プロジェクトの更新中] INFO  o.e.m.j.i.AbstractJavaProjectConfigurator - Not adding source folder /DroneInventorySystem/src/main/java because it overlaps with /DroneInventorySystem/src
2025-03-16 07:19:50,740 [Worker-13: Maven プロジェクトの更新中] INFO  o.e.m.j.i.AbstractJavaProjectConfigurator - Adding resource folder /DroneInventorySystem/src/main/resources
2025-03-16 07:19:50,741 [Worker-13: Maven プロジェクトの更新中] INFO  o.e.m.j.i.AbstractJavaProjectConfigurator - Adding resource folder /DroneInventorySystem/src/main/resources
2025-03-16 07:19:50,742 [Worker-13: Maven プロジェクトの更新中] INFO  o.e.m.j.i.AbstractJavaProjectConfigurator - Not adding source folder /DroneInventorySystem/src/test/java because it overlaps with /DroneInventorySystem/src
2025-03-16 07:19:50,743 [Worker-13: Maven プロジェクトの更新中] INFO  o.e.m.c.i.p.ProjectConfigurationManager - Update completed: 0 sec
2025-03-16 07:19:51,750 [Worker-17: ビルド] INFO  o.a.m.s.f.DefaultMavenResourcesFiltering - Copying 1 resource from src\main\resources to target\classes
2025-03-16 07:19:51,767 [Worker-17: ビルド] INFO  o.a.m.s.f.DefaultMavenResourcesFiltering - Copying 54 resources from src\main\resources to target\classes
2025-03-16 07:19:51,787 [Worker-17: ビルド] INFO  o.a.m.s.f.DefaultMavenResourcesFiltering - skip non existing resourceDirectory C:\Users\miche\OneDrive\Desktop\DOJT\digital-ojt-development-beginner-cause-DroneInventorySystem\DroneInventorySystem\src\test\resources
2025-03-16 07:30:05,830 [Worker-22: ビルド] INFO  o.a.m.s.f.DefaultMavenResourcesFiltering - Copying 0 resource from src\main\resources to target\classes
2025-03-16 07:30:05,831 [Worker-22: ビルド] INFO  o.a.m.s.f.DefaultMavenResourcesFiltering - Copying 0 resource from src\main\resources to target\classes
2025-03-16 07:30:05,833 [Worker-22: ビルド] INFO  o.a.m.s.f.DefaultMavenResourcesFiltering - skip non existing resourceDirectory C:\Users\miche\OneDrive\Desktop\DOJT\digital-ojt-development-beginner-cause-DroneInventorySystem\DroneInventorySystem\src\test\resources
2025-03-16 07:30:38,552 [Worker-24: Maven プロジェクトの更新中] INFO  o.e.m.c.i.p.ProjectConfigurationManager - Update started
2025-03-16 07:30:38,815 [Worker-24: Maven プロジェクトの更新中] INFO  o.e.m.c.i.l.LifecycleMappingFactory - Using org.eclipse.m2e.jdt.JarLifecycleMapping lifecycle mapping for MavenProject: com.digitalojt:DroneInventorySystem:0.0.1-SNAPSHOT @ C:\Users\miche\OneDrive\Desktop\DOJT\digital-ojt-development-beginner-cause-DroneInventorySystem\DroneInventorySystem\pom.xml.
2025-03-16 07:30:39,209 [Worker-24: Maven プロジェクトの更新中] INFO  o.e.m.j.i.AbstractJavaProjectConfigurator - Not adding source folder /DroneInventorySystem/src/main/java because it overlaps with /DroneInventorySystem/src
2025-03-16 07:30:39,210 [Worker-24: Maven プロジェクトの更新中] INFO  o.e.m.j.i.AbstractJavaProjectConfigurator - Adding resource folder /DroneInventorySystem/src/main/resources
2025-03-16 07:30:39,210 [Worker-24: Maven プロジェクトの更新中] INFO  o.e.m.j.i.AbstractJavaProjectConfigurator - Adding resource folder /DroneInventorySystem/src/main/resources
2025-03-16 07:30:39,211 [Worker-24: Maven プロジェクトの更新中] INFO  o.e.m.j.i.AbstractJavaProjectConfigurator - Not adding source folder /DroneInventorySystem/src/test/java because it overlaps with /DroneInventorySystem/src
2025-03-16 07:30:39,212 [Worker-24: Maven プロジェクトの更新中] INFO  o.e.m.c.i.p.ProjectConfigurationManager - Update completed: 0 sec
2025-03-16 07:30:40,095 [Worker-22: ビルド] INFO  o.a.m.s.f.DefaultMavenResourcesFiltering - Copying 1 resource from src\main\resources to target\classes
2025-03-16 07:30:40,115 [Worker-22: ビルド] INFO  o.a.m.s.f.DefaultMavenResourcesFiltering - Copying 54 resources from src\main\resources to target\classes
2025-03-16 07:30:40,134 [Worker-22: ビルド] INFO  o.a.m.s.f.DefaultMavenResourcesFiltering - skip non existing resourceDirectory C:\Users\miche\OneDrive\Desktop\DOJT\digital-ojt-development-beginner-cause-DroneInventorySystem\DroneInventorySystem\src\test\resources
2025-03-16 07:31:44,412 [Worker-24: ビルド] INFO  o.a.m.s.f.DefaultMavenResourcesFiltering - skip non existing resourceDirectory C:\Users\miche\OneDrive\Desktop\DOJT\digital-ojt-development-beginner-cause-DroneInventorySystem\DroneInventorySystem\src\main\resources
2025-03-16 07:31:44,413 [Worker-24: ビルド] INFO  o.a.m.s.f.DefaultMavenResourcesFiltering - skip non existing resourceDirectory C:\Users\miche\OneDrive\Desktop\DOJT\digital-ojt-development-beginner-cause-DroneInventorySystem\DroneInventorySystem\src\main\resources
2025-03-16 07:31:44,416 [Worker-24: ビルド] INFO  o.a.m.s.f.DefaultMavenResourcesFiltering - skip non existing resourceDirectory C:\Users\miche\OneDrive\Desktop\DOJT\digital-ojt-development-beginner-cause-DroneInventorySystem\DroneInventorySystem\src\test\resources
2025-03-16 07:34:21,478 [Worker-24: ビルド] INFO  o.a.m.s.f.DefaultMavenResourcesFiltering - Copying 1 resource from src\main\resources to target\classes
2025-03-16 07:34:21,481 [Worker-24: ビルド] INFO  o.a.m.s.f.DefaultMavenResourcesFiltering - Copying 54 resources from src\main\resources to target\classes
2025-03-16 07:34:21,505 [Worker-24: ビルド] INFO  o.a.m.s.f.DefaultMavenResourcesFiltering - skip non existing resourceDirectory C:\Users\miche\OneDrive\Desktop\DOJT\digital-ojt-development-beginner-cause-DroneInventorySystem\DroneInventorySystem\src\test\resources
2025-03-16 07:35:22,139 [Worker-23: ビルド] INFO  o.a.m.s.f.DefaultMavenResourcesFiltering - Copying 0 resource from src\main\resources to target\classes
2025-03-16 07:35:22,140 [Worker-23: ビルド] INFO  o.a.m.s.f.DefaultMavenResourcesFiltering - Copying 0 resource from src\main\resources to target\classes
2025-03-16 07:35:22,141 [Worker-23: ビルド] INFO  o.a.m.s.f.DefaultMavenResourcesFiltering - skip non existing resourceDirectory C:\Users\miche\OneDrive\Desktop\DOJT\digital-ojt-development-beginner-cause-DroneInventorySystem\DroneInventorySystem\src\test\resources
2025-03-16 07:35:38,127 [Worker-23: ビルド] INFO  o.a.m.s.f.DefaultMavenResourcesFiltering - Copying 0 resource from src\main\resources to target\classes
2025-03-16 07:35:38,128 [Worker-23: ビルド] INFO  o.a.m.s.f.DefaultMavenResourcesFiltering - Copying 0 resource from src\main\resources to target\classes
2025-03-16 07:35:38,133 [Worker-23: ビルド] INFO  o.a.m.s.f.DefaultMavenResourcesFiltering - skip non existing resourceDirectory C:\Users\miche\OneDrive\Desktop\DOJT\digital-ojt-development-beginner-cause-DroneInventorySystem\DroneInventorySystem\src\test\resources
2025-03-16 07:35:49,131 [Worker-25: ビルド] INFO  o.a.m.s.f.DefaultMavenResourcesFiltering - Copying 0 resource from src\main\resources to target\classes
2025-03-16 07:35:49,131 [Worker-25: ビルド] INFO  o.a.m.s.f.DefaultMavenResourcesFiltering - Copying 0 resource from src\main\resources to target\classes
2025-03-16 07:35:49,133 [Worker-25: ビルド] INFO  o.a.m.s.f.DefaultMavenResourcesFiltering - skip non existing resourceDirectory C:\Users\miche\OneDrive\Desktop\DOJT\digital-ojt-development-beginner-cause-DroneInventorySystem\DroneInventorySystem\src\test\resources
2025-03-16 07:36:38,251 [Worker-22: ビルド] INFO  o.e.m.c.i.l.LifecycleMappingFactory - Using org.eclipse.m2e.jdt.JarLifecycleMapping lifecycle mapping for MavenProject: com.digitalojt:DroneInventorySystem:0.0.1-SNAPSHOT @ C:\Users\miche\OneDrive\Desktop\DOJT\digital-ojt-development-beginner-cause-DroneInventorySystem\DroneInventorySystem\pom.xml.
2025-03-16 07:36:38,755 [Worker-22: ビルド] INFO  o.a.m.s.f.DefaultMavenResourcesFiltering - Copying 0 resource from src\main\resources to target\classes
2025-03-16 07:36:38,755 [Worker-22: ビルド] INFO  o.a.m.s.f.DefaultMavenResourcesFiltering - Copying 0 resource from src\main\resources to target\classes
2025-03-16 07:36:38,759 [Worker-22: ビルド] INFO  o.a.m.s.f.DefaultMavenResourcesFiltering - skip non existing resourceDirectory C:\Users\miche\OneDrive\Desktop\DOJT\digital-ojt-development-beginner-cause-DroneInventorySystem\DroneInventorySystem\src\test\resources
2025-03-16 07:39:32,062 [Worker-27: Maven プロジェクトの更新中] INFO  o.e.m.c.i.p.ProjectConfigurationManager - Update started
2025-03-16 07:39:32,365 [Worker-27: Maven プロジェクトの更新中] INFO  o.e.m.c.i.l.LifecycleMappingFactory - Using org.eclipse.m2e.jdt.JarLifecycleMapping lifecycle mapping for MavenProject: com.digitalojt:DroneInventorySystem:0.0.1-SNAPSHOT @ C:\Users\miche\OneDrive\Desktop\DOJT\digital-ojt-development-beginner-cause-DroneInventorySystem\DroneInventorySystem\pom.xml.
2025-03-16 07:39:32,749 [Worker-27: Maven プロジェクトの更新中] INFO  o.e.m.j.i.AbstractJavaProjectConfigurator - Not adding source folder /DroneInventorySystem/src/main/java because it overlaps with /DroneInventorySystem/src
2025-03-16 07:39:32,749 [Worker-27: Maven プロジェクトの更新中] INFO  o.e.m.j.i.AbstractJavaProjectConfigurator - Adding resource folder /DroneInventorySystem/src/main/resources
2025-03-16 07:39:32,750 [Worker-27: Maven プロジェクトの更新中] INFO  o.e.m.j.i.AbstractJavaProjectConfigurator - Adding resource folder /DroneInventorySystem/src/main/resources
2025-03-16 07:39:32,751 [Worker-27: Maven プロジェクトの更新中] INFO  o.e.m.j.i.AbstractJavaProjectConfigurator - Not adding source folder /DroneInventorySystem/src/test/java because it overlaps with /DroneInventorySystem/src
2025-03-16 07:39:32,752 [Worker-27: Maven プロジェクトの更新中] INFO  o.e.m.c.i.p.ProjectConfigurationManager - Update completed: 0 sec
2025-03-16 07:39:33,726 [Worker-25: ビルド] INFO  o.a.m.s.f.DefaultMavenResourcesFiltering - Copying 1 resource from src\main\resources to target\classes
2025-03-16 07:39:33,750 [Worker-25: ビルド] INFO  o.a.m.s.f.DefaultMavenResourcesFiltering - Copying 54 resources from src\main\resources to target\classes
2025-03-16 07:39:33,779 [Worker-25: ビルド] INFO  o.a.m.s.f.DefaultMavenResourcesFiltering - skip non existing resourceDirectory C:\Users\miche\OneDrive\Desktop\DOJT\digital-ojt-development-beginner-cause-DroneInventorySystem\DroneInventorySystem\src\test\resources
2025-03-16 11:03:35,864 [Worker-31: DroneInventorySystemApplication の起動] INFO  o.a.m.s.f.DefaultMavenResourcesFiltering - Copying 0 resource from src\main\resources to target\classes
2025-03-16 11:03:35,869 [Worker-31: DroneInventorySystemApplication の起動] INFO  o.a.m.s.f.DefaultMavenResourcesFiltering - Copying 0 resource from src\main\resources to target\classes
2025-03-16 11:03:35,872 [Worker-31: DroneInventorySystemApplication の起動] INFO  o.a.m.s.f.DefaultMavenResourcesFiltering - skip non existing resourceDirectory C:\Users\miche\OneDrive\Desktop\DOJT\digital-ojt-development-beginner-cause-DroneInventorySystem\DroneInventorySystem\src\test\resources
2025-03-16 11:27:14,467 [Worker-37: ビルド] INFO  o.a.m.s.f.DefaultMavenResourcesFiltering - Copying 1 resource from src\main\resources to target\classes
2025-03-16 11:27:14,487 [Worker-37: ビルド] INFO  o.a.m.s.f.DefaultMavenResourcesFiltering - Copying 54 resources from src\main\resources to target\classes
2025-03-16 11:27:14,634 [Worker-37: ビルド] INFO  o.a.m.s.f.DefaultMavenResourcesFiltering - skip non existing resourceDirectory C:\Users\miche\OneDrive\Desktop\DOJT\digital-ojt-development-beginner-cause-DroneInventorySystem\DroneInventorySystem\src\test\resources
2025-03-16 11:27:36,533 [Worker-38: ビルド] INFO  o.a.m.s.f.DefaultMavenResourcesFiltering - Copying 1 resource from src\main\resources to target\classes
2025-03-16 11:27:36,542 [Worker-38: ビルド] INFO  o.a.m.s.f.DefaultMavenResourcesFiltering - Copying 54 resources from src\main\resources to target\classes
2025-03-16 11:27:36,627 [Worker-38: ビルド] INFO  o.a.m.s.f.DefaultMavenResourcesFiltering - skip non existing resourceDirectory C:\Users\miche\OneDrive\Desktop\DOJT\digital-ojt-development-beginner-cause-DroneInventorySystem\DroneInventorySystem\src\test\resources
2025-03-16 11:28:24,287 [Worker-38: ビルド] INFO  o.a.m.s.f.DefaultMavenResourcesFiltering - Copying 1 resource from src\main\resources to target\classes
2025-03-16 11:28:24,294 [Worker-38: ビルド] INFO  o.a.m.s.f.DefaultMavenResourcesFiltering - Copying 54 resources from src\main\resources to target\classes
2025-03-16 11:28:24,381 [Worker-38: ビルド] INFO  o.a.m.s.f.DefaultMavenResourcesFiltering - skip non existing resourceDirectory C:\Users\miche\OneDrive\Desktop\DOJT\digital-ojt-development-beginner-cause-DroneInventorySystem\DroneInventorySystem\src\test\resources
2025-03-16 11:33:10,722 [Worker-4: Loading available Gradle versions] INFO  o.e.b.c.i.u.g.PublishedGradleVersions - Gradle version information cache is out-of-date. Trying to update.
2025-03-16 11:35:47,977 [Worker-11: ビルド] INFO  o.a.m.s.f.DefaultMavenResourcesFiltering - Copying 1 resource from src\main\resources to target\classes
2025-03-16 11:35:47,993 [Worker-11: ビルド] INFO  o.a.m.s.f.DefaultMavenResourcesFiltering - Copying 54 resources from src\main\resources to target\classes
2025-03-16 11:35:48,014 [Worker-11: ビルド] INFO  o.a.m.s.f.DefaultMavenResourcesFiltering - skip non existing resourceDirectory C:\Users\miche\OneDrive\Desktop\DOJT\digital-ojt-development-beginner-cause-DroneInventorySystem\DroneInventorySystem\src\test\resources
2025-03-16 12:44:56,356 [Worker-5: Loading available Gradle versions] INFO  o.e.b.c.i.u.g.PublishedGradleVersions - Gradle version information cache is up-to-date. Trying to read.
2025-03-16 20:01:06,568 [Worker-1: Loading available Gradle versions] INFO  o.e.b.c.i.u.g.PublishedGradleVersions - Gradle version information cache is up-to-date. Trying to read.
2025-03-16 20:45:20,046 [Worker-1: Loading available Gradle versions] INFO  o.e.b.c.i.u.g.PublishedGradleVersions - Gradle version information cache is up-to-date. Trying to read.
2025-03-16 20:47:00,084 [Worker-3: Loading available Gradle versions] INFO  o.e.b.c.i.u.g.PublishedGradleVersions - Gradle version information cache is up-to-date. Trying to read.
2025-03-16 20:50:09,463 [Worker-8: ビルド] INFO  o.a.m.s.f.DefaultMavenResourcesFiltering - Copying 1 resource from src\main\resources to target\classes
2025-03-16 20:50:09,504 [Worker-8: ビルド] INFO  o.a.m.s.f.DefaultMavenResourcesFiltering - Copying 54 resources from src\main\resources to target\classes
2025-03-16 20:50:09,524 [Worker-8: ビルド] INFO  o.a.m.s.f.DefaultMavenResourcesFiltering - skip non existing resourceDirectory C:\Users\miche\OneDrive\Desktop\DOJT\digital-ojt-development-beginner-cause-DroneInventorySystem\DroneInventorySystem\src\test\resources
2025-03-16 20:50:49,852 [Worker-3: Loading available Gradle versions] INFO  o.e.b.c.i.u.g.PublishedGradleVersions - Gradle version information cache is up-to-date. Trying to read.
2025-03-16 20:55:34,257 [Worker-8: ビルド] INFO  o.a.m.s.f.DefaultMavenResourcesFiltering - Copying 1 resource from src\main\resources to target\classes
2025-03-16 20:55:34,272 [Worker-8: ビルド] INFO  o.a.m.s.f.DefaultMavenResourcesFiltering - Copying 54 resources from src\main\resources to target\classes
2025-03-16 20:55:34,292 [Worker-8: ビルド] INFO  o.a.m.s.f.DefaultMavenResourcesFiltering - skip non existing resourceDirectory C:\Users\miche\OneDrive\Desktop\DOJT\digital-ojt-development-beginner-cause-DroneInventorySystem\DroneInventorySystem\src\test\resources
2025-03-16 20:59:53,844 [Worker-1: Loading available Gradle versions] INFO  o.e.b.c.i.u.g.PublishedGradleVersions - Gradle version information cache is up-to-date. Trying to read.
2025-03-16 21:05:36,897 [Worker-4: Loading available Gradle versions] INFO  o.e.b.c.i.u.g.PublishedGradleVersions - Gradle version information cache is up-to-date. Trying to read.
2025-03-16 21:09:04,481 [Worker-10: ビルド] INFO  o.a.m.s.f.DefaultMavenResourcesFiltering - Copying 1 resource from src\main\resources to target\classes
2025-03-16 21:09:04,494 [Worker-10: ビルド] INFO  o.a.m.s.f.DefaultMavenResourcesFiltering - Copying 54 resources from src\main\resources to target\classes
2025-03-16 21:09:04,514 [Worker-10: ビルド] INFO  o.a.m.s.f.DefaultMavenResourcesFiltering - skip non existing resourceDirectory C:\Users\miche\OneDrive\Desktop\DOJT\digital-ojt-development-beginner-cause-DroneInventorySystem\DroneInventorySystem\src\test\resources
2025-03-16 21:26:01,683 [Worker-1: Loading available Gradle versions] INFO  o.e.b.c.i.u.g.PublishedGradleVersions - Gradle version information cache is up-to-date. Trying to read.
2025-03-16 21:32:27,066 [Worker-1: Loading available Gradle versions] INFO  o.e.b.c.i.u.g.PublishedGradleVersions - Gradle version information cache is up-to-date. Trying to read.
2025-03-17 04:30:11,495 [Worker-9: Loading available Gradle versions] INFO  o.e.b.c.i.u.g.PublishedGradleVersions - Gradle version information cache is up-to-date. Trying to read.
2025-03-17 04:33:11,812 [Worker-9: Maven プロジェクトの更新中] INFO  o.e.m.c.i.p.ProjectConfigurationManager - Update started
2025-03-17 04:33:12,337 [Worker-9: Maven プロジェクトの更新中] INFO  o.e.m.c.i.l.LifecycleMappingFactory - Using org.eclipse.m2e.jdt.JarLifecycleMapping lifecycle mapping for MavenProject: com.digitalojt:DroneInventorySystem:0.0.1-SNAPSHOT @ C:\Users\miche\OneDrive\Desktop\DOJT\digital-ojt-development-beginner-cause-DroneInventorySystem\DroneInventorySystem\pom.xml.
2025-03-17 04:33:13,245 [Worker-9: Maven プロジェクトの更新中] INFO  o.e.m.j.i.AbstractJavaProjectConfigurator - Not adding source folder /DroneInventorySystem/src/main/java because it overlaps with /DroneInventorySystem/src
2025-03-17 04:33:13,245 [Worker-9: Maven プロジェクトの更新中] INFO  o.e.m.j.i.AbstractJavaProjectConfigurator - Adding resource folder /DroneInventorySystem/src/main/resources
2025-03-17 04:33:13,246 [Worker-9: Maven プロジェクトの更新中] INFO  o.e.m.j.i.AbstractJavaProjectConfigurator - Adding resource folder /DroneInventorySystem/src/main/resources
2025-03-17 04:33:13,247 [Worker-9: Maven プロジェクトの更新中] INFO  o.e.m.j.i.AbstractJavaProjectConfigurator - Not adding source folder /DroneInventorySystem/src/test/java because it overlaps with /DroneInventorySystem/src
2025-03-17 04:33:13,257 [Worker-9: Maven プロジェクトの更新中] INFO  o.e.m.c.i.p.ProjectConfigurationManager - Update completed: 1 sec
2025-03-17 04:33:15,495 [Worker-6: ビルド] INFO  o.a.m.s.f.DefaultMavenResourcesFiltering - Copying 1 resource from src\main\resources to target\classes
2025-03-17 04:33:15,518 [Worker-6: ビルド] INFO  o.a.m.s.f.DefaultMavenResourcesFiltering - Copying 54 resources from src\main\resources to target\classes
2025-03-17 04:33:15,551 [Worker-6: ビルド] INFO  o.a.m.s.f.DefaultMavenResourcesFiltering - skip non existing resourceDirectory C:\Users\miche\OneDrive\Desktop\DOJT\digital-ojt-development-beginner-cause-DroneInventorySystem\DroneInventorySystem\src\test\resources
2025-03-17 04:34:48,751 [Worker-6: ビルド] INFO  o.a.m.s.f.DefaultMavenResourcesFiltering - Copying 0 resource from src\main\resources to target\classes
2025-03-17 04:34:48,751 [Worker-6: ビルド] INFO  o.a.m.s.f.DefaultMavenResourcesFiltering - Copying 0 resource from src\main\resources to target\classes
2025-03-17 04:34:48,752 [Worker-6: ビルド] INFO  o.a.m.s.f.DefaultMavenResourcesFiltering - skip non existing resourceDirectory C:\Users\miche\OneDrive\Desktop\DOJT\digital-ojt-development-beginner-cause-DroneInventorySystem\DroneInventorySystem\src\test\resources
2025-03-17 04:35:34,222 [Worker-6: ビルド] INFO  o.a.m.s.f.DefaultMavenResourcesFiltering - Copying 0 resource from src\main\resources to target\classes
2025-03-17 04:35:34,222 [Worker-6: ビルド] INFO  o.a.m.s.f.DefaultMavenResourcesFiltering - Copying 0 resource from src\main\resources to target\classes
2025-03-17 04:35:34,223 [Worker-6: ビルド] INFO  o.a.m.s.f.DefaultMavenResourcesFiltering - skip non existing resourceDirectory C:\Users\miche\OneDrive\Desktop\DOJT\digital-ojt-development-beginner-cause-DroneInventorySystem\DroneInventorySystem\src\test\resources
2025-03-17 04:36:17,478 [Worker-20: ビルド] INFO  o.a.m.s.f.DefaultMavenResourcesFiltering - Copying 0 resource from src\main\resources to target\classes
2025-03-17 04:36:17,479 [Worker-20: ビルド] INFO  o.a.m.s.f.DefaultMavenResourcesFiltering - Copying 0 resource from src\main\resources to target\classes
2025-03-17 04:36:17,481 [Worker-20: ビルド] INFO  o.a.m.s.f.DefaultMavenResourcesFiltering - skip non existing resourceDirectory C:\Users\miche\OneDrive\Desktop\DOJT\digital-ojt-development-beginner-cause-DroneInventorySystem\DroneInventorySystem\src\test\resources
2025-03-17 04:36:57,082 [Worker-21: Maven プロジェクトの更新中] INFO  o.e.m.c.i.p.ProjectConfigurationManager - Update started
2025-03-17 04:36:57,475 [Worker-21: Maven プロジェクトの更新中] INFO  o.e.m.c.i.l.LifecycleMappingFactory - Using org.eclipse.m2e.jdt.JarLifecycleMapping lifecycle mapping for MavenProject: com.digitalojt:DroneInventorySystem:0.0.1-SNAPSHOT @ C:\Users\miche\OneDrive\Desktop\DOJT\digital-ojt-development-beginner-cause-DroneInventorySystem\DroneInventorySystem\pom.xml.
2025-03-17 04:36:58,102 [Worker-21: Maven プロジェクトの更新中] INFO  o.e.m.j.i.AbstractJavaProjectConfigurator - Not adding source folder /DroneInventorySystem/src/main/java because it overlaps with /DroneInventorySystem/src
2025-03-17 04:36:58,102 [Worker-21: Maven プロジェクトの更新中] INFO  o.e.m.j.i.AbstractJavaProjectConfigurator - Adding resource folder /DroneInventorySystem/src/main/resources
2025-03-17 04:36:58,103 [Worker-21: Maven プロジェクトの更新中] INFO  o.e.m.j.i.AbstractJavaProjectConfigurator - Adding resource folder /DroneInventorySystem/src/main/resources
2025-03-17 04:36:58,104 [Worker-21: Maven プロジェクトの更新中] INFO  o.e.m.j.i.AbstractJavaProjectConfigurator - Not adding source folder /DroneInventorySystem/src/test/java because it overlaps with /DroneInventorySystem/src
2025-03-17 04:36:58,105 [Worker-21: Maven プロジェクトの更新中] INFO  o.e.m.c.i.p.ProjectConfigurationManager - Update completed: 1 sec
2025-03-17 04:36:59,015 [Worker-19: ビルド] INFO  o.a.m.s.f.DefaultMavenResourcesFiltering - Copying 1 resource from src\main\resources to target\classes
2025-03-17 04:36:59,044 [Worker-19: ビルド] INFO  o.a.m.s.f.DefaultMavenResourcesFiltering - Copying 54 resources from src\main\resources to target\classes
2025-03-17 04:36:59,064 [Worker-19: ビルド] INFO  o.a.m.s.f.DefaultMavenResourcesFiltering - skip non existing resourceDirectory C:\Users\miche\OneDrive\Desktop\DOJT\digital-ojt-development-beginner-cause-DroneInventorySystem\DroneInventorySystem\src\test\resources
2025-03-17 04:51:42,669 [Worker-4: Loading available Gradle versions] INFO  o.e.b.c.i.u.g.PublishedGradleVersions - Gradle version information cache is up-to-date. Trying to read.
2025-03-17 04:56:15,550 [Worker-17: Maven プロジェクトの更新中] INFO  o.e.m.c.i.p.ProjectConfigurationManager - Update started
2025-03-17 04:56:16,205 [Worker-17: Maven プロジェクトの更新中] INFO  o.e.m.c.i.l.LifecycleMappingFactory - Using org.eclipse.m2e.jdt.JarLifecycleMapping lifecycle mapping for MavenProject: com.digitalojt:DroneInventorySystem:0.0.1-SNAPSHOT @ C:\Users\miche\OneDrive\Desktop\DOJT\digital-ojt-development-beginner-cause-DroneInventorySystem\DroneInventorySystem\pom.xml.
2025-03-17 04:56:16,740 [Worker-17: Maven プロジェクトの更新中] INFO  o.e.m.j.i.AbstractJavaProjectConfigurator - Not adding source folder /DroneInventorySystem/src/main/java because it overlaps with /DroneInventorySystem/src
2025-03-17 04:56:16,740 [Worker-17: Maven プロジェクトの更新中] INFO  o.e.m.j.i.AbstractJavaProjectConfigurator - Adding resource folder /DroneInventorySystem/src/main/resources
2025-03-17 04:56:16,741 [Worker-17: Maven プロジェクトの更新中] INFO  o.e.m.j.i.AbstractJavaProjectConfigurator - Adding resource folder /DroneInventorySystem/src/main/resources
2025-03-17 04:56:16,742 [Worker-17: Maven プロジェクトの更新中] INFO  o.e.m.j.i.AbstractJavaProjectConfigurator - Not adding source folder /DroneInventorySystem/src/test/java because it overlaps with /DroneInventorySystem/src
2025-03-17 04:56:16,759 [Worker-17: Maven プロジェクトの更新中] INFO  o.e.m.c.i.p.ProjectConfigurationManager - Update completed: 1 sec
2025-03-17 04:56:19,398 [Worker-17: ビルド] INFO  o.a.m.s.f.DefaultMavenResourcesFiltering - Copying 1 resource from src\main\resources to target\classes
2025-03-17 04:56:19,429 [Worker-17: ビルド] INFO  o.a.m.s.f.DefaultMavenResourcesFiltering - Copying 54 resources from src\main\resources to target\classes
2025-03-17 04:56:19,448 [Worker-17: ビルド] INFO  o.a.m.s.f.DefaultMavenResourcesFiltering - skip non existing resourceDirectory C:\Users\miche\OneDrive\Desktop\DOJT\digital-ojt-development-beginner-cause-DroneInventorySystem\DroneInventorySystem\src\test\resources
2025-03-17 19:52:57,726 [Worker-6: Loading available Gradle versions] INFO  o.e.b.c.i.u.g.PublishedGradleVersions - Gradle version information cache is out-of-date. Trying to update.
2025-03-17 21:54:50,970 [Worker-2: Loading available Gradle versions] INFO  o.e.b.c.i.u.g.PublishedGradleVersions - Gradle version information cache is up-to-date. Trying to read.
2025-03-17 22:18:16,831 [Worker-12: ビルド] INFO  o.a.m.s.f.DefaultMavenResourcesFiltering - Copying 1 resource from src\main\resources to target\classes
2025-03-17 22:18:16,914 [Worker-12: ビルド] INFO  o.a.m.s.f.DefaultMavenResourcesFiltering - Copying 54 resources from src\main\resources to target\classes
2025-03-17 22:18:16,970 [Worker-12: ビルド] INFO  o.a.m.s.f.DefaultMavenResourcesFiltering - skip non existing resourceDirectory C:\Users\miche\OneDrive\Desktop\DOJT\digital-ojt-development-beginner-cause-DroneInventorySystem\DroneInventorySystem\src\test\resources
2025-03-17 22:22:09,647 [Worker-16: ビルド] INFO  o.a.m.s.f.DefaultMavenResourcesFiltering - Copying 0 resource from src\main\resources to target\classes
2025-03-17 22:22:09,647 [Worker-16: ビルド] INFO  o.a.m.s.f.DefaultMavenResourcesFiltering - Copying 0 resource from src\main\resources to target\classes
2025-03-17 22:22:09,649 [Worker-16: ビルド] INFO  o.a.m.s.f.DefaultMavenResourcesFiltering - skip non existing resourceDirectory C:\Users\miche\OneDrive\Desktop\DOJT\digital-ojt-development-beginner-cause-DroneInventorySystem\DroneInventorySystem\src\test\resources
2025-03-17 22:23:28,113 [Worker-23: ビルド] INFO  o.a.m.s.f.DefaultMavenResourcesFiltering - Copying 0 resource from src\main\resources to target\classes
2025-03-17 22:23:28,114 [Worker-23: ビルド] INFO  o.a.m.s.f.DefaultMavenResourcesFiltering - Copying 0 resource from src\main\resources to target\classes
2025-03-17 22:23:28,115 [Worker-23: ビルド] INFO  o.a.m.s.f.DefaultMavenResourcesFiltering - skip non existing resourceDirectory C:\Users\miche\OneDrive\Desktop\DOJT\digital-ojt-development-beginner-cause-DroneInventorySystem\DroneInventorySystem\src\test\resources
2025-03-17 22:24:56,951 [Worker-16: ビルド] INFO  o.a.m.s.f.DefaultMavenResourcesFiltering - Copying 0 resource from src\main\resources to target\classes
2025-03-17 22:24:56,951 [Worker-16: ビルド] INFO  o.a.m.s.f.DefaultMavenResourcesFiltering - Copying 0 resource from src\main\resources to target\classes
2025-03-17 22:24:56,953 [Worker-16: ビルド] INFO  o.a.m.s.f.DefaultMavenResourcesFiltering - skip non existing resourceDirectory C:\Users\miche\OneDrive\Desktop\DOJT\digital-ojt-development-beginner-cause-DroneInventorySystem\DroneInventorySystem\src\test\resources
2025-03-17 22:27:08,251 [Worker-23: ビルド] INFO  o.a.m.s.f.DefaultMavenResourcesFiltering - Copying 0 resource from src\main\resources to target\classes
2025-03-17 22:27:08,251 [Worker-23: ビルド] INFO  o.a.m.s.f.DefaultMavenResourcesFiltering - Copying 0 resource from src\main\resources to target\classes
2025-03-17 22:27:08,253 [Worker-23: ビルド] INFO  o.a.m.s.f.DefaultMavenResourcesFiltering - skip non existing resourceDirectory C:\Users\miche\OneDrive\Desktop\DOJT\digital-ojt-development-beginner-cause-DroneInventorySystem\DroneInventorySystem\src\test\resources
2025-03-17 22:30:16,763 [Worker-27: ビルド] INFO  o.a.m.s.f.DefaultMavenResourcesFiltering - Copying 0 resource from src\main\resources to target\classes
2025-03-17 22:30:16,763 [Worker-27: ビルド] INFO  o.a.m.s.f.DefaultMavenResourcesFiltering - Copying 0 resource from src\main\resources to target\classes
2025-03-17 22:30:16,765 [Worker-27: ビルド] INFO  o.a.m.s.f.DefaultMavenResourcesFiltering - skip non existing resourceDirectory C:\Users\miche\OneDrive\Desktop\DOJT\digital-ojt-development-beginner-cause-DroneInventorySystem\DroneInventorySystem\src\test\resources
2025-03-17 22:32:22,917 [Worker-32: ビルド] INFO  o.a.m.s.f.DefaultMavenResourcesFiltering - Copying 0 resource from src\main\resources to target\classes
2025-03-17 22:32:22,917 [Worker-32: ビルド] INFO  o.a.m.s.f.DefaultMavenResourcesFiltering - Copying 0 resource from src\main\resources to target\classes
2025-03-17 22:32:22,918 [Worker-32: ビルド] INFO  o.a.m.s.f.DefaultMavenResourcesFiltering - skip non existing resourceDirectory C:\Users\miche\OneDrive\Desktop\DOJT\digital-ojt-development-beginner-cause-DroneInventorySystem\DroneInventorySystem\src\test\resources
2025-03-17 22:34:39,868 [Worker-36: ビルド] INFO  o.a.m.s.f.DefaultMavenResourcesFiltering - Copying 0 resource from src\main\resources to target\classes
2025-03-17 22:34:39,868 [Worker-36: ビルド] INFO  o.a.m.s.f.DefaultMavenResourcesFiltering - Copying 0 resource from src\main\resources to target\classes
2025-03-17 22:34:39,871 [Worker-36: ビルド] INFO  o.a.m.s.f.DefaultMavenResourcesFiltering - skip non existing resourceDirectory C:\Users\miche\OneDrive\Desktop\DOJT\digital-ojt-development-beginner-cause-DroneInventorySystem\DroneInventorySystem\src\test\resources
2025-03-17 22:35:03,504 [Worker-35: ビルド] INFO  o.a.m.s.f.DefaultMavenResourcesFiltering - Copying 0 resource from src\main\resources to target\classes
2025-03-17 22:35:03,505 [Worker-35: ビルド] INFO  o.a.m.s.f.DefaultMavenResourcesFiltering - Copying 0 resource from src\main\resources to target\classes
2025-03-17 22:35:03,506 [Worker-35: ビルド] INFO  o.a.m.s.f.DefaultMavenResourcesFiltering - skip non existing resourceDirectory C:\Users\miche\OneDrive\Desktop\DOJT\digital-ojt-development-beginner-cause-DroneInventorySystem\DroneInventorySystem\src\test\resources
2025-03-17 22:36:11,147 [Worker-28: ビルド] INFO  o.a.m.s.f.DefaultMavenResourcesFiltering - Copying 0 resource from src\main\resources to target\classes
2025-03-17 22:36:11,147 [Worker-28: ビルド] INFO  o.a.m.s.f.DefaultMavenResourcesFiltering - Copying 0 resource from src\main\resources to target\classes
2025-03-17 22:36:11,149 [Worker-28: ビルド] INFO  o.a.m.s.f.DefaultMavenResourcesFiltering - skip non existing resourceDirectory C:\Users\miche\OneDrive\Desktop\DOJT\digital-ojt-development-beginner-cause-DroneInventorySystem\DroneInventorySystem\src\test\resources
2025-03-17 22:38:47,785 [Worker-3: Loading available Gradle versions] INFO  o.e.b.c.i.u.g.PublishedGradleVersions - Gradle version information cache is up-to-date. Trying to read.
2025-03-17 22:39:29,091 [Worker-2: ビルド] INFO  o.a.m.s.f.DefaultMavenResourcesFiltering - Copying 1 resource from src\main\resources to target\classes
2025-03-17 22:39:29,118 [Worker-2: ビルド] INFO  o.a.m.s.f.DefaultMavenResourcesFiltering - Copying 54 resources from src\main\resources to target\classes
2025-03-17 22:39:29,148 [Worker-2: ビルド] INFO  o.a.m.s.f.DefaultMavenResourcesFiltering - skip non existing resourceDirectory C:\Users\miche\OneDrive\Desktop\DOJT\digital-ojt-development-beginner-cause-DroneInventorySystem\DroneInventorySystem\src\test\resources
2025-03-17 22:41:35,035 [Worker-11: Maven プロジェクトの更新中] INFO  o.e.m.c.i.p.ProjectConfigurationManager - Update started
2025-03-17 22:41:35,553 [Worker-11: Maven プロジェクトの更新中] INFO  o.e.m.c.i.l.LifecycleMappingFactory - Using org.eclipse.m2e.jdt.JarLifecycleMapping lifecycle mapping for MavenProject: com.digitalojt:DroneInventorySystem:0.0.1-SNAPSHOT @ C:\Users\miche\OneDrive\Desktop\DOJT\digital-ojt-development-beginner-cause-DroneInventorySystem\DroneInventorySystem\pom.xml.
2025-03-17 22:41:36,316 [Worker-11: Maven プロジェクトの更新中] INFO  o.e.m.j.i.AbstractJavaProjectConfigurator - Adding source folder /DroneInventorySystem/src/main/java
2025-03-17 22:41:36,316 [Worker-11: Maven プロジェクトの更新中] INFO  o.e.m.j.i.AbstractJavaProjectConfigurator - Adding resource folder /DroneInventorySystem/src/main/resources
2025-03-17 22:41:36,317 [Worker-11: Maven プロジェクトの更新中] INFO  o.e.m.j.i.AbstractJavaProjectConfigurator - Adding resource folder /DroneInventorySystem/src/main/resources
2025-03-17 22:41:36,318 [Worker-11: Maven プロジェクトの更新中] INFO  o.e.m.j.i.AbstractJavaProjectConfigurator - Adding source folder /DroneInventorySystem/src/test/java
2025-03-17 22:41:37,023 [Worker-11: Maven プロジェクトの更新中] INFO  o.e.m.c.i.p.ProjectConfigurationManager - Update completed: 1 sec
2025-03-17 22:41:38,139 [Worker-12: ビルド] INFO  o.a.m.s.f.DefaultMavenResourcesFiltering - Copying 1 resource from src\main\resources to target\classes
2025-03-17 22:41:38,158 [Worker-12: ビルド] INFO  o.a.m.s.f.DefaultMavenResourcesFiltering - Copying 54 resources from src\main\resources to target\classes
2025-03-17 22:41:38,258 [Worker-12: ビルド] INFO  o.a.m.s.f.DefaultMavenResourcesFiltering - skip non existing resourceDirectory C:\Users\miche\OneDrive\Desktop\DOJT\digital-ojt-development-beginner-cause-DroneInventorySystem\DroneInventorySystem\src\test\resources
2025-03-17 22:43:07,647 [Worker-1: Loading available Gradle versions] INFO  o.e.b.c.i.u.g.PublishedGradleVersions - Gradle version information cache is up-to-date. Trying to read.
2025-03-17 22:43:47,504 [Worker-4: ビルド] INFO  o.a.m.s.f.DefaultMavenResourcesFiltering - Copying 1 resource from src\main\resources to target\classes
2025-03-17 22:43:47,582 [Worker-4: ビルド] INFO  o.a.m.s.f.DefaultMavenResourcesFiltering - Copying 54 resources from src\main\resources to target\classes
2025-03-17 22:43:47,611 [Worker-4: ビルド] INFO  o.a.m.s.f.DefaultMavenResourcesFiltering - skip non existing resourceDirectory C:\Users\miche\OneDrive\Desktop\DOJT\digital-ojt-development-beginner-cause-DroneInventorySystem\DroneInventorySystem\src\test\resources
2025-03-17 22:45:44,870 [Worker-3: ビルド] INFO  o.a.m.s.f.DefaultMavenResourcesFiltering - Copying 1 resource from src\main\resources to target\classes
2025-03-17 22:45:44,882 [Worker-3: ビルド] INFO  o.a.m.s.f.DefaultMavenResourcesFiltering - Copying 54 resources from src\main\resources to target\classes
2025-03-17 22:45:44,902 [Worker-3: ビルド] INFO  o.a.m.s.f.DefaultMavenResourcesFiltering - skip non existing resourceDirectory C:\Users\miche\OneDrive\Desktop\DOJT\digital-ojt-development-beginner-cause-DroneInventorySystem\DroneInventorySystem\src\test\resources
2025-03-17 22:48:43,074 [Worker-3: ビルド] INFO  o.a.m.s.f.DefaultMavenResourcesFiltering - Copying 1 resource from src\main\resources to target\classes
2025-03-17 22:48:43,079 [Worker-3: ビルド] INFO  o.a.m.s.f.DefaultMavenResourcesFiltering - Copying 54 resources from src\main\resources to target\classes
2025-03-17 22:48:43,189 [Worker-3: ビルド] INFO  o.a.m.s.f.DefaultMavenResourcesFiltering - skip non existing resourceDirectory C:\Users\miche\OneDrive\Desktop\DOJT\digital-ojt-development-beginner-cause-DroneInventorySystem\DroneInventorySystem\src\test\resources
2025-03-17 22:49:07,914 [Worker-11: Maven 依存関係の更新中] ERROR o.e.m.j.i.l.MavenLaunchConfigurationListener - 起動構成 DroneInventorySystemApplication は閉じたプロジェクト DroneInventorySystem を参照します
org.eclipse.core.runtime.CoreException: 起動構成 DroneInventorySystemApplication は閉じたプロジェクト DroneInventorySystem を参照します
	at org.eclipse.jdt.launching.JavaRuntime.abort(JavaRuntime.java:1861) ~[na:na]
	at org.eclipse.jdt.launching.JavaRuntime.getJavaProject(JavaRuntime.java:1733) ~[na:na]
	at org.eclipse.m2e.jdt.internal.launch.MavenLaunchConfigurationListener.updateLaunchConfiguration(MavenLaunchConfigurationListener.java:62) ~[na:na]
	at org.eclipse.m2e.jdt.internal.launch.MavenLaunchConfigurationListener.launchConfigurationChanged(MavenLaunchConfigurationListener.java:48) ~[na:na]
	at org.eclipse.debug.internal.core.LaunchManager$ConfigurationNotifier.run(LaunchManager.java:225) ~[na:na]
	at org.eclipse.core.runtime.SafeRunner.run(SafeRunner.java:45) ~[org.eclipse.equinox.common_3.16.100.v20220315-2327.jar:na]
	at org.eclipse.debug.internal.core.LaunchManager$ConfigurationNotifier.notify(LaunchManager.java:209) ~[na:na]
	at org.eclipse.debug.internal.core.LaunchConfigurationWorkingCopy.setDirty(LaunchConfigurationWorkingCopy.java:523) ~[na:na]
	at org.eclipse.debug.internal.core.LaunchConfigurationWorkingCopy.setAttribute(LaunchConfigurationWorkingCopy.java:411) ~[na:na]
	at org.eclipse.m2e.jdt.internal.launch.MavenRuntimeClasspathProvider.disable(MavenRuntimeClasspathProvider.java:401) ~[na:na]
	at org.eclipse.m2e.jdt.internal.launch.MavenRuntimeClasspathProvider.disable(MavenRuntimeClasspathProvider.java:427) ~[na:na]
	at org.eclipse.m2e.jdt.internal.launch.MavenLaunchConfigurationListener.mavenProjectChanged(MavenLaunchConfigurationListener.java:134) ~[na:na]
	at org.eclipse.m2e.core.internal.project.registry.ProjectRegistryManager.notifyProjectChangeListeners(ProjectRegistryManager.java:806) ~[na:na]
	at org.eclipse.m2e.core.internal.project.registry.ProjectRegistryManager.applyMutableProjectRegistry(ProjectRegistryManager.java:972) ~[na:na]
	at org.eclipse.m2e.core.internal.project.registry.ProjectRegistryRefreshJob.lambda$0(ProjectRegistryRefreshJob.java:148) ~[na:na]
	at org.eclipse.m2e.core.internal.embedder.MavenExecutionContext.executeBare(MavenExecutionContext.java:182) ~[na:na]
	at org.eclipse.m2e.core.internal.embedder.MavenExecutionContext.execute(MavenExecutionContext.java:156) ~[na:na]
	at org.eclipse.m2e.core.internal.embedder.MavenExecutionContext.execute(MavenExecutionContext.java:103) ~[na:na]
	at org.eclipse.m2e.core.internal.embedder.MavenImpl.execute(MavenImpl.java:1416) ~[na:na]
	at org.eclipse.m2e.core.internal.project.registry.ProjectRegistryRefreshJob.run(ProjectRegistryRefreshJob.java:83) ~[na:na]
	at org.eclipse.core.internal.jobs.Worker.run(Worker.java:63) ~[org.eclipse.core.jobs_3.13.0.v20220512-1935.jar:na]
2025-03-17 22:49:07,919 [Worker-11: Maven 依存関係の更新中] ERROR o.e.m.j.i.l.MavenLaunchConfigurationListener - 起動構成 DroneInventorySystemApplication は閉じたプロジェクト DroneInventorySystem を参照します
org.eclipse.core.runtime.CoreException: 起動構成 DroneInventorySystemApplication は閉じたプロジェクト DroneInventorySystem を参照します
	at org.eclipse.jdt.launching.JavaRuntime.abort(JavaRuntime.java:1861) ~[na:na]
	at org.eclipse.jdt.launching.JavaRuntime.getJavaProject(JavaRuntime.java:1733) ~[na:na]
	at org.eclipse.m2e.jdt.internal.launch.MavenLaunchConfigurationListener.updateLaunchConfiguration(MavenLaunchConfigurationListener.java:62) ~[na:na]
	at org.eclipse.m2e.jdt.internal.launch.MavenLaunchConfigurationListener.launchConfigurationChanged(MavenLaunchConfigurationListener.java:48) ~[na:na]
	at org.eclipse.debug.internal.core.LaunchManager$ConfigurationNotifier.run(LaunchManager.java:225) ~[na:na]
	at org.eclipse.core.runtime.SafeRunner.run(SafeRunner.java:45) ~[org.eclipse.equinox.common_3.16.100.v20220315-2327.jar:na]
	at org.eclipse.debug.internal.core.LaunchManager$ConfigurationNotifier.notify(LaunchManager.java:209) ~[na:na]
	at org.eclipse.debug.internal.core.LaunchConfigurationWorkingCopy.setDirty(LaunchConfigurationWorkingCopy.java:523) ~[na:na]
	at org.eclipse.debug.internal.core.LaunchConfigurationWorkingCopy.setAttribute(LaunchConfigurationWorkingCopy.java:411) ~[na:na]
	at org.eclipse.m2e.jdt.internal.launch.MavenRuntimeClasspathProvider.disable(MavenRuntimeClasspathProvider.java:402) ~[na:na]
	at org.eclipse.m2e.jdt.internal.launch.MavenRuntimeClasspathProvider.disable(MavenRuntimeClasspathProvider.java:427) ~[na:na]
	at org.eclipse.m2e.jdt.internal.launch.MavenLaunchConfigurationListener.mavenProjectChanged(MavenLaunchConfigurationListener.java:134) ~[na:na]
	at org.eclipse.m2e.core.internal.project.registry.ProjectRegistryManager.notifyProjectChangeListeners(ProjectRegistryManager.java:806) ~[na:na]
	at org.eclipse.m2e.core.internal.project.registry.ProjectRegistryManager.applyMutableProjectRegistry(ProjectRegistryManager.java:972) ~[na:na]
	at org.eclipse.m2e.core.internal.project.registry.ProjectRegistryRefreshJob.lambda$0(ProjectRegistryRefreshJob.java:148) ~[na:na]
	at org.eclipse.m2e.core.internal.embedder.MavenExecutionContext.executeBare(MavenExecutionContext.java:182) ~[na:na]
	at org.eclipse.m2e.core.internal.embedder.MavenExecutionContext.execute(MavenExecutionContext.java:156) ~[na:na]
	at org.eclipse.m2e.core.internal.embedder.MavenExecutionContext.execute(MavenExecutionContext.java:103) ~[na:na]
	at org.eclipse.m2e.core.internal.embedder.MavenImpl.execute(MavenImpl.java:1416) ~[na:na]
	at org.eclipse.m2e.core.internal.project.registry.ProjectRegistryRefreshJob.run(ProjectRegistryRefreshJob.java:83) ~[na:na]
	at org.eclipse.core.internal.jobs.Worker.run(Worker.java:63) ~[org.eclipse.core.jobs_3.13.0.v20220512-1935.jar:na]
2025-03-17 22:49:07,924 [Worker-11: Maven 依存関係の更新中] ERROR o.e.m.j.i.l.MavenLaunchConfigurationListener - 起動構成 DroneInventorySystemApplication は閉じたプロジェクト DroneInventorySystem を参照します
org.eclipse.core.runtime.CoreException: 起動構成 DroneInventorySystemApplication は閉じたプロジェクト DroneInventorySystem を参照します
	at org.eclipse.jdt.launching.JavaRuntime.abort(JavaRuntime.java:1861) ~[na:na]
	at org.eclipse.jdt.launching.JavaRuntime.getJavaProject(JavaRuntime.java:1733) ~[na:na]
	at org.eclipse.m2e.jdt.internal.launch.MavenLaunchConfigurationListener.updateLaunchConfiguration(MavenLaunchConfigurationListener.java:62) ~[na:na]
	at org.eclipse.m2e.jdt.internal.launch.MavenLaunchConfigurationListener.launchConfigurationChanged(MavenLaunchConfigurationListener.java:48) ~[na:na]
	at org.eclipse.debug.internal.core.LaunchManager$ConfigurationNotifier.run(LaunchManager.java:225) ~[na:na]
	at org.eclipse.core.runtime.SafeRunner.run(SafeRunner.java:45) ~[org.eclipse.equinox.common_3.16.100.v20220315-2327.jar:na]
	at org.eclipse.debug.internal.core.LaunchManager$ConfigurationNotifier.notify(LaunchManager.java:209) ~[na:na]
	at org.eclipse.debug.internal.core.LaunchManager.launchConfigurationChanged(LaunchManager.java:2128) ~[na:na]
	at org.eclipse.debug.internal.core.LaunchConfigurationWorkingCopy.writeNewFile(LaunchConfigurationWorkingCopy.java:376) ~[na:na]
	at org.eclipse.debug.internal.core.LaunchConfigurationWorkingCopy.doSave0(LaunchConfigurationWorkingCopy.java:259) ~[na:na]
	at org.eclipse.debug.internal.core.LaunchConfigurationWorkingCopy.doSave(LaunchConfigurationWorkingCopy.java:229) ~[na:na]
	at org.eclipse.debug.internal.core.LaunchConfigurationWorkingCopy.doSave(LaunchConfigurationWorkingCopy.java:187) ~[na:na]
	at org.eclipse.m2e.jdt.internal.launch.MavenRuntimeClasspathProvider.disable(MavenRuntimeClasspathProvider.java:403) ~[na:na]
	at org.eclipse.m2e.jdt.internal.launch.MavenRuntimeClasspathProvider.disable(MavenRuntimeClasspathProvider.java:427) ~[na:na]
	at org.eclipse.m2e.jdt.internal.launch.MavenLaunchConfigurationListener.mavenProjectChanged(MavenLaunchConfigurationListener.java:134) ~[na:na]
	at org.eclipse.m2e.core.internal.project.registry.ProjectRegistryManager.notifyProjectChangeListeners(ProjectRegistryManager.java:806) ~[na:na]
	at org.eclipse.m2e.core.internal.project.registry.ProjectRegistryManager.applyMutableProjectRegistry(ProjectRegistryManager.java:972) ~[na:na]
	at org.eclipse.m2e.core.internal.project.registry.ProjectRegistryRefreshJob.lambda$0(ProjectRegistryRefreshJob.java:148) ~[na:na]
	at org.eclipse.m2e.core.internal.embedder.MavenExecutionContext.executeBare(MavenExecutionContext.java:182) ~[na:na]
	at org.eclipse.m2e.core.internal.embedder.MavenExecutionContext.execute(MavenExecutionContext.java:156) ~[na:na]
	at org.eclipse.m2e.core.internal.embedder.MavenExecutionContext.execute(MavenExecutionContext.java:103) ~[na:na]
	at org.eclipse.m2e.core.internal.embedder.MavenImpl.execute(MavenImpl.java:1416) ~[na:na]
	at org.eclipse.m2e.core.internal.project.registry.ProjectRegistryRefreshJob.run(ProjectRegistryRefreshJob.java:83) ~[na:na]
	at org.eclipse.core.internal.jobs.Worker.run(Worker.java:63) ~[org.eclipse.core.jobs_3.13.0.v20220512-1935.jar:na]
2025-03-17 22:49:10,968 [Worker-17: Maven 依存関係の更新中] INFO  o.e.m.c.i.l.LifecycleMappingFactory - Using org.eclipse.m2e.jdt.JarLifecycleMapping lifecycle mapping for MavenProject: com.digitalojt:DroneInventorySystem:0.0.1-SNAPSHOT @ C:\Users\miche\OneDrive\Desktop\DOJT\digital-ojt-development-beginner-cause-DroneInventorySystem\DroneInventorySystem\pom.xml.
2025-03-17 22:49:12,600 [Worker-19: ビルド] INFO  o.a.m.s.f.DefaultMavenResourcesFiltering - Copying 1 resource from src\main\resources to target\classes
2025-03-17 22:49:12,624 [Worker-19: ビルド] INFO  o.a.m.s.f.DefaultMavenResourcesFiltering - Copying 54 resources from src\main\resources to target\classes
2025-03-17 22:49:12,646 [Worker-19: ビルド] INFO  o.a.m.s.f.DefaultMavenResourcesFiltering - skip non existing resourceDirectory C:\Users\miche\OneDrive\Desktop\DOJT\digital-ojt-development-beginner-cause-DroneInventorySystem\DroneInventorySystem\src\test\resources
2025-03-17 22:49:33,362 [Worker-4: Loading available Gradle versions] INFO  o.e.b.c.i.u.g.PublishedGradleVersions - Gradle version information cache is up-to-date. Trying to read.
2025-03-17 22:52:42,802 [Worker-12: ビルド] INFO  o.a.m.s.f.DefaultMavenResourcesFiltering - Copying 1 resource from src\main\resources to target\classes
2025-03-17 22:52:42,821 [Worker-12: ビルド] INFO  o.a.m.s.f.DefaultMavenResourcesFiltering - Copying 54 resources from src\main\resources to target\classes
2025-03-17 22:52:42,840 [Worker-12: ビルド] INFO  o.a.m.s.f.DefaultMavenResourcesFiltering - skip non existing resourceDirectory C:\Users\miche\OneDrive\Desktop\DOJT\digital-ojt-development-beginner-cause-DroneInventorySystem\DroneInventorySystem\src\test\resources
2025-03-17 22:53:12,835 [Worker-12: ビルド] INFO  o.a.m.s.f.DefaultMavenResourcesFiltering - Copying 1 resource from src\main\resources to target\classes
2025-03-17 22:53:12,840 [Worker-12: ビルド] INFO  o.a.m.s.f.DefaultMavenResourcesFiltering - Copying 54 resources from src\main\resources to target\classes
2025-03-17 22:53:12,907 [Worker-12: ビルド] INFO  o.a.m.s.f.DefaultMavenResourcesFiltering - skip non existing resourceDirectory C:\Users\miche\OneDrive\Desktop\DOJT\digital-ojt-development-beginner-cause-DroneInventorySystem\DroneInventorySystem\src\test\resources
2025-03-17 22:53:51,437 [Worker-6: Loading available Gradle versions] INFO  o.e.b.c.i.u.g.PublishedGradleVersions - Gradle version information cache is up-to-date. Trying to read.
2025-03-17 22:55:25,709 [Worker-11: ビルド] INFO  o.a.m.s.f.DefaultMavenResourcesFiltering - Copying 1 resource from src\main\resources to target\classes
2025-03-17 22:55:25,726 [Worker-11: ビルド] INFO  o.a.m.s.f.DefaultMavenResourcesFiltering - Copying 54 resources from src\main\resources to target\classes
2025-03-17 22:55:25,796 [Worker-11: ビルド] INFO  o.a.m.s.f.DefaultMavenResourcesFiltering - skip non existing resourceDirectory C:\Users\miche\OneDrive\Desktop\DOJT\digital-ojt-development-beginner-cause-DroneInventorySystem\DroneInventorySystem\src\test\resources
2025-03-17 22:56:04,348 [Worker-10: ビルド] INFO  o.a.m.s.f.DefaultMavenResourcesFiltering - Copying 1 resource from src\main\resources to target\classes
2025-03-17 22:56:04,356 [Worker-10: ビルド] INFO  o.a.m.s.f.DefaultMavenResourcesFiltering - Copying 54 resources from src\main\resources to target\classes
2025-03-17 22:56:04,431 [Worker-10: ビルド] INFO  o.a.m.s.f.DefaultMavenResourcesFiltering - skip non existing resourceDirectory C:\Users\miche\OneDrive\Desktop\DOJT\digital-ojt-development-beginner-cause-DroneInventorySystem\DroneInventorySystem\src\test\resources
2025-03-17 23:00:18,941 [Worker-14: ビルド] INFO  o.a.m.s.f.DefaultMavenResourcesFiltering - Copying 1 resource from src\main\resources to target\classes
2025-03-17 23:00:18,943 [Worker-14: ビルド] INFO  o.a.m.s.f.DefaultMavenResourcesFiltering - Copying 54 resources from src\main\resources to target\classes
2025-03-17 23:00:19,029 [Worker-14: ビルド] INFO  o.a.m.s.f.DefaultMavenResourcesFiltering - skip non existing resourceDirectory C:\Users\miche\OneDrive\Desktop\DOJT\digital-ojt-development-beginner-cause-DroneInventorySystem\DroneInventorySystem\src\test\resources
2025-03-17 23:01:18,943 [Worker-10: Maven プロジェクトの更新中] INFO  o.e.m.c.i.p.ProjectConfigurationManager - Update started
2025-03-17 23:01:19,468 [Worker-10: Maven プロジェクトの更新中] INFO  o.e.m.c.i.l.LifecycleMappingFactory - Using org.eclipse.m2e.jdt.JarLifecycleMapping lifecycle mapping for MavenProject: com.digitalojt:DroneInventorySystem:0.0.1-SNAPSHOT @ C:\Users\miche\OneDrive\Desktop\DOJT\digital-ojt-development-beginner-cause-DroneInventorySystem\DroneInventorySystem\pom.xml.
2025-03-17 23:01:20,002 [Worker-10: Maven プロジェクトの更新中] INFO  o.e.m.j.i.AbstractJavaProjectConfigurator - Adding source folder /DroneInventorySystem/src/main/java
2025-03-17 23:01:20,003 [Worker-10: Maven プロジェクトの更新中] INFO  o.e.m.j.i.AbstractJavaProjectConfigurator - Adding resource folder /DroneInventorySystem/src/main/resources
2025-03-17 23:01:20,004 [Worker-10: Maven プロジェクトの更新中] INFO  o.e.m.j.i.AbstractJavaProjectConfigurator - Adding resource folder /DroneInventorySystem/src/main/resources
2025-03-17 23:01:20,004 [Worker-10: Maven プロジェクトの更新中] INFO  o.e.m.j.i.AbstractJavaProjectConfigurator - Adding source folder /DroneInventorySystem/src/test/java
2025-03-17 23:01:20,410 [Worker-10: Maven プロジェクトの更新中] INFO  o.e.m.c.i.p.ProjectConfigurationManager - Update completed: 1 sec
2025-03-17 23:01:21,225 [Worker-11: ビルド] INFO  o.a.m.s.f.DefaultMavenResourcesFiltering - Copying 1 resource from src\main\resources to target\classes
2025-03-17 23:01:21,254 [Worker-11: ビルド] INFO  o.a.m.s.f.DefaultMavenResourcesFiltering - Copying 54 resources from src\main\resources to target\classes
2025-03-17 23:01:21,356 [Worker-11: ビルド] INFO  o.a.m.s.f.DefaultMavenResourcesFiltering - skip non existing resourceDirectory C:\Users\miche\OneDrive\Desktop\DOJT\digital-ojt-development-beginner-cause-DroneInventorySystem\DroneInventorySystem\src\test\resources
2025-03-17 23:06:42,593 [Worker-13: ビルド] INFO  o.a.m.s.f.DefaultMavenResourcesFiltering - Copying 0 resource from src\main\resources to target\classes
2025-03-17 23:06:42,593 [Worker-13: ビルド] INFO  o.a.m.s.f.DefaultMavenResourcesFiltering - Copying 0 resource from src\main\resources to target\classes
2025-03-17 23:06:42,595 [Worker-13: ビルド] INFO  o.a.m.s.f.DefaultMavenResourcesFiltering - skip non existing resourceDirectory C:\Users\miche\OneDrive\Desktop\DOJT\digital-ojt-development-beginner-cause-DroneInventorySystem\DroneInventorySystem\src\test\resources
2025-03-17 23:09:05,527 [Worker-3: Loading available Gradle versions] INFO  o.e.b.c.i.u.g.PublishedGradleVersions - Gradle version information cache is up-to-date. Trying to read.
2025-03-17 23:16:42,450 [Worker-11: ビルド] INFO  o.a.m.s.f.DefaultMavenResourcesFiltering - Copying 1 resource from src\main\resources to target\classes
2025-03-17 23:16:42,480 [Worker-11: ビルド] INFO  o.a.m.s.f.DefaultMavenResourcesFiltering - Copying 54 resources from src\main\resources to target\classes
2025-03-17 23:16:42,512 [Worker-11: ビルド] INFO  o.a.m.s.f.DefaultMavenResourcesFiltering - skip non existing resourceDirectory C:\Users\miche\OneDrive\Desktop\DOJT\digital-ojt-development-beginner-cause-DroneInventorySystem\DroneInventorySystem\src\test\resources
2025-03-17 23:17:33,109 [Worker-11: ビルド] INFO  o.a.m.s.f.DefaultMavenResourcesFiltering - Copying 1 resource from src\main\resources to target\classes
2025-03-17 23:17:33,154 [Worker-11: ビルド] INFO  o.a.m.s.f.DefaultMavenResourcesFiltering - Copying 54 resources from src\main\resources to target\classes
2025-03-17 23:17:33,181 [Worker-11: ビルド] INFO  o.a.m.s.f.DefaultMavenResourcesFiltering - skip non existing resourceDirectory C:\Users\miche\OneDrive\Desktop\DOJT\digital-ojt-development-beginner-cause-DroneInventorySystem\DroneInventorySystem\src\test\resources
2025-03-17 23:19:16,374 [Worker-15: ビルド] INFO  o.a.m.s.f.DefaultMavenResourcesFiltering - Copying 1 resource from src\main\resources to target\classes
2025-03-17 23:19:16,384 [Worker-15: ビルド] INFO  o.a.m.s.f.DefaultMavenResourcesFiltering - Copying 54 resources from src\main\resources to target\classes
2025-03-17 23:19:16,469 [Worker-15: ビルド] INFO  o.a.m.s.f.DefaultMavenResourcesFiltering - skip non existing resourceDirectory C:\Users\miche\OneDrive\Desktop\DOJT\digital-ojt-development-beginner-cause-DroneInventorySystem\DroneInventorySystem\src\test\resources
2025-03-17 23:19:28,766 [Worker-15: ビルド] INFO  o.a.m.s.f.DefaultMavenResourcesFiltering - Copying 1 resource from src\main\resources to target\classes
2025-03-17 23:19:28,768 [Worker-15: ビルド] INFO  o.a.m.s.f.DefaultMavenResourcesFiltering - Copying 54 resources from src\main\resources to target\classes
2025-03-17 23:19:28,837 [Worker-15: ビルド] INFO  o.a.m.s.f.DefaultMavenResourcesFiltering - skip non existing resourceDirectory C:\Users\miche\OneDrive\Desktop\DOJT\digital-ojt-development-beginner-cause-DroneInventorySystem\DroneInventorySystem\src\test\resources
2025-03-17 23:23:59,774 [Worker-19: ビルド] INFO  o.a.m.s.f.DefaultMavenResourcesFiltering - Copying 1 resource from src\main\resources to target\classes
2025-03-17 23:23:59,781 [Worker-19: ビルド] INFO  o.a.m.s.f.DefaultMavenResourcesFiltering - Copying 0 resource from src\main\resources to target\classes
2025-03-17 23:23:59,783 [Worker-19: ビルド] INFO  o.a.m.s.f.DefaultMavenResourcesFiltering - skip non existing resourceDirectory C:\Users\miche\OneDrive\Desktop\DOJT\digital-ojt-development-beginner-cause-DroneInventorySystem\DroneInventorySystem\src\test\resources
2025-03-18 22:27:44,482 [Worker-4: Loading available Gradle versions] INFO  o.e.b.c.i.u.g.PublishedGradleVersions - Gradle version information cache is out-of-date. Trying to update.
2025-03-20 17:33:42,962 [Worker-6: Loading available Gradle versions] INFO  o.e.b.c.i.u.g.PublishedGradleVersions - Gradle version information cache is out-of-date. Trying to update.
2025-03-20 17:37:30,391 [Worker-13: ビルド] INFO  o.a.m.s.f.DefaultMavenResourcesFiltering - Copying 1 resource from src\main\resources to target\classes
2025-03-20 17:37:30,407 [Worker-13: ビルド] INFO  o.a.m.s.f.DefaultMavenResourcesFiltering - Copying 51 resources from src\main\resources to target\classes
2025-03-20 17:37:30,516 [Worker-13: ビルド] INFO  o.a.m.s.f.DefaultMavenResourcesFiltering - skip non existing resourceDirectory C:\Users\miche\OneDrive\Desktop\DOJT\digital-ojt-development-beginner-cause-DroneInventorySystem\DroneInventorySystem\src\test\resources
2025-03-20 17:38:29,992 [Worker-13: ビルド] INFO  o.a.m.s.f.DefaultMavenResourcesFiltering - Copying 0 resource from src\main\resources to target\classes
2025-03-20 17:38:29,992 [Worker-13: ビルド] INFO  o.a.m.s.f.DefaultMavenResourcesFiltering - Copying 0 resource from src\main\resources to target\classes
2025-03-20 17:38:29,995 [Worker-13: ビルド] INFO  o.a.m.s.f.DefaultMavenResourcesFiltering - skip non existing resourceDirectory C:\Users\miche\OneDrive\Desktop\DOJT\digital-ojt-development-beginner-cause-DroneInventorySystem\DroneInventorySystem\src\test\resources
2025-03-20 17:42:01,712 [Worker-11: ビルド] INFO  o.a.m.s.f.DefaultMavenResourcesFiltering - Copying 1 resource from src\main\resources to target\classes
2025-03-20 17:42:01,733 [Worker-11: ビルド] INFO  o.a.m.s.f.DefaultMavenResourcesFiltering - Copying 52 resources from src\main\resources to target\classes
2025-03-20 17:42:01,779 [Worker-11: ビルド] INFO  o.a.m.s.f.DefaultMavenResourcesFiltering - skip non existing resourceDirectory C:\Users\miche\OneDrive\Desktop\DOJT\digital-ojt-development-beginner-cause-DroneInventorySystem\DroneInventorySystem\src\test\resources
2025-03-20 17:42:57,778 [Worker-11: ビルド] INFO  o.a.m.s.f.DefaultMavenResourcesFiltering - Copying 1 resource from src\main\resources to target\classes
2025-03-20 17:42:57,791 [Worker-11: ビルド] INFO  o.a.m.s.f.DefaultMavenResourcesFiltering - Copying 54 resources from src\main\resources to target\classes
2025-03-20 17:42:57,819 [Worker-11: ビルド] INFO  o.a.m.s.f.DefaultMavenResourcesFiltering - skip non existing resourceDirectory C:\Users\miche\OneDrive\Desktop\DOJT\digital-ojt-development-beginner-cause-DroneInventorySystem\DroneInventorySystem\src\test\resources
2025-03-20 17:43:10,168 [Worker-13: ビルド] INFO  o.a.m.s.f.DefaultMavenResourcesFiltering - Copying 1 resource from src\main\resources to target\classes
2025-03-20 17:43:10,181 [Worker-13: ビルド] INFO  o.a.m.s.f.DefaultMavenResourcesFiltering - Copying 52 resources from src\main\resources to target\classes
2025-03-20 17:43:10,205 [Worker-13: ビルド] INFO  o.a.m.s.f.DefaultMavenResourcesFiltering - skip non existing resourceDirectory C:\Users\miche\OneDrive\Desktop\DOJT\digital-ojt-development-beginner-cause-DroneInventorySystem\DroneInventorySystem\src\test\resources
2025-03-20 17:53:57,187 [Worker-23: ビルド] INFO  o.a.m.s.f.DefaultMavenResourcesFiltering - Copying 1 resource from src\main\resources to target\classes
2025-03-20 17:53:57,203 [Worker-23: ビルド] INFO  o.a.m.s.f.DefaultMavenResourcesFiltering - Copying 52 resources from src\main\resources to target\classes
2025-03-20 17:53:57,222 [Worker-23: ビルド] INFO  o.a.m.s.f.DefaultMavenResourcesFiltering - skip non existing resourceDirectory C:\Users\miche\OneDrive\Desktop\DOJT\digital-ojt-development-beginner-cause-DroneInventorySystem\DroneInventorySystem\src\test\resources
2025-03-20 17:54:59,166 [Worker-21: ビルド] INFO  o.a.m.s.f.DefaultMavenResourcesFiltering - Copying 1 resource from src\main\resources to target\classes
2025-03-20 17:54:59,177 [Worker-21: ビルド] INFO  o.a.m.s.f.DefaultMavenResourcesFiltering - Copying 52 resources from src\main\resources to target\classes
2025-03-20 17:54:59,196 [Worker-21: ビルド] INFO  o.a.m.s.f.DefaultMavenResourcesFiltering - skip non existing resourceDirectory C:\Users\miche\OneDrive\Desktop\DOJT\digital-ojt-development-beginner-cause-DroneInventorySystem\DroneInventorySystem\src\test\resources
2025-03-20 17:55:15,363 [Worker-22: ビルド] INFO  o.a.m.s.f.DefaultMavenResourcesFiltering - Copying 1 resource from src\main\resources to target\classes
2025-03-20 17:55:15,376 [Worker-22: ビルド] INFO  o.a.m.s.f.DefaultMavenResourcesFiltering - Copying 52 resources from src\main\resources to target\classes
2025-03-20 17:55:15,400 [Worker-22: ビルド] INFO  o.a.m.s.f.DefaultMavenResourcesFiltering - skip non existing resourceDirectory C:\Users\miche\OneDrive\Desktop\DOJT\digital-ojt-development-beginner-cause-DroneInventorySystem\DroneInventorySystem\src\test\resources
2025-03-20 17:55:33,919 [Worker-27: ビルド] INFO  o.a.m.s.f.DefaultMavenResourcesFiltering - Copying 1 resource from src\main\resources to target\classes
2025-03-20 17:55:33,931 [Worker-27: ビルド] INFO  o.a.m.s.f.DefaultMavenResourcesFiltering - Copying 52 resources from src\main\resources to target\classes
2025-03-20 17:55:33,951 [Worker-27: ビルド] INFO  o.a.m.s.f.DefaultMavenResourcesFiltering - skip non existing resourceDirectory C:\Users\miche\OneDrive\Desktop\DOJT\digital-ojt-development-beginner-cause-DroneInventorySystem\DroneInventorySystem\src\test\resources
2025-03-20 17:56:34,594 [Worker-24: ビルド] INFO  o.a.m.s.f.DefaultMavenResourcesFiltering - Copying 1 resource from src\main\resources to target\classes
2025-03-20 17:56:34,607 [Worker-24: ビルド] INFO  o.a.m.s.f.DefaultMavenResourcesFiltering - Copying 52 resources from src\main\resources to target\classes
2025-03-20 17:56:34,627 [Worker-24: ビルド] INFO  o.a.m.s.f.DefaultMavenResourcesFiltering - skip non existing resourceDirectory C:\Users\miche\OneDrive\Desktop\DOJT\digital-ojt-development-beginner-cause-DroneInventorySystem\DroneInventorySystem\src\test\resources
2025-03-20 17:56:46,101 [Worker-21: ビルド] INFO  o.a.m.s.f.DefaultMavenResourcesFiltering - Copying 1 resource from src\main\resources to target\classes
2025-03-20 17:56:46,120 [Worker-21: ビルド] INFO  o.a.m.s.f.DefaultMavenResourcesFiltering - Copying 52 resources from src\main\resources to target\classes
2025-03-20 17:56:46,153 [Worker-21: ビルド] INFO  o.a.m.s.f.DefaultMavenResourcesFiltering - skip non existing resourceDirectory C:\Users\miche\OneDrive\Desktop\DOJT\digital-ojt-development-beginner-cause-DroneInventorySystem\DroneInventorySystem\src\test\resources
2025-03-20 17:57:02,749 [Worker-22: ビルド] INFO  o.a.m.s.f.DefaultMavenResourcesFiltering - Copying 1 resource from src\main\resources to target\classes
2025-03-20 17:57:02,761 [Worker-22: ビルド] INFO  o.a.m.s.f.DefaultMavenResourcesFiltering - Copying 52 resources from src\main\resources to target\classes
2025-03-20 17:57:02,781 [Worker-22: ビルド] INFO  o.a.m.s.f.DefaultMavenResourcesFiltering - skip non existing resourceDirectory C:\Users\miche\OneDrive\Desktop\DOJT\digital-ojt-development-beginner-cause-DroneInventorySystem\DroneInventorySystem\src\test\resources
2025-03-20 19:39:11,687 [Worker-4: Loading available Gradle versions] INFO  o.e.b.c.i.u.g.PublishedGradleVersions - Gradle version information cache is up-to-date. Trying to read.
2025-03-20 19:48:29,633 [Worker-11: ビルド] INFO  o.e.m.c.i.l.LifecycleMappingFactory - Using org.eclipse.m2e.jdt.JarLifecycleMapping lifecycle mapping for MavenProject: com.digitalojt:DroneInventorySystem:0.0.1-SNAPSHOT @ C:\Users\miche\OneDrive\Desktop\DOJT\digital-ojt-development-beginner-cause-DroneInventorySystem\DroneInventorySystem\pom.xml.
2025-03-20 19:48:30,465 [Worker-11: ビルド] INFO  o.a.m.s.f.DefaultMavenResourcesFiltering - Copying 1 resource from src\main\resources to target\classes
2025-03-20 19:48:30,487 [Worker-11: ビルド] INFO  o.a.m.s.f.DefaultMavenResourcesFiltering - Copying 52 resources from src\main\resources to target\classes
2025-03-20 19:48:30,520 [Worker-11: ビルド] INFO  o.a.m.s.f.DefaultMavenResourcesFiltering - skip non existing resourceDirectory C:\Users\miche\OneDrive\Desktop\DOJT\digital-ojt-development-beginner-cause-DroneInventorySystem\DroneInventorySystem\src\test\resources
2025-03-20 19:49:43,780 [Worker-12: ビルド] INFO  o.a.m.s.f.DefaultMavenResourcesFiltering - Copying 1 resource from src\main\resources to target\classes
2025-03-20 19:49:43,784 [Worker-12: ビルド] INFO  o.a.m.s.f.DefaultMavenResourcesFiltering - Copying 0 resource from src\main\resources to target\classes
2025-03-20 19:49:43,786 [Worker-12: ビルド] INFO  o.a.m.s.f.DefaultMavenResourcesFiltering - skip non existing resourceDirectory C:\Users\miche\OneDrive\Desktop\DOJT\digital-ojt-development-beginner-cause-DroneInventorySystem\DroneInventorySystem\src\test\resources
2025-03-20 20:32:34,064 [Worker-33: ビルド] INFO  o.a.m.s.f.DefaultMavenResourcesFiltering - Copying 1 resource from src\main\resources to target\classes
2025-03-20 20:32:34,081 [Worker-33: ビルド] INFO  o.a.m.s.f.DefaultMavenResourcesFiltering - Copying 52 resources from src\main\resources to target\classes
2025-03-20 20:32:34,103 [Worker-33: ビルド] INFO  o.a.m.s.f.DefaultMavenResourcesFiltering - skip non existing resourceDirectory C:\Users\miche\OneDrive\Desktop\DOJT\digital-ojt-development-beginner-cause-DroneInventorySystem\DroneInventorySystem\src\test\resources
2025-03-20 20:32:48,342 [Worker-34: ビルド] INFO  o.a.m.s.f.DefaultMavenResourcesFiltering - Copying 1 resource from src\main\resources to target\classes
2025-03-20 20:32:48,356 [Worker-34: ビルド] INFO  o.a.m.s.f.DefaultMavenResourcesFiltering - Copying 52 resources from src\main\resources to target\classes
2025-03-20 20:32:48,377 [Worker-34: ビルド] INFO  o.a.m.s.f.DefaultMavenResourcesFiltering - skip non existing resourceDirectory C:\Users\miche\OneDrive\Desktop\DOJT\digital-ojt-development-beginner-cause-DroneInventorySystem\DroneInventorySystem\src\test\resources
2025-03-20 20:32:59,321 [Worker-29: ビルド] INFO  o.a.m.s.f.DefaultMavenResourcesFiltering - Copying 1 resource from src\main\resources to target\classes
2025-03-20 20:32:59,409 [Worker-29: ビルド] INFO  o.a.m.s.f.DefaultMavenResourcesFiltering - Copying 52 resources from src\main\resources to target\classes
2025-03-20 20:32:59,435 [Worker-29: ビルド] INFO  o.a.m.s.f.DefaultMavenResourcesFiltering - skip non existing resourceDirectory C:\Users\miche\OneDrive\Desktop\DOJT\digital-ojt-development-beginner-cause-DroneInventorySystem\DroneInventorySystem\src\test\resources
2025-03-20 20:34:54,856 [Worker-35: ビルド] INFO  o.a.m.s.f.DefaultMavenResourcesFiltering - Copying 0 resource from src\main\resources to target\classes
2025-03-20 20:34:54,858 [Worker-35: ビルド] INFO  o.a.m.s.f.DefaultMavenResourcesFiltering - Copying 1 resource from src\main\resources to target\classes
2025-03-20 20:34:54,873 [Worker-35: ビルド] INFO  o.a.m.s.f.DefaultMavenResourcesFiltering - skip non existing resourceDirectory C:\Users\miche\OneDrive\Desktop\DOJT\digital-ojt-development-beginner-cause-DroneInventorySystem\DroneInventorySystem\src\test\resources
2025-03-20 20:37:19,801 [Worker-38: ビルド] INFO  o.a.m.s.f.DefaultMavenResourcesFiltering - Copying 1 resource from src\main\resources to target\classes
2025-03-20 20:37:19,855 [Worker-38: ビルド] INFO  o.a.m.s.f.DefaultMavenResourcesFiltering - Copying 53 resources from src\main\resources to target\classes
2025-03-20 20:37:19,881 [Worker-38: ビルド] INFO  o.a.m.s.f.DefaultMavenResourcesFiltering - skip non existing resourceDirectory C:\Users\miche\OneDrive\Desktop\DOJT\digital-ojt-development-beginner-cause-DroneInventorySystem\DroneInventorySystem\src\test\resources
2025-03-20 20:42:26,157 [Worker-41: ビルド] INFO  o.a.m.s.f.DefaultMavenResourcesFiltering - Copying 1 resource from src\main\resources to target\classes
2025-03-20 20:42:26,235 [Worker-41: ビルド] INFO  o.a.m.s.f.DefaultMavenResourcesFiltering - Copying 53 resources from src\main\resources to target\classes
2025-03-20 20:42:26,260 [Worker-41: ビルド] INFO  o.a.m.s.f.DefaultMavenResourcesFiltering - skip non existing resourceDirectory C:\Users\miche\OneDrive\Desktop\DOJT\digital-ojt-development-beginner-cause-DroneInventorySystem\DroneInventorySystem\src\test\resources
2025-03-20 20:44:49,606 [Worker-44: ビルド] INFO  o.a.m.s.f.DefaultMavenResourcesFiltering - Copying 1 resource from src\main\resources to target\classes
2025-03-20 20:44:49,617 [Worker-44: ビルド] INFO  o.a.m.s.f.DefaultMavenResourcesFiltering - Copying 53 resources from src\main\resources to target\classes
2025-03-20 20:44:49,634 [Worker-44: ビルド] INFO  o.a.m.s.f.DefaultMavenResourcesFiltering - skip non existing resourceDirectory C:\Users\miche\OneDrive\Desktop\DOJT\digital-ojt-development-beginner-cause-DroneInventorySystem\DroneInventorySystem\src\test\resources
2025-03-20 20:47:26,274 [Worker-47: ビルド] INFO  o.a.m.s.f.DefaultMavenResourcesFiltering - Copying 1 resource from src\main\resources to target\classes
2025-03-20 20:47:26,285 [Worker-47: ビルド] INFO  o.a.m.s.f.DefaultMavenResourcesFiltering - Copying 53 resources from src\main\resources to target\classes
2025-03-20 20:47:26,304 [Worker-47: ビルド] INFO  o.a.m.s.f.DefaultMavenResourcesFiltering - skip non existing resourceDirectory C:\Users\miche\OneDrive\Desktop\DOJT\digital-ojt-development-beginner-cause-DroneInventorySystem\DroneInventorySystem\src\test\resources
2025-03-20 20:51:36,083 [Worker-50: ビルド] INFO  o.a.m.s.f.DefaultMavenResourcesFiltering - Copying 0 resource from src\main\resources to target\classes
2025-03-20 20:51:36,083 [Worker-50: ビルド] INFO  o.a.m.s.f.DefaultMavenResourcesFiltering - Copying 0 resource from src\main\resources to target\classes
2025-03-20 20:51:36,086 [Worker-50: ビルド] INFO  o.a.m.s.f.DefaultMavenResourcesFiltering - skip non existing resourceDirectory C:\Users\miche\OneDrive\Desktop\DOJT\digital-ojt-development-beginner-cause-DroneInventorySystem\DroneInventorySystem\src\test\resources
2025-03-20 20:51:56,269 [Worker-45: ビルド] INFO  o.a.m.s.f.DefaultMavenResourcesFiltering - Copying 0 resource from src\main\resources to target\classes
2025-03-20 20:51:56,269 [Worker-45: ビルド] INFO  o.a.m.s.f.DefaultMavenResourcesFiltering - Copying 1 resource from src\main\resources to target\classes
2025-03-20 20:51:56,273 [Worker-45: ビルド] INFO  o.a.m.s.f.DefaultMavenResourcesFiltering - skip non existing resourceDirectory C:\Users\miche\OneDrive\Desktop\DOJT\digital-ojt-development-beginner-cause-DroneInventorySystem\DroneInventorySystem\src\test\resources
2025-03-20 20:52:23,079 [Worker-50: ビルド] INFO  o.a.m.s.f.DefaultMavenResourcesFiltering - Copying 0 resource from src\main\resources to target\classes
2025-03-20 20:52:23,080 [Worker-50: ビルド] INFO  o.a.m.s.f.DefaultMavenResourcesFiltering - Copying 1 resource from src\main\resources to target\classes
2025-03-20 20:52:23,085 [Worker-50: ビルド] INFO  o.a.m.s.f.DefaultMavenResourcesFiltering - skip non existing resourceDirectory C:\Users\miche\OneDrive\Desktop\DOJT\digital-ojt-development-beginner-cause-DroneInventorySystem\DroneInventorySystem\src\test\resources
2025-03-20 20:52:26,669 [Worker-45: ビルド] INFO  o.a.m.s.f.DefaultMavenResourcesFiltering - Copying 1 resource from src\main\resources to target\classes
2025-03-20 20:52:26,684 [Worker-45: ビルド] INFO  o.a.m.s.f.DefaultMavenResourcesFiltering - Copying 54 resources from src\main\resources to target\classes
2025-03-20 20:52:26,759 [Worker-45: ビルド] INFO  o.a.m.s.f.DefaultMavenResourcesFiltering - skip non existing resourceDirectory C:\Users\miche\OneDrive\Desktop\DOJT\digital-ojt-development-beginner-cause-DroneInventorySystem\DroneInventorySystem\src\test\resources
2025-03-20 20:53:34,355 [Worker-50: ビルド] INFO  o.a.m.s.f.DefaultMavenResourcesFiltering - Copying 1 resource from src\main\resources to target\classes
2025-03-20 20:53:34,364 [Worker-50: ビルド] INFO  o.a.m.s.f.DefaultMavenResourcesFiltering - Copying 54 resources from src\main\resources to target\classes
2025-03-20 20:53:34,382 [Worker-50: ビルド] INFO  o.a.m.s.f.DefaultMavenResourcesFiltering - skip non existing resourceDirectory C:\Users\miche\OneDrive\Desktop\DOJT\digital-ojt-development-beginner-cause-DroneInventorySystem\DroneInventorySystem\src\test\resources
2025-03-20 20:56:15,150 [Worker-51: ビルド] INFO  o.a.m.s.f.DefaultMavenResourcesFiltering - Copying 1 resource from src\main\resources to target\classes
2025-03-20 20:56:15,161 [Worker-51: ビルド] INFO  o.a.m.s.f.DefaultMavenResourcesFiltering - Copying 54 resources from src\main\resources to target\classes
2025-03-20 20:56:15,181 [Worker-51: ビルド] INFO  o.a.m.s.f.DefaultMavenResourcesFiltering - skip non existing resourceDirectory C:\Users\miche\OneDrive\Desktop\DOJT\digital-ojt-development-beginner-cause-DroneInventorySystem\DroneInventorySystem\src\test\resources
2025-03-20 20:57:26,338 [Worker-55: ビルド] INFO  o.a.m.s.f.DefaultMavenResourcesFiltering - Copying 1 resource from src\main\resources to target\classes
2025-03-20 20:57:26,347 [Worker-55: ビルド] INFO  o.a.m.s.f.DefaultMavenResourcesFiltering - Copying 54 resources from src\main\resources to target\classes
2025-03-20 20:57:26,365 [Worker-55: ビルド] INFO  o.a.m.s.f.DefaultMavenResourcesFiltering - skip non existing resourceDirectory C:\Users\miche\OneDrive\Desktop\DOJT\digital-ojt-development-beginner-cause-DroneInventorySystem\DroneInventorySystem\src\test\resources
2025-03-20 20:58:36,198 [Worker-57: ビルド] INFO  o.a.m.s.f.DefaultMavenResourcesFiltering - Copying 1 resource from src\main\resources to target\classes
2025-03-20 20:58:36,207 [Worker-57: ビルド] INFO  o.a.m.s.f.DefaultMavenResourcesFiltering - Copying 54 resources from src\main\resources to target\classes
2025-03-20 20:58:36,226 [Worker-57: ビルド] INFO  o.a.m.s.f.DefaultMavenResourcesFiltering - skip non existing resourceDirectory C:\Users\miche\OneDrive\Desktop\DOJT\digital-ojt-development-beginner-cause-DroneInventorySystem\DroneInventorySystem\src\test\resources
2025-03-20 21:12:44,404 [Worker-62: ビルド] INFO  o.a.m.s.f.DefaultMavenResourcesFiltering - Copying 1 resource from src\main\resources to target\classes
2025-03-20 21:12:44,418 [Worker-62: ビルド] INFO  o.a.m.s.f.DefaultMavenResourcesFiltering - Copying 54 resources from src\main\resources to target\classes
2025-03-20 21:12:44,438 [Worker-62: ビルド] INFO  o.a.m.s.f.DefaultMavenResourcesFiltering - skip non existing resourceDirectory C:\Users\miche\OneDrive\Desktop\DOJT\digital-ojt-development-beginner-cause-DroneInventorySystem\DroneInventorySystem\src\test\resources
2025-03-20 21:13:49,103 [Worker-64: ビルド] INFO  o.a.m.s.f.DefaultMavenResourcesFiltering - Copying 1 resource from src\main\resources to target\classes
2025-03-20 21:13:49,135 [Worker-64: ビルド] INFO  o.a.m.s.f.DefaultMavenResourcesFiltering - Copying 54 resources from src\main\resources to target\classes
2025-03-20 21:13:49,157 [Worker-64: ビルド] INFO  o.a.m.s.f.DefaultMavenResourcesFiltering - skip non existing resourceDirectory C:\Users\miche\OneDrive\Desktop\DOJT\digital-ojt-development-beginner-cause-DroneInventorySystem\DroneInventorySystem\src\test\resources
2025-03-20 21:16:55,429 [Worker-67: ビルド] INFO  o.a.m.s.f.DefaultMavenResourcesFiltering - Copying 1 resource from src\main\resources to target\classes
2025-03-20 21:16:55,442 [Worker-67: ビルド] INFO  o.a.m.s.f.DefaultMavenResourcesFiltering - Copying 54 resources from src\main\resources to target\classes
2025-03-20 21:16:55,467 [Worker-67: ビルド] INFO  o.a.m.s.f.DefaultMavenResourcesFiltering - skip non existing resourceDirectory C:\Users\miche\OneDrive\Desktop\DOJT\digital-ojt-development-beginner-cause-DroneInventorySystem\DroneInventorySystem\src\test\resources
2025-03-20 21:18:48,795 [Worker-60: ビルド] INFO  o.a.m.s.f.DefaultMavenResourcesFiltering - Copying 1 resource from src\main\resources to target\classes
2025-03-20 21:18:48,809 [Worker-60: ビルド] INFO  o.a.m.s.f.DefaultMavenResourcesFiltering - Copying 54 resources from src\main\resources to target\classes
2025-03-20 21:18:48,838 [Worker-60: ビルド] INFO  o.a.m.s.f.DefaultMavenResourcesFiltering - skip non existing resourceDirectory C:\Users\miche\OneDrive\Desktop\DOJT\digital-ojt-development-beginner-cause-DroneInventorySystem\DroneInventorySystem\src\test\resources
2025-03-20 22:11:31,997 [Worker-71: ビルド] INFO  o.a.m.s.f.DefaultMavenResourcesFiltering - Copying 1 resource from src\main\resources to target\classes
2025-03-20 22:11:32,009 [Worker-71: ビルド] INFO  o.a.m.s.f.DefaultMavenResourcesFiltering - Copying 54 resources from src\main\resources to target\classes
2025-03-20 22:11:32,030 [Worker-71: ビルド] INFO  o.a.m.s.f.DefaultMavenResourcesFiltering - skip non existing resourceDirectory C:\Users\miche\OneDrive\Desktop\DOJT\digital-ojt-development-beginner-cause-DroneInventorySystem\DroneInventorySystem\src\test\resources
2025-03-20 22:12:09,167 [Worker-75: ビルド] INFO  o.a.m.s.f.DefaultMavenResourcesFiltering - Copying 1 resource from src\main\resources to target\classes
2025-03-20 22:12:09,182 [Worker-75: ビルド] INFO  o.a.m.s.f.DefaultMavenResourcesFiltering - Copying 54 resources from src\main\resources to target\classes
2025-03-20 22:12:09,207 [Worker-75: ビルド] INFO  o.a.m.s.f.DefaultMavenResourcesFiltering - skip non existing resourceDirectory C:\Users\miche\OneDrive\Desktop\DOJT\digital-ojt-development-beginner-cause-DroneInventorySystem\DroneInventorySystem\src\test\resources
2025-03-20 22:12:32,173 [Worker-72: ビルド] INFO  o.a.m.s.f.DefaultMavenResourcesFiltering - Copying 1 resource from src\main\resources to target\classes
2025-03-20 22:12:32,188 [Worker-72: ビルド] INFO  o.a.m.s.f.DefaultMavenResourcesFiltering - Copying 54 resources from src\main\resources to target\classes
2025-03-20 22:12:32,219 [Worker-72: ビルド] INFO  o.a.m.s.f.DefaultMavenResourcesFiltering - skip non existing resourceDirectory C:\Users\miche\OneDrive\Desktop\DOJT\digital-ojt-development-beginner-cause-DroneInventorySystem\DroneInventorySystem\src\test\resources
2025-03-20 22:17:37,785 [Worker-72: ビルド] INFO  o.a.m.s.f.DefaultMavenResourcesFiltering - Copying 1 resource from src\main\resources to target\classes
2025-03-20 22:17:37,797 [Worker-72: ビルド] INFO  o.a.m.s.f.DefaultMavenResourcesFiltering - Copying 54 resources from src\main\resources to target\classes
2025-03-20 22:17:37,815 [Worker-72: ビルド] INFO  o.a.m.s.f.DefaultMavenResourcesFiltering - skip non existing resourceDirectory C:\Users\miche\OneDrive\Desktop\DOJT\digital-ojt-development-beginner-cause-DroneInventorySystem\DroneInventorySystem\src\test\resources
2025-03-20 22:17:39,240 [Worker-72: ビルド] INFO  o.a.m.s.f.DefaultMavenResourcesFiltering - Copying 1 resource from src\main\resources to target\classes
2025-03-20 22:17:39,248 [Worker-72: ビルド] INFO  o.a.m.s.f.DefaultMavenResourcesFiltering - Copying 54 resources from src\main\resources to target\classes
2025-03-20 22:17:39,265 [Worker-72: ビルド] INFO  o.a.m.s.f.DefaultMavenResourcesFiltering - skip non existing resourceDirectory C:\Users\miche\OneDrive\Desktop\DOJT\digital-ojt-development-beginner-cause-DroneInventorySystem\DroneInventorySystem\src\test\resources
2025-03-20 22:20:17,085 [Worker-75: ビルド] INFO  o.a.m.s.f.DefaultMavenResourcesFiltering - Copying 1 resource from src\main\resources to target\classes
2025-03-20 22:20:17,097 [Worker-75: ビルド] INFO  o.a.m.s.f.DefaultMavenResourcesFiltering - Copying 54 resources from src\main\resources to target\classes
2025-03-20 22:20:17,123 [Worker-75: ビルド] INFO  o.a.m.s.f.DefaultMavenResourcesFiltering - skip non existing resourceDirectory C:\Users\miche\OneDrive\Desktop\DOJT\digital-ojt-development-beginner-cause-DroneInventorySystem\DroneInventorySystem\src\test\resources
2025-03-20 22:22:34,942 [Worker-75: ビルド] INFO  o.a.m.s.f.DefaultMavenResourcesFiltering - Copying 1 resource from src\main\resources to target\classes
2025-03-20 22:22:34,955 [Worker-75: ビルド] INFO  o.a.m.s.f.DefaultMavenResourcesFiltering - Copying 54 resources from src\main\resources to target\classes
2025-03-20 22:22:34,981 [Worker-75: ビルド] INFO  o.a.m.s.f.DefaultMavenResourcesFiltering - skip non existing resourceDirectory C:\Users\miche\OneDrive\Desktop\DOJT\digital-ojt-development-beginner-cause-DroneInventorySystem\DroneInventorySystem\src\test\resources
2025-03-20 22:23:18,883 [Worker-72: ビルド] INFO  o.a.m.s.f.DefaultMavenResourcesFiltering - Copying 1 resource from src\main\resources to target\classes
2025-03-20 22:23:18,939 [Worker-72: ビルド] INFO  o.a.m.s.f.DefaultMavenResourcesFiltering - Copying 0 resource from src\main\resources to target\classes
2025-03-20 22:23:18,941 [Worker-72: ビルド] INFO  o.a.m.s.f.DefaultMavenResourcesFiltering - skip non existing resourceDirectory C:\Users\miche\OneDrive\Desktop\DOJT\digital-ojt-development-beginner-cause-DroneInventorySystem\DroneInventorySystem\src\test\resources
2025-03-20 22:31:25,007 [Worker-72: ビルド] INFO  o.a.m.s.f.DefaultMavenResourcesFiltering - Copying 0 resource from src\main\resources to target\classes
2025-03-20 22:31:25,008 [Worker-72: ビルド] INFO  o.a.m.s.f.DefaultMavenResourcesFiltering - Copying 1 resource from src\main\resources to target\classes
2025-03-20 22:31:25,012 [Worker-72: ビルド] INFO  o.a.m.s.f.DefaultMavenResourcesFiltering - skip non existing resourceDirectory C:\Users\miche\OneDrive\Desktop\DOJT\digital-ojt-development-beginner-cause-DroneInventorySystem\DroneInventorySystem\src\test\resources
2025-03-20 22:33:02,544 [Worker-79: ビルド] INFO  o.a.m.s.f.DefaultMavenResourcesFiltering - Copying 0 resource from src\main\resources to target\classes
2025-03-20 22:33:02,545 [Worker-79: ビルド] INFO  o.a.m.s.f.DefaultMavenResourcesFiltering - Copying 1 resource from src\main\resources to target\classes
2025-03-20 22:33:03,246 [Worker-79: ビルド] INFO  o.a.m.s.f.DefaultMavenResourcesFiltering - skip non existing resourceDirectory C:\Users\miche\OneDrive\Desktop\DOJT\digital-ojt-development-beginner-cause-DroneInventorySystem\DroneInventorySystem\src\test\resources
2025-03-20 22:34:19,845 [Worker-79: ビルド] INFO  o.a.m.s.f.DefaultMavenResourcesFiltering - Copying 0 resource from src\main\resources to target\classes
2025-03-20 22:34:19,845 [Worker-79: ビルド] INFO  o.a.m.s.f.DefaultMavenResourcesFiltering - Copying 1 resource from src\main\resources to target\classes
2025-03-20 22:34:19,851 [Worker-79: ビルド] INFO  o.a.m.s.f.DefaultMavenResourcesFiltering - skip non existing resourceDirectory C:\Users\miche\OneDrive\Desktop\DOJT\digital-ojt-development-beginner-cause-DroneInventorySystem\DroneInventorySystem\src\test\resources
2025-03-20 22:36:06,578 [Worker-83: ビルド] INFO  o.a.m.s.f.DefaultMavenResourcesFiltering - Copying 1 resource from src\main\resources to target\classes
2025-03-20 22:36:06,673 [Worker-83: ビルド] INFO  o.a.m.s.f.DefaultMavenResourcesFiltering - Copying 54 resources from src\main\resources to target\classes
2025-03-20 22:36:06,697 [Worker-83: ビルド] INFO  o.a.m.s.f.DefaultMavenResourcesFiltering - skip non existing resourceDirectory C:\Users\miche\OneDrive\Desktop\DOJT\digital-ojt-development-beginner-cause-DroneInventorySystem\DroneInventorySystem\src\test\resources
2025-03-20 22:36:35,394 [Worker-85: ビルド] INFO  o.a.m.s.f.DefaultMavenResourcesFiltering - Copying 1 resource from src\main\resources to target\classes
2025-03-20 22:36:35,404 [Worker-85: ビルド] INFO  o.a.m.s.f.DefaultMavenResourcesFiltering - Copying 54 resources from src\main\resources to target\classes
2025-03-20 22:36:35,428 [Worker-85: ビルド] INFO  o.a.m.s.f.DefaultMavenResourcesFiltering - skip non existing resourceDirectory C:\Users\miche\OneDrive\Desktop\DOJT\digital-ojt-development-beginner-cause-DroneInventorySystem\DroneInventorySystem\src\test\resources
2025-03-20 22:38:31,768 [Worker-79: ビルド] INFO  o.a.m.s.f.DefaultMavenResourcesFiltering - Copying 1 resource from src\main\resources to target\classes
2025-03-20 22:38:31,784 [Worker-79: ビルド] INFO  o.a.m.s.f.DefaultMavenResourcesFiltering - Copying 54 resources from src\main\resources to target\classes
2025-03-20 22:38:31,812 [Worker-79: ビルド] INFO  o.a.m.s.f.DefaultMavenResourcesFiltering - skip non existing resourceDirectory C:\Users\miche\OneDrive\Desktop\DOJT\digital-ojt-development-beginner-cause-DroneInventorySystem\DroneInventorySystem\src\test\resources
2025-03-20 22:39:25,403 [Worker-84: ビルド] INFO  o.a.m.s.f.DefaultMavenResourcesFiltering - Copying 1 resource from src\main\resources to target\classes
2025-03-20 22:39:25,414 [Worker-84: ビルド] INFO  o.a.m.s.f.DefaultMavenResourcesFiltering - Copying 54 resources from src\main\resources to target\classes
2025-03-20 22:39:25,433 [Worker-84: ビルド] INFO  o.a.m.s.f.DefaultMavenResourcesFiltering - skip non existing resourceDirectory C:\Users\miche\OneDrive\Desktop\DOJT\digital-ojt-development-beginner-cause-DroneInventorySystem\DroneInventorySystem\src\test\resources
2025-03-20 22:39:45,329 [Worker-84: ビルド] INFO  o.a.m.s.f.DefaultMavenResourcesFiltering - Copying 1 resource from src\main\resources to target\classes
2025-03-20 22:39:45,348 [Worker-84: ビルド] INFO  o.a.m.s.f.DefaultMavenResourcesFiltering - Copying 54 resources from src\main\resources to target\classes
2025-03-20 22:39:45,367 [Worker-84: ビルド] INFO  o.a.m.s.f.DefaultMavenResourcesFiltering - skip non existing resourceDirectory C:\Users\miche\OneDrive\Desktop\DOJT\digital-ojt-development-beginner-cause-DroneInventorySystem\DroneInventorySystem\src\test\resources
2025-03-20 22:40:01,692 [Worker-87: ビルド] INFO  o.a.m.s.f.DefaultMavenResourcesFiltering - Copying 1 resource from src\main\resources to target\classes
2025-03-20 22:40:01,715 [Worker-87: ビルド] INFO  o.a.m.s.f.DefaultMavenResourcesFiltering - Copying 54 resources from src\main\resources to target\classes
2025-03-20 22:40:01,734 [Worker-87: ビルド] INFO  o.a.m.s.f.DefaultMavenResourcesFiltering - skip non existing resourceDirectory C:\Users\miche\OneDrive\Desktop\DOJT\digital-ojt-development-beginner-cause-DroneInventorySystem\DroneInventorySystem\src\test\resources
2025-03-20 22:46:02,340 [Worker-84: ビルド] INFO  o.a.m.s.f.DefaultMavenResourcesFiltering - Copying 1 resource from src\main\resources to target\classes
2025-03-20 22:46:02,359 [Worker-84: ビルド] INFO  o.a.m.s.f.DefaultMavenResourcesFiltering - Copying 54 resources from src\main\resources to target\classes
2025-03-20 22:46:02,378 [Worker-84: ビルド] INFO  o.a.m.s.f.DefaultMavenResourcesFiltering - skip non existing resourceDirectory C:\Users\miche\OneDrive\Desktop\DOJT\digital-ojt-development-beginner-cause-DroneInventorySystem\DroneInventorySystem\src\test\resources
2025-03-20 22:56:39,076 [Worker-88: ビルド] INFO  o.a.m.s.f.DefaultMavenResourcesFiltering - Copying 1 resource from src\main\resources to target\classes
2025-03-20 22:56:39,086 [Worker-88: ビルド] INFO  o.a.m.s.f.DefaultMavenResourcesFiltering - Copying 54 resources from src\main\resources to target\classes
2025-03-20 22:56:39,109 [Worker-88: ビルド] INFO  o.a.m.s.f.DefaultMavenResourcesFiltering - skip non existing resourceDirectory C:\Users\miche\OneDrive\Desktop\DOJT\digital-ojt-development-beginner-cause-DroneInventorySystem\DroneInventorySystem\src\test\resources
2025-03-20 22:57:14,302 [Worker-91: ビルド] INFO  o.a.m.s.f.DefaultMavenResourcesFiltering - Copying 1 resource from src\main\resources to target\classes
2025-03-20 22:57:14,313 [Worker-91: ビルド] INFO  o.a.m.s.f.DefaultMavenResourcesFiltering - Copying 54 resources from src\main\resources to target\classes
2025-03-20 22:57:14,332 [Worker-91: ビルド] INFO  o.a.m.s.f.DefaultMavenResourcesFiltering - skip non existing resourceDirectory C:\Users\miche\OneDrive\Desktop\DOJT\digital-ojt-development-beginner-cause-DroneInventorySystem\DroneInventorySystem\src\test\resources
2025-03-20 22:57:36,727 [Worker-86: ビルド] INFO  o.a.m.s.f.DefaultMavenResourcesFiltering - Copying 1 resource from src\main\resources to target\classes
2025-03-20 22:57:36,741 [Worker-86: ビルド] INFO  o.a.m.s.f.DefaultMavenResourcesFiltering - Copying 54 resources from src\main\resources to target\classes
2025-03-20 22:57:36,790 [Worker-86: ビルド] INFO  o.a.m.s.f.DefaultMavenResourcesFiltering - skip non existing resourceDirectory C:\Users\miche\OneDrive\Desktop\DOJT\digital-ojt-development-beginner-cause-DroneInventorySystem\DroneInventorySystem\src\test\resources
2025-03-20 22:58:05,043 [Worker-91: ビルド] INFO  o.a.m.s.f.DefaultMavenResourcesFiltering - Copying 1 resource from src\main\resources to target\classes
2025-03-20 22:58:05,058 [Worker-91: ビルド] INFO  o.a.m.s.f.DefaultMavenResourcesFiltering - Copying 54 resources from src\main\resources to target\classes
2025-03-20 22:58:05,076 [Worker-91: ビルド] INFO  o.a.m.s.f.DefaultMavenResourcesFiltering - skip non existing resourceDirectory C:\Users\miche\OneDrive\Desktop\DOJT\digital-ojt-development-beginner-cause-DroneInventorySystem\DroneInventorySystem\src\test\resources
2025-03-20 22:58:47,895 [Worker-91: ビルド] INFO  o.a.m.s.f.DefaultMavenResourcesFiltering - Copying 1 resource from src\main\resources to target\classes
2025-03-20 22:58:47,907 [Worker-91: ビルド] INFO  o.a.m.s.f.DefaultMavenResourcesFiltering - Copying 54 resources from src\main\resources to target\classes
2025-03-20 22:58:47,925 [Worker-91: ビルド] INFO  o.a.m.s.f.DefaultMavenResourcesFiltering - skip non existing resourceDirectory C:\Users\miche\OneDrive\Desktop\DOJT\digital-ojt-development-beginner-cause-DroneInventorySystem\DroneInventorySystem\src\test\resources
2025-03-20 22:59:41,044 [Worker-88: ビルド] INFO  o.a.m.s.f.DefaultMavenResourcesFiltering - Copying 0 resource from src\main\resources to target\classes
2025-03-20 22:59:41,045 [Worker-88: ビルド] INFO  o.a.m.s.f.DefaultMavenResourcesFiltering - Copying 0 resource from src\main\resources to target\classes
2025-03-20 22:59:41,047 [Worker-88: ビルド] INFO  o.a.m.s.f.DefaultMavenResourcesFiltering - skip non existing resourceDirectory C:\Users\miche\OneDrive\Desktop\DOJT\digital-ojt-development-beginner-cause-DroneInventorySystem\DroneInventorySystem\src\test\resources
2025-03-20 23:02:05,142 [Worker-89: ビルド] INFO  o.a.m.s.f.DefaultMavenResourcesFiltering - Copying 1 resource from src\main\resources to target\classes
2025-03-20 23:02:05,155 [Worker-89: ビルド] INFO  o.a.m.s.f.DefaultMavenResourcesFiltering - Copying 54 resources from src\main\resources to target\classes
2025-03-20 23:02:05,184 [Worker-89: ビルド] INFO  o.a.m.s.f.DefaultMavenResourcesFiltering - skip non existing resourceDirectory C:\Users\miche\OneDrive\Desktop\DOJT\digital-ojt-development-beginner-cause-DroneInventorySystem\DroneInventorySystem\src\test\resources
2025-03-20 23:03:42,556 [Worker-85: ビルド] INFO  o.a.m.s.f.DefaultMavenResourcesFiltering - Copying 1 resource from src\main\resources to target\classes
2025-03-20 23:03:42,581 [Worker-85: ビルド] INFO  o.a.m.s.f.DefaultMavenResourcesFiltering - Copying 54 resources from src\main\resources to target\classes
2025-03-20 23:03:42,600 [Worker-85: ビルド] INFO  o.a.m.s.f.DefaultMavenResourcesFiltering - skip non existing resourceDirectory C:\Users\miche\OneDrive\Desktop\DOJT\digital-ojt-development-beginner-cause-DroneInventorySystem\DroneInventorySystem\src\test\resources
2025-03-20 23:05:13,426 [Worker-91: ビルド] INFO  o.a.m.s.f.DefaultMavenResourcesFiltering - Copying 1 resource from src\main\resources to target\classes
2025-03-20 23:05:13,439 [Worker-91: ビルド] INFO  o.a.m.s.f.DefaultMavenResourcesFiltering - Copying 54 resources from src\main\resources to target\classes
2025-03-20 23:05:13,461 [Worker-91: ビルド] INFO  o.a.m.s.f.DefaultMavenResourcesFiltering - skip non existing resourceDirectory C:\Users\miche\OneDrive\Desktop\DOJT\digital-ojt-development-beginner-cause-DroneInventorySystem\DroneInventorySystem\src\test\resources
2025-03-20 23:06:29,962 [Worker-92: ビルド] INFO  o.a.m.s.f.DefaultMavenResourcesFiltering - Copying 1 resource from src\main\resources to target\classes
2025-03-20 23:06:29,996 [Worker-92: ビルド] INFO  o.a.m.s.f.DefaultMavenResourcesFiltering - Copying 54 resources from src\main\resources to target\classes
2025-03-20 23:06:30,020 [Worker-92: ビルド] INFO  o.a.m.s.f.DefaultMavenResourcesFiltering - skip non existing resourceDirectory C:\Users\miche\OneDrive\Desktop\DOJT\digital-ojt-development-beginner-cause-DroneInventorySystem\DroneInventorySystem\src\test\resources
2025-03-20 23:08:25,322 [Worker-85: ビルド] INFO  o.a.m.s.f.DefaultMavenResourcesFiltering - Copying 1 resource from src\main\resources to target\classes
2025-03-20 23:08:25,335 [Worker-85: ビルド] INFO  o.a.m.s.f.DefaultMavenResourcesFiltering - Copying 54 resources from src\main\resources to target\classes
2025-03-20 23:08:25,360 [Worker-85: ビルド] INFO  o.a.m.s.f.DefaultMavenResourcesFiltering - skip non existing resourceDirectory C:\Users\miche\OneDrive\Desktop\DOJT\digital-ojt-development-beginner-cause-DroneInventorySystem\DroneInventorySystem\src\test\resources
2025-03-20 23:09:00,311 [Worker-90: ビルド] INFO  o.a.m.s.f.DefaultMavenResourcesFiltering - Copying 1 resource from src\main\resources to target\classes
2025-03-20 23:09:00,323 [Worker-90: ビルド] INFO  o.a.m.s.f.DefaultMavenResourcesFiltering - Copying 54 resources from src\main\resources to target\classes
2025-03-20 23:09:00,350 [Worker-90: ビルド] INFO  o.a.m.s.f.DefaultMavenResourcesFiltering - skip non existing resourceDirectory C:\Users\miche\OneDrive\Desktop\DOJT\digital-ojt-development-beginner-cause-DroneInventorySystem\DroneInventorySystem\src\test\resources
2025-03-20 23:09:23,846 [Worker-90: ビルド] INFO  o.a.m.s.f.DefaultMavenResourcesFiltering - Copying 1 resource from src\main\resources to target\classes
2025-03-20 23:09:23,871 [Worker-90: ビルド] INFO  o.a.m.s.f.DefaultMavenResourcesFiltering - Copying 54 resources from src\main\resources to target\classes
2025-03-20 23:09:23,890 [Worker-90: ビルド] INFO  o.a.m.s.f.DefaultMavenResourcesFiltering - skip non existing resourceDirectory C:\Users\miche\OneDrive\Desktop\DOJT\digital-ojt-development-beginner-cause-DroneInventorySystem\DroneInventorySystem\src\test\resources
2025-03-20 23:09:51,469 [Worker-97: ビルド] INFO  o.a.m.s.f.DefaultMavenResourcesFiltering - Copying 1 resource from src\main\resources to target\classes
2025-03-20 23:09:51,497 [Worker-97: ビルド] INFO  o.a.m.s.f.DefaultMavenResourcesFiltering - Copying 54 resources from src\main\resources to target\classes
2025-03-20 23:09:51,521 [Worker-97: ビルド] INFO  o.a.m.s.f.DefaultMavenResourcesFiltering - skip non existing resourceDirectory C:\Users\miche\OneDrive\Desktop\DOJT\digital-ojt-development-beginner-cause-DroneInventorySystem\DroneInventorySystem\src\test\resources
2025-03-20 23:11:43,597 [Worker-96: ビルド] INFO  o.a.m.s.f.DefaultMavenResourcesFiltering - Copying 1 resource from src\main\resources to target\classes
2025-03-20 23:11:43,625 [Worker-96: ビルド] INFO  o.a.m.s.f.DefaultMavenResourcesFiltering - Copying 54 resources from src\main\resources to target\classes
2025-03-20 23:11:43,647 [Worker-96: ビルド] INFO  o.a.m.s.f.DefaultMavenResourcesFiltering - skip non existing resourceDirectory C:\Users\miche\OneDrive\Desktop\DOJT\digital-ojt-development-beginner-cause-DroneInventorySystem\DroneInventorySystem\src\test\resources
2025-03-20 23:11:51,776 [Worker-95: ビルド] INFO  o.a.m.s.f.DefaultMavenResourcesFiltering - Copying 1 resource from src\main\resources to target\classes
2025-03-20 23:11:51,786 [Worker-95: ビルド] INFO  o.a.m.s.f.DefaultMavenResourcesFiltering - Copying 54 resources from src\main\resources to target\classes
2025-03-20 23:11:51,806 [Worker-95: ビルド] INFO  o.a.m.s.f.DefaultMavenResourcesFiltering - skip non existing resourceDirectory C:\Users\miche\OneDrive\Desktop\DOJT\digital-ojt-development-beginner-cause-DroneInventorySystem\DroneInventorySystem\src\test\resources
2025-03-20 23:27:59,167 [Worker-106: ビルド] INFO  o.a.m.s.f.DefaultMavenResourcesFiltering - Copying 1 resource from src\main\resources to target\classes
2025-03-20 23:27:59,175 [Worker-106: ビルド] INFO  o.a.m.s.f.DefaultMavenResourcesFiltering - Copying 0 resource from src\main\resources to target\classes
2025-03-20 23:27:59,179 [Worker-106: ビルド] INFO  o.a.m.s.f.DefaultMavenResourcesFiltering - skip non existing resourceDirectory C:\Users\miche\OneDrive\Desktop\DOJT\digital-ojt-development-beginner-cause-DroneInventorySystem\DroneInventorySystem\src\test\resources
2025-03-20 23:28:00,209 [Worker-114: ビルド] INFO  o.a.m.s.f.DefaultMavenResourcesFiltering - Copying 0 resource from src\main\resources to target\classes
2025-03-20 23:28:00,210 [Worker-114: ビルド] INFO  o.a.m.s.f.DefaultMavenResourcesFiltering - Copying 0 resource from src\main\resources to target\classes
2025-03-20 23:28:00,212 [Worker-114: ビルド] INFO  o.a.m.s.f.DefaultMavenResourcesFiltering - skip non existing resourceDirectory C:\Users\miche\OneDrive\Desktop\DOJT\digital-ojt-development-beginner-cause-DroneInventorySystem\DroneInventorySystem\src\test\resources
2025-03-20 23:28:01,870 [Worker-127: Maven 依存関係の更新中] ERROR o.e.m.j.i.l.MavenLaunchConfigurationListener - 起動構成 DroneInventorySystemApplication は閉じたプロジェクト DroneInventorySystem を参照します
org.eclipse.core.runtime.CoreException: 起動構成 DroneInventorySystemApplication は閉じたプロジェクト DroneInventorySystem を参照します
	at org.eclipse.jdt.launching.JavaRuntime.abort(JavaRuntime.java:1861) ~[na:na]
	at org.eclipse.jdt.launching.JavaRuntime.getJavaProject(JavaRuntime.java:1733) ~[na:na]
	at org.eclipse.m2e.jdt.internal.launch.MavenLaunchConfigurationListener.updateLaunchConfiguration(MavenLaunchConfigurationListener.java:62) ~[na:na]
	at org.eclipse.m2e.jdt.internal.launch.MavenLaunchConfigurationListener.launchConfigurationChanged(MavenLaunchConfigurationListener.java:48) ~[na:na]
	at org.eclipse.debug.internal.core.LaunchManager$ConfigurationNotifier.run(LaunchManager.java:225) ~[na:na]
	at org.eclipse.core.runtime.SafeRunner.run(SafeRunner.java:45) ~[org.eclipse.equinox.common_3.16.100.v20220315-2327.jar:na]
	at org.eclipse.debug.internal.core.LaunchManager$ConfigurationNotifier.notify(LaunchManager.java:209) ~[na:na]
	at org.eclipse.debug.internal.core.LaunchConfigurationWorkingCopy.setDirty(LaunchConfigurationWorkingCopy.java:523) ~[na:na]
	at org.eclipse.debug.internal.core.LaunchConfigurationWorkingCopy.setAttribute(LaunchConfigurationWorkingCopy.java:411) ~[na:na]
	at org.eclipse.m2e.jdt.internal.launch.MavenRuntimeClasspathProvider.disable(MavenRuntimeClasspathProvider.java:401) ~[na:na]
	at org.eclipse.m2e.jdt.internal.launch.MavenRuntimeClasspathProvider.disable(MavenRuntimeClasspathProvider.java:427) ~[na:na]
	at org.eclipse.m2e.jdt.internal.launch.MavenLaunchConfigurationListener.mavenProjectChanged(MavenLaunchConfigurationListener.java:134) ~[na:na]
	at org.eclipse.m2e.core.internal.project.registry.ProjectRegistryManager.notifyProjectChangeListeners(ProjectRegistryManager.java:806) ~[na:na]
	at org.eclipse.m2e.core.internal.project.registry.ProjectRegistryManager.applyMutableProjectRegistry(ProjectRegistryManager.java:972) ~[na:na]
	at org.eclipse.m2e.core.internal.project.registry.ProjectRegistryRefreshJob.lambda$0(ProjectRegistryRefreshJob.java:148) ~[na:na]
	at org.eclipse.m2e.core.internal.embedder.MavenExecutionContext.executeBare(MavenExecutionContext.java:182) ~[na:na]
	at org.eclipse.m2e.core.internal.embedder.MavenExecutionContext.execute(MavenExecutionContext.java:156) ~[na:na]
	at org.eclipse.m2e.core.internal.embedder.MavenExecutionContext.execute(MavenExecutionContext.java:103) ~[na:na]
	at org.eclipse.m2e.core.internal.embedder.MavenImpl.execute(MavenImpl.java:1416) ~[na:na]
	at org.eclipse.m2e.core.internal.project.registry.ProjectRegistryRefreshJob.run(ProjectRegistryRefreshJob.java:83) ~[na:na]
	at org.eclipse.core.internal.jobs.Worker.run(Worker.java:63) ~[org.eclipse.core.jobs_3.13.0.v20220512-1935.jar:na]
2025-03-20 23:28:01,875 [Worker-127: Maven 依存関係の更新中] ERROR o.e.m.j.i.l.MavenLaunchConfigurationListener - 起動構成 DroneInventorySystemApplication は閉じたプロジェクト DroneInventorySystem を参照します
org.eclipse.core.runtime.CoreException: 起動構成 DroneInventorySystemApplication は閉じたプロジェクト DroneInventorySystem を参照します
	at org.eclipse.jdt.launching.JavaRuntime.abort(JavaRuntime.java:1861) ~[na:na]
	at org.eclipse.jdt.launching.JavaRuntime.getJavaProject(JavaRuntime.java:1733) ~[na:na]
	at org.eclipse.m2e.jdt.internal.launch.MavenLaunchConfigurationListener.updateLaunchConfiguration(MavenLaunchConfigurationListener.java:62) ~[na:na]
	at org.eclipse.m2e.jdt.internal.launch.MavenLaunchConfigurationListener.launchConfigurationChanged(MavenLaunchConfigurationListener.java:48) ~[na:na]
	at org.eclipse.debug.internal.core.LaunchManager$ConfigurationNotifier.run(LaunchManager.java:225) ~[na:na]
	at org.eclipse.core.runtime.SafeRunner.run(SafeRunner.java:45) ~[org.eclipse.equinox.common_3.16.100.v20220315-2327.jar:na]
	at org.eclipse.debug.internal.core.LaunchManager$ConfigurationNotifier.notify(LaunchManager.java:209) ~[na:na]
	at org.eclipse.debug.internal.core.LaunchConfigurationWorkingCopy.setDirty(LaunchConfigurationWorkingCopy.java:523) ~[na:na]
	at org.eclipse.debug.internal.core.LaunchConfigurationWorkingCopy.setAttribute(LaunchConfigurationWorkingCopy.java:411) ~[na:na]
	at org.eclipse.m2e.jdt.internal.launch.MavenRuntimeClasspathProvider.disable(MavenRuntimeClasspathProvider.java:402) ~[na:na]
	at org.eclipse.m2e.jdt.internal.launch.MavenRuntimeClasspathProvider.disable(MavenRuntimeClasspathProvider.java:427) ~[na:na]
	at org.eclipse.m2e.jdt.internal.launch.MavenLaunchConfigurationListener.mavenProjectChanged(MavenLaunchConfigurationListener.java:134) ~[na:na]
	at org.eclipse.m2e.core.internal.project.registry.ProjectRegistryManager.notifyProjectChangeListeners(ProjectRegistryManager.java:806) ~[na:na]
	at org.eclipse.m2e.core.internal.project.registry.ProjectRegistryManager.applyMutableProjectRegistry(ProjectRegistryManager.java:972) ~[na:na]
	at org.eclipse.m2e.core.internal.project.registry.ProjectRegistryRefreshJob.lambda$0(ProjectRegistryRefreshJob.java:148) ~[na:na]
	at org.eclipse.m2e.core.internal.embedder.MavenExecutionContext.executeBare(MavenExecutionContext.java:182) ~[na:na]
	at org.eclipse.m2e.core.internal.embedder.MavenExecutionContext.execute(MavenExecutionContext.java:156) ~[na:na]
	at org.eclipse.m2e.core.internal.embedder.MavenExecutionContext.execute(MavenExecutionContext.java:103) ~[na:na]
	at org.eclipse.m2e.core.internal.embedder.MavenImpl.execute(MavenImpl.java:1416) ~[na:na]
	at org.eclipse.m2e.core.internal.project.registry.ProjectRegistryRefreshJob.run(ProjectRegistryRefreshJob.java:83) ~[na:na]
	at org.eclipse.core.internal.jobs.Worker.run(Worker.java:63) ~[org.eclipse.core.jobs_3.13.0.v20220512-1935.jar:na]
2025-03-20 23:28:01,886 [Worker-127: Maven 依存関係の更新中] ERROR o.e.m.j.i.l.MavenLaunchConfigurationListener - 起動構成 DroneInventorySystemApplication は閉じたプロジェクト DroneInventorySystem を参照します
org.eclipse.core.runtime.CoreException: 起動構成 DroneInventorySystemApplication は閉じたプロジェクト DroneInventorySystem を参照します
	at org.eclipse.jdt.launching.JavaRuntime.abort(JavaRuntime.java:1861) ~[na:na]
	at org.eclipse.jdt.launching.JavaRuntime.getJavaProject(JavaRuntime.java:1733) ~[na:na]
	at org.eclipse.m2e.jdt.internal.launch.MavenLaunchConfigurationListener.updateLaunchConfiguration(MavenLaunchConfigurationListener.java:62) ~[na:na]
	at org.eclipse.m2e.jdt.internal.launch.MavenLaunchConfigurationListener.launchConfigurationChanged(MavenLaunchConfigurationListener.java:48) ~[na:na]
	at org.eclipse.debug.internal.core.LaunchManager$ConfigurationNotifier.run(LaunchManager.java:225) ~[na:na]
	at org.eclipse.core.runtime.SafeRunner.run(SafeRunner.java:45) ~[org.eclipse.equinox.common_3.16.100.v20220315-2327.jar:na]
	at org.eclipse.debug.internal.core.LaunchManager$ConfigurationNotifier.notify(LaunchManager.java:209) ~[na:na]
	at org.eclipse.debug.internal.core.LaunchManager.launchConfigurationChanged(LaunchManager.java:2128) ~[na:na]
	at org.eclipse.debug.internal.core.LaunchConfigurationWorkingCopy.writeNewFile(LaunchConfigurationWorkingCopy.java:376) ~[na:na]
	at org.eclipse.debug.internal.core.LaunchConfigurationWorkingCopy.doSave0(LaunchConfigurationWorkingCopy.java:259) ~[na:na]
	at org.eclipse.debug.internal.core.LaunchConfigurationWorkingCopy.doSave(LaunchConfigurationWorkingCopy.java:229) ~[na:na]
	at org.eclipse.debug.internal.core.LaunchConfigurationWorkingCopy.doSave(LaunchConfigurationWorkingCopy.java:187) ~[na:na]
	at org.eclipse.m2e.jdt.internal.launch.MavenRuntimeClasspathProvider.disable(MavenRuntimeClasspathProvider.java:403) ~[na:na]
	at org.eclipse.m2e.jdt.internal.launch.MavenRuntimeClasspathProvider.disable(MavenRuntimeClasspathProvider.java:427) ~[na:na]
	at org.eclipse.m2e.jdt.internal.launch.MavenLaunchConfigurationListener.mavenProjectChanged(MavenLaunchConfigurationListener.java:134) ~[na:na]
	at org.eclipse.m2e.core.internal.project.registry.ProjectRegistryManager.notifyProjectChangeListeners(ProjectRegistryManager.java:806) ~[na:na]
	at org.eclipse.m2e.core.internal.project.registry.ProjectRegistryManager.applyMutableProjectRegistry(ProjectRegistryManager.java:972) ~[na:na]
	at org.eclipse.m2e.core.internal.project.registry.ProjectRegistryRefreshJob.lambda$0(ProjectRegistryRefreshJob.java:148) ~[na:na]
	at org.eclipse.m2e.core.internal.embedder.MavenExecutionContext.executeBare(MavenExecutionContext.java:182) ~[na:na]
	at org.eclipse.m2e.core.internal.embedder.MavenExecutionContext.execute(MavenExecutionContext.java:156) ~[na:na]
	at org.eclipse.m2e.core.internal.embedder.MavenExecutionContext.execute(MavenExecutionContext.java:103) ~[na:na]
	at org.eclipse.m2e.core.internal.embedder.MavenImpl.execute(MavenImpl.java:1416) ~[na:na]
	at org.eclipse.m2e.core.internal.project.registry.ProjectRegistryRefreshJob.run(ProjectRegistryRefreshJob.java:83) ~[na:na]
	at org.eclipse.core.internal.jobs.Worker.run(Worker.java:63) ~[org.eclipse.core.jobs_3.13.0.v20220512-1935.jar:na]
2025-03-20 23:48:40,148 [Worker-1: Loading available Gradle versions] INFO  o.e.b.c.i.u.g.PublishedGradleVersions - Gradle version information cache is up-to-date. Trying to read.
2025-03-20 23:50:59,298 [Worker-6: Loading available Gradle versions] INFO  o.e.b.c.i.u.g.PublishedGradleVersions - Gradle version information cache is up-to-date. Trying to read.
2025-03-20 23:51:05,386 [Worker-7: ビルド] INFO  o.e.m.c.i.l.LifecycleMappingFactory - Using org.eclipse.m2e.jdt.JarLifecycleMapping lifecycle mapping for MavenProject: com.digitalojt:DroneInventorySystem:0.0.1-SNAPSHOT @ C:\Users\miche\OneDrive\Desktop\DOJT\digital-ojt-development-beginner-cause-DroneInventorySystem\DroneInventorySystem\pom.xml.
2025-03-20 23:51:06,430 [Worker-7: ビルド] INFO  o.a.m.s.f.DefaultMavenResourcesFiltering - Copying 1 resource from src\main\resources to target\classes
2025-03-20 23:51:06,456 [Worker-7: ビルド] INFO  o.a.m.s.f.DefaultMavenResourcesFiltering - Copying 47 resources from src\main\resources to target\classes
2025-03-20 23:51:06,489 [Worker-7: ビルド] INFO  o.a.m.s.f.DefaultMavenResourcesFiltering - skip non existing resourceDirectory C:\Users\miche\OneDrive\Desktop\DOJT\digital-ojt-development-beginner-cause-DroneInventorySystem\DroneInventorySystem\src\test\resources
2025-03-20 23:51:07,328 [Worker-5: Maven 依存関係の更新中] INFO  o.e.m.c.i.l.LifecycleMappingFactory - Using org.eclipse.m2e.jdt.JarLifecycleMapping lifecycle mapping for MavenProject: com.digitalojt:DroneInventorySystem:0.0.1-SNAPSHOT @ C:\Users\miche\OneDrive\Desktop\DOJT\digital-ojt-development-beginner-cause-DroneInventorySystem\DroneInventorySystem\pom.xml.
2025-03-20 23:57:03,301 [Worker-5: Loading available Gradle versions] INFO  o.e.b.c.i.u.g.PublishedGradleVersions - Gradle version information cache is up-to-date. Trying to read.
2025-03-20 23:58:54,243 [Worker-15: ビルド] INFO  o.a.m.s.f.DefaultMavenResourcesFiltering - Copying 1 resource from src\main\resources to target\classes
2025-03-20 23:58:54,265 [Worker-15: ビルド] INFO  o.a.m.s.f.DefaultMavenResourcesFiltering - Copying 47 resources from src\main\resources to target\classes
2025-03-20 23:58:54,283 [Worker-15: ビルド] INFO  o.a.m.s.f.DefaultMavenResourcesFiltering - skip non existing resourceDirectory C:\Users\miche\OneDrive\Desktop\DOJT\digital-ojt-development-beginner-cause-DroneInventorySystem\DroneInventorySystem\src\test\resources
2025-03-21 00:00:55,133 [Worker-13: ビルド] INFO  o.a.m.s.f.DefaultMavenResourcesFiltering - Copying 1 resource from src\main\resources to target\classes
2025-03-21 00:00:55,138 [Worker-13: ビルド] INFO  o.a.m.s.f.DefaultMavenResourcesFiltering - Copying 47 resources from src\main\resources to target\classes
2025-03-21 00:00:55,157 [Worker-13: ビルド] INFO  o.a.m.s.f.DefaultMavenResourcesFiltering - skip non existing resourceDirectory C:\Users\miche\OneDrive\Desktop\DOJT\digital-ojt-development-beginner-cause-DroneInventorySystem\DroneInventorySystem\src\test\resources
2025-03-21 00:01:44,492 [Worker-8: Maven プロジェクトの更新中] INFO  o.e.m.c.i.p.ProjectConfigurationManager - Update started
2025-03-21 00:01:44,978 [Worker-8: Maven プロジェクトの更新中] INFO  o.e.m.c.i.l.LifecycleMappingFactory - Using org.eclipse.m2e.jdt.JarLifecycleMapping lifecycle mapping for MavenProject: com.digitalojt:DroneInventorySystem:0.0.1-SNAPSHOT @ C:\Users\miche\OneDrive\Desktop\DOJT\digital-ojt-development-beginner-cause-DroneInventorySystem\DroneInventorySystem\pom.xml.
2025-03-21 00:01:45,610 [Worker-8: Maven プロジェクトの更新中] INFO  o.e.m.j.i.AbstractJavaProjectConfigurator - Adding source folder /DroneInventorySystem/src/main/java
2025-03-21 00:01:45,611 [Worker-8: Maven プロジェクトの更新中] INFO  o.e.m.j.i.AbstractJavaProjectConfigurator - Adding resource folder /DroneInventorySystem/src/main/resources
2025-03-21 00:01:45,614 [Worker-8: Maven プロジェクトの更新中] INFO  o.e.m.j.i.AbstractJavaProjectConfigurator - Adding resource folder /DroneInventorySystem/src/main/resources
2025-03-21 00:01:45,614 [Worker-8: Maven プロジェクトの更新中] INFO  o.e.m.j.i.AbstractJavaProjectConfigurator - Adding source folder /DroneInventorySystem/src/test/java
2025-03-21 00:01:46,293 [Worker-8: Maven プロジェクトの更新中] INFO  o.e.m.c.i.p.ProjectConfigurationManager - Update completed: 1 sec
2025-03-21 00:01:47,759 [Worker-13: ビルド] INFO  o.a.m.s.f.DefaultMavenResourcesFiltering - Copying 1 resource from src\main\resources to target\classes
2025-03-21 00:01:47,789 [Worker-13: ビルド] INFO  o.a.m.s.f.DefaultMavenResourcesFiltering - Copying 47 resources from src\main\resources to target\classes
2025-03-21 00:01:47,896 [Worker-13: ビルド] INFO  o.a.m.s.f.DefaultMavenResourcesFiltering - skip non existing resourceDirectory C:\Users\miche\OneDrive\Desktop\DOJT\digital-ojt-development-beginner-cause-DroneInventorySystem\DroneInventorySystem\src\test\resources
2025-03-21 00:14:34,665 [Worker-30: ビルド] INFO  o.a.m.s.f.DefaultMavenResourcesFiltering - Copying 1 resource from src\main\resources to target\classes
2025-03-21 00:14:34,678 [Worker-30: ビルド] INFO  o.a.m.s.f.DefaultMavenResourcesFiltering - Copying 45 resources from src\main\resources to target\classes
2025-03-21 00:14:34,702 [Worker-30: ビルド] INFO  o.a.m.s.f.DefaultMavenResourcesFiltering - skip non existing resourceDirectory C:\Users\miche\OneDrive\Desktop\DOJT\digital-ojt-development-beginner-cause-DroneInventorySystem\DroneInventorySystem\src\test\resources
2025-03-21 00:14:47,405 [Worker-27: ビルド] INFO  o.a.m.s.f.DefaultMavenResourcesFiltering - Copying 1 resource from src\main\resources to target\classes
2025-03-21 00:14:47,446 [Worker-27: ビルド] INFO  o.a.m.s.f.DefaultMavenResourcesFiltering - Copying 47 resources from src\main\resources to target\classes
2025-03-21 00:14:47,481 [Worker-27: ビルド] INFO  o.a.m.s.f.DefaultMavenResourcesFiltering - skip non existing resourceDirectory C:\Users\miche\OneDrive\Desktop\DOJT\digital-ojt-development-beginner-cause-DroneInventorySystem\DroneInventorySystem\src\test\resources
2025-03-21 00:14:55,657 [Worker-29: ビルド] INFO  o.a.m.s.f.DefaultMavenResourcesFiltering - Copying 1 resource from src\main\resources to target\classes
2025-03-21 00:14:55,671 [Worker-29: ビルド] INFO  o.a.m.s.f.DefaultMavenResourcesFiltering - Copying 45 resources from src\main\resources to target\classes
2025-03-21 00:14:55,700 [Worker-29: ビルド] INFO  o.a.m.s.f.DefaultMavenResourcesFiltering - skip non existing resourceDirectory C:\Users\miche\OneDrive\Desktop\DOJT\digital-ojt-development-beginner-cause-DroneInventorySystem\DroneInventorySystem\src\test\resources
2025-03-21 00:15:38,203 [Worker-28: ビルド] INFO  o.a.m.s.f.DefaultMavenResourcesFiltering - Copying 1 resource from src\main\resources to target\classes
2025-03-21 00:15:38,218 [Worker-28: ビルド] INFO  o.a.m.s.f.DefaultMavenResourcesFiltering - Copying 47 resources from src\main\resources to target\classes
2025-03-21 00:15:38,245 [Worker-28: ビルド] INFO  o.a.m.s.f.DefaultMavenResourcesFiltering - skip non existing resourceDirectory C:\Users\miche\OneDrive\Desktop\DOJT\digital-ojt-development-beginner-cause-DroneInventorySystem\DroneInventorySystem\src\test\resources
2025-03-21 00:22:00,022 [Worker-23: ビルド] INFO  o.a.m.s.f.DefaultMavenResourcesFiltering - Copying 1 resource from src\main\resources to target\classes
2025-03-21 00:22:00,036 [Worker-23: ビルド] INFO  o.a.m.s.f.DefaultMavenResourcesFiltering - Copying 47 resources from src\main\resources to target\classes
2025-03-21 00:22:00,067 [Worker-23: ビルド] INFO  o.a.m.s.f.DefaultMavenResourcesFiltering - skip non existing resourceDirectory C:\Users\miche\OneDrive\Desktop\DOJT\digital-ojt-development-beginner-cause-DroneInventorySystem\DroneInventorySystem\src\test\resources
2025-03-21 00:22:37,277 [Worker-47: ビルド] INFO  o.a.m.s.f.DefaultMavenResourcesFiltering - Copying 1 resource from src\main\resources to target\classes
2025-03-21 00:22:37,289 [Worker-47: ビルド] INFO  o.a.m.s.f.DefaultMavenResourcesFiltering - Copying 47 resources from src\main\resources to target\classes
2025-03-21 00:22:37,310 [Worker-47: ビルド] INFO  o.a.m.s.f.DefaultMavenResourcesFiltering - skip non existing resourceDirectory C:\Users\miche\OneDrive\Desktop\DOJT\digital-ojt-development-beginner-cause-DroneInventorySystem\DroneInventorySystem\src\test\resources
2025-03-21 00:23:08,798 [Worker-47: ビルド] INFO  o.a.m.s.f.DefaultMavenResourcesFiltering - Copying 1 resource from src\main\resources to target\classes
2025-03-21 00:23:08,800 [Worker-47: ビルド] INFO  o.a.m.s.f.DefaultMavenResourcesFiltering - Copying 47 resources from src\main\resources to target\classes
2025-03-21 00:23:08,888 [Worker-47: ビルド] INFO  o.a.m.s.f.DefaultMavenResourcesFiltering - skip non existing resourceDirectory C:\Users\miche\OneDrive\Desktop\DOJT\digital-ojt-development-beginner-cause-DroneInventorySystem\DroneInventorySystem\src\test\resources
2025-03-21 00:23:44,724 [Worker-40: Maven プロジェクトの更新中] INFO  o.e.m.c.i.p.ProjectConfigurationManager - Update started
2025-03-21 00:23:45,189 [Worker-40: Maven プロジェクトの更新中] INFO  o.e.m.c.i.l.LifecycleMappingFactory - Using org.eclipse.m2e.jdt.JarLifecycleMapping lifecycle mapping for MavenProject: com.digitalojt:DroneInventorySystem:0.0.1-SNAPSHOT @ C:\Users\miche\OneDrive\Desktop\DOJT\digital-ojt-development-beginner-cause-DroneInventorySystem\DroneInventorySystem\pom.xml.
2025-03-21 00:23:45,800 [Worker-40: Maven プロジェクトの更新中] INFO  o.e.m.j.i.AbstractJavaProjectConfigurator - Adding source folder /DroneInventorySystem/src/main/java
2025-03-21 00:23:45,801 [Worker-40: Maven プロジェクトの更新中] INFO  o.e.m.j.i.AbstractJavaProjectConfigurator - Adding resource folder /DroneInventorySystem/src/main/resources
2025-03-21 00:23:45,802 [Worker-40: Maven プロジェクトの更新中] INFO  o.e.m.j.i.AbstractJavaProjectConfigurator - Adding resource folder /DroneInventorySystem/src/main/resources
2025-03-21 00:23:45,803 [Worker-40: Maven プロジェクトの更新中] INFO  o.e.m.j.i.AbstractJavaProjectConfigurator - Adding source folder /DroneInventorySystem/src/test/java
2025-03-21 00:23:46,142 [Worker-40: Maven プロジェクトの更新中] INFO  o.e.m.c.i.p.ProjectConfigurationManager - Update completed: 1 sec
2025-03-21 00:23:47,041 [Worker-36: ビルド] INFO  o.a.m.s.f.DefaultMavenResourcesFiltering - Copying 1 resource from src\main\resources to target\classes
2025-03-21 00:23:47,066 [Worker-36: ビルド] INFO  o.a.m.s.f.DefaultMavenResourcesFiltering - Copying 47 resources from src\main\resources to target\classes
2025-03-21 00:23:47,143 [Worker-36: ビルド] INFO  o.a.m.s.f.DefaultMavenResourcesFiltering - skip non existing resourceDirectory C:\Users\miche\OneDrive\Desktop\DOJT\digital-ojt-development-beginner-cause-DroneInventorySystem\DroneInventorySystem\src\test\resources
2025-03-21 00:37:47,531 [Worker-51: ビルド] INFO  o.a.m.s.f.DefaultMavenResourcesFiltering - Copying 1 resource from src\main\resources to target\classes
2025-03-21 00:37:47,545 [Worker-51: ビルド] INFO  o.a.m.s.f.DefaultMavenResourcesFiltering - Copying 47 resources from src\main\resources to target\classes
2025-03-21 00:37:47,564 [Worker-51: ビルド] INFO  o.a.m.s.f.DefaultMavenResourcesFiltering - skip non existing resourceDirectory C:\Users\miche\OneDrive\Desktop\DOJT\digital-ojt-development-beginner-cause-DroneInventorySystem\DroneInventorySystem\src\test\resources
2025-03-21 00:56:14,220 [Worker-58: ビルド] INFO  o.a.m.s.f.DefaultMavenResourcesFiltering - Copying 1 resource from src\main\resources to target\classes
2025-03-21 00:56:14,226 [Worker-58: ビルド] INFO  o.a.m.s.f.DefaultMavenResourcesFiltering - Copying 0 resource from src\main\resources to target\classes
2025-03-21 00:56:14,229 [Worker-58: ビルド] INFO  o.a.m.s.f.DefaultMavenResourcesFiltering - skip non existing resourceDirectory C:\Users\miche\OneDrive\Desktop\DOJT\digital-ojt-development-beginner-cause-DroneInventorySystem\DroneInventorySystem\src\test\resources
2025-03-21 01:10:22,905 [Worker-62: ビルド] INFO  o.a.m.s.f.DefaultMavenResourcesFiltering - Copying 1 resource from src\main\resources to target\classes
2025-03-21 01:10:22,955 [Worker-62: ビルド] INFO  o.a.m.s.f.DefaultMavenResourcesFiltering - Copying 49 resources from src\main\resources to target\classes
2025-03-21 01:10:22,980 [Worker-62: ビルド] INFO  o.a.m.s.f.DefaultMavenResourcesFiltering - skip non existing resourceDirectory C:\Users\miche\OneDrive\Desktop\DOJT\digital-ojt-development-beginner-cause-DroneInventorySystem\DroneInventorySystem\src\test\resources
2025-03-21 01:10:59,542 [Worker-58: ビルド] INFO  o.a.m.s.f.DefaultMavenResourcesFiltering - Copying 0 resource from src\main\resources to target\classes
2025-03-21 01:10:59,543 [Worker-58: ビルド] INFO  o.a.m.s.f.DefaultMavenResourcesFiltering - Copying 1 resource from src\main\resources to target\classes
2025-03-21 01:10:59,548 [Worker-58: ビルド] INFO  o.a.m.s.f.DefaultMavenResourcesFiltering - skip non existing resourceDirectory C:\Users\miche\OneDrive\Desktop\DOJT\digital-ojt-development-beginner-cause-DroneInventorySystem\DroneInventorySystem\src\test\resources
2025-03-21 01:14:25,446 [Worker-70: ビルド] INFO  o.a.m.s.f.DefaultMavenResourcesFiltering - Copying 0 resource from src\main\resources to target\classes
2025-03-21 01:14:25,447 [Worker-70: ビルド] INFO  o.a.m.s.f.DefaultMavenResourcesFiltering - Copying 0 resource from src\main\resources to target\classes
2025-03-21 01:14:25,449 [Worker-70: ビルド] INFO  o.a.m.s.f.DefaultMavenResourcesFiltering - skip non existing resourceDirectory C:\Users\miche\OneDrive\Desktop\DOJT\digital-ojt-development-beginner-cause-DroneInventorySystem\DroneInventorySystem\src\test\resources
